{"table":[{"block":11029437,"timestamp":1631991319,"swapAmountBNB":20,"uniswapv2buyprice":8261.93,"sushiswapv2buyprice":8251.73,"bakeryswapbuyprice":8358.26,"apeswapBuyPrice":8272.48,"uniswapv2sellprice":8220.12,"sushiswapv2sellprice":8227.2,"bakeryswapsellprice":8145.41,"apeswapsellprice":8227.43},{"block":11029438,"timestamp":1631991322,"swapAmountBNB":20,"uniswapv2buyprice":8261.93,"sushiswapv2buyprice":8251.73,"bakeryswapbuyprice":8358.26,"apeswapBuyPrice":8272.48,"uniswapv2sellprice":8220.13,"sushiswapv2sellprice":8227.2,"bakeryswapsellprice":8145.41,"apeswapsellprice":8227.43},{"block":11029439,"timestamp":1631991325,"swapAmountBNB":20,"uniswapv2buyprice":8261.79,"sushiswapv2buyprice":8251.73,"bakeryswapbuyprice":8358.26,"apeswapBuyPrice":8272.48,"uniswapv2sellprice":8219.98,"sushiswapv2sellprice":8227.2,"bakeryswapsellprice":8145.41,"apeswapsellprice":8227.43},{"block":11029440,"timestamp":1631991328,"swapAmountBNB":20,"uniswapv2buyprice":8261.81,"sushiswapv2buyprice":8251.44,"bakeryswapbuyprice":8358.26,"apeswapBuyPrice":8272.48,"uniswapv2sellprice":8220.01,"sushiswapv2sellprice":8226.91,"bakeryswapsellprice":8145.41,"apeswapsellprice":8227.43},{"block":11029441,"timestamp":1631991331,"swapAmountBNB":20,"uniswapv2buyprice":8262.35,"sushiswapv2buyprice":8251.44,"bakeryswapbuyprice":8358.26,"apeswapBuyPrice":8272.48,"uniswapv2sellprice":8220.54,"sushiswapv2sellprice":8226.91,"bakeryswapsellprice":8145.41,"apeswapsellprice":8227.43},{"block":11029442,"timestamp":1631991334,"swapAmountBNB":20,"uniswapv2buyprice":8262.39,"sushiswapv2buyprice":8251.44,"bakeryswapbuyprice":8358.26,"apeswapBuyPrice":8272.48,"uniswapv2sellprice":8220.58,"sushiswapv2sellprice":8226.91,"bakeryswapsellprice":8145.41,"apeswapsellprice":8227.43},{"block":11029443,"timestamp":1631991337,"swapAmountBNB":20,"uniswapv2buyprice":8262.43,"sushiswapv2buyprice":8251.44,"bakeryswapbuyprice":8358.26,"apeswapBuyPrice":8272.48,"uniswapv2sellprice":8220.62,"sushiswapv2sellprice":8226.91,"bakeryswapsellprice":8145.41,"apeswapsellprice":8227.43},{"block":11029444,"timestamp":1631991340,"swapAmountBNB":20,"uniswapv2buyprice":8262.42,"sushiswapv2buyprice":8251.44,"bakeryswapbuyprice":8358.26,"apeswapBuyPrice":8272.48,"uniswapv2sellprice":8220.61,"sushiswapv2sellprice":8226.91,"bakeryswapsellprice":8145.41,"apeswapsellprice":8227.43},{"block":11029445,"timestamp":1631991343,"swapAmountBNB":20,"uniswapv2buyprice":8262.41,"sushiswapv2buyprice":8251.44,"bakeryswapbuyprice":8358.26,"apeswapBuyPrice":8272.48,"uniswapv2sellprice":8220.6,"sushiswapv2sellprice":8226.91,"bakeryswapsellprice":8145.41,"apeswapsellprice":8227.43},{"block":11029446,"timestamp":1631991346,"swapAmountBNB":20,"uniswapv2buyprice":8262.3,"sushiswapv2buyprice":8255.59,"bakeryswapbuyprice":8358.26,"apeswapBuyPrice":8272.48,"uniswapv2sellprice":8220.49,"sushiswapv2sellprice":8231.04,"bakeryswapsellprice":8145.41,"apeswapsellprice":8227.43},{"block":11029447,"timestamp":1631991349,"swapAmountBNB":20,"uniswapv2buyprice":8262.3,"sushiswapv2buyprice":8255.59,"bakeryswapbuyprice":8358.26,"apeswapBuyPrice":8272.48,"uniswapv2sellprice":8220.5,"sushiswapv2sellprice":8231.04,"bakeryswapsellprice":8145.41,"apeswapsellprice":8227.43},{"block":11029448,"timestamp":1631991352,"swapAmountBNB":20,"uniswapv2buyprice":8262.33,"sushiswapv2buyprice":8255.59,"bakeryswapbuyprice":8358.26,"apeswapBuyPrice":8272.48,"uniswapv2sellprice":8220.52,"sushiswapv2sellprice":8231.04,"bakeryswapsellprice":8145.41,"apeswapsellprice":8227.43},{"block":11029449,"timestamp":1631991355,"swapAmountBNB":20,"uniswapv2buyprice":8262.33,"sushiswapv2buyprice":8255.59,"bakeryswapbuyprice":8358.26,"apeswapBuyPrice":8272.48,"uniswapv2sellprice":8220.52,"sushiswapv2sellprice":8231.04,"bakeryswapsellprice":8145.41,"apeswapsellprice":8227.43},{"block":11029450,"timestamp":1631991358,"swapAmountBNB":20,"uniswapv2buyprice":8262.35,"sushiswapv2buyprice":8255.59,"bakeryswapbuyprice":8358.26,"apeswapBuyPrice":8272.48,"uniswapv2sellprice":8220.54,"sushiswapv2sellprice":8231.04,"bakeryswapsellprice":8145.41,"apeswapsellprice":8227.43},{"block":11029451,"timestamp":1631991361,"swapAmountBNB":20,"uniswapv2buyprice":8262.37,"sushiswapv2buyprice":8255.59,"bakeryswapbuyprice":8358.26,"apeswapBuyPrice":8273.94,"uniswapv2sellprice":8220.56,"sushiswapv2sellprice":8231.04,"bakeryswapsellprice":8145.41,"apeswapsellprice":8228.88},{"block":11029452,"timestamp":1631991364,"swapAmountBNB":20,"uniswapv2buyprice":8262.44,"sushiswapv2buyprice":8255.59,"bakeryswapbuyprice":8358.26,"apeswapBuyPrice":8273.94,"uniswapv2sellprice":8220.63,"sushiswapv2sellprice":8231.04,"bakeryswapsellprice":8145.41,"apeswapsellprice":8228.88},{"block":11029453,"timestamp":1631991367,"swapAmountBNB":20,"uniswapv2buyprice":8262.47,"sushiswapv2buyprice":8255.56,"bakeryswapbuyprice":8358.26,"apeswapBuyPrice":8273.94,"uniswapv2sellprice":8220.66,"sushiswapv2sellprice":8231.02,"bakeryswapsellprice":8145.41,"apeswapsellprice":8228.88},{"block":11029454,"timestamp":1631991370,"swapAmountBNB":20,"uniswapv2buyprice":8262.43,"sushiswapv2buyprice":8255.56,"bakeryswapbuyprice":8358.26,"apeswapBuyPrice":8273.94,"uniswapv2sellprice":8220.62,"sushiswapv2sellprice":8231.02,"bakeryswapsellprice":8145.41,"apeswapsellprice":8228.88},{"block":11029455,"timestamp":1631991373,"swapAmountBNB":20,"uniswapv2buyprice":8262.41,"sushiswapv2buyprice":8251.34,"bakeryswapbuyprice":8358.26,"apeswapBuyPrice":8273.94,"uniswapv2sellprice":8220.6,"sushiswapv2sellprice":8226.81,"bakeryswapsellprice":8145.41,"apeswapsellprice":8228.88},{"block":11029456,"timestamp":1631991376,"swapAmountBNB":20,"uniswapv2buyprice":8262.42,"sushiswapv2buyprice":8251.34,"bakeryswapbuyprice":8358.26,"apeswapBuyPrice":8273.94,"uniswapv2sellprice":8220.61,"sushiswapv2sellprice":8226.81,"bakeryswapsellprice":8145.41,"apeswapsellprice":8228.88},{"block":11029457,"timestamp":1631991379,"swapAmountBNB":20,"uniswapv2buyprice":8262.35,"sushiswapv2buyprice":8251.34,"bakeryswapbuyprice":8358.26,"apeswapBuyPrice":8273.94,"uniswapv2sellprice":8220.54,"sushiswapv2sellprice":8226.81,"bakeryswapsellprice":8145.41,"apeswapsellprice":8228.88},{"block":11029458,"timestamp":1631991382,"swapAmountBNB":20,"uniswapv2buyprice":8262.39,"sushiswapv2buyprice":8251.34,"bakeryswapbuyprice":8358.26,"apeswapBuyPrice":8273.94,"uniswapv2sellprice":8220.58,"sushiswapv2sellprice":8226.81,"bakeryswapsellprice":8145.41,"apeswapsellprice":8228.88},{"block":11029459,"timestamp":1631991385,"swapAmountBNB":20,"uniswapv2buyprice":8262.73,"sushiswapv2buyprice":8251.34,"bakeryswapbuyprice":8358.26,"apeswapBuyPrice":8273.76,"uniswapv2sellprice":8220.92,"sushiswapv2sellprice":8226.81,"bakeryswapsellprice":8145.41,"apeswapsellprice":8228.7},{"block":11029460,"timestamp":1631991388,"swapAmountBNB":20,"uniswapv2buyprice":8262.66,"sushiswapv2buyprice":8251.77,"bakeryswapbuyprice":8358.26,"apeswapBuyPrice":8274.08,"uniswapv2sellprice":8220.85,"sushiswapv2sellprice":8227.24,"bakeryswapsellprice":8145.41,"apeswapsellprice":8229.02},{"block":11029461,"timestamp":1631991391,"swapAmountBNB":20,"uniswapv2buyprice":8262.68,"sushiswapv2buyprice":8251.77,"bakeryswapbuyprice":8358.26,"apeswapBuyPrice":8274.08,"uniswapv2sellprice":8220.87,"sushiswapv2sellprice":8227.24,"bakeryswapsellprice":8145.41,"apeswapsellprice":8229.02},{"block":11029462,"timestamp":1631991394,"swapAmountBNB":20,"uniswapv2buyprice":8262.6,"sushiswapv2buyprice":8251.64,"bakeryswapbuyprice":8358.26,"apeswapBuyPrice":8274.08,"uniswapv2sellprice":8220.79,"sushiswapv2sellprice":8227.11,"bakeryswapsellprice":8145.41,"apeswapsellprice":8229.02},{"block":11029463,"timestamp":1631991397,"swapAmountBNB":20,"uniswapv2buyprice":8262.6,"sushiswapv2buyprice":8251.64,"bakeryswapbuyprice":8358.26,"apeswapBuyPrice":8274.08,"uniswapv2sellprice":8220.79,"sushiswapv2sellprice":8227.11,"bakeryswapsellprice":8145.41,"apeswapsellprice":8229.02},{"block":11029464,"timestamp":1631991400,"swapAmountBNB":20,"uniswapv2buyprice":8262.61,"sushiswapv2buyprice":8251.64,"bakeryswapbuyprice":8358.26,"apeswapBuyPrice":8274.02,"uniswapv2sellprice":8220.8,"sushiswapv2sellprice":8227.11,"bakeryswapsellprice":8145.41,"apeswapsellprice":8228.96},{"block":11029465,"timestamp":1631991403,"swapAmountBNB":20,"uniswapv2buyprice":8262.53,"sushiswapv2buyprice":8251.64,"bakeryswapbuyprice":8358.26,"apeswapBuyPrice":8274.02,"uniswapv2sellprice":8220.72,"sushiswapv2sellprice":8227.11,"bakeryswapsellprice":8145.41,"apeswapsellprice":8228.96},{"block":11029466,"timestamp":1631991406,"swapAmountBNB":20,"uniswapv2buyprice":8262.4,"sushiswapv2buyprice":8251.64,"bakeryswapbuyprice":8358.26,"apeswapBuyPrice":8274.02,"uniswapv2sellprice":8220.59,"sushiswapv2sellprice":8227.11,"bakeryswapsellprice":8145.41,"apeswapsellprice":8228.96},{"block":11029467,"timestamp":1631991409,"swapAmountBNB":20,"uniswapv2buyprice":8262.4,"sushiswapv2buyprice":8251.64,"bakeryswapbuyprice":8358.26,"apeswapBuyPrice":8274.02,"uniswapv2sellprice":8220.59,"sushiswapv2sellprice":8227.11,"bakeryswapsellprice":8145.41,"apeswapsellprice":8228.96},{"block":11029468,"timestamp":1631991412,"swapAmountBNB":20,"uniswapv2buyprice":8262.3,"sushiswapv2buyprice":8251.64,"bakeryswapbuyprice":8358.26,"apeswapBuyPrice":8274.02,"uniswapv2sellprice":8220.49,"sushiswapv2sellprice":8227.11,"bakeryswapsellprice":8145.41,"apeswapsellprice":8228.96},{"block":11029469,"timestamp":1631991415,"swapAmountBNB":20,"uniswapv2buyprice":8262.26,"sushiswapv2buyprice":8251.64,"bakeryswapbuyprice":8358.26,"apeswapBuyPrice":8274.02,"uniswapv2sellprice":8220.45,"sushiswapv2sellprice":8227.11,"bakeryswapsellprice":8145.41,"apeswapsellprice":8228.96},{"block":11029470,"timestamp":1631991418,"swapAmountBNB":20,"uniswapv2buyprice":8262.25,"sushiswapv2buyprice":8251.64,"bakeryswapbuyprice":8358.26,"apeswapBuyPrice":8274.02,"uniswapv2sellprice":8220.44,"sushiswapv2sellprice":8227.11,"bakeryswapsellprice":8145.41,"apeswapsellprice":8228.96},{"block":11029471,"timestamp":1631991421,"swapAmountBNB":20,"uniswapv2buyprice":8262.17,"sushiswapv2buyprice":8251.64,"bakeryswapbuyprice":8358.26,"apeswapBuyPrice":8274.03,"uniswapv2sellprice":8220.37,"sushiswapv2sellprice":8227.11,"bakeryswapsellprice":8145.41,"apeswapsellprice":8228.97},{"block":11029472,"timestamp":1631991424,"swapAmountBNB":20,"uniswapv2buyprice":8262.05,"sushiswapv2buyprice":8251.64,"bakeryswapbuyprice":8358.26,"apeswapBuyPrice":8274.03,"uniswapv2sellprice":8220.24,"sushiswapv2sellprice":8227.11,"bakeryswapsellprice":8145.41,"apeswapsellprice":8228.97},{"block":11029473,"timestamp":1631991427,"swapAmountBNB":20,"uniswapv2buyprice":8262.08,"sushiswapv2buyprice":8251.64,"bakeryswapbuyprice":8358.26,"apeswapBuyPrice":8274.03,"uniswapv2sellprice":8220.28,"sushiswapv2sellprice":8227.11,"bakeryswapsellprice":8145.41,"apeswapsellprice":8228.97},{"block":11029474,"timestamp":1631991430,"swapAmountBNB":20,"uniswapv2buyprice":8262.09,"sushiswapv2buyprice":8251.64,"bakeryswapbuyprice":8358.26,"apeswapBuyPrice":8274.03,"uniswapv2sellprice":8220.28,"sushiswapv2sellprice":8227.11,"bakeryswapsellprice":8145.41,"apeswapsellprice":8228.97},{"block":11029475,"timestamp":1631991433,"swapAmountBNB":20,"uniswapv2buyprice":8262.08,"sushiswapv2buyprice":8251.64,"bakeryswapbuyprice":8358.26,"apeswapBuyPrice":8274.03,"uniswapv2sellprice":8220.27,"sushiswapv2sellprice":8227.11,"bakeryswapsellprice":8145.41,"apeswapsellprice":8228.97},{"block":11029476,"timestamp":1631991436,"swapAmountBNB":20,"uniswapv2buyprice":8262.26,"sushiswapv2buyprice":8251.64,"bakeryswapbuyprice":8358.26,"apeswapBuyPrice":8274.03,"uniswapv2sellprice":8220.45,"sushiswapv2sellprice":8227.11,"bakeryswapsellprice":8145.41,"apeswapsellprice":8228.97},{"block":11029477,"timestamp":1631991439,"swapAmountBNB":20,"uniswapv2buyprice":8262.26,"sushiswapv2buyprice":8251.64,"bakeryswapbuyprice":8358.26,"apeswapBuyPrice":8273.88,"uniswapv2sellprice":8220.45,"sushiswapv2sellprice":8227.11,"bakeryswapsellprice":8145.41,"apeswapsellprice":8228.82},{"block":11029478,"timestamp":1631991442,"swapAmountBNB":20,"uniswapv2buyprice":8262.06,"sushiswapv2buyprice":8251.64,"bakeryswapbuyprice":8358.26,"apeswapBuyPrice":8273.88,"uniswapv2sellprice":8220.25,"sushiswapv2sellprice":8227.11,"bakeryswapsellprice":8145.41,"apeswapsellprice":8228.82},{"block":11029479,"timestamp":1631991445,"swapAmountBNB":20,"uniswapv2buyprice":8262.13,"sushiswapv2buyprice":8251.64,"bakeryswapbuyprice":8358.26,"apeswapBuyPrice":8273.88,"uniswapv2sellprice":8220.32,"sushiswapv2sellprice":8227.11,"bakeryswapsellprice":8145.41,"apeswapsellprice":8228.82},{"block":11029480,"timestamp":1631991448,"swapAmountBNB":20,"uniswapv2buyprice":8262.11,"sushiswapv2buyprice":8251.64,"bakeryswapbuyprice":8358.26,"apeswapBuyPrice":8273.88,"uniswapv2sellprice":8220.3,"sushiswapv2sellprice":8227.11,"bakeryswapsellprice":8145.41,"apeswapsellprice":8228.82},{"block":11029481,"timestamp":1631991451,"swapAmountBNB":20,"uniswapv2buyprice":8262.14,"sushiswapv2buyprice":8251.64,"bakeryswapbuyprice":8358.26,"apeswapBuyPrice":8273.88,"uniswapv2sellprice":8220.34,"sushiswapv2sellprice":8227.11,"bakeryswapsellprice":8145.41,"apeswapsellprice":8228.82},{"block":11029482,"timestamp":1631991454,"swapAmountBNB":20,"uniswapv2buyprice":8262.23,"sushiswapv2buyprice":8251.64,"bakeryswapbuyprice":8358.26,"apeswapBuyPrice":8273.88,"uniswapv2sellprice":8220.42,"sushiswapv2sellprice":8227.11,"bakeryswapsellprice":8145.41,"apeswapsellprice":8228.82},{"block":11029483,"timestamp":1631991457,"swapAmountBNB":20,"uniswapv2buyprice":8262.21,"sushiswapv2buyprice":8251.64,"bakeryswapbuyprice":8358.26,"apeswapBuyPrice":8273.87,"uniswapv2sellprice":8220.4,"sushiswapv2sellprice":8227.11,"bakeryswapsellprice":8145.41,"apeswapsellprice":8228.8},{"block":11029484,"timestamp":1631991460,"swapAmountBNB":20,"uniswapv2buyprice":8262.21,"sushiswapv2buyprice":8251.64,"bakeryswapbuyprice":8358.26,"apeswapBuyPrice":8273.87,"uniswapv2sellprice":8220.4,"sushiswapv2sellprice":8227.11,"bakeryswapsellprice":8145.41,"apeswapsellprice":8228.8},{"block":11029485,"timestamp":1631991463,"swapAmountBNB":20,"uniswapv2buyprice":8262.22,"sushiswapv2buyprice":8252.04,"bakeryswapbuyprice":8358.26,"apeswapBuyPrice":8273.87,"uniswapv2sellprice":8220.41,"sushiswapv2sellprice":8227.51,"bakeryswapsellprice":8145.41,"apeswapsellprice":8228.8},{"block":11029486,"timestamp":1631991467,"swapAmountBNB":20,"uniswapv2buyprice":8262.16,"sushiswapv2buyprice":8252.04,"bakeryswapbuyprice":8358.26,"apeswapBuyPrice":8274.15,"uniswapv2sellprice":8220.35,"sushiswapv2sellprice":8227.51,"bakeryswapsellprice":8145.41,"apeswapsellprice":8229.08},{"block":11029486,"timestamp":1631991466,"swapAmountBNB":20,"uniswapv2buyprice":8262.16,"sushiswapv2buyprice":8252.04,"bakeryswapbuyprice":8358.26,"apeswapBuyPrice":8274.15,"uniswapv2sellprice":8220.35,"sushiswapv2sellprice":8227.51,"bakeryswapsellprice":8145.41,"apeswapsellprice":8229.08},{"block":11029487,"timestamp":1631991469,"swapAmountBNB":20,"uniswapv2buyprice":8262.16,"sushiswapv2buyprice":8252.04,"bakeryswapbuyprice":8358.26,"apeswapBuyPrice":8274.15,"uniswapv2sellprice":8220.35,"sushiswapv2sellprice":8227.51,"bakeryswapsellprice":8145.41,"apeswapsellprice":8229.08},{"block":11029488,"timestamp":1631991472,"swapAmountBNB":20,"uniswapv2buyprice":8262.13,"sushiswapv2buyprice":8249.75,"bakeryswapbuyprice":8358.26,"apeswapBuyPrice":8273.97,"uniswapv2sellprice":8220.32,"sushiswapv2sellprice":8225.22,"bakeryswapsellprice":8145.41,"apeswapsellprice":8228.9},{"block":11029489,"timestamp":1631991475,"swapAmountBNB":20,"uniswapv2buyprice":8262.2,"sushiswapv2buyprice":8249.75,"bakeryswapbuyprice":8358.26,"apeswapBuyPrice":8273.97,"uniswapv2sellprice":8220.39,"sushiswapv2sellprice":8225.22,"bakeryswapsellprice":8145.41,"apeswapsellprice":8228.9},{"block":11029490,"timestamp":1631991478,"swapAmountBNB":20,"uniswapv2buyprice":8262.2,"sushiswapv2buyprice":8249.75,"bakeryswapbuyprice":8358.26,"apeswapBuyPrice":8273.97,"uniswapv2sellprice":8220.39,"sushiswapv2sellprice":8225.22,"bakeryswapsellprice":8145.41,"apeswapsellprice":8228.9},{"block":11029491,"timestamp":1631991481,"swapAmountBNB":20,"uniswapv2buyprice":8262.2,"sushiswapv2buyprice":8249.75,"bakeryswapbuyprice":8358.26,"apeswapBuyPrice":8273.97,"uniswapv2sellprice":8220.39,"sushiswapv2sellprice":8225.22,"bakeryswapsellprice":8145.41,"apeswapsellprice":8228.9},{"block":11029492,"timestamp":1631991484,"swapAmountBNB":20,"uniswapv2buyprice":8262.27,"sushiswapv2buyprice":8249.75,"bakeryswapbuyprice":8358.26,"apeswapBuyPrice":8273.97,"uniswapv2sellprice":8220.46,"sushiswapv2sellprice":8225.22,"bakeryswapsellprice":8145.41,"apeswapsellprice":8228.9},{"block":11029493,"timestamp":1631991487,"swapAmountBNB":20,"uniswapv2buyprice":8262.27,"sushiswapv2buyprice":8249.75,"bakeryswapbuyprice":8358.26,"apeswapBuyPrice":8273.97,"uniswapv2sellprice":8220.46,"sushiswapv2sellprice":8225.22,"bakeryswapsellprice":8145.41,"apeswapsellprice":8228.9},{"block":11029494,"timestamp":1631991490,"swapAmountBNB":20,"uniswapv2buyprice":8262.28,"sushiswapv2buyprice":8249.75,"bakeryswapbuyprice":8358.26,"apeswapBuyPrice":8273.84,"uniswapv2sellprice":8220.46,"sushiswapv2sellprice":8225.22,"bakeryswapsellprice":8145.41,"apeswapsellprice":8228.77},{"block":11029495,"timestamp":1631991493,"swapAmountBNB":20,"uniswapv2buyprice":8262.28,"sushiswapv2buyprice":8249.75,"bakeryswapbuyprice":8358.26,"apeswapBuyPrice":8273.84,"uniswapv2sellprice":8220.47,"sushiswapv2sellprice":8225.22,"bakeryswapsellprice":8145.41,"apeswapsellprice":8228.77},{"block":11029496,"timestamp":1631991496,"swapAmountBNB":20,"uniswapv2buyprice":8262.28,"sushiswapv2buyprice":8249.75,"bakeryswapbuyprice":8358.26,"apeswapBuyPrice":8273.84,"uniswapv2sellprice":8220.47,"sushiswapv2sellprice":8225.22,"bakeryswapsellprice":8145.41,"apeswapsellprice":8228.77},{"block":11029497,"timestamp":1631991499,"swapAmountBNB":20,"uniswapv2buyprice":8262.32,"sushiswapv2buyprice":8249.75,"bakeryswapbuyprice":8358.26,"apeswapBuyPrice":8273.84,"uniswapv2sellprice":8220.51,"sushiswapv2sellprice":8225.22,"bakeryswapsellprice":8145.41,"apeswapsellprice":8228.77},{"block":11029498,"timestamp":1631991502,"swapAmountBNB":20,"uniswapv2buyprice":8262.41,"sushiswapv2buyprice":8249.75,"bakeryswapbuyprice":8358.26,"apeswapBuyPrice":8273.57,"uniswapv2sellprice":8220.6,"sushiswapv2sellprice":8225.22,"bakeryswapsellprice":8145.41,"apeswapsellprice":8228.51},{"block":11029499,"timestamp":1631991505,"swapAmountBNB":20,"uniswapv2buyprice":8262.75,"sushiswapv2buyprice":8249.75,"bakeryswapbuyprice":8358.26,"apeswapBuyPrice":8273.57,"uniswapv2sellprice":8220.93,"sushiswapv2sellprice":8225.22,"bakeryswapsellprice":8145.41,"apeswapsellprice":8228.51},{"block":11029500,"timestamp":1631991508,"swapAmountBNB":20,"uniswapv2buyprice":8262.25,"sushiswapv2buyprice":8251.05,"bakeryswapbuyprice":8358.26,"apeswapBuyPrice":8273.57,"uniswapv2sellprice":8220.44,"sushiswapv2sellprice":8226.52,"bakeryswapsellprice":8145.41,"apeswapsellprice":8228.51},{"block":11029501,"timestamp":1631991511,"swapAmountBNB":20,"uniswapv2buyprice":8262.22,"sushiswapv2buyprice":8251.05,"bakeryswapbuyprice":8358.26,"apeswapBuyPrice":8272.56,"uniswapv2sellprice":8220.42,"sushiswapv2sellprice":8226.52,"bakeryswapsellprice":8145.41,"apeswapsellprice":8227.5},{"block":11029502,"timestamp":1631991514,"swapAmountBNB":20,"uniswapv2buyprice":8262.22,"sushiswapv2buyprice":8251.05,"bakeryswapbuyprice":8358.26,"apeswapBuyPrice":8272.55,"uniswapv2sellprice":8220.41,"sushiswapv2sellprice":8226.52,"bakeryswapsellprice":8145.41,"apeswapsellprice":8227.49},{"block":11029503,"timestamp":1631991517,"swapAmountBNB":20,"uniswapv2buyprice":8262.22,"sushiswapv2buyprice":8251.05,"bakeryswapbuyprice":8358.26,"apeswapBuyPrice":8272.55,"uniswapv2sellprice":8220.41,"sushiswapv2sellprice":8226.52,"bakeryswapsellprice":8145.41,"apeswapsellprice":8227.49},{"block":11029504,"timestamp":1631991520,"swapAmountBNB":20,"uniswapv2buyprice":8262.18,"sushiswapv2buyprice":8251.05,"bakeryswapbuyprice":8358.26,"apeswapBuyPrice":8272.55,"uniswapv2sellprice":8220.37,"sushiswapv2sellprice":8226.52,"bakeryswapsellprice":8145.41,"apeswapsellprice":8227.49},{"block":11029505,"timestamp":1631991523,"swapAmountBNB":20,"uniswapv2buyprice":8262.2,"sushiswapv2buyprice":8251.05,"bakeryswapbuyprice":8358.26,"apeswapBuyPrice":8272.55,"uniswapv2sellprice":8220.39,"sushiswapv2sellprice":8226.52,"bakeryswapsellprice":8145.41,"apeswapsellprice":8227.49},{"block":11029506,"timestamp":1631991526,"swapAmountBNB":20,"uniswapv2buyprice":8262.23,"sushiswapv2buyprice":8251.05,"bakeryswapbuyprice":8358.26,"apeswapBuyPrice":8272.55,"uniswapv2sellprice":8220.42,"sushiswapv2sellprice":8226.52,"bakeryswapsellprice":8145.41,"apeswapsellprice":8227.49},{"block":11029507,"timestamp":1631991529,"swapAmountBNB":20,"uniswapv2buyprice":8262.23,"sushiswapv2buyprice":8251.05,"bakeryswapbuyprice":8358.26,"apeswapBuyPrice":8272.55,"uniswapv2sellprice":8220.42,"sushiswapv2sellprice":8226.52,"bakeryswapsellprice":8145.41,"apeswapsellprice":8227.49},{"block":11029508,"timestamp":1631991532,"swapAmountBNB":20,"uniswapv2buyprice":8261.56,"sushiswapv2buyprice":8251.02,"bakeryswapbuyprice":8358.26,"apeswapBuyPrice":8272.55,"uniswapv2sellprice":8219.76,"sushiswapv2sellprice":8226.49,"bakeryswapsellprice":8145.41,"apeswapsellprice":8227.49},{"block":11029509,"timestamp":1631991535,"swapAmountBNB":20,"uniswapv2buyprice":8261.56,"sushiswapv2buyprice":8251.02,"bakeryswapbuyprice":8358.26,"apeswapBuyPrice":8272.55,"uniswapv2sellprice":8219.76,"sushiswapv2sellprice":8226.49,"bakeryswapsellprice":8145.41,"apeswapsellprice":8227.49},{"block":11029510,"timestamp":1631991538,"swapAmountBNB":20,"uniswapv2buyprice":8260.97,"sushiswapv2buyprice":8251.02,"bakeryswapbuyprice":8358.26,"apeswapBuyPrice":8272.55,"uniswapv2sellprice":8219.16,"sushiswapv2sellprice":8226.49,"bakeryswapsellprice":8145.41,"apeswapsellprice":8227.49},{"block":11029511,"timestamp":1631991541,"swapAmountBNB":20,"uniswapv2buyprice":8260.95,"sushiswapv2buyprice":8251.02,"bakeryswapbuyprice":8358.26,"apeswapBuyPrice":8272.55,"uniswapv2sellprice":8219.15,"sushiswapv2sellprice":8226.49,"bakeryswapsellprice":8145.41,"apeswapsellprice":8227.49},{"block":11029512,"timestamp":1631991544,"swapAmountBNB":20,"uniswapv2buyprice":8260.91,"sushiswapv2buyprice":8251.02,"bakeryswapbuyprice":8358.26,"apeswapBuyPrice":8272.55,"uniswapv2sellprice":8219.11,"sushiswapv2sellprice":8226.49,"bakeryswapsellprice":8145.41,"apeswapsellprice":8227.49},{"block":11029513,"timestamp":1631991547,"swapAmountBNB":20,"uniswapv2buyprice":8260.93,"sushiswapv2buyprice":8251.02,"bakeryswapbuyprice":8358.26,"apeswapBuyPrice":8272.53,"uniswapv2sellprice":8219.12,"sushiswapv2sellprice":8226.49,"bakeryswapsellprice":8145.41,"apeswapsellprice":8227.47},{"block":11029514,"timestamp":1631991550,"swapAmountBNB":20,"uniswapv2buyprice":8260.88,"sushiswapv2buyprice":8251.02,"bakeryswapbuyprice":8358.26,"apeswapBuyPrice":8272.53,"uniswapv2sellprice":8219.07,"sushiswapv2sellprice":8226.49,"bakeryswapsellprice":8145.41,"apeswapsellprice":8227.47},{"block":11029515,"timestamp":1631991553,"swapAmountBNB":20,"uniswapv2buyprice":8260.76,"sushiswapv2buyprice":8251.02,"bakeryswapbuyprice":8358.26,"apeswapBuyPrice":8272.53,"uniswapv2sellprice":8218.95,"sushiswapv2sellprice":8226.49,"bakeryswapsellprice":8145.41,"apeswapsellprice":8227.47},{"block":11029516,"timestamp":1631991556,"swapAmountBNB":20,"uniswapv2buyprice":8260.69,"sushiswapv2buyprice":8251.02,"bakeryswapbuyprice":8358.26,"apeswapBuyPrice":8272.53,"uniswapv2sellprice":8218.89,"sushiswapv2sellprice":8226.49,"bakeryswapsellprice":8145.41,"apeswapsellprice":8227.47},{"block":11029517,"timestamp":1631991559,"swapAmountBNB":20,"uniswapv2buyprice":8260.49,"sushiswapv2buyprice":8251.02,"bakeryswapbuyprice":8358.26,"apeswapBuyPrice":8272.53,"uniswapv2sellprice":8218.76,"sushiswapv2sellprice":8226.49,"bakeryswapsellprice":8145.41,"apeswapsellprice":8227.47},{"block":11029518,"timestamp":1631991562,"swapAmountBNB":20,"uniswapv2buyprice":8260.49,"sushiswapv2buyprice":8255.46,"bakeryswapbuyprice":8358.26,"apeswapBuyPrice":8272.53,"uniswapv2sellprice":8218.69,"sushiswapv2sellprice":8226.49,"bakeryswapsellprice":8145.41,"apeswapsellprice":8227.47},{"block":11029519,"timestamp":1631991565,"swapAmountBNB":20,"uniswapv2buyprice":8260.48,"sushiswapv2buyprice":8255.46,"bakeryswapbuyprice":8358.26,"apeswapBuyPrice":8272.53,"uniswapv2sellprice":8218.68,"sushiswapv2sellprice":8230.91,"bakeryswapsellprice":8145.41,"apeswapsellprice":8227.47},{"block":11029520,"timestamp":1631991568,"swapAmountBNB":20,"uniswapv2buyprice":8260.49,"sushiswapv2buyprice":8255.46,"bakeryswapbuyprice":8358.26,"apeswapBuyPrice":8272.53,"uniswapv2sellprice":8218.68,"sushiswapv2sellprice":8230.91,"bakeryswapsellprice":8145.41,"apeswapsellprice":8227.47},{"block":11029521,"timestamp":1631991571,"swapAmountBNB":20,"uniswapv2buyprice":8260.48,"sushiswapv2buyprice":8255.46,"bakeryswapbuyprice":8358.26,"apeswapBuyPrice":8272.53,"uniswapv2sellprice":8218.68,"sushiswapv2sellprice":8230.91,"bakeryswapsellprice":8145.41,"apeswapsellprice":8227.47},{"block":11029522,"timestamp":1631991574,"swapAmountBNB":20,"uniswapv2buyprice":8260.47,"sushiswapv2buyprice":8255.46,"bakeryswapbuyprice":8358.26,"apeswapBuyPrice":8272.53,"uniswapv2sellprice":8218.67,"sushiswapv2sellprice":8230.91,"bakeryswapsellprice":8145.41,"apeswapsellprice":8227.47},{"block":11029523,"timestamp":1631991577,"swapAmountBNB":20,"uniswapv2buyprice":8260.47,"sushiswapv2buyprice":8255.46,"bakeryswapbuyprice":8358.26,"apeswapBuyPrice":8272.53,"uniswapv2sellprice":8218.67,"sushiswapv2sellprice":8230.91,"bakeryswapsellprice":8145.41,"apeswapsellprice":8227.47},{"block":11029524,"timestamp":1631991580,"swapAmountBNB":20,"uniswapv2buyprice":8260.5,"sushiswapv2buyprice":8254.8,"bakeryswapbuyprice":8358.26,"apeswapBuyPrice":8272.53,"uniswapv2sellprice":8218.7,"sushiswapv2sellprice":8230.26,"bakeryswapsellprice":8145.41,"apeswapsellprice":8227.47},{"block":11029525,"timestamp":1631991583,"swapAmountBNB":20,"uniswapv2buyprice":8260.62,"sushiswapv2buyprice":8254.8,"bakeryswapbuyprice":8358.26,"apeswapBuyPrice":8272.56,"uniswapv2sellprice":8218.82,"sushiswapv2sellprice":8230.26,"bakeryswapsellprice":8145.41,"apeswapsellprice":8227.5},{"block":11029526,"timestamp":1631991586,"swapAmountBNB":20,"uniswapv2buyprice":8260.63,"sushiswapv2buyprice":8254.88,"bakeryswapbuyprice":8358.26,"apeswapBuyPrice":8272.56,"uniswapv2sellprice":8218.82,"sushiswapv2sellprice":8230.34,"bakeryswapsellprice":8145.41,"apeswapsellprice":8227.5},{"block":11029527,"timestamp":1631991589,"swapAmountBNB":20,"uniswapv2buyprice":8260.66,"sushiswapv2buyprice":8254.62,"bakeryswapbuyprice":8358.26,"apeswapBuyPrice":8272.56,"uniswapv2sellprice":8218.86,"sushiswapv2sellprice":8230.08,"bakeryswapsellprice":8145.41,"apeswapsellprice":8227.5},{"block":11029528,"timestamp":1631991592,"swapAmountBNB":20,"uniswapv2buyprice":8260.66,"sushiswapv2buyprice":8254.62,"bakeryswapbuyprice":8358.26,"apeswapBuyPrice":8272.56,"uniswapv2sellprice":8218.86,"sushiswapv2sellprice":8230.08,"bakeryswapsellprice":8145.41,"apeswapsellprice":8227.5},{"block":11029529,"timestamp":1631991595,"swapAmountBNB":20,"uniswapv2buyprice":8260.69,"sushiswapv2buyprice":8254.62,"bakeryswapbuyprice":8358.26,"apeswapBuyPrice":8272.56,"uniswapv2sellprice":8218.89,"sushiswapv2sellprice":8230.08,"bakeryswapsellprice":8145.41,"apeswapsellprice":8227.5}]}