{"table":[{"block":11315475,"timestamp":1632855513,"swapAmountBNB":20,"uniswapv2buyprice":6707.21,"sushiswapv2buyprice":6697.41,"bakeryswapbuyprice":6789.82,"apeswapBuyPrice":6704.55,"uniswapv2sellprice":6673.33,"sushiswapv2sellprice":6677.52,"bakeryswapsellprice":6597.98,"apeswapsellprice":6667.63},{"block":11315476,"timestamp":1632855516,"swapAmountBNB":20,"uniswapv2buyprice":6707.23,"sushiswapv2buyprice":6697.41,"bakeryswapbuyprice":6789.82,"apeswapBuyPrice":6704.55,"uniswapv2sellprice":6673.34,"sushiswapv2sellprice":6677.52,"bakeryswapsellprice":6597.98,"apeswapsellprice":6667.63},{"block":11315477,"timestamp":1632855520,"swapAmountBNB":20,"uniswapv2buyprice":6707.41,"sushiswapv2buyprice":6697.41,"bakeryswapbuyprice":6789.82,"apeswapBuyPrice":6704.58,"uniswapv2sellprice":6673.53,"sushiswapv2sellprice":6677.52,"bakeryswapsellprice":6597.98,"apeswapsellprice":6667.66},{"block":11315477,"timestamp":1632855519,"swapAmountBNB":20,"uniswapv2buyprice":6707.41,"sushiswapv2buyprice":6697.41,"bakeryswapbuyprice":6789.82,"apeswapBuyPrice":6704.58,"uniswapv2sellprice":6673.53,"sushiswapv2sellprice":6677.52,"bakeryswapsellprice":6597.98,"apeswapsellprice":6667.66},{"block":11315478,"timestamp":1632855522,"swapAmountBNB":20,"uniswapv2buyprice":6707.44,"sushiswapv2buyprice":6697.41,"bakeryswapbuyprice":6789.82,"apeswapBuyPrice":6704.58,"uniswapv2sellprice":6673.56,"sushiswapv2sellprice":6677.52,"bakeryswapsellprice":6597.98,"apeswapsellprice":6667.66},{"block":11315479,"timestamp":1632855525,"swapAmountBNB":20,"uniswapv2buyprice":6707.44,"sushiswapv2buyprice":6697.41,"bakeryswapbuyprice":6789.82,"apeswapBuyPrice":6705.15,"uniswapv2sellprice":6673.55,"sushiswapv2sellprice":6677.52,"bakeryswapsellprice":6597.98,"apeswapsellprice":6668.24},{"block":11315480,"timestamp":1632855528,"swapAmountBNB":20,"uniswapv2buyprice":6707.45,"sushiswapv2buyprice":6697.41,"bakeryswapbuyprice":6789.82,"apeswapBuyPrice":6705.15,"uniswapv2sellprice":6673.56,"sushiswapv2sellprice":6677.52,"bakeryswapsellprice":6597.98,"apeswapsellprice":6668.24},{"block":11315481,"timestamp":1632855531,"swapAmountBNB":20,"uniswapv2buyprice":6707.43,"sushiswapv2buyprice":6697.41,"bakeryswapbuyprice":6789.82,"apeswapBuyPrice":6705.15,"uniswapv2sellprice":6673.55,"sushiswapv2sellprice":6677.52,"bakeryswapsellprice":6597.98,"apeswapsellprice":6668.24},{"block":11315482,"timestamp":1632855534,"swapAmountBNB":20,"uniswapv2buyprice":6707.46,"sushiswapv2buyprice":6697.41,"bakeryswapbuyprice":6789.82,"apeswapBuyPrice":6705.15,"uniswapv2sellprice":6673.57,"sushiswapv2sellprice":6677.52,"bakeryswapsellprice":6597.98,"apeswapsellprice":6668.24},{"block":11315483,"timestamp":1632855537,"swapAmountBNB":20,"uniswapv2buyprice":6707.45,"sushiswapv2buyprice":6697.41,"bakeryswapbuyprice":6789.82,"apeswapBuyPrice":6705.15,"uniswapv2sellprice":6673.56,"sushiswapv2sellprice":6677.52,"bakeryswapsellprice":6597.98,"apeswapsellprice":6668.24},{"block":11315484,"timestamp":1632855540,"swapAmountBNB":20,"uniswapv2buyprice":6707.57,"sushiswapv2buyprice":6713.1,"bakeryswapbuyprice":6789.82,"apeswapBuyPrice":6705.15,"uniswapv2sellprice":6673.68,"sushiswapv2sellprice":6693.15,"bakeryswapsellprice":6597.98,"apeswapsellprice":6668.24},{"block":11315485,"timestamp":1632855543,"swapAmountBNB":20,"uniswapv2buyprice":6707.75,"sushiswapv2buyprice":6686.33,"bakeryswapbuyprice":6789.82,"apeswapBuyPrice":6705.15,"uniswapv2sellprice":6673.86,"sushiswapv2sellprice":6666.47,"bakeryswapsellprice":6597.98,"apeswapsellprice":6668.24},{"block":11315486,"timestamp":1632855546,"swapAmountBNB":20,"uniswapv2buyprice":6707.29,"sushiswapv2buyprice":6686.39,"bakeryswapbuyprice":6789.82,"apeswapBuyPrice":6705.15,"uniswapv2sellprice":6673.41,"sushiswapv2sellprice":6666.54,"bakeryswapsellprice":6597.98,"apeswapsellprice":6668.24},{"block":11315487,"timestamp":1632855549,"swapAmountBNB":20,"uniswapv2buyprice":6707.29,"sushiswapv2buyprice":6682.97,"bakeryswapbuyprice":6789.82,"apeswapBuyPrice":6705.15,"uniswapv2sellprice":6673.4,"sushiswapv2sellprice":6663.12,"bakeryswapsellprice":6597.98,"apeswapsellprice":6668.24},{"block":11315488,"timestamp":1632855552,"swapAmountBNB":20,"uniswapv2buyprice":6707.28,"sushiswapv2buyprice":6684.27,"bakeryswapbuyprice":6789.82,"apeswapBuyPrice":6705.15,"uniswapv2sellprice":6673.4,"sushiswapv2sellprice":6664.43,"bakeryswapsellprice":6597.98,"apeswapsellprice":6668.24},{"block":11315489,"timestamp":1632855555,"swapAmountBNB":20,"uniswapv2buyprice":6707.23,"sushiswapv2buyprice":6684.27,"bakeryswapbuyprice":6789.82,"apeswapBuyPrice":6705.15,"uniswapv2sellprice":6673.34,"sushiswapv2sellprice":6664.43,"bakeryswapsellprice":6597.98,"apeswapsellprice":6668.24},{"block":11315490,"timestamp":1632855558,"swapAmountBNB":20,"uniswapv2buyprice":6707.25,"sushiswapv2buyprice":6684.31,"bakeryswapbuyprice":6789.82,"apeswapBuyPrice":6705.15,"uniswapv2sellprice":6673.37,"sushiswapv2sellprice":6664.46,"bakeryswapsellprice":6597.98,"apeswapsellprice":6668.24},{"block":11315491,"timestamp":1632855561,"swapAmountBNB":20,"uniswapv2buyprice":6707.23,"sushiswapv2buyprice":6684.31,"bakeryswapbuyprice":6789.82,"apeswapBuyPrice":6705.15,"uniswapv2sellprice":6673.35,"sushiswapv2sellprice":6664.46,"bakeryswapsellprice":6597.98,"apeswapsellprice":6668.24},{"block":11315492,"timestamp":1632855564,"swapAmountBNB":20,"uniswapv2buyprice":6707.33,"sushiswapv2buyprice":6684.31,"bakeryswapbuyprice":6789.82,"apeswapBuyPrice":6705.15,"uniswapv2sellprice":6673.44,"sushiswapv2sellprice":6664.46,"bakeryswapsellprice":6597.98,"apeswapsellprice":6668.24},{"block":11315493,"timestamp":1632855567,"swapAmountBNB":20,"uniswapv2buyprice":6707.33,"sushiswapv2buyprice":6684.37,"bakeryswapbuyprice":6789.82,"apeswapBuyPrice":6705.15,"uniswapv2sellprice":6673.44,"sushiswapv2sellprice":6664.53,"bakeryswapsellprice":6597.98,"apeswapsellprice":6668.24},{"block":11315494,"timestamp":1632855570,"swapAmountBNB":20,"uniswapv2buyprice":6707.66,"sushiswapv2buyprice":6684.37,"bakeryswapbuyprice":6789.82,"apeswapBuyPrice":6705.15,"uniswapv2sellprice":6673.77,"sushiswapv2sellprice":6664.53,"bakeryswapsellprice":6597.98,"apeswapsellprice":6668.24},{"block":11315495,"timestamp":1632855573,"swapAmountBNB":20,"uniswapv2buyprice":6707.61,"sushiswapv2buyprice":6684.46,"bakeryswapbuyprice":6789.82,"apeswapBuyPrice":6705.15,"uniswapv2sellprice":6673.72,"sushiswapv2sellprice":6664.62,"bakeryswapsellprice":6597.98,"apeswapsellprice":6668.24},{"block":11315496,"timestamp":1632855576,"swapAmountBNB":20,"uniswapv2buyprice":6706.43,"sushiswapv2buyprice":6684.46,"bakeryswapbuyprice":6789.82,"apeswapBuyPrice":6705.15,"uniswapv2sellprice":6672.55,"sushiswapv2sellprice":6664.62,"bakeryswapsellprice":6597.98,"apeswapsellprice":6668.24},{"block":11315497,"timestamp":1632855579,"swapAmountBNB":20,"uniswapv2buyprice":6706.32,"sushiswapv2buyprice":6687.51,"bakeryswapbuyprice":6789.82,"apeswapBuyPrice":6705.15,"uniswapv2sellprice":6672.45,"sushiswapv2sellprice":6667.65,"bakeryswapsellprice":6597.98,"apeswapsellprice":6668.24},{"block":11315498,"timestamp":1632855582,"swapAmountBNB":20,"uniswapv2buyprice":6706.33,"sushiswapv2buyprice":6687.55,"bakeryswapbuyprice":6789.82,"apeswapBuyPrice":6705.11,"uniswapv2sellprice":6672.45,"sushiswapv2sellprice":6667.69,"bakeryswapsellprice":6597.98,"apeswapsellprice":6668.2},{"block":11315499,"timestamp":1632855585,"swapAmountBNB":20,"uniswapv2buyprice":6706.33,"sushiswapv2buyprice":6687.55,"bakeryswapbuyprice":6789.82,"apeswapBuyPrice":6705.11,"uniswapv2sellprice":6672.45,"sushiswapv2sellprice":6667.69,"bakeryswapsellprice":6597.98,"apeswapsellprice":6668.2},{"block":11315500,"timestamp":1632855588,"swapAmountBNB":20,"uniswapv2buyprice":6705.85,"sushiswapv2buyprice":6688.32,"bakeryswapbuyprice":6789.82,"apeswapBuyPrice":6705.11,"uniswapv2sellprice":6671.97,"sushiswapv2sellprice":6668.46,"bakeryswapsellprice":6597.98,"apeswapsellprice":6668.2},{"block":11315501,"timestamp":1632855591,"swapAmountBNB":20,"uniswapv2buyprice":6705.85,"sushiswapv2buyprice":6688.32,"bakeryswapbuyprice":6789.82,"apeswapBuyPrice":6705.11,"uniswapv2sellprice":6671.97,"sushiswapv2sellprice":6668.46,"bakeryswapsellprice":6597.98,"apeswapsellprice":6668.2},{"block":11315502,"timestamp":1632855594,"swapAmountBNB":20,"uniswapv2buyprice":6705.87,"sushiswapv2buyprice":6689.5,"bakeryswapbuyprice":6789.82,"apeswapBuyPrice":6705.11,"uniswapv2sellprice":6671.99,"sushiswapv2sellprice":6669.63,"bakeryswapsellprice":6597.98,"apeswapsellprice":6668.2},{"block":11315503,"timestamp":1632855597,"swapAmountBNB":20,"uniswapv2buyprice":6705.91,"sushiswapv2buyprice":6689.98,"bakeryswapbuyprice":6789.82,"apeswapBuyPrice":6705.11,"uniswapv2sellprice":6672.04,"sushiswapv2sellprice":6670.12,"bakeryswapsellprice":6597.98,"apeswapsellprice":6668.2},{"block":11315504,"timestamp":1632855600,"swapAmountBNB":20,"uniswapv2buyprice":6705.91,"sushiswapv2buyprice":6689.98,"bakeryswapbuyprice":6789.82,"apeswapBuyPrice":6705.11,"uniswapv2sellprice":6672.03,"sushiswapv2sellprice":6670.12,"bakeryswapsellprice":6597.98,"apeswapsellprice":6668.2},{"block":11315505,"timestamp":1632855603,"swapAmountBNB":20,"uniswapv2buyprice":6705.92,"sushiswapv2buyprice":6689.98,"bakeryswapbuyprice":6789.82,"apeswapBuyPrice":6705.11,"uniswapv2sellprice":6672.04,"sushiswapv2sellprice":6670.12,"bakeryswapsellprice":6597.98,"apeswapsellprice":6668.2},{"block":11315506,"timestamp":1632855606,"swapAmountBNB":20,"uniswapv2buyprice":6705.91,"sushiswapv2buyprice":6689.98,"bakeryswapbuyprice":6789.82,"apeswapBuyPrice":6704.96,"uniswapv2sellprice":6672.03,"sushiswapv2sellprice":6670.12,"bakeryswapsellprice":6597.98,"apeswapsellprice":6668.04},{"block":11315507,"timestamp":1632855609,"swapAmountBNB":20,"uniswapv2buyprice":6703.83,"sushiswapv2buyprice":6689.98,"bakeryswapbuyprice":6789.82,"apeswapBuyPrice":6703.21,"uniswapv2sellprice":6669.97,"sushiswapv2sellprice":6670.12,"bakeryswapsellprice":6597.98,"apeswapsellprice":6666.3},{"block":11315508,"timestamp":1632855612,"swapAmountBNB":20,"uniswapv2buyprice":6703.92,"sushiswapv2buyprice":6689.98,"bakeryswapbuyprice":6789.82,"apeswapBuyPrice":6701.59,"uniswapv2sellprice":6670.06,"sushiswapv2sellprice":6670.12,"bakeryswapsellprice":6597.98,"apeswapsellprice":6666.3},{"block":11315509,"timestamp":1632855615,"swapAmountBNB":20,"uniswapv2buyprice":6703.93,"sushiswapv2buyprice":6689.98,"bakeryswapbuyprice":6789.82,"apeswapBuyPrice":6701.59,"uniswapv2sellprice":6670.06,"sushiswapv2sellprice":6670.12,"bakeryswapsellprice":6597.98,"apeswapsellprice":6664.69},{"block":11315510,"timestamp":1632855618,"swapAmountBNB":20,"uniswapv2buyprice":6703.02,"sushiswapv2buyprice":6689.98,"bakeryswapbuyprice":6789.82,"apeswapBuyPrice":6701.59,"uniswapv2sellprice":6669.15,"sushiswapv2sellprice":6670.12,"bakeryswapsellprice":6597.98,"apeswapsellprice":6664.69},{"block":11315511,"timestamp":1632855621,"swapAmountBNB":20,"uniswapv2buyprice":6703.04,"sushiswapv2buyprice":6689.98,"bakeryswapbuyprice":6789.82,"apeswapBuyPrice":6701.59,"uniswapv2sellprice":6669.18,"sushiswapv2sellprice":6670.12,"bakeryswapsellprice":6597.98,"apeswapsellprice":6664.69},{"block":11315512,"timestamp":1632855624,"swapAmountBNB":20,"uniswapv2buyprice":6703.01,"sushiswapv2buyprice":6689.98,"bakeryswapbuyprice":6789.82,"apeswapBuyPrice":6701.59,"uniswapv2sellprice":6669.15,"sushiswapv2sellprice":6670.12,"bakeryswapsellprice":6597.98,"apeswapsellprice":6664.69},{"block":11315513,"timestamp":1632855627,"swapAmountBNB":20,"uniswapv2buyprice":6702.94,"sushiswapv2buyprice":6689.98,"bakeryswapbuyprice":6789.82,"apeswapBuyPrice":6701.59,"uniswapv2sellprice":6669.08,"sushiswapv2sellprice":6670.12,"bakeryswapsellprice":6597.98,"apeswapsellprice":6664.69},{"block":11315514,"timestamp":1632855630,"swapAmountBNB":20,"uniswapv2buyprice":6702.94,"sushiswapv2buyprice":6689.98,"bakeryswapbuyprice":6789.82,"apeswapBuyPrice":6701.59,"uniswapv2sellprice":6669.08,"sushiswapv2sellprice":6670.12,"bakeryswapsellprice":6597.98,"apeswapsellprice":6664.69},{"block":11315515,"timestamp":1632855633,"swapAmountBNB":20,"uniswapv2buyprice":6703.01,"sushiswapv2buyprice":6689.98,"bakeryswapbuyprice":6789.82,"apeswapBuyPrice":6701.66,"uniswapv2sellprice":6669.15,"sushiswapv2sellprice":6670.12,"bakeryswapsellprice":6597.98,"apeswapsellprice":6664.69},{"block":11315516,"timestamp":1632855636,"swapAmountBNB":20,"uniswapv2buyprice":6703.05,"sushiswapv2buyprice":6689.98,"bakeryswapbuyprice":6789.82,"apeswapBuyPrice":6701.66,"uniswapv2sellprice":6669.19,"sushiswapv2sellprice":6670.12,"bakeryswapsellprice":6597.98,"apeswapsellprice":6664.77},{"block":11315517,"timestamp":1632855639,"swapAmountBNB":20,"uniswapv2buyprice":6703.07,"sushiswapv2buyprice":6690.45,"bakeryswapbuyprice":6789.82,"apeswapBuyPrice":6701.66,"uniswapv2sellprice":6669.21,"sushiswapv2sellprice":6670.58,"bakeryswapsellprice":6597.98,"apeswapsellprice":6664.77},{"block":11315518,"timestamp":1632855642,"swapAmountBNB":20,"uniswapv2buyprice":6703.05,"sushiswapv2buyprice":6690.45,"bakeryswapbuyprice":6789.82,"apeswapBuyPrice":6701.66,"uniswapv2sellprice":6669.19,"sushiswapv2sellprice":6670.58,"bakeryswapsellprice":6597.98,"apeswapsellprice":6664.77},{"block":11315519,"timestamp":1632855645,"swapAmountBNB":20,"uniswapv2buyprice":6703.06,"sushiswapv2buyprice":6690.22,"bakeryswapbuyprice":6789.82,"apeswapBuyPrice":6701.66,"uniswapv2sellprice":6669.19,"sushiswapv2sellprice":6670.58,"bakeryswapsellprice":6597.98,"apeswapsellprice":6664.77},{"block":11315520,"timestamp":1632855648,"swapAmountBNB":20,"uniswapv2buyprice":6703.55,"sushiswapv2buyprice":6690.22,"bakeryswapbuyprice":6789.82,"apeswapBuyPrice":6701.66,"uniswapv2sellprice":6669.68,"sushiswapv2sellprice":6670.35,"bakeryswapsellprice":6597.98,"apeswapsellprice":6664.77},{"block":11315521,"timestamp":1632855651,"swapAmountBNB":20,"uniswapv2buyprice":6703.75,"sushiswapv2buyprice":6689.61,"bakeryswapbuyprice":6789.82,"apeswapBuyPrice":6701.66,"uniswapv2sellprice":6669.89,"sushiswapv2sellprice":6669.74,"bakeryswapsellprice":6597.98,"apeswapsellprice":6664.77},{"block":11315522,"timestamp":1632855654,"swapAmountBNB":20,"uniswapv2buyprice":6703.71,"sushiswapv2buyprice":6689.61,"bakeryswapbuyprice":6789.82,"apeswapBuyPrice":6701.66,"uniswapv2sellprice":6669.85,"sushiswapv2sellprice":6669.74,"bakeryswapsellprice":6597.98,"apeswapsellprice":6664.77},{"block":11315523,"timestamp":1632855657,"swapAmountBNB":20,"uniswapv2buyprice":6703.71,"sushiswapv2buyprice":6689.61,"bakeryswapbuyprice":6789.82,"apeswapBuyPrice":6701.66,"uniswapv2sellprice":6669.84,"sushiswapv2sellprice":6669.74,"bakeryswapsellprice":6597.98,"apeswapsellprice":6664.77},{"block":11315524,"timestamp":1632855660,"swapAmountBNB":20,"uniswapv2buyprice":6703.73,"sushiswapv2buyprice":6689.61,"bakeryswapbuyprice":6789.82,"apeswapBuyPrice":6701.66,"uniswapv2sellprice":6669.87,"sushiswapv2sellprice":6669.74,"bakeryswapsellprice":6597.98,"apeswapsellprice":6664.77},{"block":11315525,"timestamp":1632855663,"swapAmountBNB":20,"uniswapv2buyprice":6703.73,"sushiswapv2buyprice":6689.61,"bakeryswapbuyprice":6789.82,"apeswapBuyPrice":6701.66,"uniswapv2sellprice":6669.87,"sushiswapv2sellprice":6669.74,"bakeryswapsellprice":6597.98,"apeswapsellprice":6664.77},{"block":11315526,"timestamp":1632855666,"swapAmountBNB":20,"uniswapv2buyprice":6703.75,"sushiswapv2buyprice":6689.64,"bakeryswapbuyprice":6789.82,"apeswapBuyPrice":6701.66,"uniswapv2sellprice":6669.88,"sushiswapv2sellprice":6669.78,"bakeryswapsellprice":6597.98,"apeswapsellprice":6664.77},{"block":11315527,"timestamp":1632855669,"swapAmountBNB":20,"uniswapv2buyprice":6703.69,"sushiswapv2buyprice":6689.64,"bakeryswapbuyprice":6789.82,"apeswapBuyPrice":6701.66,"uniswapv2sellprice":6669.83,"sushiswapv2sellprice":6669.78,"bakeryswapsellprice":6597.98,"apeswapsellprice":6664.77},{"block":11315528,"timestamp":1632855672,"swapAmountBNB":20,"uniswapv2buyprice":6702.46,"sushiswapv2buyprice":6694.56,"bakeryswapbuyprice":6789.82,"apeswapBuyPrice":6701.66,"uniswapv2sellprice":6668.6,"sushiswapv2sellprice":6674.68,"bakeryswapsellprice":6597.98,"apeswapsellprice":6664.77},{"block":11315529,"timestamp":1632855675,"swapAmountBNB":20,"uniswapv2buyprice":6702.46,"sushiswapv2buyprice":6694.56,"bakeryswapbuyprice":6789.82,"apeswapBuyPrice":6701.66,"uniswapv2sellprice":6668.6,"sushiswapv2sellprice":6674.68,"bakeryswapsellprice":6597.98,"apeswapsellprice":6664.77},{"block":11315530,"timestamp":1632855678,"swapAmountBNB":20,"uniswapv2buyprice":6702.37,"sushiswapv2buyprice":6693.96,"bakeryswapbuyprice":6789.82,"apeswapBuyPrice":6701.66,"uniswapv2sellprice":6668.52,"sushiswapv2sellprice":6674.08,"bakeryswapsellprice":6597.98,"apeswapsellprice":6664.77},{"block":11315531,"timestamp":1632855681,"swapAmountBNB":20,"uniswapv2buyprice":6702.35,"sushiswapv2buyprice":6693.96,"bakeryswapbuyprice":6789.82,"apeswapBuyPrice":6701.59,"uniswapv2sellprice":6668.49,"sushiswapv2sellprice":6674.08,"bakeryswapsellprice":6597.98,"apeswapsellprice":6664.69},{"block":11315532,"timestamp":1632855684,"swapAmountBNB":20,"uniswapv2buyprice":6702.51,"sushiswapv2buyprice":6693.96,"bakeryswapbuyprice":6789.82,"apeswapBuyPrice":6701.55,"uniswapv2sellprice":6668.5,"sushiswapv2sellprice":6674.08,"bakeryswapsellprice":6597.98,"apeswapsellprice":6664.65},{"block":11315533,"timestamp":1632855687,"swapAmountBNB":20,"uniswapv2buyprice":6702.51,"sushiswapv2buyprice":6693.96,"bakeryswapbuyprice":6789.82,"apeswapBuyPrice":6701.55,"uniswapv2sellprice":6668.65,"sushiswapv2sellprice":6674.08,"bakeryswapsellprice":6597.98,"apeswapsellprice":6664.65},{"block":11315534,"timestamp":1632855690,"swapAmountBNB":20,"uniswapv2buyprice":6702.52,"sushiswapv2buyprice":6693.96,"bakeryswapbuyprice":6789.82,"apeswapBuyPrice":6701.55,"uniswapv2sellprice":6668.66,"sushiswapv2sellprice":6674.08,"bakeryswapsellprice":6597.98,"apeswapsellprice":6664.65},{"block":11315535,"timestamp":1632855693,"swapAmountBNB":20,"uniswapv2buyprice":6702.51,"sushiswapv2buyprice":6693.96,"bakeryswapbuyprice":6789.82,"apeswapBuyPrice":6701,"uniswapv2sellprice":6668.65,"sushiswapv2sellprice":6674.08,"bakeryswapsellprice":6597.98,"apeswapsellprice":6664.11},{"block":11315536,"timestamp":1632855696,"swapAmountBNB":20,"uniswapv2buyprice":6702.51,"sushiswapv2buyprice":6693.96,"bakeryswapbuyprice":6789.82,"apeswapBuyPrice":6701,"uniswapv2sellprice":6668.65,"sushiswapv2sellprice":6674.08,"bakeryswapsellprice":6597.98,"apeswapsellprice":6664.11},{"block":11315537,"timestamp":1632855699,"swapAmountBNB":20,"uniswapv2buyprice":6702.51,"sushiswapv2buyprice":6693.96,"bakeryswapbuyprice":6789.82,"apeswapBuyPrice":6701,"uniswapv2sellprice":6668.65,"sushiswapv2sellprice":6674.08,"bakeryswapsellprice":6597.98,"apeswapsellprice":6664.11},{"block":11315538,"timestamp":1632855702,"swapAmountBNB":20,"uniswapv2buyprice":6702.47,"sushiswapv2buyprice":6693.96,"bakeryswapbuyprice":6789.82,"apeswapBuyPrice":6701.03,"uniswapv2sellprice":6668.61,"sushiswapv2sellprice":6674.08,"bakeryswapsellprice":6597.98,"apeswapsellprice":6664.14},{"block":11315539,"timestamp":1632855705,"swapAmountBNB":20,"uniswapv2buyprice":6702.47,"sushiswapv2buyprice":6693.96,"bakeryswapbuyprice":6789.82,"apeswapBuyPrice":6701.03,"uniswapv2sellprice":6668.61,"sushiswapv2sellprice":6674.08,"bakeryswapsellprice":6597.98,"apeswapsellprice":6664.14},{"block":11315540,"timestamp":1632855708,"swapAmountBNB":20,"uniswapv2buyprice":6702.57,"sushiswapv2buyprice":6693.96,"bakeryswapbuyprice":6789.82,"apeswapBuyPrice":6701.03,"uniswapv2sellprice":6668.71,"sushiswapv2sellprice":6674.08,"bakeryswapsellprice":6597.98,"apeswapsellprice":6664.14},{"block":11315541,"timestamp":1632855711,"swapAmountBNB":20,"uniswapv2buyprice":6702.56,"sushiswapv2buyprice":6693.96,"bakeryswapbuyprice":6789.82,"apeswapBuyPrice":6701.03,"uniswapv2sellprice":6668.7,"sushiswapv2sellprice":6674.08,"bakeryswapsellprice":6597.98,"apeswapsellprice":6664.14},{"block":11315542,"timestamp":1632855714,"swapAmountBNB":20,"uniswapv2buyprice":6702.53,"sushiswapv2buyprice":6693.96,"bakeryswapbuyprice":6789.82,"apeswapBuyPrice":6701.03,"uniswapv2sellprice":6668.68,"sushiswapv2sellprice":6674.08,"bakeryswapsellprice":6597.98,"apeswapsellprice":6664.14},{"block":11315543,"timestamp":1632855717,"swapAmountBNB":20,"uniswapv2buyprice":6702.54,"sushiswapv2buyprice":6693.96,"bakeryswapbuyprice":6789.82,"apeswapBuyPrice":6701.03,"uniswapv2sellprice":6668.68,"sushiswapv2sellprice":6674.08,"bakeryswapsellprice":6597.98,"apeswapsellprice":6664.14},{"block":11315544,"timestamp":1632855720,"swapAmountBNB":20,"uniswapv2buyprice":6702.56,"sushiswapv2buyprice":6693.38,"bakeryswapbuyprice":6789.82,"apeswapBuyPrice":6701.03,"uniswapv2sellprice":6668.71,"sushiswapv2sellprice":6673.51,"bakeryswapsellprice":6597.98,"apeswapsellprice":6664.14},{"block":11315545,"timestamp":1632855723,"swapAmountBNB":20,"uniswapv2buyprice":6702.56,"sushiswapv2buyprice":6693.38,"bakeryswapbuyprice":6789.82,"apeswapBuyPrice":6701.03,"uniswapv2sellprice":6668.7,"sushiswapv2sellprice":6673.51,"bakeryswapsellprice":6597.98,"apeswapsellprice":6664.14},{"block":11315546,"timestamp":1632855726,"swapAmountBNB":20,"uniswapv2buyprice":6702.55,"sushiswapv2buyprice":6693.9,"bakeryswapbuyprice":6789.82,"apeswapBuyPrice":6701.16,"uniswapv2sellprice":6668.69,"sushiswapv2sellprice":6674.02,"bakeryswapsellprice":6597.98,"apeswapsellprice":6664.26},{"block":11315547,"timestamp":1632855729,"swapAmountBNB":20,"uniswapv2buyprice":6702.55,"sushiswapv2buyprice":6693.9,"bakeryswapbuyprice":6789.82,"apeswapBuyPrice":6701.16,"uniswapv2sellprice":6668.69,"sushiswapv2sellprice":6674.02,"bakeryswapsellprice":6597.98,"apeswapsellprice":6664.27},{"block":11315548,"timestamp":1632855732,"swapAmountBNB":20,"uniswapv2buyprice":6702.54,"sushiswapv2buyprice":6693.9,"bakeryswapbuyprice":6789.82,"apeswapBuyPrice":6701.16,"uniswapv2sellprice":6668.69,"sushiswapv2sellprice":6674.02,"bakeryswapsellprice":6597.98,"apeswapsellprice":6664.27},{"block":11315549,"timestamp":1632855735,"swapAmountBNB":20,"uniswapv2buyprice":6702.54,"sushiswapv2buyprice":6693.34,"bakeryswapbuyprice":6789.82,"apeswapBuyPrice":6701.16,"uniswapv2sellprice":6668.68,"sushiswapv2sellprice":6673.47,"bakeryswapsellprice":6597.98,"apeswapsellprice":6664.27},{"block":11315550,"timestamp":1632855738,"swapAmountBNB":20,"uniswapv2buyprice":6702.52,"sushiswapv2buyprice":6693.34,"bakeryswapbuyprice":6789.82,"apeswapBuyPrice":6701.16,"uniswapv2sellprice":6668.66,"sushiswapv2sellprice":6673.47,"bakeryswapsellprice":6597.98,"apeswapsellprice":6664.27},{"block":11315551,"timestamp":1632855741,"swapAmountBNB":20,"uniswapv2buyprice":6702.84,"sushiswapv2buyprice":6693.34,"bakeryswapbuyprice":6789.82,"apeswapBuyPrice":6701.16,"uniswapv2sellprice":6668.98,"sushiswapv2sellprice":6673.47,"bakeryswapsellprice":6597.98,"apeswapsellprice":6664.27},{"block":11315552,"timestamp":1632855744,"swapAmountBNB":20,"uniswapv2buyprice":6702.84,"sushiswapv2buyprice":6693.34,"bakeryswapbuyprice":6789.82,"apeswapBuyPrice":6701.12,"uniswapv2sellprice":6668.98,"sushiswapv2sellprice":6673.47,"bakeryswapsellprice":6597.98,"apeswapsellprice":6664.23},{"block":11315553,"timestamp":1632855747,"swapAmountBNB":20,"uniswapv2buyprice":6702.73,"sushiswapv2buyprice":6693.11,"bakeryswapbuyprice":6789.82,"apeswapBuyPrice":6701.09,"uniswapv2sellprice":6668.87,"sushiswapv2sellprice":6673.23,"bakeryswapsellprice":6597.98,"apeswapsellprice":6664.19},{"block":11315554,"timestamp":1632855750,"swapAmountBNB":20,"uniswapv2buyprice":6702.73,"sushiswapv2buyprice":6693.11,"bakeryswapbuyprice":6789.82,"apeswapBuyPrice":6701.12,"uniswapv2sellprice":6668.87,"sushiswapv2sellprice":6673.23,"bakeryswapsellprice":6597.98,"apeswapsellprice":6664.23},{"block":11315555,"timestamp":1632855753,"swapAmountBNB":20,"uniswapv2buyprice":6702.73,"sushiswapv2buyprice":6693.11,"bakeryswapbuyprice":6789.82,"apeswapBuyPrice":6701.12,"uniswapv2sellprice":6668.87,"sushiswapv2sellprice":6673.23,"bakeryswapsellprice":6597.98,"apeswapsellprice":6664.23},{"block":11315556,"timestamp":1632855756,"swapAmountBNB":20,"uniswapv2buyprice":6702.74,"sushiswapv2buyprice":6693.18,"bakeryswapbuyprice":6789.82,"apeswapBuyPrice":6701.18,"uniswapv2sellprice":6668.88,"sushiswapv2sellprice":6673.3,"bakeryswapsellprice":6597.98,"apeswapsellprice":6664.28},{"block":11315557,"timestamp":1632855759,"swapAmountBNB":20,"uniswapv2buyprice":6702.75,"sushiswapv2buyprice":6693.18,"bakeryswapbuyprice":6789.82,"apeswapBuyPrice":6701.18,"uniswapv2sellprice":6668.89,"sushiswapv2sellprice":6673.3,"bakeryswapsellprice":6597.98,"apeswapsellprice":6664.28},{"block":11315558,"timestamp":1632855762,"swapAmountBNB":20,"uniswapv2buyprice":6702.79,"sushiswapv2buyprice":6693.18,"bakeryswapbuyprice":6789.82,"apeswapBuyPrice":6701.18,"uniswapv2sellprice":6668.94,"sushiswapv2sellprice":6673.3,"bakeryswapsellprice":6597.98,"apeswapsellprice":6664.28},{"block":11315559,"timestamp":1632855765,"swapAmountBNB":20,"uniswapv2buyprice":6702.81,"sushiswapv2buyprice":6693.18,"bakeryswapbuyprice":6789.82,"apeswapBuyPrice":6701.18,"uniswapv2sellprice":6668.95,"sushiswapv2sellprice":6673.3,"bakeryswapsellprice":6597.98,"apeswapsellprice":6664.28},{"block":11315560,"timestamp":1632855768,"swapAmountBNB":20,"uniswapv2buyprice":6702.77,"sushiswapv2buyprice":6693.18,"bakeryswapbuyprice":6789.82,"apeswapBuyPrice":6701.18,"uniswapv2sellprice":6668.91,"sushiswapv2sellprice":6673.3,"bakeryswapsellprice":6597.98,"apeswapsellprice":6664.28},{"block":11315561,"timestamp":1632855771,"swapAmountBNB":20,"uniswapv2buyprice":6702.63,"sushiswapv2buyprice":6692.96,"bakeryswapbuyprice":6789.82,"apeswapBuyPrice":6701.18,"uniswapv2sellprice":6668.77,"sushiswapv2sellprice":6673.09,"bakeryswapsellprice":6597.98,"apeswapsellprice":6664.28},{"block":11315562,"timestamp":1632855774,"swapAmountBNB":20,"uniswapv2buyprice":6702.63,"sushiswapv2buyprice":6692.96,"bakeryswapbuyprice":6789.82,"apeswapBuyPrice":6701.18,"uniswapv2sellprice":6668.77,"sushiswapv2sellprice":6673.09,"bakeryswapsellprice":6597.98,"apeswapsellprice":6664.28},{"block":11315563,"timestamp":1632855777,"swapAmountBNB":20,"uniswapv2buyprice":6702.62,"sushiswapv2buyprice":6692.96,"bakeryswapbuyprice":6789.82,"apeswapBuyPrice":6701.18,"uniswapv2sellprice":6668.76,"sushiswapv2sellprice":6673.09,"bakeryswapsellprice":6597.98,"apeswapsellprice":6664.28},{"block":11315564,"timestamp":1632855780,"swapAmountBNB":20,"uniswapv2buyprice":6702.54,"sushiswapv2buyprice":6693.24,"bakeryswapbuyprice":6789.82,"apeswapBuyPrice":6701.17,"uniswapv2sellprice":6668.68,"sushiswapv2sellprice":6673.36,"bakeryswapsellprice":6597.98,"apeswapsellprice":6664.27},{"block":11315565,"timestamp":1632855783,"swapAmountBNB":20,"uniswapv2buyprice":6702.5,"sushiswapv2buyprice":6693.24,"bakeryswapbuyprice":6789.82,"apeswapBuyPrice":6701.17,"uniswapv2sellprice":6668.64,"sushiswapv2sellprice":6673.36,"bakeryswapsellprice":6597.98,"apeswapsellprice":6664.27},{"block":11315566,"timestamp":1632855786,"swapAmountBNB":20,"uniswapv2buyprice":6702.48,"sushiswapv2buyprice":6693.24,"bakeryswapbuyprice":6789.82,"apeswapBuyPrice":6701.17,"uniswapv2sellprice":6668.62,"sushiswapv2sellprice":6673.36,"bakeryswapsellprice":6597.98,"apeswapsellprice":6664.27},{"block":11315567,"timestamp":1632855789,"swapAmountBNB":20,"uniswapv2buyprice":6702.48,"sushiswapv2buyprice":6693.24,"bakeryswapbuyprice":6789.82,"apeswapBuyPrice":6701.17,"uniswapv2sellprice":6668.62,"sushiswapv2sellprice":6673.36,"bakeryswapsellprice":6597.98,"apeswapsellprice":6664.27},{"block":11315568,"timestamp":1632855792,"swapAmountBNB":20,"uniswapv2buyprice":6702.49,"sushiswapv2buyprice":6693.24,"bakeryswapbuyprice":6789.82,"apeswapBuyPrice":6702.79,"uniswapv2sellprice":6668.63,"sushiswapv2sellprice":6673.36,"bakeryswapsellprice":6597.98,"apeswapsellprice":6665.89},{"block":11315569,"timestamp":1632855795,"swapAmountBNB":20,"uniswapv2buyprice":6702.28,"sushiswapv2buyprice":6693.24,"bakeryswapbuyprice":6789.82,"apeswapBuyPrice":6702.97,"uniswapv2sellprice":6668.43,"sushiswapv2sellprice":6673.36,"bakeryswapsellprice":6597.98,"apeswapsellprice":6666.07},{"block":11315570,"timestamp":1632855798,"swapAmountBNB":20,"uniswapv2buyprice":6702.34,"sushiswapv2buyprice":6693.24,"bakeryswapbuyprice":6789.82,"apeswapBuyPrice":6702.97,"uniswapv2sellprice":6668.48,"sushiswapv2sellprice":6673.36,"bakeryswapsellprice":6597.98,"apeswapsellprice":6666.07},{"block":11315571,"timestamp":1632855801,"swapAmountBNB":20,"uniswapv2buyprice":6702.22,"sushiswapv2buyprice":6698.9,"bakeryswapbuyprice":6789.82,"apeswapBuyPrice":6702.99,"uniswapv2sellprice":6668.37,"sushiswapv2sellprice":6673.36,"bakeryswapsellprice":6597.98,"apeswapsellprice":6666.09},{"block":11315572,"timestamp":1632855804,"swapAmountBNB":20,"uniswapv2buyprice":6702.22,"sushiswapv2buyprice":6698.89,"bakeryswapbuyprice":6789.82,"apeswapBuyPrice":6702.99,"uniswapv2sellprice":6668.36,"sushiswapv2sellprice":6679,"bakeryswapsellprice":6597.98,"apeswapsellprice":6666.09},{"block":11315573,"timestamp":1632855807,"swapAmountBNB":20,"uniswapv2buyprice":6702.23,"sushiswapv2buyprice":6698.89,"bakeryswapbuyprice":6789.82,"apeswapBuyPrice":6702.99,"uniswapv2sellprice":6668.37,"sushiswapv2sellprice":6679,"bakeryswapsellprice":6597.98,"apeswapsellprice":6666.09},{"block":11315574,"timestamp":1632855810,"swapAmountBNB":20,"uniswapv2buyprice":6702.26,"sushiswapv2buyprice":6699.64,"bakeryswapbuyprice":6789.82,"apeswapBuyPrice":6702.91,"uniswapv2sellprice":6668.4,"sushiswapv2sellprice":6679,"bakeryswapsellprice":6597.98,"apeswapsellprice":6666.09},{"block":11315575,"timestamp":1632855813,"swapAmountBNB":20,"uniswapv2buyprice":6702.84,"sushiswapv2buyprice":6699.64,"bakeryswapbuyprice":6789.82,"apeswapBuyPrice":6702.91,"uniswapv2sellprice":6668.98,"sushiswapv2sellprice":6679.74,"bakeryswapsellprice":6597.98,"apeswapsellprice":6666.01},{"block":11315576,"timestamp":1632855816,"swapAmountBNB":20,"uniswapv2buyprice":6702.82,"sushiswapv2buyprice":6699.64,"bakeryswapbuyprice":6789.82,"apeswapBuyPrice":6702.91,"uniswapv2sellprice":6668.97,"sushiswapv2sellprice":6679.74,"bakeryswapsellprice":6597.98,"apeswapsellprice":6666.01},{"block":11315577,"timestamp":1632855819,"swapAmountBNB":20,"uniswapv2buyprice":6702.82,"sushiswapv2buyprice":6700.45,"bakeryswapbuyprice":6789.82,"apeswapBuyPrice":6702.91,"uniswapv2sellprice":6668.96,"sushiswapv2sellprice":6680.54,"bakeryswapsellprice":6597.98,"apeswapsellprice":6666.01},{"block":11315578,"timestamp":1632855822,"swapAmountBNB":20,"uniswapv2buyprice":6702.75,"sushiswapv2buyprice":6700.39,"bakeryswapbuyprice":6789.82,"apeswapBuyPrice":6702.91,"uniswapv2sellprice":6668.89,"sushiswapv2sellprice":6680.48,"bakeryswapsellprice":6597.98,"apeswapsellprice":6666.01},{"block":11315579,"timestamp":1632855825,"swapAmountBNB":20,"uniswapv2buyprice":6702.78,"sushiswapv2buyprice":6700.39,"bakeryswapbuyprice":6789.82,"apeswapBuyPrice":6702.91,"uniswapv2sellprice":6668.92,"sushiswapv2sellprice":6680.48,"bakeryswapsellprice":6597.98,"apeswapsellprice":6666.01},{"block":11315580,"timestamp":1632855828,"swapAmountBNB":20,"uniswapv2buyprice":6702.79,"sushiswapv2buyprice":6700.39,"bakeryswapbuyprice":6789.82,"apeswapBuyPrice":6702.91,"uniswapv2sellprice":6668.93,"sushiswapv2sellprice":6680.48,"bakeryswapsellprice":6597.98,"apeswapsellprice":6666.01},{"block":11315581,"timestamp":1632855831,"swapAmountBNB":20,"uniswapv2buyprice":6702.79,"sushiswapv2buyprice":6700.75,"bakeryswapbuyprice":6789.82,"apeswapBuyPrice":6702.91,"uniswapv2sellprice":6668.93,"sushiswapv2sellprice":6680.85,"bakeryswapsellprice":6597.98,"apeswapsellprice":6666.01},{"block":11315582,"timestamp":1632855834,"swapAmountBNB":20,"uniswapv2buyprice":6702.87,"sushiswapv2buyprice":6700.75,"bakeryswapbuyprice":6789.82,"apeswapBuyPrice":6702.91,"uniswapv2sellprice":6669.01,"sushiswapv2sellprice":6680.85,"bakeryswapsellprice":6597.98,"apeswapsellprice":6666.01},{"block":11315583,"timestamp":1632855837,"swapAmountBNB":20,"uniswapv2buyprice":6702.87,"sushiswapv2buyprice":6701.01,"bakeryswapbuyprice":6789.82,"apeswapBuyPrice":6702.91,"uniswapv2sellprice":6669.01,"sushiswapv2sellprice":6680.85,"bakeryswapsellprice":6597.98,"apeswapsellprice":6666.01},{"block":11315584,"timestamp":1632855840,"swapAmountBNB":20,"uniswapv2buyprice":6702.95,"sushiswapv2buyprice":6701.01,"bakeryswapbuyprice":6789.82,"apeswapBuyPrice":6702.91,"uniswapv2sellprice":6669.09,"sushiswapv2sellprice":6681.1,"bakeryswapsellprice":6597.98,"apeswapsellprice":6666.01},{"block":11315585,"timestamp":1632855843,"swapAmountBNB":20,"uniswapv2buyprice":6702.95,"sushiswapv2buyprice":6701.01,"bakeryswapbuyprice":6789.82,"apeswapBuyPrice":6704.45,"uniswapv2sellprice":6669.09,"sushiswapv2sellprice":6681.1,"bakeryswapsellprice":6597.98,"apeswapsellprice":6667.53},{"block":11315586,"timestamp":1632855846,"swapAmountBNB":20,"uniswapv2buyprice":6702.97,"sushiswapv2buyprice":6700.1,"bakeryswapbuyprice":6789.82,"apeswapBuyPrice":6708.59,"uniswapv2sellprice":6669.11,"sushiswapv2sellprice":6679.91,"bakeryswapsellprice":6597.98,"apeswapsellprice":6671.65},{"block":11315587,"timestamp":1632855849,"swapAmountBNB":20,"uniswapv2buyprice":6702.96,"sushiswapv2buyprice":6703,"bakeryswapbuyprice":6789.82,"apeswapBuyPrice":6708.59,"uniswapv2sellprice":6669.11,"sushiswapv2sellprice":6680.2,"bakeryswapsellprice":6597.98,"apeswapsellprice":6671.65},{"block":11315588,"timestamp":1632855852,"swapAmountBNB":20,"uniswapv2buyprice":6703.06,"sushiswapv2buyprice":6703,"bakeryswapbuyprice":6789.82,"apeswapBuyPrice":6708.59,"uniswapv2sellprice":6669.1,"sushiswapv2sellprice":6683.09,"bakeryswapsellprice":6597.98,"apeswapsellprice":6671.65},{"block":11315589,"timestamp":1632855855,"swapAmountBNB":20,"uniswapv2buyprice":6703.11,"sushiswapv2buyprice":6704.31,"bakeryswapbuyprice":6789.82,"apeswapBuyPrice":6708.59,"uniswapv2sellprice":6669.25,"sushiswapv2sellprice":6683.09,"bakeryswapsellprice":6597.98,"apeswapsellprice":6671.65},{"block":11315590,"timestamp":1632855858,"swapAmountBNB":20,"uniswapv2buyprice":6703.11,"sushiswapv2buyprice":6704.31,"bakeryswapbuyprice":6789.82,"apeswapBuyPrice":6708.59,"uniswapv2sellprice":6669.25,"sushiswapv2sellprice":6684.39,"bakeryswapsellprice":6597.98,"apeswapsellprice":6671.65},{"block":11315591,"timestamp":1632855861,"swapAmountBNB":20,"uniswapv2buyprice":6703.11,"sushiswapv2buyprice":6707.96,"bakeryswapbuyprice":6789.82,"apeswapBuyPrice":6708.59,"uniswapv2sellprice":6669.25,"sushiswapv2sellprice":6684.39,"bakeryswapsellprice":6597.98,"apeswapsellprice":6671.65},{"block":11315592,"timestamp":1632855864,"swapAmountBNB":20,"uniswapv2buyprice":6706.35,"sushiswapv2buyprice":6707.96,"bakeryswapbuyprice":6789.82,"apeswapBuyPrice":6708.59,"uniswapv2sellprice":6672.47,"sushiswapv2sellprice":6688.03,"bakeryswapsellprice":6597.98,"apeswapsellprice":6671.65},{"block":11315593,"timestamp":1632855867,"swapAmountBNB":20,"uniswapv2buyprice":6706.35,"sushiswapv2buyprice":6707.96,"bakeryswapbuyprice":6789.82,"apeswapBuyPrice":6708.59,"uniswapv2sellprice":6672.47,"sushiswapv2sellprice":6688.03,"bakeryswapsellprice":6597.98,"apeswapsellprice":6671.65},{"block":11315594,"timestamp":1632855870,"swapAmountBNB":20,"uniswapv2buyprice":6706.35,"sushiswapv2buyprice":6707.96,"bakeryswapbuyprice":6789.82,"apeswapBuyPrice":6708.59,"uniswapv2sellprice":6672.47,"sushiswapv2sellprice":6688.03,"bakeryswapsellprice":6597.98,"apeswapsellprice":6671.65},{"block":11315595,"timestamp":1632855873,"swapAmountBNB":20,"uniswapv2buyprice":6706.35,"sushiswapv2buyprice":6707.96,"bakeryswapbuyprice":6789.82,"apeswapBuyPrice":6708.59,"uniswapv2sellprice":6672.47,"sushiswapv2sellprice":6688.03,"bakeryswapsellprice":6597.98,"apeswapsellprice":6671.65},{"block":11315597,"timestamp":1632855879,"swapAmountBNB":20,"uniswapv2buyprice":6706.45,"sushiswapv2buyprice":6707.96,"bakeryswapbuyprice":6789.82,"apeswapBuyPrice":6708.59,"uniswapv2sellprice":6672.57,"sushiswapv2sellprice":6688.03,"bakeryswapsellprice":6597.98,"apeswapsellprice":6671.65},{"block":11315598,"timestamp":1632855882,"swapAmountBNB":20,"uniswapv2buyprice":6706.45,"sushiswapv2buyprice":6707.96,"bakeryswapbuyprice":6789.82,"apeswapBuyPrice":6708.59,"uniswapv2sellprice":6672.57,"sushiswapv2sellprice":6688.03,"bakeryswapsellprice":6597.98,"apeswapsellprice":6671.65},{"block":11315600,"timestamp":1632855888,"swapAmountBNB":20,"uniswapv2buyprice":6706.53,"sushiswapv2buyprice":6707.96,"bakeryswapbuyprice":6789.82,"apeswapBuyPrice":6701.71,"uniswapv2sellprice":6672.65,"sushiswapv2sellprice":6688.03,"bakeryswapsellprice":6597.98,"apeswapsellprice":6664.82},{"block":11315601,"timestamp":1632855891,"swapAmountBNB":20,"uniswapv2buyprice":6706.45,"sushiswapv2buyprice":6707.96,"bakeryswapbuyprice":6789.82,"apeswapBuyPrice":6701.71,"uniswapv2sellprice":6672.61,"sushiswapv2sellprice":6688.03,"bakeryswapsellprice":6597.98,"apeswapsellprice":6664.82},{"block":11315602,"timestamp":1632855894,"swapAmountBNB":20,"uniswapv2buyprice":6706.45,"sushiswapv2buyprice":6707.96,"bakeryswapbuyprice":6789.82,"apeswapBuyPrice":6701.71,"uniswapv2sellprice":6672.57,"sushiswapv2sellprice":6688.03,"bakeryswapsellprice":6597.98,"apeswapsellprice":6664.82},{"block":11315603,"timestamp":1632855897,"swapAmountBNB":20,"uniswapv2buyprice":6706.49,"sushiswapv2buyprice":6707.93,"bakeryswapbuyprice":6789.82,"apeswapBuyPrice":6709.32,"uniswapv2sellprice":6672.62,"sushiswapv2sellprice":6688,"bakeryswapsellprice":6597.98,"apeswapsellprice":6672.37},{"block":11315604,"timestamp":1632855900,"swapAmountBNB":20,"uniswapv2buyprice":6706.68,"sushiswapv2buyprice":6707.93,"bakeryswapbuyprice":6789.82,"apeswapBuyPrice":6709.32,"uniswapv2sellprice":6672.8,"sushiswapv2sellprice":6688,"bakeryswapsellprice":6597.98,"apeswapsellprice":6672.37},{"block":11315605,"timestamp":1632855903,"swapAmountBNB":20,"uniswapv2buyprice":6706.72,"sushiswapv2buyprice":6707.93,"bakeryswapbuyprice":6789.82,"apeswapBuyPrice":6709.35,"uniswapv2sellprice":6672.85,"sushiswapv2sellprice":6688,"bakeryswapsellprice":6597.98,"apeswapsellprice":6672.4},{"block":11315606,"timestamp":1632855906,"swapAmountBNB":20,"uniswapv2buyprice":6706.97,"sushiswapv2buyprice":6707.93,"bakeryswapbuyprice":6789.82,"apeswapBuyPrice":6709.35,"uniswapv2sellprice":6672.87,"sushiswapv2sellprice":6688,"bakeryswapsellprice":6597.98,"apeswapsellprice":6672.4},{"block":11315607,"timestamp":1632855909,"swapAmountBNB":20,"uniswapv2buyprice":6706.97,"sushiswapv2buyprice":6707.93,"bakeryswapbuyprice":6789.82,"apeswapBuyPrice":6709.35,"uniswapv2sellprice":6673.09,"sushiswapv2sellprice":6688,"bakeryswapsellprice":6597.98,"apeswapsellprice":6672.4},{"block":11315608,"timestamp":1632855912,"swapAmountBNB":20,"uniswapv2buyprice":6706.84,"sushiswapv2buyprice":6707.93,"bakeryswapbuyprice":6789.82,"apeswapBuyPrice":6709.35,"uniswapv2sellprice":6672.96,"sushiswapv2sellprice":6688,"bakeryswapsellprice":6597.98,"apeswapsellprice":6672.4},{"block":11315609,"timestamp":1632855915,"swapAmountBNB":20,"uniswapv2buyprice":6706.83,"sushiswapv2buyprice":6707.93,"bakeryswapbuyprice":6789.82,"apeswapBuyPrice":6709.35,"uniswapv2sellprice":6672.95,"sushiswapv2sellprice":6688,"bakeryswapsellprice":6597.98,"apeswapsellprice":6672.4},{"block":11315610,"timestamp":1632855918,"swapAmountBNB":20,"uniswapv2buyprice":6706.83,"sushiswapv2buyprice":6707.93,"bakeryswapbuyprice":6789.82,"apeswapBuyPrice":6709.35,"uniswapv2sellprice":6672.95,"sushiswapv2sellprice":6688,"bakeryswapsellprice":6597.98,"apeswapsellprice":6672.4},{"block":11315611,"timestamp":1632855921,"swapAmountBNB":20,"uniswapv2buyprice":6706.83,"sushiswapv2buyprice":6707.93,"bakeryswapbuyprice":6789.82,"apeswapBuyPrice":6709.35,"uniswapv2sellprice":6672.95,"sushiswapv2sellprice":6688,"bakeryswapsellprice":6597.98,"apeswapsellprice":6672.4},{"block":11315612,"timestamp":1632855924,"swapAmountBNB":20,"uniswapv2buyprice":6706.84,"sushiswapv2buyprice":6707.93,"bakeryswapbuyprice":6789.82,"apeswapBuyPrice":6709.35,"uniswapv2sellprice":6672.96,"sushiswapv2sellprice":6688,"bakeryswapsellprice":6597.98,"apeswapsellprice":6672.4},{"block":11315613,"timestamp":1632855927,"swapAmountBNB":20,"uniswapv2buyprice":6707.12,"sushiswapv2buyprice":6707.93,"bakeryswapbuyprice":6789.82,"apeswapBuyPrice":6709.35,"uniswapv2sellprice":6673.24,"sushiswapv2sellprice":6688,"bakeryswapsellprice":6597.98,"apeswapsellprice":6672.4},{"block":11315614,"timestamp":1632855930,"swapAmountBNB":20,"uniswapv2buyprice":6707.22,"sushiswapv2buyprice":6707.93,"bakeryswapbuyprice":6789.82,"apeswapBuyPrice":6709.35,"uniswapv2sellprice":6673.34,"sushiswapv2sellprice":6688,"bakeryswapsellprice":6597.98,"apeswapsellprice":6672.4},{"block":11315615,"timestamp":1632855933,"swapAmountBNB":20,"uniswapv2buyprice":6707.71,"sushiswapv2buyprice":6707.9,"bakeryswapbuyprice":6789.82,"apeswapBuyPrice":6709.35,"uniswapv2sellprice":6673.85,"sushiswapv2sellprice":6687.97,"bakeryswapsellprice":6597.98,"apeswapsellprice":6672.4},{"block":11315616,"timestamp":1632855936,"swapAmountBNB":20,"uniswapv2buyprice":6707.71,"sushiswapv2buyprice":6707.9,"bakeryswapbuyprice":6789.82,"apeswapBuyPrice":6709.35,"uniswapv2sellprice":6673.82,"sushiswapv2sellprice":6687.97,"bakeryswapsellprice":6597.98,"apeswapsellprice":6672.4},{"block":11315617,"timestamp":1632855939,"swapAmountBNB":20,"uniswapv2buyprice":6707.71,"sushiswapv2buyprice":6707.9,"bakeryswapbuyprice":6789.82,"apeswapBuyPrice":6709.35,"uniswapv2sellprice":6673.83,"sushiswapv2sellprice":6687.97,"bakeryswapsellprice":6597.98,"apeswapsellprice":6672.4},{"block":11315618,"timestamp":1632855942,"swapAmountBNB":20,"uniswapv2buyprice":6707.74,"sushiswapv2buyprice":6707.9,"bakeryswapbuyprice":6789.82,"apeswapBuyPrice":6709.42,"uniswapv2sellprice":6673.85,"sushiswapv2sellprice":6687.97,"bakeryswapsellprice":6597.98,"apeswapsellprice":6672.4},{"block":11315621,"timestamp":1632855951,"swapAmountBNB":20,"uniswapv2buyprice":6707.52,"sushiswapv2buyprice":6707.71,"bakeryswapbuyprice":6789.82,"apeswapBuyPrice":6709.42,"uniswapv2sellprice":6673.64,"sushiswapv2sellprice":6687.78,"bakeryswapsellprice":6597.98,"apeswapsellprice":6672.48},{"block":11315622,"timestamp":1632855954,"swapAmountBNB":20,"uniswapv2buyprice":6707.41,"sushiswapv2buyprice":6707.71,"bakeryswapbuyprice":6789.82,"apeswapBuyPrice":6709.42,"uniswapv2sellprice":6673.53,"sushiswapv2sellprice":6687.78,"bakeryswapsellprice":6597.98,"apeswapsellprice":6672.48},{"block":11315619,"timestamp":1632855945,"swapAmountBNB":20,"uniswapv2buyprice":6707.74,"sushiswapv2buyprice":6707.71,"bakeryswapbuyprice":6789.82,"apeswapBuyPrice":6709.42,"uniswapv2sellprice":6673.85,"sushiswapv2sellprice":6687.97,"bakeryswapsellprice":6597.98,"apeswapsellprice":6672.48},{"block":11315620,"timestamp":1632855948,"swapAmountBNB":20,"uniswapv2buyprice":6707.71,"sushiswapv2buyprice":6707.71,"bakeryswapbuyprice":6789.82,"apeswapBuyPrice":6709.42,"uniswapv2sellprice":6673.83,"sushiswapv2sellprice":6687.78,"bakeryswapsellprice":6597.98,"apeswapsellprice":6672.48},{"block":11315621,"timestamp":1632855951,"swapAmountBNB":20,"uniswapv2buyprice":6707.52,"sushiswapv2buyprice":6707.71,"bakeryswapbuyprice":6789.82,"apeswapBuyPrice":6709.42,"uniswapv2sellprice":6673.64,"sushiswapv2sellprice":6687.78,"bakeryswapsellprice":6597.98,"apeswapsellprice":6672.48},{"block":11315623,"timestamp":1632855957,"swapAmountBNB":20,"uniswapv2buyprice":6707.42,"sushiswapv2buyprice":6707.71,"bakeryswapbuyprice":6789.82,"apeswapBuyPrice":6709.42,"uniswapv2sellprice":6673.54,"sushiswapv2sellprice":6687.78,"bakeryswapsellprice":6597.98,"apeswapsellprice":6672.48},{"block":11315622,"timestamp":1632855954,"swapAmountBNB":20,"uniswapv2buyprice":6707.41,"sushiswapv2buyprice":6707.71,"bakeryswapbuyprice":6789.82,"apeswapBuyPrice":6709.42,"uniswapv2sellprice":6673.53,"sushiswapv2sellprice":6687.78,"bakeryswapsellprice":6597.98,"apeswapsellprice":6672.48},{"block":11315624,"timestamp":1632855960,"swapAmountBNB":20,"uniswapv2buyprice":6707.44,"sushiswapv2buyprice":6707.71,"bakeryswapbuyprice":6789.82,"apeswapBuyPrice":6709.42,"uniswapv2sellprice":6673.56,"sushiswapv2sellprice":6687.78,"bakeryswapsellprice":6597.98,"apeswapsellprice":6672.48},{"block":11315625,"timestamp":1632855963,"swapAmountBNB":20,"uniswapv2buyprice":6707.45,"sushiswapv2buyprice":6707.71,"bakeryswapbuyprice":6789.82,"apeswapBuyPrice":6709.42,"uniswapv2sellprice":6673.56,"sushiswapv2sellprice":6687.78,"bakeryswapsellprice":6597.98,"apeswapsellprice":6672.48},{"block":11315623,"timestamp":1632855957,"swapAmountBNB":20,"uniswapv2buyprice":6707.42,"sushiswapv2buyprice":6707.71,"bakeryswapbuyprice":6789.82,"apeswapBuyPrice":6709.42,"uniswapv2sellprice":6673.54,"sushiswapv2sellprice":6687.78,"bakeryswapsellprice":6597.98,"apeswapsellprice":6672.48},{"block":11315626,"timestamp":1632855966,"swapAmountBNB":20,"uniswapv2buyprice":6707.44,"sushiswapv2buyprice":6707.71,"bakeryswapbuyprice":6789.82,"apeswapBuyPrice":6709.42,"uniswapv2sellprice":6673.56,"sushiswapv2sellprice":6687.78,"bakeryswapsellprice":6597.98,"apeswapsellprice":6672.48},{"block":11315624,"timestamp":1632855960,"swapAmountBNB":20,"uniswapv2buyprice":6707.44,"sushiswapv2buyprice":6707.71,"bakeryswapbuyprice":6789.82,"apeswapBuyPrice":6709.42,"uniswapv2sellprice":6673.56,"sushiswapv2sellprice":6687.78,"bakeryswapsellprice":6597.98,"apeswapsellprice":6672.48},{"block":11315627,"timestamp":1632855969,"swapAmountBNB":20,"uniswapv2buyprice":6707.44,"sushiswapv2buyprice":6707.71,"bakeryswapbuyprice":6789.82,"apeswapBuyPrice":6709.42,"uniswapv2sellprice":6673.55,"sushiswapv2sellprice":6687.78,"bakeryswapsellprice":6597.98,"apeswapsellprice":6672.48},{"block":11315625,"timestamp":1632855963,"swapAmountBNB":20,"uniswapv2buyprice":6707.44,"sushiswapv2buyprice":6707.71,"bakeryswapbuyprice":6789.82,"apeswapBuyPrice":6709.42,"uniswapv2sellprice":6673.56,"sushiswapv2sellprice":6687.78,"bakeryswapsellprice":6597.98,"apeswapsellprice":6672.48},{"block":11315626,"timestamp":1632855967,"swapAmountBNB":20,"uniswapv2buyprice":6707.44,"sushiswapv2buyprice":6707.71,"bakeryswapbuyprice":6789.82,"apeswapBuyPrice":6709.42,"uniswapv2sellprice":6673.56,"sushiswapv2sellprice":6687.78,"bakeryswapsellprice":6597.98,"apeswapsellprice":6672.48},{"block":11315626,"timestamp":1632855966,"swapAmountBNB":20,"uniswapv2buyprice":6707.44,"sushiswapv2buyprice":6707.71,"bakeryswapbuyprice":6789.82,"apeswapBuyPrice":6709.42,"uniswapv2sellprice":6673.56,"sushiswapv2sellprice":6687.78,"bakeryswapsellprice":6597.98,"apeswapsellprice":6672.48},{"block":11315627,"timestamp":1632855969,"swapAmountBNB":20,"uniswapv2buyprice":6707.44,"sushiswapv2buyprice":6707.71,"bakeryswapbuyprice":6789.82,"apeswapBuyPrice":6709.42,"uniswapv2sellprice":6673.55,"sushiswapv2sellprice":6687.78,"bakeryswapsellprice":6597.98,"apeswapsellprice":6672.48},{"block":11315628,"timestamp":1632855972,"swapAmountBNB":20,"uniswapv2buyprice":6707.3,"sushiswapv2buyprice":6707.71,"bakeryswapbuyprice":6789.82,"apeswapBuyPrice":6709.42,"uniswapv2sellprice":6673.42,"sushiswapv2sellprice":6687.78,"bakeryswapsellprice":6597.98,"apeswapsellprice":6672.48},{"block":11315629,"timestamp":1632855975,"swapAmountBNB":20,"uniswapv2buyprice":6707.29,"sushiswapv2buyprice":6707.71,"bakeryswapbuyprice":6789.82,"apeswapBuyPrice":6709.42,"uniswapv2sellprice":6673.4,"sushiswapv2sellprice":6687.78,"bakeryswapsellprice":6597.98,"apeswapsellprice":6672.48},{"block":11315628,"timestamp":1632855972,"swapAmountBNB":20,"uniswapv2buyprice":6707.3,"sushiswapv2buyprice":6707.71,"bakeryswapbuyprice":6789.82,"apeswapBuyPrice":6709.42,"uniswapv2sellprice":6673.42,"sushiswapv2sellprice":6687.78,"bakeryswapsellprice":6597.98,"apeswapsellprice":6672.48},{"block":11315629,"timestamp":1632855975,"swapAmountBNB":20,"uniswapv2buyprice":6707.29,"sushiswapv2buyprice":6707.71,"bakeryswapbuyprice":6789.82,"apeswapBuyPrice":6709.42,"uniswapv2sellprice":6673.4,"sushiswapv2sellprice":6687.78,"bakeryswapsellprice":6597.98,"apeswapsellprice":6672.48},{"block":11315630,"timestamp":1632855978,"swapAmountBNB":20,"uniswapv2buyprice":6707.28,"sushiswapv2buyprice":6707.71,"bakeryswapbuyprice":6789.82,"apeswapBuyPrice":6709.42,"uniswapv2sellprice":6673.4,"sushiswapv2sellprice":6687.78,"bakeryswapsellprice":6597.98,"apeswapsellprice":6672.48},{"block":11315630,"timestamp":1632855978,"swapAmountBNB":20,"uniswapv2buyprice":6707.28,"sushiswapv2buyprice":6707.71,"bakeryswapbuyprice":6789.82,"apeswapBuyPrice":6709.42,"uniswapv2sellprice":6673.4,"sushiswapv2sellprice":6687.78,"bakeryswapsellprice":6597.98,"apeswapsellprice":6672.48},{"block":11315631,"timestamp":1632855981,"swapAmountBNB":20,"uniswapv2buyprice":6706.94,"sushiswapv2buyprice":6707.71,"bakeryswapbuyprice":6789.82,"apeswapBuyPrice":6709.42,"uniswapv2sellprice":6673.06,"sushiswapv2sellprice":6687.78,"bakeryswapsellprice":6597.98,"apeswapsellprice":6672.48},{"block":11315631,"timestamp":1632855981,"swapAmountBNB":20,"uniswapv2buyprice":6706.94,"sushiswapv2buyprice":6707.71,"bakeryswapbuyprice":6789.82,"apeswapBuyPrice":6709.87,"uniswapv2sellprice":6673.06,"sushiswapv2sellprice":6687.78,"bakeryswapsellprice":6597.98,"apeswapsellprice":6672.92},{"block":11315632,"timestamp":1632855984,"swapAmountBNB":20,"uniswapv2buyprice":6706.94,"sushiswapv2buyprice":6707.71,"bakeryswapbuyprice":6789.82,"apeswapBuyPrice":6709.87,"uniswapv2sellprice":6673.06,"sushiswapv2sellprice":6687.78,"bakeryswapsellprice":6597.98,"apeswapsellprice":6672.92},{"block":11315632,"timestamp":1632855984,"swapAmountBNB":20,"uniswapv2buyprice":6706.94,"sushiswapv2buyprice":6707.71,"bakeryswapbuyprice":6789.82,"apeswapBuyPrice":6709.87,"uniswapv2sellprice":6673.06,"sushiswapv2sellprice":6687.78,"bakeryswapsellprice":6597.98,"apeswapsellprice":6672.92},{"block":11315633,"timestamp":1632855987,"swapAmountBNB":20,"uniswapv2buyprice":6707.07,"sushiswapv2buyprice":6707.39,"bakeryswapbuyprice":6789.82,"apeswapBuyPrice":6709.87,"uniswapv2sellprice":6673.19,"sushiswapv2sellprice":6687.46,"bakeryswapsellprice":6597.98,"apeswapsellprice":6672.92},{"block":11315633,"timestamp":1632855987,"swapAmountBNB":20,"uniswapv2buyprice":6707.07,"sushiswapv2buyprice":6707.39,"bakeryswapbuyprice":6789.82,"apeswapBuyPrice":6709.87,"uniswapv2sellprice":6673.19,"sushiswapv2sellprice":6687.46,"bakeryswapsellprice":6597.98,"apeswapsellprice":6672.92},{"block":11315634,"timestamp":1632855990,"swapAmountBNB":20,"uniswapv2buyprice":6707.01,"sushiswapv2buyprice":6707.39,"bakeryswapbuyprice":6789.82,"apeswapBuyPrice":6709.87,"uniswapv2sellprice":6673.13,"sushiswapv2sellprice":6687.46,"bakeryswapsellprice":6597.98,"apeswapsellprice":6672.92},{"block":11315634,"timestamp":1632855990,"swapAmountBNB":20,"uniswapv2buyprice":6707.01,"sushiswapv2buyprice":6707.39,"bakeryswapbuyprice":6789.82,"apeswapBuyPrice":6709.87,"uniswapv2sellprice":6673.13,"sushiswapv2sellprice":6687.46,"bakeryswapsellprice":6597.98,"apeswapsellprice":6672.92},{"block":11315635,"timestamp":1632855993,"swapAmountBNB":20,"uniswapv2buyprice":6707.01,"sushiswapv2buyprice":6707.39,"bakeryswapbuyprice":6789.82,"apeswapBuyPrice":6710.14,"uniswapv2sellprice":6673.13,"sushiswapv2sellprice":6687.46,"bakeryswapsellprice":6597.98,"apeswapsellprice":6673.19},{"block":11315635,"timestamp":1632855993,"swapAmountBNB":20,"uniswapv2buyprice":6707.01,"sushiswapv2buyprice":6707.39,"bakeryswapbuyprice":6789.82,"apeswapBuyPrice":6709.87,"uniswapv2sellprice":6673.13,"sushiswapv2sellprice":6687.46,"bakeryswapsellprice":6597.98,"apeswapsellprice":6672.92},{"block":11315636,"timestamp":1632855996,"swapAmountBNB":20,"uniswapv2buyprice":6707.02,"sushiswapv2buyprice":6707.39,"bakeryswapbuyprice":6789.82,"apeswapBuyPrice":6710.14,"uniswapv2sellprice":6673.14,"sushiswapv2sellprice":6687.46,"bakeryswapsellprice":6597.98,"apeswapsellprice":6673.19},{"block":11315636,"timestamp":1632855996,"swapAmountBNB":20,"uniswapv2buyprice":6707.02,"sushiswapv2buyprice":6707.39,"bakeryswapbuyprice":6789.82,"apeswapBuyPrice":6710.14,"uniswapv2sellprice":6673.14,"sushiswapv2sellprice":6687.46,"bakeryswapsellprice":6597.98,"apeswapsellprice":6673.19},{"block":11315637,"timestamp":1632855999,"swapAmountBNB":20,"uniswapv2buyprice":6706.15,"sushiswapv2buyprice":6707.39,"bakeryswapbuyprice":6789.82,"apeswapBuyPrice":6710.14,"uniswapv2sellprice":6672.27,"sushiswapv2sellprice":6687.46,"bakeryswapsellprice":6597.98,"apeswapsellprice":6673.19},{"block":11315637,"timestamp":1632855999,"swapAmountBNB":20,"uniswapv2buyprice":6706.15,"sushiswapv2buyprice":6707.39,"bakeryswapbuyprice":6789.82,"apeswapBuyPrice":6710.14,"uniswapv2sellprice":6672.27,"sushiswapv2sellprice":6687.46,"bakeryswapsellprice":6597.98,"apeswapsellprice":6673.19},{"block":11315638,"timestamp":1632856002,"swapAmountBNB":20,"uniswapv2buyprice":6706.15,"sushiswapv2buyprice":6707.39,"bakeryswapbuyprice":6789.82,"apeswapBuyPrice":6710.18,"uniswapv2sellprice":6672.28,"sushiswapv2sellprice":6687.46,"bakeryswapsellprice":6597.98,"apeswapsellprice":6673.23},{"block":11315638,"timestamp":1632856002,"swapAmountBNB":20,"uniswapv2buyprice":6706.15,"sushiswapv2buyprice":6707.39,"bakeryswapbuyprice":6789.82,"apeswapBuyPrice":6710.18,"uniswapv2sellprice":6672.28,"sushiswapv2sellprice":6687.46,"bakeryswapsellprice":6597.98,"apeswapsellprice":6673.23},{"block":11315639,"timestamp":1632856005,"swapAmountBNB":20,"uniswapv2buyprice":6706.15,"sushiswapv2buyprice":6707.25,"bakeryswapbuyprice":6789.82,"apeswapBuyPrice":6710.18,"uniswapv2sellprice":6672.28,"sushiswapv2sellprice":6687.32,"bakeryswapsellprice":6597.98,"apeswapsellprice":6673.23},{"block":11315639,"timestamp":1632856005,"swapAmountBNB":20,"uniswapv2buyprice":6706.15,"sushiswapv2buyprice":6707.25,"bakeryswapbuyprice":6789.82,"apeswapBuyPrice":6710.18,"uniswapv2sellprice":6672.28,"sushiswapv2sellprice":6687.32,"bakeryswapsellprice":6597.98,"apeswapsellprice":6673.23},{"block":11315640,"timestamp":1632856008,"swapAmountBNB":20,"uniswapv2buyprice":6706.16,"sushiswapv2buyprice":6707.25,"bakeryswapbuyprice":6789.82,"apeswapBuyPrice":6710.18,"uniswapv2sellprice":6672.28,"sushiswapv2sellprice":6687.32,"bakeryswapsellprice":6597.98,"apeswapsellprice":6673.23},{"block":11315640,"timestamp":1632856008,"swapAmountBNB":20,"uniswapv2buyprice":6706.16,"sushiswapv2buyprice":6707.25,"bakeryswapbuyprice":6789.82,"apeswapBuyPrice":6710.18,"uniswapv2sellprice":6672.28,"sushiswapv2sellprice":6687.32,"bakeryswapsellprice":6597.98,"apeswapsellprice":6673.23},{"block":11315641,"timestamp":1632856011,"swapAmountBNB":20,"uniswapv2buyprice":6706.61,"sushiswapv2buyprice":6707.25,"bakeryswapbuyprice":6789.82,"apeswapBuyPrice":6710.18,"uniswapv2sellprice":6672.74,"sushiswapv2sellprice":6687.32,"bakeryswapsellprice":6597.98,"apeswapsellprice":6673.23},{"block":11315641,"timestamp":1632856011,"swapAmountBNB":20,"uniswapv2buyprice":6706.61,"sushiswapv2buyprice":6707.25,"bakeryswapbuyprice":6789.82,"apeswapBuyPrice":6710.18,"uniswapv2sellprice":6672.74,"sushiswapv2sellprice":6687.32,"bakeryswapsellprice":6597.98,"apeswapsellprice":6673.23},{"block":11315642,"timestamp":1632856014,"swapAmountBNB":20,"uniswapv2buyprice":6706.55,"sushiswapv2buyprice":6707.25,"bakeryswapbuyprice":6789.82,"apeswapBuyPrice":6710.26,"uniswapv2sellprice":6672.67,"sushiswapv2sellprice":6687.32,"bakeryswapsellprice":6597.98,"apeswapsellprice":6673.31},{"block":11315642,"timestamp":1632856014,"swapAmountBNB":20,"uniswapv2buyprice":6706.55,"sushiswapv2buyprice":6707.25,"bakeryswapbuyprice":6789.82,"apeswapBuyPrice":6710.26,"uniswapv2sellprice":6672.67,"sushiswapv2sellprice":6687.32,"bakeryswapsellprice":6597.98,"apeswapsellprice":6673.31},{"block":11315643,"timestamp":1632856017,"swapAmountBNB":20,"uniswapv2buyprice":6706.57,"sushiswapv2buyprice":6707.25,"bakeryswapbuyprice":6789.82,"apeswapBuyPrice":6710.26,"uniswapv2sellprice":6672.69,"sushiswapv2sellprice":6687.32,"bakeryswapsellprice":6597.98,"apeswapsellprice":6673.31},{"block":11315643,"timestamp":1632856017,"swapAmountBNB":20,"uniswapv2buyprice":6706.57,"sushiswapv2buyprice":6707.25,"bakeryswapbuyprice":6789.82,"apeswapBuyPrice":6710.26,"uniswapv2sellprice":6672.69,"sushiswapv2sellprice":6687.32,"bakeryswapsellprice":6597.98,"apeswapsellprice":6673.31},{"block":11315644,"timestamp":1632856020,"swapAmountBNB":20,"uniswapv2buyprice":6706.41,"sushiswapv2buyprice":6707.25,"bakeryswapbuyprice":6789.82,"apeswapBuyPrice":6710.26,"uniswapv2sellprice":6672.53,"sushiswapv2sellprice":6687.32,"bakeryswapsellprice":6597.98,"apeswapsellprice":6673.31},{"block":11315644,"timestamp":1632856020,"swapAmountBNB":20,"uniswapv2buyprice":6706.41,"sushiswapv2buyprice":6707.25,"bakeryswapbuyprice":6789.82,"apeswapBuyPrice":6710.26,"uniswapv2sellprice":6672.53,"sushiswapv2sellprice":6687.32,"bakeryswapsellprice":6597.98,"apeswapsellprice":6673.31},{"block":11315645,"timestamp":1632856023,"swapAmountBNB":20,"uniswapv2buyprice":6706.38,"sushiswapv2buyprice":6707.25,"bakeryswapbuyprice":6789.82,"apeswapBuyPrice":6710.26,"uniswapv2sellprice":6672.51,"sushiswapv2sellprice":6687.32,"bakeryswapsellprice":6597.98,"apeswapsellprice":6673.31},{"block":11315645,"timestamp":1632856023,"swapAmountBNB":20,"uniswapv2buyprice":6706.38,"sushiswapv2buyprice":6707.25,"bakeryswapbuyprice":6789.82,"apeswapBuyPrice":6710.26,"uniswapv2sellprice":6672.51,"sushiswapv2sellprice":6687.32,"bakeryswapsellprice":6597.98,"apeswapsellprice":6673.31},{"block":11315646,"timestamp":1632856026,"swapAmountBNB":20,"uniswapv2buyprice":6706.38,"sushiswapv2buyprice":6707.25,"bakeryswapbuyprice":6789.82,"apeswapBuyPrice":6710.26,"uniswapv2sellprice":6672.51,"sushiswapv2sellprice":6687.32,"bakeryswapsellprice":6597.98,"apeswapsellprice":6673.31},{"block":11315647,"timestamp":1632856029,"swapAmountBNB":20,"uniswapv2buyprice":6706.33,"sushiswapv2buyprice":6707.25,"bakeryswapbuyprice":6789.82,"apeswapBuyPrice":6710.26,"uniswapv2sellprice":6672.45,"sushiswapv2sellprice":6687.32,"bakeryswapsellprice":6597.98,"apeswapsellprice":6673.31},{"block":11315648,"timestamp":1632856032,"swapAmountBNB":20,"uniswapv2buyprice":6706.35,"sushiswapv2buyprice":6707.25,"bakeryswapbuyprice":6789.82,"apeswapBuyPrice":6710.26,"uniswapv2sellprice":6672.47,"sushiswapv2sellprice":6687.32,"bakeryswapsellprice":6597.98,"apeswapsellprice":6673.31},{"block":11315649,"timestamp":1632856035,"swapAmountBNB":20,"uniswapv2buyprice":6706.36,"sushiswapv2buyprice":6707.25,"bakeryswapbuyprice":6789.82,"apeswapBuyPrice":6710.26,"uniswapv2sellprice":6672.48,"sushiswapv2sellprice":6687.32,"bakeryswapsellprice":6597.98,"apeswapsellprice":6673.31},{"block":11315650,"timestamp":1632856038,"swapAmountBNB":20,"uniswapv2buyprice":6706.97,"sushiswapv2buyprice":6707.25,"bakeryswapbuyprice":6789.82,"apeswapBuyPrice":6710.26,"uniswapv2sellprice":6673.09,"sushiswapv2sellprice":6687.32,"bakeryswapsellprice":6597.98,"apeswapsellprice":6673.31},{"block":11315651,"timestamp":1632856041,"swapAmountBNB":20,"uniswapv2buyprice":6706.97,"sushiswapv2buyprice":6707.25,"bakeryswapbuyprice":6789.82,"apeswapBuyPrice":6710.26,"uniswapv2sellprice":6673.09,"sushiswapv2sellprice":6687.32,"bakeryswapsellprice":6597.98,"apeswapsellprice":6673.31},{"block":11315652,"timestamp":1632856044,"swapAmountBNB":20,"uniswapv2buyprice":6707.05,"sushiswapv2buyprice":6707.25,"bakeryswapbuyprice":6789.82,"apeswapBuyPrice":6711.37,"uniswapv2sellprice":6673.17,"sushiswapv2sellprice":6687.32,"bakeryswapsellprice":6597.98,"apeswapsellprice":6674.41},{"block":11315653,"timestamp":1632856047,"swapAmountBNB":20,"uniswapv2buyprice":6707.63,"sushiswapv2buyprice":6707.25,"bakeryswapbuyprice":6789.82,"apeswapBuyPrice":6711.66,"uniswapv2sellprice":6673.75,"sushiswapv2sellprice":6687.32,"bakeryswapsellprice":6597.98,"apeswapsellprice":6674.7},{"block":11315654,"timestamp":1632856050,"swapAmountBNB":20,"uniswapv2buyprice":6707.63,"sushiswapv2buyprice":6707.25,"bakeryswapbuyprice":6789.82,"apeswapBuyPrice":6711.66,"uniswapv2sellprice":6673.75,"sushiswapv2sellprice":6687.32,"bakeryswapsellprice":6597.98,"apeswapsellprice":6674.7},{"block":11315655,"timestamp":1632856053,"swapAmountBNB":20,"uniswapv2buyprice":6707.64,"sushiswapv2buyprice":6707.25,"bakeryswapbuyprice":6789.82,"apeswapBuyPrice":6711.66,"uniswapv2sellprice":6673.75,"sushiswapv2sellprice":6687.32,"bakeryswapsellprice":6597.98,"apeswapsellprice":6674.7},{"block":11315656,"timestamp":1632856056,"swapAmountBNB":20,"uniswapv2buyprice":6707.63,"sushiswapv2buyprice":6707.25,"bakeryswapbuyprice":6789.82,"apeswapBuyPrice":6711.66,"uniswapv2sellprice":6673.75,"sushiswapv2sellprice":6687.32,"bakeryswapsellprice":6597.98,"apeswapsellprice":6674.7},{"block":11315657,"timestamp":1632856059,"swapAmountBNB":20,"uniswapv2buyprice":6712.65,"sushiswapv2buyprice":6707.25,"bakeryswapbuyprice":6789.82,"apeswapBuyPrice":6711.66,"uniswapv2sellprice":6678.75,"sushiswapv2sellprice":6687.32,"bakeryswapsellprice":6597.98,"apeswapsellprice":6674.7},{"block":11315658,"timestamp":1632856062,"swapAmountBNB":20,"uniswapv2buyprice":6712.65,"sushiswapv2buyprice":6707.25,"bakeryswapbuyprice":6789.82,"apeswapBuyPrice":6712.09,"uniswapv2sellprice":6678.74,"sushiswapv2sellprice":6687.32,"bakeryswapsellprice":6597.98,"apeswapsellprice":6674.7},{"block":11315659,"timestamp":1632856065,"swapAmountBNB":20,"uniswapv2buyprice":6712.65,"sushiswapv2buyprice":6707.25,"bakeryswapbuyprice":6789.82,"apeswapBuyPrice":6712.09,"uniswapv2sellprice":6678.74,"sushiswapv2sellprice":6687.32,"bakeryswapsellprice":6597.98,"apeswapsellprice":6675.13},{"block":11315660,"timestamp":1632856068,"swapAmountBNB":20,"uniswapv2buyprice":6712.82,"sushiswapv2buyprice":6707.25,"bakeryswapbuyprice":6789.82,"apeswapBuyPrice":6712.09,"uniswapv2sellprice":6678.91,"sushiswapv2sellprice":6687.32,"bakeryswapsellprice":6597.98,"apeswapsellprice":6675.13},{"block":11315661,"timestamp":1632856071,"swapAmountBNB":20,"uniswapv2buyprice":6712.8,"sushiswapv2buyprice":6707.3,"bakeryswapbuyprice":6789.82,"apeswapBuyPrice":6712.09,"uniswapv2sellprice":6678.89,"sushiswapv2sellprice":6687.37,"bakeryswapsellprice":6597.98,"apeswapsellprice":6675.13},{"block":11315662,"timestamp":1632856074,"swapAmountBNB":20,"uniswapv2buyprice":6712.76,"sushiswapv2buyprice":6707.3,"bakeryswapbuyprice":6789.82,"apeswapBuyPrice":6712.09,"uniswapv2sellprice":6678.85,"sushiswapv2sellprice":6687.37,"bakeryswapsellprice":6597.98,"apeswapsellprice":6675.13},{"block":11315663,"timestamp":1632856077,"swapAmountBNB":20,"uniswapv2buyprice":6712.73,"sushiswapv2buyprice":6707.3,"bakeryswapbuyprice":6789.82,"apeswapBuyPrice":6712.09,"uniswapv2sellprice":6678.82,"sushiswapv2sellprice":6687.37,"bakeryswapsellprice":6597.98,"apeswapsellprice":6675.13},{"block":11315664,"timestamp":1632856080,"swapAmountBNB":20,"uniswapv2buyprice":6712.74,"sushiswapv2buyprice":6707.3,"bakeryswapbuyprice":6789.82,"apeswapBuyPrice":6712.09,"uniswapv2sellprice":6678.83,"sushiswapv2sellprice":6687.37,"bakeryswapsellprice":6597.98,"apeswapsellprice":6675.13},{"block":11315665,"timestamp":1632856083,"swapAmountBNB":20,"uniswapv2buyprice":6712.71,"sushiswapv2buyprice":6707.3,"bakeryswapbuyprice":6789.82,"apeswapBuyPrice":6712.09,"uniswapv2sellprice":6678.8,"sushiswapv2sellprice":6687.37,"bakeryswapsellprice":6597.98,"apeswapsellprice":6675.13},{"block":11315666,"timestamp":1632856086,"swapAmountBNB":20,"uniswapv2buyprice":6712.89,"sushiswapv2buyprice":6707.3,"bakeryswapbuyprice":6789.82,"apeswapBuyPrice":6712.09,"uniswapv2sellprice":6678.97,"sushiswapv2sellprice":6687.37,"bakeryswapsellprice":6597.98,"apeswapsellprice":6675.13},{"block":11315667,"timestamp":1632856089,"swapAmountBNB":20,"uniswapv2buyprice":6712.86,"sushiswapv2buyprice":6707.3,"bakeryswapbuyprice":6789.82,"apeswapBuyPrice":6712.09,"uniswapv2sellprice":6678.95,"sushiswapv2sellprice":6687.37,"bakeryswapsellprice":6597.98,"apeswapsellprice":6675.13},{"block":11315668,"timestamp":1632856092,"swapAmountBNB":20,"uniswapv2buyprice":6712.41,"sushiswapv2buyprice":6707.3,"bakeryswapbuyprice":6789.82,"apeswapBuyPrice":6712.09,"uniswapv2sellprice":6678.5,"sushiswapv2sellprice":6687.37,"bakeryswapsellprice":6597.98,"apeswapsellprice":6675.13},{"block":11315669,"timestamp":1632856095,"swapAmountBNB":20,"uniswapv2buyprice":6712.38,"sushiswapv2buyprice":6707.3,"bakeryswapbuyprice":6789.82,"apeswapBuyPrice":6712.18,"uniswapv2sellprice":6678.47,"sushiswapv2sellprice":6687.37,"bakeryswapsellprice":6597.98,"apeswapsellprice":6675.13},{"block":11315670,"timestamp":1632856098,"swapAmountBNB":20,"uniswapv2buyprice":6712.35,"sushiswapv2buyprice":6707.3,"bakeryswapbuyprice":6789.82,"apeswapBuyPrice":6712.31,"uniswapv2sellprice":6678.44,"sushiswapv2sellprice":6687.37,"bakeryswapsellprice":6597.98,"apeswapsellprice":6675.34},{"block":11315671,"timestamp":1632856101,"swapAmountBNB":20,"uniswapv2buyprice":6712.35,"sushiswapv2buyprice":6706.98,"bakeryswapbuyprice":6789.82,"apeswapBuyPrice":6712.31,"uniswapv2sellprice":6678.44,"sushiswapv2sellprice":6687.05,"bakeryswapsellprice":6597.98,"apeswapsellprice":6675.34},{"block":11315672,"timestamp":1632856104,"swapAmountBNB":20,"uniswapv2buyprice":6712.35,"sushiswapv2buyprice":6706.98,"bakeryswapbuyprice":6789.82,"apeswapBuyPrice":6712.31,"uniswapv2sellprice":6678.45,"sushiswapv2sellprice":6687.05,"bakeryswapsellprice":6597.98,"apeswapsellprice":6675.34},{"block":11315673,"timestamp":1632856107,"swapAmountBNB":20,"uniswapv2buyprice":6712.35,"sushiswapv2buyprice":6706.98,"bakeryswapbuyprice":6789.82,"apeswapBuyPrice":6712.31,"uniswapv2sellprice":6678.45,"sushiswapv2sellprice":6687.05,"bakeryswapsellprice":6597.98,"apeswapsellprice":6675.34},{"block":11315674,"timestamp":1632856110,"swapAmountBNB":20,"uniswapv2buyprice":6712.35,"sushiswapv2buyprice":6706.98,"bakeryswapbuyprice":6789.82,"apeswapBuyPrice":6712.31,"uniswapv2sellprice":6678.44,"sushiswapv2sellprice":6687.05,"bakeryswapsellprice":6597.98,"apeswapsellprice":6675.34},{"block":11315675,"timestamp":1632856113,"swapAmountBNB":20,"uniswapv2buyprice":6712.6,"sushiswapv2buyprice":6706.98,"bakeryswapbuyprice":6789.82,"apeswapBuyPrice":6712.31,"uniswapv2sellprice":6678.69,"sushiswapv2sellprice":6687.05,"bakeryswapsellprice":6597.98,"apeswapsellprice":6675.34},{"block":11315676,"timestamp":1632856116,"swapAmountBNB":20,"uniswapv2buyprice":6712.57,"sushiswapv2buyprice":6706.98,"bakeryswapbuyprice":6789.82,"apeswapBuyPrice":6711.96,"uniswapv2sellprice":6678.66,"sushiswapv2sellprice":6687.05,"bakeryswapsellprice":6597.98,"apeswapsellprice":6675},{"block":11315677,"timestamp":1632856119,"swapAmountBNB":20,"uniswapv2buyprice":6712.96,"sushiswapv2buyprice":6706.98,"bakeryswapbuyprice":6789.82,"apeswapBuyPrice":6711.96,"uniswapv2sellprice":6679.05,"sushiswapv2sellprice":6687.05,"bakeryswapsellprice":6597.98,"apeswapsellprice":6675},{"block":11315678,"timestamp":1632856122,"swapAmountBNB":20,"uniswapv2buyprice":6712.95,"sushiswapv2buyprice":6706.98,"bakeryswapbuyprice":6789.82,"apeswapBuyPrice":6715,"uniswapv2sellprice":6679.04,"sushiswapv2sellprice":6687.05,"bakeryswapsellprice":6597.98,"apeswapsellprice":6678.02},{"block":11315679,"timestamp":1632856125,"swapAmountBNB":20,"uniswapv2buyprice":6712.89,"sushiswapv2buyprice":6706.46,"bakeryswapbuyprice":6789.82,"apeswapBuyPrice":6715,"uniswapv2sellprice":6679.04,"sushiswapv2sellprice":6686.53,"bakeryswapsellprice":6597.98,"apeswapsellprice":6678.02},{"block":11315680,"timestamp":1632856128,"swapAmountBNB":20,"uniswapv2buyprice":6712.89,"sushiswapv2buyprice":6706.46,"bakeryswapbuyprice":6789.82,"apeswapBuyPrice":6715,"uniswapv2sellprice":6678.98,"sushiswapv2sellprice":6686.53,"bakeryswapsellprice":6597.98,"apeswapsellprice":6678.02},{"block":11315681,"timestamp":1632856131,"swapAmountBNB":20,"uniswapv2buyprice":6712.78,"sushiswapv2buyprice":6706.46,"bakeryswapbuyprice":6789.82,"apeswapBuyPrice":6715,"uniswapv2sellprice":6678.87,"sushiswapv2sellprice":6686.53,"bakeryswapsellprice":6597.98,"apeswapsellprice":6678.02},{"block":11315682,"timestamp":1632856134,"swapAmountBNB":20,"uniswapv2buyprice":6712.78,"sushiswapv2buyprice":6707.51,"bakeryswapbuyprice":6789.82,"apeswapBuyPrice":6715,"uniswapv2sellprice":6678.87,"sushiswapv2sellprice":6687.58,"bakeryswapsellprice":6597.98,"apeswapsellprice":6678.02},{"block":11315683,"timestamp":1632856137,"swapAmountBNB":20,"uniswapv2buyprice":6712.77,"sushiswapv2buyprice":6707.51,"bakeryswapbuyprice":6789.82,"apeswapBuyPrice":6715,"uniswapv2sellprice":6678.86,"sushiswapv2sellprice":6687.58,"bakeryswapsellprice":6597.98,"apeswapsellprice":6678.02},{"block":11315684,"timestamp":1632856140,"swapAmountBNB":20,"uniswapv2buyprice":6712.95,"sushiswapv2buyprice":6707.48,"bakeryswapbuyprice":6789.82,"apeswapBuyPrice":6715,"uniswapv2sellprice":6679.04,"sushiswapv2sellprice":6687.55,"bakeryswapsellprice":6597.98,"apeswapsellprice":6678.02},{"block":11315685,"timestamp":1632856143,"swapAmountBNB":20,"uniswapv2buyprice":6712.98,"sushiswapv2buyprice":6707.48,"bakeryswapbuyprice":6789.82,"apeswapBuyPrice":6715.1,"uniswapv2sellprice":6679.07,"sushiswapv2sellprice":6687.55,"bakeryswapsellprice":6597.98,"apeswapsellprice":6678.12},{"block":11315686,"timestamp":1632856146,"swapAmountBNB":20,"uniswapv2buyprice":6712.98,"sushiswapv2buyprice":6707.48,"bakeryswapbuyprice":6789.82,"apeswapBuyPrice":6715.1,"uniswapv2sellprice":6679.07,"sushiswapv2sellprice":6687.55,"bakeryswapsellprice":6597.98,"apeswapsellprice":6678.12},{"block":11315687,"timestamp":1632856149,"swapAmountBNB":20,"uniswapv2buyprice":6711.21,"sushiswapv2buyprice":6707.48,"bakeryswapbuyprice":6789.82,"apeswapBuyPrice":6715.1,"uniswapv2sellprice":6677.31,"sushiswapv2sellprice":6687.55,"bakeryswapsellprice":6597.98,"apeswapsellprice":6678.12},{"block":11315688,"timestamp":1632856152,"swapAmountBNB":20,"uniswapv2buyprice":6711.22,"sushiswapv2buyprice":6707.48,"bakeryswapbuyprice":6789.82,"apeswapBuyPrice":6715.1,"uniswapv2sellprice":6677.32,"sushiswapv2sellprice":6687.55,"bakeryswapsellprice":6597.98,"apeswapsellprice":6678.12},{"block":11315689,"timestamp":1632856155,"swapAmountBNB":20,"uniswapv2buyprice":6711.16,"sushiswapv2buyprice":6707.48,"bakeryswapbuyprice":6789.82,"apeswapBuyPrice":6715.1,"uniswapv2sellprice":6677.26,"sushiswapv2sellprice":6687.55,"bakeryswapsellprice":6597.98,"apeswapsellprice":6678.12},{"block":11315690,"timestamp":1632856158,"swapAmountBNB":20,"uniswapv2buyprice":6711.16,"sushiswapv2buyprice":6707.48,"bakeryswapbuyprice":6789.82,"apeswapBuyPrice":6715.92,"uniswapv2sellprice":6677.26,"sushiswapv2sellprice":6687.55,"bakeryswapsellprice":6597.98,"apeswapsellprice":6678.93},{"block":11315691,"timestamp":1632856161,"swapAmountBNB":20,"uniswapv2buyprice":6711.15,"sushiswapv2buyprice":6709.11,"bakeryswapbuyprice":6789.82,"apeswapBuyPrice":6715.92,"uniswapv2sellprice":6677.25,"sushiswapv2sellprice":6689.18,"bakeryswapsellprice":6597.98,"apeswapsellprice":6678.93},{"block":11315692,"timestamp":1632856164,"swapAmountBNB":20,"uniswapv2buyprice":6711.12,"sushiswapv2buyprice":6709.11,"bakeryswapbuyprice":6789.82,"apeswapBuyPrice":6715.92,"uniswapv2sellprice":6677.22,"sushiswapv2sellprice":6689.18,"bakeryswapsellprice":6597.98,"apeswapsellprice":6678.93},{"block":11315693,"timestamp":1632856167,"swapAmountBNB":20,"uniswapv2buyprice":6710.64,"sushiswapv2buyprice":6712.37,"bakeryswapbuyprice":6789.82,"apeswapBuyPrice":6715.92,"uniswapv2sellprice":6676.74,"sushiswapv2sellprice":6692.43,"bakeryswapsellprice":6597.98,"apeswapsellprice":6678.93},{"block":11315694,"timestamp":1632856170,"swapAmountBNB":20,"uniswapv2buyprice":6710.64,"sushiswapv2buyprice":6712.37,"bakeryswapbuyprice":6789.82,"apeswapBuyPrice":6715.92,"uniswapv2sellprice":6676.74,"sushiswapv2sellprice":6692.43,"bakeryswapsellprice":6597.98,"apeswapsellprice":6678.93},{"block":11315695,"timestamp":1632856173,"swapAmountBNB":20,"uniswapv2buyprice":6710.64,"sushiswapv2buyprice":6712.37,"bakeryswapbuyprice":6789.82,"apeswapBuyPrice":6715.92,"uniswapv2sellprice":6676.74,"sushiswapv2sellprice":6692.43,"bakeryswapsellprice":6597.98,"apeswapsellprice":6678.93},{"block":11315696,"timestamp":1632856176,"swapAmountBNB":20,"uniswapv2buyprice":6710.71,"sushiswapv2buyprice":6712.34,"bakeryswapbuyprice":6789.82,"apeswapBuyPrice":6715.92,"uniswapv2sellprice":6676.81,"sushiswapv2sellprice":6692.4,"bakeryswapsellprice":6597.98,"apeswapsellprice":6678.93},{"block":11315697,"timestamp":1632856179,"swapAmountBNB":20,"uniswapv2buyprice":6710.76,"sushiswapv2buyprice":6712.34,"bakeryswapbuyprice":6789.82,"apeswapBuyPrice":6715.92,"uniswapv2sellprice":6676.86,"sushiswapv2sellprice":6692.4,"bakeryswapsellprice":6597.98,"apeswapsellprice":6678.93},{"block":11315698,"timestamp":1632856182,"swapAmountBNB":20,"uniswapv2buyprice":6710.84,"sushiswapv2buyprice":6712.34,"bakeryswapbuyprice":6789.82,"apeswapBuyPrice":6715.92,"uniswapv2sellprice":6676.94,"sushiswapv2sellprice":6692.4,"bakeryswapsellprice":6597.98,"apeswapsellprice":6678.93},{"block":11315699,"timestamp":1632856185,"swapAmountBNB":20,"uniswapv2buyprice":6710.83,"sushiswapv2buyprice":6712.34,"bakeryswapbuyprice":6789.82,"apeswapBuyPrice":6715.92,"uniswapv2sellprice":6676.93,"sushiswapv2sellprice":6692.4,"bakeryswapsellprice":6597.98,"apeswapsellprice":6678.93},{"block":11315700,"timestamp":1632856188,"swapAmountBNB":20,"uniswapv2buyprice":6710.8,"sushiswapv2buyprice":6712.34,"bakeryswapbuyprice":6789.82,"apeswapBuyPrice":6715.92,"uniswapv2sellprice":6676.9,"sushiswapv2sellprice":6692.39,"bakeryswapsellprice":6597.98,"apeswapsellprice":6678.93},{"block":11315701,"timestamp":1632856191,"swapAmountBNB":20,"uniswapv2buyprice":6710.76,"sushiswapv2buyprice":6712.34,"bakeryswapbuyprice":6789.82,"apeswapBuyPrice":6715.84,"uniswapv2sellprice":6676.86,"sushiswapv2sellprice":6692.39,"bakeryswapsellprice":6597.98,"apeswapsellprice":6678.85},{"block":11315702,"timestamp":1632856194,"swapAmountBNB":20,"uniswapv2buyprice":6710.76,"sushiswapv2buyprice":6712.34,"bakeryswapbuyprice":6789.82,"apeswapBuyPrice":6715.84,"uniswapv2sellprice":6676.86,"sushiswapv2sellprice":6692.39,"bakeryswapsellprice":6597.98,"apeswapsellprice":6678.85}]}