{"table":[{"block":11030130,"timestamp":1631993398,"swapAmountBNB":20,"uniswapv2buyprice":8253.29,"sushiswapv2buyprice":8230.56,"bakeryswapbuyprice":8340.55,"apeswapBuyPrice":8243.9,"uniswapv2sellprice":8211.53,"sushiswapv2sellprice":8206.11,"bakeryswapsellprice":8128.32,"apeswapsellprice":8199.02},{"block":11030131,"timestamp":1631993401,"swapAmountBNB":20,"uniswapv2buyprice":8253.26,"sushiswapv2buyprice":8230.56,"bakeryswapbuyprice":8340.55,"apeswapBuyPrice":8243.9,"uniswapv2sellprice":8211.5,"sushiswapv2sellprice":8206.11,"bakeryswapsellprice":8128.32,"apeswapsellprice":8199.02},{"block":11030132,"timestamp":1631993404,"swapAmountBNB":20,"uniswapv2buyprice":8253.24,"sushiswapv2buyprice":8230.56,"bakeryswapbuyprice":8340.55,"apeswapBuyPrice":8243.9,"uniswapv2sellprice":8211.48,"sushiswapv2sellprice":8206.11,"bakeryswapsellprice":8128.32,"apeswapsellprice":8199.02},{"block":11030133,"timestamp":1631993407,"swapAmountBNB":20,"uniswapv2buyprice":8253.33,"sushiswapv2buyprice":8230.56,"bakeryswapbuyprice":8340.55,"apeswapBuyPrice":8243.9,"uniswapv2sellprice":8211.56,"sushiswapv2sellprice":8206.11,"bakeryswapsellprice":8128.32,"apeswapsellprice":8199.02},{"block":11030134,"timestamp":1631993410,"swapAmountBNB":20,"uniswapv2buyprice":8253.29,"sushiswapv2buyprice":8230.56,"bakeryswapbuyprice":8340.55,"apeswapBuyPrice":8243.9,"uniswapv2sellprice":8211.53,"sushiswapv2sellprice":8206.11,"bakeryswapsellprice":8128.32,"apeswapsellprice":8199.02},{"block":11030135,"timestamp":1631993413,"swapAmountBNB":20,"uniswapv2buyprice":8253.29,"sushiswapv2buyprice":8230.56,"bakeryswapbuyprice":8340.55,"apeswapBuyPrice":8243.92,"uniswapv2sellprice":8211.53,"sushiswapv2sellprice":8206.11,"bakeryswapsellprice":8128.32,"apeswapsellprice":8199.03},{"block":11030136,"timestamp":1631993416,"swapAmountBNB":20,"uniswapv2buyprice":8253,"sushiswapv2buyprice":8230.56,"bakeryswapbuyprice":8340.55,"apeswapBuyPrice":8243.92,"uniswapv2sellprice":8211.24,"sushiswapv2sellprice":8206.11,"bakeryswapsellprice":8128.32,"apeswapsellprice":8199.03},{"block":11030137,"timestamp":1631993419,"swapAmountBNB":20,"uniswapv2buyprice":8252.96,"sushiswapv2buyprice":8230.56,"bakeryswapbuyprice":8340.55,"apeswapBuyPrice":8243.94,"uniswapv2sellprice":8211.2,"sushiswapv2sellprice":8206.11,"bakeryswapsellprice":8128.32,"apeswapsellprice":8199.03},{"block":11030138,"timestamp":1631993422,"swapAmountBNB":20,"uniswapv2buyprice":8252.97,"sushiswapv2buyprice":8230.56,"bakeryswapbuyprice":8340.55,"apeswapBuyPrice":8243.94,"uniswapv2sellprice":8211.21,"sushiswapv2sellprice":8206.11,"bakeryswapsellprice":8128.32,"apeswapsellprice":8199.06},{"block":11030139,"timestamp":1631993425,"swapAmountBNB":20,"uniswapv2buyprice":8252.94,"sushiswapv2buyprice":8230.56,"bakeryswapbuyprice":8340.55,"apeswapBuyPrice":8243.94,"uniswapv2sellprice":8211.18,"sushiswapv2sellprice":8206.11,"bakeryswapsellprice":8128.32,"apeswapsellprice":8199.06},{"block":11030140,"timestamp":1631993428,"swapAmountBNB":20,"uniswapv2buyprice":8252.97,"sushiswapv2buyprice":8230.56,"bakeryswapbuyprice":8340.55,"apeswapBuyPrice":8243.94,"uniswapv2sellprice":8211.21,"sushiswapv2sellprice":8206.11,"bakeryswapsellprice":8128.32,"apeswapsellprice":8199.06},{"block":11030141,"timestamp":1631993431,"swapAmountBNB":20,"uniswapv2buyprice":8252.98,"sushiswapv2buyprice":8230.56,"bakeryswapbuyprice":8340.55,"apeswapBuyPrice":8243.94,"uniswapv2sellprice":8211.22,"sushiswapv2sellprice":8206.11,"bakeryswapsellprice":8128.32,"apeswapsellprice":8199.06},{"block":11030142,"timestamp":1631993434,"swapAmountBNB":20,"uniswapv2buyprice":8252.9,"sushiswapv2buyprice":8230.56,"bakeryswapbuyprice":8340.55,"apeswapBuyPrice":8243.94,"uniswapv2sellprice":8211.14,"sushiswapv2sellprice":8206.11,"bakeryswapsellprice":8128.32,"apeswapsellprice":8199.06},{"block":11030143,"timestamp":1631993437,"swapAmountBNB":20,"uniswapv2buyprice":8252.91,"sushiswapv2buyprice":8230.59,"bakeryswapbuyprice":8340.55,"apeswapBuyPrice":8241.12,"uniswapv2sellprice":8211.15,"sushiswapv2sellprice":8206.14,"bakeryswapsellprice":8128.32,"apeswapsellprice":8196.26},{"block":11030144,"timestamp":1631993440,"swapAmountBNB":20,"uniswapv2buyprice":8252.92,"sushiswapv2buyprice":8230.59,"bakeryswapbuyprice":8340.55,"apeswapBuyPrice":8241.12,"uniswapv2sellprice":8211.15,"sushiswapv2sellprice":8206.14,"bakeryswapsellprice":8128.32,"apeswapsellprice":8196.26},{"block":11030145,"timestamp":1631993443,"swapAmountBNB":20,"uniswapv2buyprice":8252.96,"sushiswapv2buyprice":8230.59,"bakeryswapbuyprice":8340.55,"apeswapBuyPrice":8241.12,"uniswapv2sellprice":8211.2,"sushiswapv2sellprice":8206.14,"bakeryswapsellprice":8128.32,"apeswapsellprice":8196.26},{"block":11030146,"timestamp":1631993446,"swapAmountBNB":20,"uniswapv2buyprice":8253.03,"sushiswapv2buyprice":8230.59,"bakeryswapbuyprice":8340.55,"apeswapBuyPrice":8241.15,"uniswapv2sellprice":8211.27,"sushiswapv2sellprice":8206.14,"bakeryswapsellprice":8128.32,"apeswapsellprice":8196.29},{"block":11030147,"timestamp":1631993449,"swapAmountBNB":20,"uniswapv2buyprice":8253,"sushiswapv2buyprice":8230.9,"bakeryswapbuyprice":8340.55,"apeswapBuyPrice":8241.15,"uniswapv2sellprice":8211.23,"sushiswapv2sellprice":8206.44,"bakeryswapsellprice":8128.32,"apeswapsellprice":8196.29},{"block":11030148,"timestamp":1631993452,"swapAmountBNB":20,"uniswapv2buyprice":8253.56,"sushiswapv2buyprice":8230.9,"bakeryswapbuyprice":8340.55,"apeswapBuyPrice":8241.15,"uniswapv2sellprice":8211.8,"sushiswapv2sellprice":8206.44,"bakeryswapsellprice":8128.32,"apeswapsellprice":8196.29},{"block":11030149,"timestamp":1631993455,"swapAmountBNB":20,"uniswapv2buyprice":8253.18,"sushiswapv2buyprice":8230.9,"bakeryswapbuyprice":8340.55,"apeswapBuyPrice":8241.15,"uniswapv2sellprice":8211.42,"sushiswapv2sellprice":8206.44,"bakeryswapsellprice":8128.32,"apeswapsellprice":8196.29},{"block":11030150,"timestamp":1631993458,"swapAmountBNB":20,"uniswapv2buyprice":8253.17,"sushiswapv2buyprice":8230.9,"bakeryswapbuyprice":8340.55,"apeswapBuyPrice":8241.15,"uniswapv2sellprice":8211.41,"sushiswapv2sellprice":8206.44,"bakeryswapsellprice":8128.32,"apeswapsellprice":8196.29},{"block":11030151,"timestamp":1631993461,"swapAmountBNB":20,"uniswapv2buyprice":8253.12,"sushiswapv2buyprice":8230.96,"bakeryswapbuyprice":8340.55,"apeswapBuyPrice":8241.15,"uniswapv2sellprice":8211.36,"sushiswapv2sellprice":8206.5,"bakeryswapsellprice":8128.32,"apeswapsellprice":8196.29},{"block":11030152,"timestamp":1631993464,"swapAmountBNB":20,"uniswapv2buyprice":8253.13,"sushiswapv2buyprice":8226.55,"bakeryswapbuyprice":8340.55,"apeswapBuyPrice":8241.25,"uniswapv2sellprice":8211.37,"sushiswapv2sellprice":8202.11,"bakeryswapsellprice":8128.32,"apeswapsellprice":8196.39},{"block":11030153,"timestamp":1631993467,"swapAmountBNB":20,"uniswapv2buyprice":8253.14,"sushiswapv2buyprice":8226.55,"bakeryswapbuyprice":8340.55,"apeswapBuyPrice":8238.45,"uniswapv2sellprice":8211.38,"sushiswapv2sellprice":8202.11,"bakeryswapsellprice":8128.32,"apeswapsellprice":8193.6},{"block":11030154,"timestamp":1631993470,"swapAmountBNB":20,"uniswapv2buyprice":8253.08,"sushiswapv2buyprice":8227.08,"bakeryswapbuyprice":8340.55,"apeswapBuyPrice":8238.45,"uniswapv2sellprice":8211.31,"sushiswapv2sellprice":8202.64,"bakeryswapsellprice":8128.32,"apeswapsellprice":8193.6},{"block":11030155,"timestamp":1631993473,"swapAmountBNB":20,"uniswapv2buyprice":8253.08,"sushiswapv2buyprice":8227.08,"bakeryswapbuyprice":8340.55,"apeswapBuyPrice":8238.45,"uniswapv2sellprice":8211.32,"sushiswapv2sellprice":8202.64,"bakeryswapsellprice":8128.32,"apeswapsellprice":8193.6},{"block":11030156,"timestamp":1631993476,"swapAmountBNB":20,"uniswapv2buyprice":8253.08,"sushiswapv2buyprice":8227.08,"bakeryswapbuyprice":8340.55,"apeswapBuyPrice":8238.45,"uniswapv2sellprice":8211.32,"sushiswapv2sellprice":8202.64,"bakeryswapsellprice":8128.32,"apeswapsellprice":8193.6},{"block":11030157,"timestamp":1631993480,"swapAmountBNB":20,"uniswapv2buyprice":8253.1,"sushiswapv2buyprice":8227.08,"bakeryswapbuyprice":8340.55,"apeswapBuyPrice":8238.45,"uniswapv2sellprice":8211.34,"sushiswapv2sellprice":8202.64,"bakeryswapsellprice":8128.32,"apeswapsellprice":8193.6},{"block":11030157,"timestamp":1631993479,"swapAmountBNB":20,"uniswapv2buyprice":8252.47,"sushiswapv2buyprice":8222.67,"bakeryswapbuyprice":8340.55,"apeswapBuyPrice":8238.45,"uniswapv2sellprice":8210.71,"sushiswapv2sellprice":8198.24,"bakeryswapsellprice":8128.32,"apeswapsellprice":8193.6},{"block":11030158,"timestamp":1631993482,"swapAmountBNB":20,"uniswapv2buyprice":8252.47,"sushiswapv2buyprice":8222.67,"bakeryswapbuyprice":8340.55,"apeswapBuyPrice":8238.45,"uniswapv2sellprice":8210.71,"sushiswapv2sellprice":8198.24,"bakeryswapsellprice":8128.32,"apeswapsellprice":8193.6},{"block":11030159,"timestamp":1631993485,"swapAmountBNB":20,"uniswapv2buyprice":8252.45,"sushiswapv2buyprice":8222.67,"bakeryswapbuyprice":8340.55,"apeswapBuyPrice":8238.45,"uniswapv2sellprice":8210.69,"sushiswapv2sellprice":8198.24,"bakeryswapsellprice":8128.32,"apeswapsellprice":8193.6},{"block":11030160,"timestamp":1631993488,"swapAmountBNB":20,"uniswapv2buyprice":8251.65,"sushiswapv2buyprice":8222.67,"bakeryswapbuyprice":8340.55,"apeswapBuyPrice":8238.45,"uniswapv2sellprice":8209.89,"sushiswapv2sellprice":8198.24,"bakeryswapsellprice":8128.32,"apeswapsellprice":8193.6},{"block":11030161,"timestamp":1631993491,"swapAmountBNB":20,"uniswapv2buyprice":8251.39,"sushiswapv2buyprice":8222.67,"bakeryswapbuyprice":8340.55,"apeswapBuyPrice":8238.45,"uniswapv2sellprice":8209.63,"sushiswapv2sellprice":8198.24,"bakeryswapsellprice":8128.32,"apeswapsellprice":8193.6},{"block":11030162,"timestamp":1631993494,"swapAmountBNB":20,"uniswapv2buyprice":8251.39,"sushiswapv2buyprice":8222.67,"bakeryswapbuyprice":8340.55,"apeswapBuyPrice":8238.45,"uniswapv2sellprice":8209.63,"sushiswapv2sellprice":8198.24,"bakeryswapsellprice":8128.32,"apeswapsellprice":8193.6},{"block":11030163,"timestamp":1631993497,"swapAmountBNB":20,"uniswapv2buyprice":8251.34,"sushiswapv2buyprice":8222.67,"bakeryswapbuyprice":8340.55,"apeswapBuyPrice":8238.45,"uniswapv2sellprice":8209.58,"sushiswapv2sellprice":8198.24,"bakeryswapsellprice":8128.32,"apeswapsellprice":8193.6},{"block":11030164,"timestamp":1631993500,"swapAmountBNB":20,"uniswapv2buyprice":8251.06,"sushiswapv2buyprice":8222.67,"bakeryswapbuyprice":8340.55,"apeswapBuyPrice":8238.45,"uniswapv2sellprice":8209.31,"sushiswapv2sellprice":8198.24,"bakeryswapsellprice":8128.32,"apeswapsellprice":8193.6},{"block":11030165,"timestamp":1631993503,"swapAmountBNB":20,"uniswapv2buyprice":8248.38,"sushiswapv2buyprice":8222.67,"bakeryswapbuyprice":8340.55,"apeswapBuyPrice":8238.45,"uniswapv2sellprice":8206.64,"sushiswapv2sellprice":8198.24,"bakeryswapsellprice":8128.32,"apeswapsellprice":8193.6},{"block":11030166,"timestamp":1631993506,"swapAmountBNB":20,"uniswapv2buyprice":8248.42,"sushiswapv2buyprice":8218.27,"bakeryswapbuyprice":8340.55,"apeswapBuyPrice":8238.45,"uniswapv2sellprice":8206.68,"sushiswapv2sellprice":8193.85,"bakeryswapsellprice":8128.32,"apeswapsellprice":8193.6},{"block":11030167,"timestamp":1631993509,"swapAmountBNB":20,"uniswapv2buyprice":8248.4,"sushiswapv2buyprice":8218.27,"bakeryswapbuyprice":8340.55,"apeswapBuyPrice":8238.45,"uniswapv2sellprice":8206.66,"sushiswapv2sellprice":8193.85,"bakeryswapsellprice":8128.32,"apeswapsellprice":8193.6},{"block":11030168,"timestamp":1631993512,"swapAmountBNB":20,"uniswapv2buyprice":8248.4,"sushiswapv2buyprice":8218.27,"bakeryswapbuyprice":8340.55,"apeswapBuyPrice":8238.45,"uniswapv2sellprice":8206.66,"sushiswapv2sellprice":8193.85,"bakeryswapsellprice":8128.32,"apeswapsellprice":8193.6},{"block":11030169,"timestamp":1631993515,"swapAmountBNB":20,"uniswapv2buyprice":8248.13,"sushiswapv2buyprice":8218.9,"bakeryswapbuyprice":8340.55,"apeswapBuyPrice":8238.45,"uniswapv2sellprice":8206.39,"sushiswapv2sellprice":8194.48,"bakeryswapsellprice":8128.32,"apeswapsellprice":8193.6},{"block":11030170,"timestamp":1631993518,"swapAmountBNB":20,"uniswapv2buyprice":8248.12,"sushiswapv2buyprice":8218.9,"bakeryswapbuyprice":8340.55,"apeswapBuyPrice":8238.45,"uniswapv2sellprice":8206.39,"sushiswapv2sellprice":8194.48,"bakeryswapsellprice":8128.32,"apeswapsellprice":8193.6},{"block":11030171,"timestamp":1631993521,"swapAmountBNB":20,"uniswapv2buyprice":8248.07,"sushiswapv2buyprice":8218.9,"bakeryswapbuyprice":8340.55,"apeswapBuyPrice":8238.45,"uniswapv2sellprice":8206.33,"sushiswapv2sellprice":8194.48,"bakeryswapsellprice":8128.32,"apeswapsellprice":8193.6},{"block":11030172,"timestamp":1631993524,"swapAmountBNB":20,"uniswapv2buyprice":8248.08,"sushiswapv2buyprice":8218.9,"bakeryswapbuyprice":8340.55,"apeswapBuyPrice":8238.45,"uniswapv2sellprice":8206.34,"sushiswapv2sellprice":8194.48,"bakeryswapsellprice":8128.32,"apeswapsellprice":8193.6},{"block":11030173,"timestamp":1631993527,"swapAmountBNB":20,"uniswapv2buyprice":8248.12,"sushiswapv2buyprice":8219.03,"bakeryswapbuyprice":8340.55,"apeswapBuyPrice":8238.45,"uniswapv2sellprice":8206.38,"sushiswapv2sellprice":8194.61,"bakeryswapsellprice":8128.32,"apeswapsellprice":8193.6},{"block":11030174,"timestamp":1631993530,"swapAmountBNB":20,"uniswapv2buyprice":8248.11,"sushiswapv2buyprice":8219.03,"bakeryswapbuyprice":8340.55,"apeswapBuyPrice":8238.45,"uniswapv2sellprice":8206.38,"sushiswapv2sellprice":8194.61,"bakeryswapsellprice":8128.32,"apeswapsellprice":8193.6},{"block":11030175,"timestamp":1631993533,"swapAmountBNB":20,"uniswapv2buyprice":8248.15,"sushiswapv2buyprice":8219.03,"bakeryswapbuyprice":8340.55,"apeswapBuyPrice":8238.45,"uniswapv2sellprice":8206.41,"sushiswapv2sellprice":8194.61,"bakeryswapsellprice":8128.32,"apeswapsellprice":8193.6},{"block":11030176,"timestamp":1631993536,"swapAmountBNB":20,"uniswapv2buyprice":8248.15,"sushiswapv2buyprice":8219.03,"bakeryswapbuyprice":8340.55,"apeswapBuyPrice":8238.45,"uniswapv2sellprice":8206.41,"sushiswapv2sellprice":8194.61,"bakeryswapsellprice":8128.32,"apeswapsellprice":8193.6},{"block":11030177,"timestamp":1631993539,"swapAmountBNB":20,"uniswapv2buyprice":8248.19,"sushiswapv2buyprice":8219.03,"bakeryswapbuyprice":8340.55,"apeswapBuyPrice":8238.45,"uniswapv2sellprice":8206.45,"sushiswapv2sellprice":8194.61,"bakeryswapsellprice":8128.32,"apeswapsellprice":8193.6},{"block":11030178,"timestamp":1631993542,"swapAmountBNB":20,"uniswapv2buyprice":8247.83,"sushiswapv2buyprice":8219.51,"bakeryswapbuyprice":8340.55,"apeswapBuyPrice":8238.45,"uniswapv2sellprice":8206.12,"sushiswapv2sellprice":8195.09,"bakeryswapsellprice":8128.32,"apeswapsellprice":8193.6},{"block":11030179,"timestamp":1631993545,"swapAmountBNB":20,"uniswapv2buyprice":8247.83,"sushiswapv2buyprice":8219.51,"bakeryswapbuyprice":8340.55,"apeswapBuyPrice":8238.45,"uniswapv2sellprice":8206.1,"sushiswapv2sellprice":8195.09,"bakeryswapsellprice":8128.32,"apeswapsellprice":8193.6}]}