{"table":[{"block":11421770,"timestamp":1633177799,"swapAmountBNB":20,"uniswapv2buyprice":8525,"sushiswapv2buyprice":8500.87,"bakeryswapbuyprice":8649.35,"apeswapBuyPrice":8528.83,"uniswapv2sellprice":8481.67,"sushiswapv2sellprice":8471.17,"bakeryswapsellprice":8359.74,"apeswapsellprice":8470.66},{"block":11421771,"timestamp":1633177802,"swapAmountBNB":20,"uniswapv2buyprice":8525,"sushiswapv2buyprice":8501.62,"bakeryswapbuyprice":8649.35,"apeswapBuyPrice":8528.83,"uniswapv2sellprice":8481.67,"sushiswapv2sellprice":8471.91,"bakeryswapsellprice":8359.74,"apeswapsellprice":8470.66},{"block":11421772,"timestamp":1633177805,"swapAmountBNB":20,"uniswapv2buyprice":8524.94,"sushiswapv2buyprice":8502.09,"bakeryswapbuyprice":8649.35,"apeswapBuyPrice":8528.83,"uniswapv2sellprice":8481.61,"sushiswapv2sellprice":8472.38,"bakeryswapsellprice":8359.74,"apeswapsellprice":8470.66},{"block":11421773,"timestamp":1633177808,"swapAmountBNB":20,"uniswapv2buyprice":8524.84,"sushiswapv2buyprice":8502.09,"bakeryswapbuyprice":8649.35,"apeswapBuyPrice":8528.83,"uniswapv2sellprice":8481.51,"sushiswapv2sellprice":8472.38,"bakeryswapsellprice":8359.74,"apeswapsellprice":8470.66},{"block":11421774,"timestamp":1633177811,"swapAmountBNB":20,"uniswapv2buyprice":8519.11,"sushiswapv2buyprice":8495.08,"bakeryswapbuyprice":8649.35,"apeswapBuyPrice":8528.83,"uniswapv2sellprice":8475.81,"sushiswapv2sellprice":8465.4,"bakeryswapsellprice":8359.74,"apeswapsellprice":8470.66},{"block":11421775,"timestamp":1633177815,"swapAmountBNB":20,"uniswapv2buyprice":8519.96,"sushiswapv2buyprice":8495.38,"bakeryswapbuyprice":8649.35,"apeswapBuyPrice":8528.83,"uniswapv2sellprice":8476.65,"sushiswapv2sellprice":8465.69,"bakeryswapsellprice":8359.74,"apeswapsellprice":8470.66},{"block":11421775,"timestamp":1633177814,"swapAmountBNB":20,"uniswapv2buyprice":8519.96,"sushiswapv2buyprice":8495.38,"bakeryswapbuyprice":8649.35,"apeswapBuyPrice":8528.83,"uniswapv2sellprice":8476.65,"sushiswapv2sellprice":8465.69,"bakeryswapsellprice":8359.74,"apeswapsellprice":8470.66},{"block":11421776,"timestamp":1633177817,"swapAmountBNB":20,"uniswapv2buyprice":8519.97,"sushiswapv2buyprice":8497.02,"bakeryswapbuyprice":8649.35,"apeswapBuyPrice":8528.83,"uniswapv2sellprice":8476.67,"sushiswapv2sellprice":8467.33,"bakeryswapsellprice":8359.74,"apeswapsellprice":8470.66},{"block":11421777,"timestamp":1633177820,"swapAmountBNB":20,"uniswapv2buyprice":8519.86,"sushiswapv2buyprice":8497.02,"bakeryswapbuyprice":8649.35,"apeswapBuyPrice":8528.83,"uniswapv2sellprice":8476.56,"sushiswapv2sellprice":8467.33,"bakeryswapsellprice":8359.74,"apeswapsellprice":8470.66},{"block":11421778,"timestamp":1633177823,"swapAmountBNB":20,"uniswapv2buyprice":8519.83,"sushiswapv2buyprice":8502.33,"bakeryswapbuyprice":8649.35,"apeswapBuyPrice":8528.83,"uniswapv2sellprice":8476.52,"sushiswapv2sellprice":8472.62,"bakeryswapsellprice":8359.74,"apeswapsellprice":8470.66},{"block":11421779,"timestamp":1633177826,"swapAmountBNB":20,"uniswapv2buyprice":8519.62,"sushiswapv2buyprice":8502.33,"bakeryswapbuyprice":8649.35,"apeswapBuyPrice":8528.83,"uniswapv2sellprice":8476.32,"sushiswapv2sellprice":8472.62,"bakeryswapsellprice":8359.74,"apeswapsellprice":8470.66},{"block":11421780,"timestamp":1633177829,"swapAmountBNB":20,"uniswapv2buyprice":8520.52,"sushiswapv2buyprice":8505.28,"bakeryswapbuyprice":8649.35,"apeswapBuyPrice":8523.38,"uniswapv2sellprice":8477.22,"sushiswapv2sellprice":8475.56,"bakeryswapsellprice":8359.74,"apeswapsellprice":8465.26},{"block":11421781,"timestamp":1633177832,"swapAmountBNB":20,"uniswapv2buyprice":8520.14,"sushiswapv2buyprice":8505.52,"bakeryswapbuyprice":8649.35,"apeswapBuyPrice":8523.38,"uniswapv2sellprice":8476.84,"sushiswapv2sellprice":8475.8,"bakeryswapsellprice":8359.74,"apeswapsellprice":8465.26},{"block":11421782,"timestamp":1633177835,"swapAmountBNB":20,"uniswapv2buyprice":8520.14,"sushiswapv2buyprice":8505.85,"bakeryswapbuyprice":8649.35,"apeswapBuyPrice":8522.73,"uniswapv2sellprice":8476.84,"sushiswapv2sellprice":8476.12,"bakeryswapsellprice":8359.74,"apeswapsellprice":8464.61},{"block":11421783,"timestamp":1633177839,"swapAmountBNB":20,"uniswapv2buyprice":8520.2,"sushiswapv2buyprice":8498.86,"bakeryswapbuyprice":8649.35,"apeswapBuyPrice":8522.73,"uniswapv2sellprice":8476.9,"sushiswapv2sellprice":8469.16,"bakeryswapsellprice":8359.74,"apeswapsellprice":8464.61},{"block":11421783,"timestamp":1633177838,"swapAmountBNB":20,"uniswapv2buyprice":8520.2,"sushiswapv2buyprice":8498.86,"bakeryswapbuyprice":8649.35,"apeswapBuyPrice":8522.73,"uniswapv2sellprice":8476.9,"sushiswapv2sellprice":8469.16,"bakeryswapsellprice":8359.74,"apeswapsellprice":8464.61},{"block":11421784,"timestamp":1633177841,"swapAmountBNB":20,"uniswapv2buyprice":8520.18,"sushiswapv2buyprice":8498.88,"bakeryswapbuyprice":8649.35,"apeswapBuyPrice":8522.73,"uniswapv2sellprice":8476.87,"sushiswapv2sellprice":8469.19,"bakeryswapsellprice":8359.74,"apeswapsellprice":8464.61},{"block":11421785,"timestamp":1633177844,"swapAmountBNB":20,"uniswapv2buyprice":8520.13,"sushiswapv2buyprice":8498.88,"bakeryswapbuyprice":8649.35,"apeswapBuyPrice":8522.73,"uniswapv2sellprice":8476.82,"sushiswapv2sellprice":8469.19,"bakeryswapsellprice":8359.74,"apeswapsellprice":8464.61},{"block":11421786,"timestamp":1633177847,"swapAmountBNB":20,"uniswapv2buyprice":8519.97,"sushiswapv2buyprice":8498.88,"bakeryswapbuyprice":8649.35,"apeswapBuyPrice":8522.73,"uniswapv2sellprice":8476.67,"sushiswapv2sellprice":8469.19,"bakeryswapsellprice":8359.74,"apeswapsellprice":8464.61},{"block":11421787,"timestamp":1633177850,"swapAmountBNB":20,"uniswapv2buyprice":8520.02,"sushiswapv2buyprice":8498.88,"bakeryswapbuyprice":8649.35,"apeswapBuyPrice":8522.73,"uniswapv2sellprice":8476.71,"sushiswapv2sellprice":8469.19,"bakeryswapsellprice":8359.74,"apeswapsellprice":8464.61},{"block":11421788,"timestamp":1633177853,"swapAmountBNB":20,"uniswapv2buyprice":8520.05,"sushiswapv2buyprice":8500.02,"bakeryswapbuyprice":8649.35,"apeswapBuyPrice":8522.73,"uniswapv2sellprice":8476.72,"sushiswapv2sellprice":8470.32,"bakeryswapsellprice":8359.74,"apeswapsellprice":8464.61},{"block":11421789,"timestamp":1633177856,"swapAmountBNB":20,"uniswapv2buyprice":8520.05,"sushiswapv2buyprice":8500.02,"bakeryswapbuyprice":8649.35,"apeswapBuyPrice":8522.73,"uniswapv2sellprice":8476.74,"sushiswapv2sellprice":8470.32,"bakeryswapsellprice":8359.74,"apeswapsellprice":8464.61},{"block":11421790,"timestamp":1633177859,"swapAmountBNB":20,"uniswapv2buyprice":8520.05,"sushiswapv2buyprice":8500.02,"bakeryswapbuyprice":8649.35,"apeswapBuyPrice":8522.73,"uniswapv2sellprice":8476.74,"sushiswapv2sellprice":8470.32,"bakeryswapsellprice":8359.74,"apeswapsellprice":8464.61},{"block":11421791,"timestamp":1633177862,"swapAmountBNB":20,"uniswapv2buyprice":8520.04,"sushiswapv2buyprice":8500.02,"bakeryswapbuyprice":8649.35,"apeswapBuyPrice":8522.73,"uniswapv2sellprice":8476.74,"sushiswapv2sellprice":8470.32,"bakeryswapsellprice":8359.74,"apeswapsellprice":8464.61},{"block":11421792,"timestamp":1633177865,"swapAmountBNB":20,"uniswapv2buyprice":8519.95,"sushiswapv2buyprice":8500.02,"bakeryswapbuyprice":8649.35,"apeswapBuyPrice":8522.73,"uniswapv2sellprice":8476.64,"sushiswapv2sellprice":8470.32,"bakeryswapsellprice":8359.74,"apeswapsellprice":8464.61},{"block":11421793,"timestamp":1633177868,"swapAmountBNB":20,"uniswapv2buyprice":8519.67,"sushiswapv2buyprice":8500.02,"bakeryswapbuyprice":8649.35,"apeswapBuyPrice":8522.73,"uniswapv2sellprice":8476.37,"sushiswapv2sellprice":8470.32,"bakeryswapsellprice":8359.74,"apeswapsellprice":8464.61},{"block":11421794,"timestamp":1633177871,"swapAmountBNB":20,"uniswapv2buyprice":8519.63,"sushiswapv2buyprice":8500.02,"bakeryswapbuyprice":8649.35,"apeswapBuyPrice":8522.73,"uniswapv2sellprice":8476.32,"sushiswapv2sellprice":8470.32,"bakeryswapsellprice":8359.74,"apeswapsellprice":8464.61},{"block":11421795,"timestamp":1633177874,"swapAmountBNB":20,"uniswapv2buyprice":8519.69,"sushiswapv2buyprice":8500.02,"bakeryswapbuyprice":8649.35,"apeswapBuyPrice":8522.73,"uniswapv2sellprice":8476.39,"sushiswapv2sellprice":8470.32,"bakeryswapsellprice":8359.74,"apeswapsellprice":8464.61},{"block":11421796,"timestamp":1633177877,"swapAmountBNB":20,"uniswapv2buyprice":8519.69,"sushiswapv2buyprice":8500.02,"bakeryswapbuyprice":8649.35,"apeswapBuyPrice":8523.13,"uniswapv2sellprice":8476.39,"sushiswapv2sellprice":8470.32,"bakeryswapsellprice":8359.74,"apeswapsellprice":8465},{"block":11421797,"timestamp":1633177880,"swapAmountBNB":20,"uniswapv2buyprice":8519.29,"sushiswapv2buyprice":8500.02,"bakeryswapbuyprice":8649.35,"apeswapBuyPrice":8519.04,"uniswapv2sellprice":8475.99,"sushiswapv2sellprice":8470.32,"bakeryswapsellprice":8359.74,"apeswapsellprice":8460.95},{"block":11421798,"timestamp":1633177883,"swapAmountBNB":20,"uniswapv2buyprice":8519.3,"sushiswapv2buyprice":8500.02,"bakeryswapbuyprice":8649.35,"apeswapBuyPrice":8519.04,"uniswapv2sellprice":8476,"sushiswapv2sellprice":8470.32,"bakeryswapsellprice":8359.74,"apeswapsellprice":8460.95},{"block":11421799,"timestamp":1633177886,"swapAmountBNB":20,"uniswapv2buyprice":8519.3,"sushiswapv2buyprice":8500.02,"bakeryswapbuyprice":8649.35,"apeswapBuyPrice":8519.04,"uniswapv2sellprice":8476,"sushiswapv2sellprice":8470.32,"bakeryswapsellprice":8359.74,"apeswapsellprice":8460.95},{"block":11421800,"timestamp":1633177889,"swapAmountBNB":20,"uniswapv2buyprice":8519.3,"sushiswapv2buyprice":8500.02,"bakeryswapbuyprice":8649.35,"apeswapBuyPrice":8519.04,"uniswapv2sellprice":8475.99,"sushiswapv2sellprice":8470.32,"bakeryswapsellprice":8359.74,"apeswapsellprice":8460.95},{"block":11421801,"timestamp":1633177892,"swapAmountBNB":20,"uniswapv2buyprice":8519.27,"sushiswapv2buyprice":8500.02,"bakeryswapbuyprice":8649.35,"apeswapBuyPrice":8519.04,"uniswapv2sellprice":8475.96,"sushiswapv2sellprice":8470.32,"bakeryswapsellprice":8359.74,"apeswapsellprice":8460.95},{"block":11421802,"timestamp":1633177895,"swapAmountBNB":20,"uniswapv2buyprice":8519.27,"sushiswapv2buyprice":8500.02,"bakeryswapbuyprice":8649.35,"apeswapBuyPrice":8519.04,"uniswapv2sellprice":8475.97,"sushiswapv2sellprice":8470.32,"bakeryswapsellprice":8359.74,"apeswapsellprice":8460.95},{"block":11421803,"timestamp":1633177898,"swapAmountBNB":20,"uniswapv2buyprice":8519.28,"sushiswapv2buyprice":8507.05,"bakeryswapbuyprice":8649.35,"apeswapBuyPrice":8519.04,"uniswapv2sellprice":8475.98,"sushiswapv2sellprice":8477.32,"bakeryswapsellprice":8359.74,"apeswapsellprice":8460.95},{"block":11421804,"timestamp":1633177901,"swapAmountBNB":20,"uniswapv2buyprice":8519.21,"sushiswapv2buyprice":8507.05,"bakeryswapbuyprice":8649.35,"apeswapBuyPrice":8519.04,"uniswapv2sellprice":8475.9,"sushiswapv2sellprice":8477.32,"bakeryswapsellprice":8359.74,"apeswapsellprice":8460.95},{"block":11421805,"timestamp":1633177904,"swapAmountBNB":20,"uniswapv2buyprice":8519.22,"sushiswapv2buyprice":8507.05,"bakeryswapbuyprice":8649.35,"apeswapBuyPrice":8519.04,"uniswapv2sellprice":8475.92,"sushiswapv2sellprice":8477.32,"bakeryswapsellprice":8359.74,"apeswapsellprice":8460.95},{"block":11421806,"timestamp":1633177907,"swapAmountBNB":20,"uniswapv2buyprice":8519.85,"sushiswapv2buyprice":8507.26,"bakeryswapbuyprice":8649.35,"apeswapBuyPrice":8519.04,"uniswapv2sellprice":8476.54,"sushiswapv2sellprice":8477.53,"bakeryswapsellprice":8359.74,"apeswapsellprice":8460.95},{"block":11421807,"timestamp":1633177910,"swapAmountBNB":20,"uniswapv2buyprice":8519.85,"sushiswapv2buyprice":8507.26,"bakeryswapbuyprice":8649.35,"apeswapBuyPrice":8519.04,"uniswapv2sellprice":8476.54,"sushiswapv2sellprice":8477.53,"bakeryswapsellprice":8359.74,"apeswapsellprice":8460.95},{"block":11421808,"timestamp":1633177913,"swapAmountBNB":20,"uniswapv2buyprice":8519.71,"sushiswapv2buyprice":8507.26,"bakeryswapbuyprice":8649.35,"apeswapBuyPrice":8519.04,"uniswapv2sellprice":8476.54,"sushiswapv2sellprice":8477.53,"bakeryswapsellprice":8359.74,"apeswapsellprice":8460.95},{"block":11421809,"timestamp":1633177916,"swapAmountBNB":20,"uniswapv2buyprice":8519.71,"sushiswapv2buyprice":8507.26,"bakeryswapbuyprice":8649.35,"apeswapBuyPrice":8519.04,"uniswapv2sellprice":8476.4,"sushiswapv2sellprice":8477.53,"bakeryswapsellprice":8359.74,"apeswapsellprice":8460.95},{"block":11421810,"timestamp":1633177919,"swapAmountBNB":20,"uniswapv2buyprice":8520.04,"sushiswapv2buyprice":8507.26,"bakeryswapbuyprice":8649.35,"apeswapBuyPrice":8519.04,"uniswapv2sellprice":8476.73,"sushiswapv2sellprice":8477.53,"bakeryswapsellprice":8359.74,"apeswapsellprice":8460.95},{"block":11421811,"timestamp":1633177922,"swapAmountBNB":20,"uniswapv2buyprice":8519.93,"sushiswapv2buyprice":8507.26,"bakeryswapbuyprice":8649.35,"apeswapBuyPrice":8519.35,"uniswapv2sellprice":8476.62,"sushiswapv2sellprice":8477.53,"bakeryswapsellprice":8359.74,"apeswapsellprice":8461.26},{"block":11421812,"timestamp":1633177925,"swapAmountBNB":20,"uniswapv2buyprice":8519.92,"sushiswapv2buyprice":8507.37,"bakeryswapbuyprice":8649.35,"apeswapBuyPrice":8519.35,"uniswapv2sellprice":8476.61,"sushiswapv2sellprice":8477.63,"bakeryswapsellprice":8359.74,"apeswapsellprice":8461.26},{"block":11421813,"timestamp":1633177928,"swapAmountBNB":20,"uniswapv2buyprice":8519.84,"sushiswapv2buyprice":8507.66,"bakeryswapbuyprice":8649.35,"apeswapBuyPrice":8519.53,"uniswapv2sellprice":8476.54,"sushiswapv2sellprice":8477.93,"bakeryswapsellprice":8359.74,"apeswapsellprice":8461.43},{"block":11421814,"timestamp":1633177931,"swapAmountBNB":20,"uniswapv2buyprice":8519.84,"sushiswapv2buyprice":8507.66,"bakeryswapbuyprice":8649.35,"apeswapBuyPrice":8519.53,"uniswapv2sellprice":8476.53,"sushiswapv2sellprice":8477.93,"bakeryswapsellprice":8359.74,"apeswapsellprice":8461.43},{"block":11421815,"timestamp":1633177934,"swapAmountBNB":20,"uniswapv2buyprice":8519.81,"sushiswapv2buyprice":8507.66,"bakeryswapbuyprice":8649.35,"apeswapBuyPrice":8519.53,"uniswapv2sellprice":8476.51,"sushiswapv2sellprice":8477.93,"bakeryswapsellprice":8359.74,"apeswapsellprice":8461.43},{"block":11421816,"timestamp":1633177937,"swapAmountBNB":20,"uniswapv2buyprice":8519.78,"sushiswapv2buyprice":8507.66,"bakeryswapbuyprice":8649.35,"apeswapBuyPrice":8519.53,"uniswapv2sellprice":8476.47,"sushiswapv2sellprice":8477.93,"bakeryswapsellprice":8359.74,"apeswapsellprice":8461.43},{"block":11421817,"timestamp":1633177940,"swapAmountBNB":20,"uniswapv2buyprice":8519.75,"sushiswapv2buyprice":8507.66,"bakeryswapbuyprice":8649.35,"apeswapBuyPrice":8519.95,"uniswapv2sellprice":8476.44,"sushiswapv2sellprice":8477.93,"bakeryswapsellprice":8359.74,"apeswapsellprice":8461.85},{"block":11421818,"timestamp":1633177943,"swapAmountBNB":20,"uniswapv2buyprice":8519.75,"sushiswapv2buyprice":8507.66,"bakeryswapbuyprice":8649.35,"apeswapBuyPrice":8519.95,"uniswapv2sellprice":8476.44,"sushiswapv2sellprice":8477.93,"bakeryswapsellprice":8359.74,"apeswapsellprice":8461.85},{"block":11421819,"timestamp":1633177947,"swapAmountBNB":20,"uniswapv2buyprice":8519.7,"sushiswapv2buyprice":8507.64,"bakeryswapbuyprice":8649.35,"apeswapBuyPrice":8520.06,"uniswapv2sellprice":8476.39,"sushiswapv2sellprice":8477.91,"bakeryswapsellprice":8359.74,"apeswapsellprice":8461.96},{"block":11421819,"timestamp":1633177946,"swapAmountBNB":20,"uniswapv2buyprice":8519.7,"sushiswapv2buyprice":8507.64,"bakeryswapbuyprice":8649.35,"apeswapBuyPrice":8520.06,"uniswapv2sellprice":8476.39,"sushiswapv2sellprice":8477.91,"bakeryswapsellprice":8359.74,"apeswapsellprice":8461.96},{"block":11421820,"timestamp":1633177949,"swapAmountBNB":20,"uniswapv2buyprice":8519.65,"sushiswapv2buyprice":8507.58,"bakeryswapbuyprice":8649.35,"apeswapBuyPrice":8520.06,"uniswapv2sellprice":8476.35,"sushiswapv2sellprice":8477.85,"bakeryswapsellprice":8359.74,"apeswapsellprice":8461.96},{"block":11421821,"timestamp":1633177952,"swapAmountBNB":20,"uniswapv2buyprice":8519.62,"sushiswapv2buyprice":8507.58,"bakeryswapbuyprice":8649.35,"apeswapBuyPrice":8520.06,"uniswapv2sellprice":8476.32,"sushiswapv2sellprice":8477.85,"bakeryswapsellprice":8359.74,"apeswapsellprice":8461.96},{"block":11421822,"timestamp":1633177955,"swapAmountBNB":20,"uniswapv2buyprice":8519.62,"sushiswapv2buyprice":8500.56,"bakeryswapbuyprice":8649.35,"apeswapBuyPrice":8520.26,"uniswapv2sellprice":8476.31,"sushiswapv2sellprice":8470.86,"bakeryswapsellprice":8359.74,"apeswapsellprice":8461.96},{"block":11421823,"timestamp":1633177958,"swapAmountBNB":20,"uniswapv2buyprice":8519.51,"sushiswapv2buyprice":8500.56,"bakeryswapbuyprice":8649.35,"apeswapBuyPrice":8520.26,"uniswapv2sellprice":8476.2,"sushiswapv2sellprice":8470.86,"bakeryswapsellprice":8359.74,"apeswapsellprice":8462.16},{"block":11421824,"timestamp":1633177961,"swapAmountBNB":20,"uniswapv2buyprice":8519.54,"sushiswapv2buyprice":8500.56,"bakeryswapbuyprice":8649.35,"apeswapBuyPrice":8520.26,"uniswapv2sellprice":8476.23,"sushiswapv2sellprice":8470.86,"bakeryswapsellprice":8359.74,"apeswapsellprice":8462.16},{"block":11421825,"timestamp":1633177964,"swapAmountBNB":20,"uniswapv2buyprice":8519.53,"sushiswapv2buyprice":8500.56,"bakeryswapbuyprice":8649.35,"apeswapBuyPrice":8520.26,"uniswapv2sellprice":8476.23,"sushiswapv2sellprice":8470.86,"bakeryswapsellprice":8359.74,"apeswapsellprice":8462.16},{"block":11421826,"timestamp":1633177967,"swapAmountBNB":20,"uniswapv2buyprice":8519.51,"sushiswapv2buyprice":8500.56,"bakeryswapbuyprice":8649.35,"apeswapBuyPrice":8520.26,"uniswapv2sellprice":8476.2,"sushiswapv2sellprice":8470.86,"bakeryswapsellprice":8359.74,"apeswapsellprice":8462.16},{"block":11421827,"timestamp":1633177970,"swapAmountBNB":20,"uniswapv2buyprice":8519.53,"sushiswapv2buyprice":8500.56,"bakeryswapbuyprice":8649.35,"apeswapBuyPrice":8520.4,"uniswapv2sellprice":8476.23,"sushiswapv2sellprice":8470.86,"bakeryswapsellprice":8359.74,"apeswapsellprice":8462.3},{"block":11421828,"timestamp":1633177973,"swapAmountBNB":20,"uniswapv2buyprice":8519.46,"sushiswapv2buyprice":8500.56,"bakeryswapbuyprice":8649.35,"apeswapBuyPrice":8520.4,"uniswapv2sellprice":8476.16,"sushiswapv2sellprice":8470.86,"bakeryswapsellprice":8359.74,"apeswapsellprice":8462.3},{"block":11421829,"timestamp":1633177976,"swapAmountBNB":20,"uniswapv2buyprice":8519.46,"sushiswapv2buyprice":8500.56,"bakeryswapbuyprice":8649.35,"apeswapBuyPrice":8520.43,"uniswapv2sellprice":8476.16,"sushiswapv2sellprice":8470.86,"bakeryswapsellprice":8359.74,"apeswapsellprice":8462.33},{"block":11421830,"timestamp":1633177979,"swapAmountBNB":20,"uniswapv2buyprice":8519.46,"sushiswapv2buyprice":8500.56,"bakeryswapbuyprice":8649.35,"apeswapBuyPrice":8520.43,"uniswapv2sellprice":8476.16,"sushiswapv2sellprice":8470.86,"bakeryswapsellprice":8359.74,"apeswapsellprice":8462.33},{"block":11421831,"timestamp":1633177982,"swapAmountBNB":20,"uniswapv2buyprice":8519.43,"sushiswapv2buyprice":8500.56,"bakeryswapbuyprice":8649.35,"apeswapBuyPrice":8520.61,"uniswapv2sellprice":8476.12,"sushiswapv2sellprice":8470.86,"bakeryswapsellprice":8359.74,"apeswapsellprice":8462.31},{"block":11421832,"timestamp":1633177985,"swapAmountBNB":20,"uniswapv2buyprice":8519.82,"sushiswapv2buyprice":8500.77,"bakeryswapbuyprice":8649.35,"apeswapBuyPrice":8520.61,"uniswapv2sellprice":8476.51,"sushiswapv2sellprice":8471.06,"bakeryswapsellprice":8359.74,"apeswapsellprice":8462.51},{"block":11421833,"timestamp":1633177988,"swapAmountBNB":20,"uniswapv2buyprice":8519.83,"sushiswapv2buyprice":8500.77,"bakeryswapbuyprice":8649.35,"apeswapBuyPrice":8520.61,"uniswapv2sellprice":8476.52,"sushiswapv2sellprice":8471.06,"bakeryswapsellprice":8359.74,"apeswapsellprice":8462.51},{"block":11421834,"timestamp":1633177991,"swapAmountBNB":20,"uniswapv2buyprice":8519.81,"sushiswapv2buyprice":8501.04,"bakeryswapbuyprice":8649.35,"apeswapBuyPrice":8520.61,"uniswapv2sellprice":8476.51,"sushiswapv2sellprice":8471.34,"bakeryswapsellprice":8359.74,"apeswapsellprice":8462.51},{"block":11421835,"timestamp":1633177994,"swapAmountBNB":20,"uniswapv2buyprice":8520.27,"sushiswapv2buyprice":8501.04,"bakeryswapbuyprice":8649.35,"apeswapBuyPrice":8520.61,"uniswapv2sellprice":8476.96,"sushiswapv2sellprice":8471.34,"bakeryswapsellprice":8359.74,"apeswapsellprice":8462.51},{"block":11421836,"timestamp":1633177997,"swapAmountBNB":20,"uniswapv2buyprice":8520.29,"sushiswapv2buyprice":8501.04,"bakeryswapbuyprice":8649.35,"apeswapBuyPrice":8520.61,"uniswapv2sellprice":8476.98,"sushiswapv2sellprice":8471.34,"bakeryswapsellprice":8359.74,"apeswapsellprice":8462.51},{"block":11421837,"timestamp":1633178000,"swapAmountBNB":20,"uniswapv2buyprice":8520.29,"sushiswapv2buyprice":8501.04,"bakeryswapbuyprice":8649.35,"apeswapBuyPrice":8520.61,"uniswapv2sellprice":8476.98,"sushiswapv2sellprice":8471.34,"bakeryswapsellprice":8359.74,"apeswapsellprice":8462.51},{"block":11421838,"timestamp":1633178003,"swapAmountBNB":20,"uniswapv2buyprice":8520.02,"sushiswapv2buyprice":8501.22,"bakeryswapbuyprice":8649.35,"apeswapBuyPrice":8520.61,"uniswapv2sellprice":8476.72,"sushiswapv2sellprice":8471.52,"bakeryswapsellprice":8359.74,"apeswapsellprice":8462.51},{"block":11421839,"timestamp":1633178006,"swapAmountBNB":20,"uniswapv2buyprice":8519.74,"sushiswapv2buyprice":8501.22,"bakeryswapbuyprice":8649.35,"apeswapBuyPrice":8520.61,"uniswapv2sellprice":8476.44,"sushiswapv2sellprice":8471.52,"bakeryswapsellprice":8359.74,"apeswapsellprice":8462.51},{"block":11421840,"timestamp":1633178009,"swapAmountBNB":20,"uniswapv2buyprice":8519.84,"sushiswapv2buyprice":8501.22,"bakeryswapbuyprice":8649.35,"apeswapBuyPrice":8520.61,"uniswapv2sellprice":8476.53,"sushiswapv2sellprice":8471.52,"bakeryswapsellprice":8359.74,"apeswapsellprice":8462.51},{"block":11421841,"timestamp":1633178012,"swapAmountBNB":20,"uniswapv2buyprice":8519.79,"sushiswapv2buyprice":8501.22,"bakeryswapbuyprice":8649.35,"apeswapBuyPrice":8520.61,"uniswapv2sellprice":8476.49,"sushiswapv2sellprice":8471.52,"bakeryswapsellprice":8359.74,"apeswapsellprice":8462.51},{"block":11421842,"timestamp":1633178015,"swapAmountBNB":20,"uniswapv2buyprice":8519.86,"sushiswapv2buyprice":8501.22,"bakeryswapbuyprice":8649.35,"apeswapBuyPrice":8520.61,"uniswapv2sellprice":8476.56,"sushiswapv2sellprice":8471.52,"bakeryswapsellprice":8359.74,"apeswapsellprice":8462.51},{"block":11421843,"timestamp":1633178018,"swapAmountBNB":20,"uniswapv2buyprice":8519.87,"sushiswapv2buyprice":8494.21,"bakeryswapbuyprice":8649.35,"apeswapBuyPrice":8520.61,"uniswapv2sellprice":8476.57,"sushiswapv2sellprice":8464.54,"bakeryswapsellprice":8359.74,"apeswapsellprice":8462.51},{"block":11421844,"timestamp":1633178021,"swapAmountBNB":20,"uniswapv2buyprice":8520.11,"sushiswapv2buyprice":8494.21,"bakeryswapbuyprice":8649.35,"apeswapBuyPrice":8520.61,"uniswapv2sellprice":8476.81,"sushiswapv2sellprice":8464.54,"bakeryswapsellprice":8359.74,"apeswapsellprice":8462.51},{"block":11421845,"timestamp":1633178024,"swapAmountBNB":20,"uniswapv2buyprice":8520.1,"sushiswapv2buyprice":8494.5,"bakeryswapbuyprice":8649.35,"apeswapBuyPrice":8520.61,"uniswapv2sellprice":8476.79,"sushiswapv2sellprice":8464.82,"bakeryswapsellprice":8359.74,"apeswapsellprice":8462.51},{"block":11421846,"timestamp":1633178027,"swapAmountBNB":20,"uniswapv2buyprice":8520.18,"sushiswapv2buyprice":8495.03,"bakeryswapbuyprice":8649.35,"apeswapBuyPrice":8520.61,"uniswapv2sellprice":8476.87,"sushiswapv2sellprice":8465.35,"bakeryswapsellprice":8359.74,"apeswapsellprice":8462.51},{"block":11421847,"timestamp":1633178030,"swapAmountBNB":20,"uniswapv2buyprice":8520.16,"sushiswapv2buyprice":8495.03,"bakeryswapbuyprice":8649.35,"apeswapBuyPrice":8520.61,"uniswapv2sellprice":8476.85,"sushiswapv2sellprice":8465.35,"bakeryswapsellprice":8359.74,"apeswapsellprice":8462.51},{"block":11421848,"timestamp":1633178033,"swapAmountBNB":20,"uniswapv2buyprice":8520.4,"sushiswapv2buyprice":8495.03,"bakeryswapbuyprice":8649.35,"apeswapBuyPrice":8520.61,"uniswapv2sellprice":8477.09,"sushiswapv2sellprice":8465.35,"bakeryswapsellprice":8359.74,"apeswapsellprice":8462.51},{"block":11421849,"timestamp":1633178036,"swapAmountBNB":20,"uniswapv2buyprice":8520.36,"sushiswapv2buyprice":8495.03,"bakeryswapbuyprice":8649.35,"apeswapBuyPrice":8520.61,"uniswapv2sellprice":8477.05,"sushiswapv2sellprice":8465.35,"bakeryswapsellprice":8359.74,"apeswapsellprice":8462.51},{"block":11421850,"timestamp":1633178039,"swapAmountBNB":20,"uniswapv2buyprice":8520.29,"sushiswapv2buyprice":8495.03,"bakeryswapbuyprice":8649.35,"apeswapBuyPrice":8520.61,"uniswapv2sellprice":8476.98,"sushiswapv2sellprice":8465.35,"bakeryswapsellprice":8359.74,"apeswapsellprice":8462.51},{"block":11421851,"timestamp":1633178042,"swapAmountBNB":20,"uniswapv2buyprice":8520.18,"sushiswapv2buyprice":8495.03,"bakeryswapbuyprice":8649.35,"apeswapBuyPrice":8516.35,"uniswapv2sellprice":8476.87,"sushiswapv2sellprice":8465.35,"bakeryswapsellprice":8359.74,"apeswapsellprice":8458.28},{"block":11421852,"timestamp":1633178045,"swapAmountBNB":20,"uniswapv2buyprice":8520.18,"sushiswapv2buyprice":8495.03,"bakeryswapbuyprice":8649.35,"apeswapBuyPrice":8516.35,"uniswapv2sellprice":8476.87,"sushiswapv2sellprice":8465.35,"bakeryswapsellprice":8359.74,"apeswapsellprice":8458.28},{"block":11421853,"timestamp":1633178048,"swapAmountBNB":20,"uniswapv2buyprice":8520.09,"sushiswapv2buyprice":8495.02,"bakeryswapbuyprice":8649.35,"apeswapBuyPrice":8516.35,"uniswapv2sellprice":8476.79,"sushiswapv2sellprice":8465.34,"bakeryswapsellprice":8359.74,"apeswapsellprice":8458.28},{"block":11421854,"timestamp":1633178051,"swapAmountBNB":20,"uniswapv2buyprice":8520.06,"sushiswapv2buyprice":8495.02,"bakeryswapbuyprice":8649.35,"apeswapBuyPrice":8516.35,"uniswapv2sellprice":8476.75,"sushiswapv2sellprice":8465.34,"bakeryswapsellprice":8359.74,"apeswapsellprice":8458.28},{"block":11421855,"timestamp":1633178054,"swapAmountBNB":20,"uniswapv2buyprice":8520.06,"sushiswapv2buyprice":8495.02,"bakeryswapbuyprice":8649.35,"apeswapBuyPrice":8516.35,"uniswapv2sellprice":8476.75,"sushiswapv2sellprice":8465.34,"bakeryswapsellprice":8359.74,"apeswapsellprice":8458.28},{"block":11421856,"timestamp":1633178057,"swapAmountBNB":20,"uniswapv2buyprice":8520.09,"sushiswapv2buyprice":8495.02,"bakeryswapbuyprice":8649.35,"apeswapBuyPrice":8516.78,"uniswapv2sellprice":8476.78,"sushiswapv2sellprice":8465.34,"bakeryswapsellprice":8359.74,"apeswapsellprice":8458.28},{"block":11421857,"timestamp":1633178060,"swapAmountBNB":20,"uniswapv2buyprice":8518.21,"sushiswapv2buyprice":8496.39,"bakeryswapbuyprice":8649.35,"apeswapBuyPrice":8516.78,"uniswapv2sellprice":8474.91,"sushiswapv2sellprice":8466.7,"bakeryswapsellprice":8359.74,"apeswapsellprice":8458.71},{"block":11421858,"timestamp":1633178063,"swapAmountBNB":20,"uniswapv2buyprice":8518.24,"sushiswapv2buyprice":8496.39,"bakeryswapbuyprice":8649.35,"apeswapBuyPrice":8516.78,"uniswapv2sellprice":8474.95,"sushiswapv2sellprice":8466.7,"bakeryswapsellprice":8359.74,"apeswapsellprice":8458.71},{"block":11421859,"timestamp":1633178066,"swapAmountBNB":20,"uniswapv2buyprice":8518.04,"sushiswapv2buyprice":8492.86,"bakeryswapbuyprice":8649.35,"apeswapBuyPrice":8516.78,"uniswapv2sellprice":8474.74,"sushiswapv2sellprice":8463.19,"bakeryswapsellprice":8359.74,"apeswapsellprice":8458.71},{"block":11421860,"timestamp":1633178069,"swapAmountBNB":20,"uniswapv2buyprice":8518.04,"sushiswapv2buyprice":8492.89,"bakeryswapbuyprice":8649.35,"apeswapBuyPrice":8516.78,"uniswapv2sellprice":8474.75,"sushiswapv2sellprice":8463.22,"bakeryswapsellprice":8359.74,"apeswapsellprice":8458.71},{"block":11421861,"timestamp":1633178072,"swapAmountBNB":20,"uniswapv2buyprice":8511.14,"sushiswapv2buyprice":8492.89,"bakeryswapbuyprice":8649.35,"apeswapBuyPrice":8516.78,"uniswapv2sellprice":8467.88,"sushiswapv2sellprice":8463.22,"bakeryswapsellprice":8359.74,"apeswapsellprice":8458.71},{"block":11421862,"timestamp":1633178075,"swapAmountBNB":20,"uniswapv2buyprice":8511.22,"sushiswapv2buyprice":8486.89,"bakeryswapbuyprice":8649.35,"apeswapBuyPrice":8519.84,"uniswapv2sellprice":8467.96,"sushiswapv2sellprice":8457.24,"bakeryswapsellprice":8359.74,"apeswapsellprice":8461.75},{"block":11421863,"timestamp":1633178078,"swapAmountBNB":20,"uniswapv2buyprice":8510.74,"sushiswapv2buyprice":8515.39,"bakeryswapbuyprice":8649.35,"apeswapBuyPrice":8519.84,"uniswapv2sellprice":8467.48,"sushiswapv2sellprice":8485.62,"bakeryswapsellprice":8359.74,"apeswapsellprice":8461.75},{"block":11421864,"timestamp":1633178081,"swapAmountBNB":20,"uniswapv2buyprice":8510.65,"sushiswapv2buyprice":8515.39,"bakeryswapbuyprice":8649.35,"apeswapBuyPrice":8519.98,"uniswapv2sellprice":8467.39,"sushiswapv2sellprice":8485.62,"bakeryswapsellprice":8359.74,"apeswapsellprice":8461.88},{"block":11421865,"timestamp":1633178084,"swapAmountBNB":20,"uniswapv2buyprice":8510.35,"sushiswapv2buyprice":8489.22,"bakeryswapbuyprice":8649.35,"apeswapBuyPrice":8519.7,"uniswapv2sellprice":8467.09,"sushiswapv2sellprice":8459.56,"bakeryswapsellprice":8359.74,"apeswapsellprice":8461.6},{"block":11421866,"timestamp":1633178087,"swapAmountBNB":20,"uniswapv2buyprice":8510.41,"sushiswapv2buyprice":8480.19,"bakeryswapbuyprice":8649.35,"apeswapBuyPrice":8519.7,"uniswapv2sellprice":8467.15,"sushiswapv2sellprice":8450.57,"bakeryswapsellprice":8359.74,"apeswapsellprice":8461.6},{"block":11421867,"timestamp":1633178090,"swapAmountBNB":20,"uniswapv2buyprice":8509.6,"sushiswapv2buyprice":8481.98,"bakeryswapbuyprice":8649.35,"apeswapBuyPrice":8519.7,"uniswapv2sellprice":8466.35,"sushiswapv2sellprice":8452.35,"bakeryswapsellprice":8359.74,"apeswapsellprice":8461.6},{"block":11421868,"timestamp":1633178093,"swapAmountBNB":20,"uniswapv2buyprice":8509.57,"sushiswapv2buyprice":8486.79,"bakeryswapbuyprice":8649.35,"apeswapBuyPrice":8519.7,"uniswapv2sellprice":8466.32,"sushiswapv2sellprice":8456.91,"bakeryswapsellprice":8359.74,"apeswapsellprice":8461.6},{"block":11421869,"timestamp":1633178096,"swapAmountBNB":20,"uniswapv2buyprice":8509.17,"sushiswapv2buyprice":8486.79,"bakeryswapbuyprice":8649.35,"apeswapBuyPrice":8519.7,"uniswapv2sellprice":8465.92,"sushiswapv2sellprice":8457.15,"bakeryswapsellprice":8359.74,"apeswapsellprice":8461.6},{"block":11421870,"timestamp":1633178099,"swapAmountBNB":20,"uniswapv2buyprice":8510.06,"sushiswapv2buyprice":8486.79,"bakeryswapbuyprice":8649.35,"apeswapBuyPrice":8519.7,"uniswapv2sellprice":8466.8,"sushiswapv2sellprice":8457.15,"bakeryswapsellprice":8359.74,"apeswapsellprice":8461.6},{"block":11421871,"timestamp":1633178102,"swapAmountBNB":20,"uniswapv2buyprice":8510.23,"sushiswapv2buyprice":8486.79,"bakeryswapbuyprice":8649.35,"apeswapBuyPrice":8519.7,"uniswapv2sellprice":8466.98,"sushiswapv2sellprice":8457.15,"bakeryswapsellprice":8359.74,"apeswapsellprice":8461.6},{"block":11421872,"timestamp":1633178105,"swapAmountBNB":20,"uniswapv2buyprice":8510.1,"sushiswapv2buyprice":8486.79,"bakeryswapbuyprice":8649.35,"apeswapBuyPrice":8519.7,"uniswapv2sellprice":8466.85,"sushiswapv2sellprice":8457.15,"bakeryswapsellprice":8359.74,"apeswapsellprice":8461.6},{"block":11421873,"timestamp":1633178108,"swapAmountBNB":20,"uniswapv2buyprice":8510.01,"sushiswapv2buyprice":8486.79,"bakeryswapbuyprice":8649.35,"apeswapBuyPrice":8519.7,"uniswapv2sellprice":8466.85,"sushiswapv2sellprice":8457.15,"bakeryswapsellprice":8359.74,"apeswapsellprice":8461.6},{"block":11421874,"timestamp":1633178111,"swapAmountBNB":20,"uniswapv2buyprice":8510.01,"sushiswapv2buyprice":8486.79,"bakeryswapbuyprice":8649.35,"apeswapBuyPrice":8519.7,"uniswapv2sellprice":8466.75,"sushiswapv2sellprice":8457.15,"bakeryswapsellprice":8359.74,"apeswapsellprice":8461.6},{"block":11421875,"timestamp":1633178114,"swapAmountBNB":20,"uniswapv2buyprice":8510.07,"sushiswapv2buyprice":8486.79,"bakeryswapbuyprice":8649.35,"apeswapBuyPrice":8519.83,"uniswapv2sellprice":8466.81,"sushiswapv2sellprice":8457.15,"bakeryswapsellprice":8359.74,"apeswapsellprice":8461.74},{"block":11421876,"timestamp":1633178117,"swapAmountBNB":20,"uniswapv2buyprice":8510.06,"sushiswapv2buyprice":8487.31,"bakeryswapbuyprice":8649.35,"apeswapBuyPrice":8519.83,"uniswapv2sellprice":8466.8,"sushiswapv2sellprice":8457.66,"bakeryswapsellprice":8359.74,"apeswapsellprice":8461.74},{"block":11421877,"timestamp":1633178120,"swapAmountBNB":20,"uniswapv2buyprice":8510.07,"sushiswapv2buyprice":8487.31,"bakeryswapbuyprice":8649.35,"apeswapBuyPrice":8519.83,"uniswapv2sellprice":8466.81,"sushiswapv2sellprice":8457.66,"bakeryswapsellprice":8359.74,"apeswapsellprice":8461.74},{"block":11421878,"timestamp":1633178123,"swapAmountBNB":20,"uniswapv2buyprice":8510.07,"sushiswapv2buyprice":8487.31,"bakeryswapbuyprice":8649.35,"apeswapBuyPrice":8519.83,"uniswapv2sellprice":8466.82,"sushiswapv2sellprice":8457.66,"bakeryswapsellprice":8359.74,"apeswapsellprice":8461.74},{"block":11421879,"timestamp":1633178126,"swapAmountBNB":20,"uniswapv2buyprice":8510.08,"sushiswapv2buyprice":8487.31,"bakeryswapbuyprice":8649.35,"apeswapBuyPrice":8519.83,"uniswapv2sellprice":8466.83,"sushiswapv2sellprice":8457.66,"bakeryswapsellprice":8359.74,"apeswapsellprice":8461.74},{"block":11421880,"timestamp":1633178129,"swapAmountBNB":20,"uniswapv2buyprice":8510.17,"sushiswapv2buyprice":8487.55,"bakeryswapbuyprice":8649.35,"apeswapBuyPrice":8508.95,"uniswapv2sellprice":8466.91,"sushiswapv2sellprice":8457.9,"bakeryswapsellprice":8359.74,"apeswapsellprice":8450.95},{"block":11421881,"timestamp":1633178132,"swapAmountBNB":20,"uniswapv2buyprice":8509.81,"sushiswapv2buyprice":8487.55,"bakeryswapbuyprice":8649.35,"apeswapBuyPrice":8508.95,"uniswapv2sellprice":8466.56,"sushiswapv2sellprice":8457.9,"bakeryswapsellprice":8359.74,"apeswapsellprice":8450.95},{"block":11421882,"timestamp":1633178135,"swapAmountBNB":20,"uniswapv2buyprice":8509.76,"sushiswapv2buyprice":8487.55,"bakeryswapbuyprice":8649.35,"apeswapBuyPrice":8508.95,"uniswapv2sellprice":8466.51,"sushiswapv2sellprice":8457.9,"bakeryswapsellprice":8359.74,"apeswapsellprice":8450.95},{"block":11421883,"timestamp":1633178138,"swapAmountBNB":20,"uniswapv2buyprice":8509.82,"sushiswapv2buyprice":8487.55,"bakeryswapbuyprice":8649.35,"apeswapBuyPrice":8508.95,"uniswapv2sellprice":8466.57,"sushiswapv2sellprice":8457.9,"bakeryswapsellprice":8359.74,"apeswapsellprice":8450.95},{"block":11421884,"timestamp":1633178141,"swapAmountBNB":20,"uniswapv2buyprice":8509.86,"sushiswapv2buyprice":8493.52,"bakeryswapbuyprice":8649.35,"apeswapBuyPrice":8508.95,"uniswapv2sellprice":8466.6,"sushiswapv2sellprice":8463.84,"bakeryswapsellprice":8359.74,"apeswapsellprice":8450.95},{"block":11421885,"timestamp":1633178144,"swapAmountBNB":20,"uniswapv2buyprice":8509.88,"sushiswapv2buyprice":8493.52,"bakeryswapbuyprice":8649.35,"apeswapBuyPrice":8508.95,"uniswapv2sellprice":8466.63,"sushiswapv2sellprice":8463.84,"bakeryswapsellprice":8359.74,"apeswapsellprice":8450.95},{"block":11421886,"timestamp":1633178147,"swapAmountBNB":20,"uniswapv2buyprice":8509.88,"sushiswapv2buyprice":8486.52,"bakeryswapbuyprice":8649.35,"apeswapBuyPrice":8508.95,"uniswapv2sellprice":8466.63,"sushiswapv2sellprice":8456.87,"bakeryswapsellprice":8359.74,"apeswapsellprice":8450.95},{"block":11421887,"timestamp":1633178150,"swapAmountBNB":20,"uniswapv2buyprice":8509.77,"sushiswapv2buyprice":8486.56,"bakeryswapbuyprice":8649.35,"apeswapBuyPrice":8508.95,"uniswapv2sellprice":8466.51,"sushiswapv2sellprice":8456.92,"bakeryswapsellprice":8359.74,"apeswapsellprice":8450.95},{"block":11421888,"timestamp":1633178153,"swapAmountBNB":20,"uniswapv2buyprice":8510.05,"sushiswapv2buyprice":8488.42,"bakeryswapbuyprice":8649.35,"apeswapBuyPrice":8508.95,"uniswapv2sellprice":8466.8,"sushiswapv2sellprice":8458.77,"bakeryswapsellprice":8359.74,"apeswapsellprice":8450.95},{"block":11421889,"timestamp":1633178156,"swapAmountBNB":20,"uniswapv2buyprice":8509.94,"sushiswapv2buyprice":8483.14,"bakeryswapbuyprice":8649.35,"apeswapBuyPrice":8508.95,"uniswapv2sellprice":8466.69,"sushiswapv2sellprice":8453.5,"bakeryswapsellprice":8359.74,"apeswapsellprice":8450.95},{"block":11421890,"timestamp":1633178159,"swapAmountBNB":20,"uniswapv2buyprice":8510.17,"sushiswapv2buyprice":8483.14,"bakeryswapbuyprice":8649.35,"apeswapBuyPrice":8508.95,"uniswapv2sellprice":8466.91,"sushiswapv2sellprice":8453.5,"bakeryswapsellprice":8359.74,"apeswapsellprice":8450.95},{"block":11421891,"timestamp":1633178162,"swapAmountBNB":20,"uniswapv2buyprice":8510.24,"sushiswapv2buyprice":8484.5,"bakeryswapbuyprice":8649.35,"apeswapBuyPrice":8508.97,"uniswapv2sellprice":8466.98,"sushiswapv2sellprice":8454.86,"bakeryswapsellprice":8359.74,"apeswapsellprice":8450.96},{"block":11421892,"timestamp":1633178165,"swapAmountBNB":20,"uniswapv2buyprice":8510.22,"sushiswapv2buyprice":8485.57,"bakeryswapbuyprice":8649.35,"apeswapBuyPrice":8508.97,"uniswapv2sellprice":8466.97,"sushiswapv2sellprice":8455.93,"bakeryswapsellprice":8359.74,"apeswapsellprice":8450.96},{"block":11421893,"timestamp":1633178168,"swapAmountBNB":20,"uniswapv2buyprice":8510.22,"sushiswapv2buyprice":8485.57,"bakeryswapbuyprice":8634.89,"apeswapBuyPrice":8508.97,"uniswapv2sellprice":8466.97,"sushiswapv2sellprice":8455.93,"bakeryswapsellprice":8345.97,"apeswapsellprice":8450.96},{"block":11421894,"timestamp":1633178171,"swapAmountBNB":20,"uniswapv2buyprice":8510.49,"sushiswapv2buyprice":8485.57,"bakeryswapbuyprice":8634.89,"apeswapBuyPrice":8508.97,"uniswapv2sellprice":8467.23,"sushiswapv2sellprice":8455.93,"bakeryswapsellprice":8345.97,"apeswapsellprice":8450.96},{"block":11421895,"timestamp":1633178174,"swapAmountBNB":20,"uniswapv2buyprice":8510.27,"sushiswapv2buyprice":8485.57,"bakeryswapbuyprice":8634.89,"apeswapBuyPrice":8508.97,"uniswapv2sellprice":8467.01,"sushiswapv2sellprice":8455.93,"bakeryswapsellprice":8345.97,"apeswapsellprice":8450.96},{"block":11421896,"timestamp":1633178177,"swapAmountBNB":20,"uniswapv2buyprice":8510.27,"sushiswapv2buyprice":8491.58,"bakeryswapbuyprice":8634.89,"apeswapBuyPrice":8509.08,"uniswapv2sellprice":8467.02,"sushiswapv2sellprice":8461.91,"bakeryswapsellprice":8345.97,"apeswapsellprice":8451.07},{"block":11421897,"timestamp":1633178180,"swapAmountBNB":20,"uniswapv2buyprice":8508.94,"sushiswapv2buyprice":8491.58,"bakeryswapbuyprice":8634.89,"apeswapBuyPrice":8509.08,"uniswapv2sellprice":8465.69,"sushiswapv2sellprice":8461.91,"bakeryswapsellprice":8345.97,"apeswapsellprice":8451.07},{"block":11421898,"timestamp":1633178183,"swapAmountBNB":20,"uniswapv2buyprice":8508.98,"sushiswapv2buyprice":8484.58,"bakeryswapbuyprice":8634.89,"apeswapBuyPrice":8509.08,"uniswapv2sellprice":8465.73,"sushiswapv2sellprice":8454.94,"bakeryswapsellprice":8345.97,"apeswapsellprice":8451.07},{"block":11421899,"timestamp":1633178186,"swapAmountBNB":20,"uniswapv2buyprice":8508.98,"sushiswapv2buyprice":8484.58,"bakeryswapbuyprice":8634.89,"apeswapBuyPrice":8509.08,"uniswapv2sellprice":8465.73,"sushiswapv2sellprice":8454.94,"bakeryswapsellprice":8345.97,"apeswapsellprice":8451.07},{"block":11421900,"timestamp":1633178189,"swapAmountBNB":20,"uniswapv2buyprice":8508.79,"sushiswapv2buyprice":8484.58,"bakeryswapbuyprice":8634.89,"apeswapBuyPrice":8509.08,"uniswapv2sellprice":8465.54,"sushiswapv2sellprice":8454.94,"bakeryswapsellprice":8345.97,"apeswapsellprice":8451.07},{"block":11421901,"timestamp":1633178192,"swapAmountBNB":20,"uniswapv2buyprice":8508.81,"sushiswapv2buyprice":8484.58,"bakeryswapbuyprice":8634.89,"apeswapBuyPrice":8509.17,"uniswapv2sellprice":8465.56,"sushiswapv2sellprice":8454.94,"bakeryswapsellprice":8345.97,"apeswapsellprice":8451.16},{"block":11421902,"timestamp":1633178195,"swapAmountBNB":20,"uniswapv2buyprice":8508.65,"sushiswapv2buyprice":8484.66,"bakeryswapbuyprice":8634.89,"apeswapBuyPrice":8509.17,"uniswapv2sellprice":8465.4,"sushiswapv2sellprice":8455.02,"bakeryswapsellprice":8345.97,"apeswapsellprice":8451.16},{"block":11421903,"timestamp":1633178198,"swapAmountBNB":20,"uniswapv2buyprice":8508.53,"sushiswapv2buyprice":8484.66,"bakeryswapbuyprice":8634.89,"apeswapBuyPrice":8509.17,"uniswapv2sellprice":8465.28,"sushiswapv2sellprice":8455.02,"bakeryswapsellprice":8345.97,"apeswapsellprice":8451.16},{"block":11421904,"timestamp":1633178201,"swapAmountBNB":20,"uniswapv2buyprice":8508.46,"sushiswapv2buyprice":8484.67,"bakeryswapbuyprice":8634.89,"apeswapBuyPrice":8509.17,"uniswapv2sellprice":8465.22,"sushiswapv2sellprice":8455.03,"bakeryswapsellprice":8345.97,"apeswapsellprice":8451.16},{"block":11421905,"timestamp":1633178204,"swapAmountBNB":20,"uniswapv2buyprice":8508.46,"sushiswapv2buyprice":8484.67,"bakeryswapbuyprice":8634.89,"apeswapBuyPrice":8509.17,"uniswapv2sellprice":8465.22,"sushiswapv2sellprice":8455.03,"bakeryswapsellprice":8345.97,"apeswapsellprice":8451.16},{"block":11421906,"timestamp":1633178207,"swapAmountBNB":20,"uniswapv2buyprice":8508.41,"sushiswapv2buyprice":8484.67,"bakeryswapbuyprice":8634.89,"apeswapBuyPrice":8509.17,"uniswapv2sellprice":8465.16,"sushiswapv2sellprice":8455.03,"bakeryswapsellprice":8345.97,"apeswapsellprice":8451.16},{"block":11421907,"timestamp":1633178210,"swapAmountBNB":20,"uniswapv2buyprice":8508.38,"sushiswapv2buyprice":8486.03,"bakeryswapbuyprice":8634.89,"apeswapBuyPrice":8509.17,"uniswapv2sellprice":8465.14,"sushiswapv2sellprice":8456.38,"bakeryswapsellprice":8345.97,"apeswapsellprice":8451.16},{"block":11421908,"timestamp":1633178213,"swapAmountBNB":20,"uniswapv2buyprice":8508.44,"sushiswapv2buyprice":8486.4,"bakeryswapbuyprice":8634.89,"apeswapBuyPrice":8509.17,"uniswapv2sellprice":8465.2,"sushiswapv2sellprice":8456.76,"bakeryswapsellprice":8345.97,"apeswapsellprice":8451.16},{"block":11421909,"timestamp":1633178216,"swapAmountBNB":20,"uniswapv2buyprice":8508.49,"sushiswapv2buyprice":8486.72,"bakeryswapbuyprice":8634.89,"apeswapBuyPrice":8504.83,"uniswapv2sellprice":8465.24,"sushiswapv2sellprice":8457.07,"bakeryswapsellprice":8345.97,"apeswapsellprice":8446.86},{"block":11421910,"timestamp":1633178219,"swapAmountBNB":20,"uniswapv2buyprice":8507.85,"sushiswapv2buyprice":8486.72,"bakeryswapbuyprice":8634.89,"apeswapBuyPrice":8504.83,"uniswapv2sellprice":8464.61,"sushiswapv2sellprice":8457.07,"bakeryswapsellprice":8345.97,"apeswapsellprice":8446.86},{"block":11421911,"timestamp":1633178222,"swapAmountBNB":20,"uniswapv2buyprice":8507.58,"sushiswapv2buyprice":8486.72,"bakeryswapbuyprice":8634.89,"apeswapBuyPrice":8509.1,"uniswapv2sellprice":8464.34,"sushiswapv2sellprice":8457.07,"bakeryswapsellprice":8345.97,"apeswapsellprice":8451.09},{"block":11421912,"timestamp":1633178225,"swapAmountBNB":20,"uniswapv2buyprice":8507.58,"sushiswapv2buyprice":8486.72,"bakeryswapbuyprice":8634.89,"apeswapBuyPrice":8509.1,"uniswapv2sellprice":8464.34,"sushiswapv2sellprice":8457.07,"bakeryswapsellprice":8345.97,"apeswapsellprice":8451.09},{"block":11421913,"timestamp":1633178228,"swapAmountBNB":20,"uniswapv2buyprice":8507.59,"sushiswapv2buyprice":8487.24,"bakeryswapbuyprice":8634.89,"apeswapBuyPrice":8509.1,"uniswapv2sellprice":8464.35,"sushiswapv2sellprice":8457.07,"bakeryswapsellprice":8345.97,"apeswapsellprice":8451.09},{"block":11421914,"timestamp":1633178231,"swapAmountBNB":20,"uniswapv2buyprice":8507.69,"sushiswapv2buyprice":8487.24,"bakeryswapbuyprice":8634.89,"apeswapBuyPrice":8509.1,"uniswapv2sellprice":8464.45,"sushiswapv2sellprice":8457.59,"bakeryswapsellprice":8345.97,"apeswapsellprice":8451.09},{"block":11421915,"timestamp":1633178234,"swapAmountBNB":20,"uniswapv2buyprice":8496.58,"sushiswapv2buyprice":8487.24,"bakeryswapbuyprice":8634.89,"apeswapBuyPrice":8503.24,"uniswapv2sellprice":8453.39,"sushiswapv2sellprice":8457.59,"bakeryswapsellprice":8345.97,"apeswapsellprice":8445.28},{"block":11421916,"timestamp":1633178237,"swapAmountBNB":20,"uniswapv2buyprice":8496.51,"sushiswapv2buyprice":8487.24,"bakeryswapbuyprice":8634.89,"apeswapBuyPrice":8503.24,"uniswapv2sellprice":8453.32,"sushiswapv2sellprice":8457.59,"bakeryswapsellprice":8345.97,"apeswapsellprice":8445.28},{"block":11421917,"timestamp":1633178240,"swapAmountBNB":20,"uniswapv2buyprice":8496.51,"sushiswapv2buyprice":8487.24,"bakeryswapbuyprice":8634.89,"apeswapBuyPrice":8503.15,"uniswapv2sellprice":8453.33,"sushiswapv2sellprice":8457.59,"bakeryswapsellprice":8345.97,"apeswapsellprice":8445.19},{"block":11421918,"timestamp":1633178243,"swapAmountBNB":20,"uniswapv2buyprice":8496.63,"sushiswapv2buyprice":8487.69,"bakeryswapbuyprice":8634.89,"apeswapBuyPrice":8503.15,"uniswapv2sellprice":8453.44,"sushiswapv2sellprice":8458.04,"bakeryswapsellprice":8345.97,"apeswapsellprice":8445.19},{"block":11421919,"timestamp":1633178246,"swapAmountBNB":20,"uniswapv2buyprice":8496.95,"sushiswapv2buyprice":8488.78,"bakeryswapbuyprice":8634.89,"apeswapBuyPrice":8503.15,"uniswapv2sellprice":8453.76,"sushiswapv2sellprice":8459.13,"bakeryswapsellprice":8345.97,"apeswapsellprice":8445.19},{"block":11421920,"timestamp":1633178249,"swapAmountBNB":20,"uniswapv2buyprice":8496.95,"sushiswapv2buyprice":8488.78,"bakeryswapbuyprice":8634.89,"apeswapBuyPrice":8503.15,"uniswapv2sellprice":8453.77,"sushiswapv2sellprice":8459.13,"bakeryswapsellprice":8345.97,"apeswapsellprice":8445.19},{"block":11421921,"timestamp":1633178252,"swapAmountBNB":20,"uniswapv2buyprice":8496.95,"sushiswapv2buyprice":8488.78,"bakeryswapbuyprice":8634.89,"apeswapBuyPrice":8503.15,"uniswapv2sellprice":8453.76,"sushiswapv2sellprice":8459.13,"bakeryswapsellprice":8345.97,"apeswapsellprice":8445.19},{"block":11421922,"timestamp":1633178255,"swapAmountBNB":20,"uniswapv2buyprice":8496.95,"sushiswapv2buyprice":8488.78,"bakeryswapbuyprice":8634.89,"apeswapBuyPrice":8503.15,"uniswapv2sellprice":8453.76,"sushiswapv2sellprice":8459.13,"bakeryswapsellprice":8345.97,"apeswapsellprice":8445.19},{"block":11421923,"timestamp":1633178258,"swapAmountBNB":20,"uniswapv2buyprice":8496.93,"sushiswapv2buyprice":8488.78,"bakeryswapbuyprice":8634.89,"apeswapBuyPrice":8503.15,"uniswapv2sellprice":8453.74,"sushiswapv2sellprice":8459.13,"bakeryswapsellprice":8345.97,"apeswapsellprice":8445.19},{"block":11421924,"timestamp":1633178261,"swapAmountBNB":20,"uniswapv2buyprice":8496.93,"sushiswapv2buyprice":8488.78,"bakeryswapbuyprice":8634.89,"apeswapBuyPrice":8503.15,"uniswapv2sellprice":8453.74,"sushiswapv2sellprice":8459.13,"bakeryswapsellprice":8345.97,"apeswapsellprice":8445.19},{"block":11421925,"timestamp":1633178264,"swapAmountBNB":20,"uniswapv2buyprice":8496.87,"sushiswapv2buyprice":8488.78,"bakeryswapbuyprice":8634.89,"apeswapBuyPrice":8503.15,"uniswapv2sellprice":8453.69,"sushiswapv2sellprice":8459.13,"bakeryswapsellprice":8345.97,"apeswapsellprice":8445.19},{"block":11421926,"timestamp":1633178267,"swapAmountBNB":20,"uniswapv2buyprice":8497.05,"sushiswapv2buyprice":8488.78,"bakeryswapbuyprice":8634.89,"apeswapBuyPrice":8503.15,"uniswapv2sellprice":8453.86,"sushiswapv2sellprice":8459.13,"bakeryswapsellprice":8345.97,"apeswapsellprice":8445.19},{"block":11421927,"timestamp":1633178270,"swapAmountBNB":20,"uniswapv2buyprice":8496.99,"sushiswapv2buyprice":8488.78,"bakeryswapbuyprice":8634.89,"apeswapBuyPrice":8503.15,"uniswapv2sellprice":8453.81,"sushiswapv2sellprice":8459.13,"bakeryswapsellprice":8345.97,"apeswapsellprice":8445.19},{"block":11421928,"timestamp":1633178273,"swapAmountBNB":20,"uniswapv2buyprice":8497.02,"sushiswapv2buyprice":8488.78,"bakeryswapbuyprice":8634.89,"apeswapBuyPrice":8503.15,"uniswapv2sellprice":8453.84,"sushiswapv2sellprice":8459.13,"bakeryswapsellprice":8345.97,"apeswapsellprice":8445.19},{"block":11421929,"timestamp":1633178276,"swapAmountBNB":20,"uniswapv2buyprice":8496.89,"sushiswapv2buyprice":8488.95,"bakeryswapbuyprice":8634.89,"apeswapBuyPrice":8503.15,"uniswapv2sellprice":8453.71,"sushiswapv2sellprice":8459.3,"bakeryswapsellprice":8345.97,"apeswapsellprice":8445.19},{"block":11421930,"timestamp":1633178279,"swapAmountBNB":20,"uniswapv2buyprice":8496.88,"sushiswapv2buyprice":8488.74,"bakeryswapbuyprice":8634.89,"apeswapBuyPrice":8503.15,"uniswapv2sellprice":8453.69,"sushiswapv2sellprice":8459.09,"bakeryswapsellprice":8345.97,"apeswapsellprice":8445.19},{"block":11421931,"timestamp":1633178282,"swapAmountBNB":20,"uniswapv2buyprice":8496.92,"sushiswapv2buyprice":8488.74,"bakeryswapbuyprice":8634.89,"apeswapBuyPrice":8503.15,"uniswapv2sellprice":8453.73,"sushiswapv2sellprice":8459.09,"bakeryswapsellprice":8345.97,"apeswapsellprice":8445.19},{"block":11421932,"timestamp":1633178285,"swapAmountBNB":20,"uniswapv2buyprice":8496.88,"sushiswapv2buyprice":8488.74,"bakeryswapbuyprice":8634.89,"apeswapBuyPrice":8503.15,"uniswapv2sellprice":8453.69,"sushiswapv2sellprice":8459.09,"bakeryswapsellprice":8345.97,"apeswapsellprice":8445.19},{"block":11421933,"timestamp":1633178288,"swapAmountBNB":20,"uniswapv2buyprice":8496.93,"sushiswapv2buyprice":8488.74,"bakeryswapbuyprice":8634.89,"apeswapBuyPrice":8503.15,"uniswapv2sellprice":8453.75,"sushiswapv2sellprice":8459.09,"bakeryswapsellprice":8345.97,"apeswapsellprice":8445.19},{"block":11421934,"timestamp":1633178291,"swapAmountBNB":20,"uniswapv2buyprice":8496.98,"sushiswapv2buyprice":8488.74,"bakeryswapbuyprice":8634.89,"apeswapBuyPrice":8503.15,"uniswapv2sellprice":8453.79,"sushiswapv2sellprice":8459.09,"bakeryswapsellprice":8345.97,"apeswapsellprice":8445.19},{"block":11421935,"timestamp":1633178294,"swapAmountBNB":20,"uniswapv2buyprice":8497.15,"sushiswapv2buyprice":8488.74,"bakeryswapbuyprice":8634.89,"apeswapBuyPrice":8503.15,"uniswapv2sellprice":8453.96,"sushiswapv2sellprice":8459.09,"bakeryswapsellprice":8345.97,"apeswapsellprice":8445.19},{"block":11421936,"timestamp":1633178297,"swapAmountBNB":20,"uniswapv2buyprice":8497.09,"sushiswapv2buyprice":8488.74,"bakeryswapbuyprice":8634.89,"apeswapBuyPrice":8503.15,"uniswapv2sellprice":8453.9,"sushiswapv2sellprice":8459.09,"bakeryswapsellprice":8345.97,"apeswapsellprice":8445.19},{"block":11421937,"timestamp":1633178300,"swapAmountBNB":20,"uniswapv2buyprice":8497.01,"sushiswapv2buyprice":8488.74,"bakeryswapbuyprice":8634.89,"apeswapBuyPrice":8503.15,"uniswapv2sellprice":8453.82,"sushiswapv2sellprice":8459.09,"bakeryswapsellprice":8345.97,"apeswapsellprice":8445.19},{"block":11421938,"timestamp":1633178303,"swapAmountBNB":20,"uniswapv2buyprice":8497,"sushiswapv2buyprice":8487.06,"bakeryswapbuyprice":8634.89,"apeswapBuyPrice":8503.15,"uniswapv2sellprice":8453.82,"sushiswapv2sellprice":8457.41,"bakeryswapsellprice":8345.97,"apeswapsellprice":8445.19},{"block":11421939,"timestamp":1633178306,"swapAmountBNB":20,"uniswapv2buyprice":8497.01,"sushiswapv2buyprice":8488.6,"bakeryswapbuyprice":8634.89,"apeswapBuyPrice":8506.37,"uniswapv2sellprice":8453.82,"sushiswapv2sellprice":8458.75,"bakeryswapsellprice":8345.97,"apeswapsellprice":8448.39},{"block":11421940,"timestamp":1633178309,"swapAmountBNB":20,"uniswapv2buyprice":8497.01,"sushiswapv2buyprice":8488.6,"bakeryswapbuyprice":8634.89,"apeswapBuyPrice":8506.37,"uniswapv2sellprice":8453.82,"sushiswapv2sellprice":8458.94,"bakeryswapsellprice":8345.97,"apeswapsellprice":8448.39},{"block":11421941,"timestamp":1633178312,"swapAmountBNB":20,"uniswapv2buyprice":8496.93,"sushiswapv2buyprice":8491.65,"bakeryswapbuyprice":8634.89,"apeswapBuyPrice":8506.37,"uniswapv2sellprice":8453.74,"sushiswapv2sellprice":8461.99,"bakeryswapsellprice":8345.97,"apeswapsellprice":8448.39},{"block":11421942,"timestamp":1633178315,"swapAmountBNB":20,"uniswapv2buyprice":8496.72,"sushiswapv2buyprice":8500.92,"bakeryswapbuyprice":8634.89,"apeswapBuyPrice":8506.37,"uniswapv2sellprice":8453.53,"sushiswapv2sellprice":8471.21,"bakeryswapsellprice":8345.97,"apeswapsellprice":8448.39},{"block":11421943,"timestamp":1633178318,"swapAmountBNB":20,"uniswapv2buyprice":8496.82,"sushiswapv2buyprice":8501,"bakeryswapbuyprice":8634.89,"apeswapBuyPrice":8506.37,"uniswapv2sellprice":8453.63,"sushiswapv2sellprice":8471.3,"bakeryswapsellprice":8345.97,"apeswapsellprice":8448.39},{"block":11421944,"timestamp":1633178321,"swapAmountBNB":20,"uniswapv2buyprice":8497.67,"sushiswapv2buyprice":8500.05,"bakeryswapbuyprice":8634.89,"apeswapBuyPrice":8506.37,"uniswapv2sellprice":8454.48,"sushiswapv2sellprice":8470.34,"bakeryswapsellprice":8345.97,"apeswapsellprice":8448.39},{"block":11421945,"timestamp":1633178324,"swapAmountBNB":20,"uniswapv2buyprice":8497.59,"sushiswapv2buyprice":8500.26,"bakeryswapbuyprice":8634.89,"apeswapBuyPrice":8506.37,"uniswapv2sellprice":8454.4,"sushiswapv2sellprice":8470.55,"bakeryswapsellprice":8345.97,"apeswapsellprice":8448.39},{"block":11421946,"timestamp":1633178327,"swapAmountBNB":20,"uniswapv2buyprice":8497.46,"sushiswapv2buyprice":8500.26,"bakeryswapbuyprice":8634.89,"apeswapBuyPrice":8506.37,"uniswapv2sellprice":8454.27,"sushiswapv2sellprice":8470.55,"bakeryswapsellprice":8345.97,"apeswapsellprice":8448.39},{"block":11421947,"timestamp":1633178330,"swapAmountBNB":20,"uniswapv2buyprice":8497.47,"sushiswapv2buyprice":8500.26,"bakeryswapbuyprice":8634.89,"apeswapBuyPrice":8506.13,"uniswapv2sellprice":8454.28,"sushiswapv2sellprice":8470.55,"bakeryswapsellprice":8345.97,"apeswapsellprice":8448.15},{"block":11421948,"timestamp":1633178333,"swapAmountBNB":20,"uniswapv2buyprice":8497.48,"sushiswapv2buyprice":8500.26,"bakeryswapbuyprice":8634.89,"apeswapBuyPrice":8506.13,"uniswapv2sellprice":8454.29,"sushiswapv2sellprice":8470.55,"bakeryswapsellprice":8345.97,"apeswapsellprice":8448.15},{"block":11421949,"timestamp":1633178336,"swapAmountBNB":20,"uniswapv2buyprice":8497.36,"sushiswapv2buyprice":8500.26,"bakeryswapbuyprice":8634.89,"apeswapBuyPrice":8506.13,"uniswapv2sellprice":8454.17,"sushiswapv2sellprice":8470.55,"bakeryswapsellprice":8345.97,"apeswapsellprice":8448.15},{"block":11421950,"timestamp":1633178339,"swapAmountBNB":20,"uniswapv2buyprice":8497.34,"sushiswapv2buyprice":8500.26,"bakeryswapbuyprice":8634.89,"apeswapBuyPrice":8506.13,"uniswapv2sellprice":8454.15,"sushiswapv2sellprice":8470.55,"bakeryswapsellprice":8345.97,"apeswapsellprice":8448.15},{"block":11421951,"timestamp":1633178342,"swapAmountBNB":20,"uniswapv2buyprice":8497.09,"sushiswapv2buyprice":8500.26,"bakeryswapbuyprice":8634.89,"apeswapBuyPrice":8506.13,"uniswapv2sellprice":8453.9,"sushiswapv2sellprice":8470.55,"bakeryswapsellprice":8345.97,"apeswapsellprice":8448.15},{"block":11421952,"timestamp":1633178345,"swapAmountBNB":20,"uniswapv2buyprice":8497.03,"sushiswapv2buyprice":8500.19,"bakeryswapbuyprice":8634.89,"apeswapBuyPrice":8506.11,"uniswapv2sellprice":8453.84,"sushiswapv2sellprice":8470.48,"bakeryswapsellprice":8345.97,"apeswapsellprice":8448.13},{"block":11421953,"timestamp":1633178348,"swapAmountBNB":20,"uniswapv2buyprice":8497.03,"sushiswapv2buyprice":8496.02,"bakeryswapbuyprice":8634.89,"apeswapBuyPrice":8506.11,"uniswapv2sellprice":8453.84,"sushiswapv2sellprice":8469.19,"bakeryswapsellprice":8345.97,"apeswapsellprice":8448.13},{"block":11421954,"timestamp":1633178351,"swapAmountBNB":20,"uniswapv2buyprice":8497.02,"sushiswapv2buyprice":8496.02,"bakeryswapbuyprice":8634.89,"apeswapBuyPrice":8506.11,"uniswapv2sellprice":8453.84,"sushiswapv2sellprice":8466.33,"bakeryswapsellprice":8345.97,"apeswapsellprice":8448.13},{"block":11421955,"timestamp":1633178354,"swapAmountBNB":20,"uniswapv2buyprice":8497.02,"sushiswapv2buyprice":8496.02,"bakeryswapbuyprice":8634.89,"apeswapBuyPrice":8505.54,"uniswapv2sellprice":8453.83,"sushiswapv2sellprice":8466.33,"bakeryswapsellprice":8345.97,"apeswapsellprice":8447.57},{"block":11421956,"timestamp":1633178357,"swapAmountBNB":20,"uniswapv2buyprice":8497.02,"sushiswapv2buyprice":8496.02,"bakeryswapbuyprice":8634.89,"apeswapBuyPrice":8505.54,"uniswapv2sellprice":8453.83,"sushiswapv2sellprice":8466.33,"bakeryswapsellprice":8345.97,"apeswapsellprice":8447.57},{"block":11421957,"timestamp":1633178360,"swapAmountBNB":20,"uniswapv2buyprice":8497.04,"sushiswapv2buyprice":8496.02,"bakeryswapbuyprice":8634.89,"apeswapBuyPrice":8505.54,"uniswapv2sellprice":8453.85,"sushiswapv2sellprice":8466.33,"bakeryswapsellprice":8345.97,"apeswapsellprice":8447.57},{"block":11421958,"timestamp":1633178363,"swapAmountBNB":20,"uniswapv2buyprice":8496.93,"sushiswapv2buyprice":8496.02,"bakeryswapbuyprice":8634.89,"apeswapBuyPrice":8505.54,"uniswapv2sellprice":8453.75,"sushiswapv2sellprice":8466.33,"bakeryswapsellprice":8345.97,"apeswapsellprice":8447.57},{"block":11421959,"timestamp":1633178366,"swapAmountBNB":20,"uniswapv2buyprice":8496.92,"sushiswapv2buyprice":8496.02,"bakeryswapbuyprice":8634.89,"apeswapBuyPrice":8505.54,"uniswapv2sellprice":8453.73,"sushiswapv2sellprice":8466.33,"bakeryswapsellprice":8345.97,"apeswapsellprice":8447.57},{"block":11421960,"timestamp":1633178369,"swapAmountBNB":20,"uniswapv2buyprice":8496.91,"sushiswapv2buyprice":8496.02,"bakeryswapbuyprice":8634.89,"apeswapBuyPrice":8505.54,"uniswapv2sellprice":8453.72,"sushiswapv2sellprice":8466.33,"bakeryswapsellprice":8345.97,"apeswapsellprice":8447.57},{"block":11421961,"timestamp":1633178372,"swapAmountBNB":20,"uniswapv2buyprice":8496.9,"sushiswapv2buyprice":8490.72,"bakeryswapbuyprice":8634.89,"apeswapBuyPrice":8505.54,"uniswapv2sellprice":8453.71,"sushiswapv2sellprice":8461.06,"bakeryswapsellprice":8345.97,"apeswapsellprice":8447.57},{"block":11421962,"timestamp":1633178375,"swapAmountBNB":20,"uniswapv2buyprice":8496.83,"sushiswapv2buyprice":8490.09,"bakeryswapbuyprice":8634.89,"apeswapBuyPrice":8505.54,"uniswapv2sellprice":8453.65,"sushiswapv2sellprice":8460.42,"bakeryswapsellprice":8345.97,"apeswapsellprice":8447.57},{"block":11421963,"timestamp":1633178378,"swapAmountBNB":20,"uniswapv2buyprice":8497.03,"sushiswapv2buyprice":8488.56,"bakeryswapbuyprice":8634.89,"apeswapBuyPrice":8505.54,"uniswapv2sellprice":8453.84,"sushiswapv2sellprice":8458.9,"bakeryswapsellprice":8345.97,"apeswapsellprice":8447.57},{"block":11421964,"timestamp":1633178381,"swapAmountBNB":20,"uniswapv2buyprice":8498.22,"sushiswapv2buyprice":8491.05,"bakeryswapbuyprice":8634.89,"apeswapBuyPrice":8505.54,"uniswapv2sellprice":8455.03,"sushiswapv2sellprice":8461.38,"bakeryswapsellprice":8345.97,"apeswapsellprice":8447.57},{"block":11421965,"timestamp":1633178384,"swapAmountBNB":20,"uniswapv2buyprice":8498.22,"sushiswapv2buyprice":8491.05,"bakeryswapbuyprice":8634.89,"apeswapBuyPrice":8505.54,"uniswapv2sellprice":8455.02,"sushiswapv2sellprice":8461.38,"bakeryswapsellprice":8345.97,"apeswapsellprice":8447.57},{"block":11421966,"timestamp":1633178387,"swapAmountBNB":20,"uniswapv2buyprice":8497.89,"sushiswapv2buyprice":8490.41,"bakeryswapbuyprice":8634.89,"apeswapBuyPrice":8505.54,"uniswapv2sellprice":8454.7,"sushiswapv2sellprice":8460.75,"bakeryswapsellprice":8345.97,"apeswapsellprice":8447.57},{"block":11421967,"timestamp":1633178390,"swapAmountBNB":20,"uniswapv2buyprice":8497.91,"sushiswapv2buyprice":8490.41,"bakeryswapbuyprice":8634.89,"apeswapBuyPrice":8505.54,"uniswapv2sellprice":8454.72,"sushiswapv2sellprice":8460.75,"bakeryswapsellprice":8345.97,"apeswapsellprice":8447.57},{"block":11421968,"timestamp":1633178393,"swapAmountBNB":20,"uniswapv2buyprice":8498.1,"sushiswapv2buyprice":8490.28,"bakeryswapbuyprice":8634.89,"apeswapBuyPrice":8505.54,"uniswapv2sellprice":8454.9,"sushiswapv2sellprice":8460.62,"bakeryswapsellprice":8345.97,"apeswapsellprice":8447.57},{"block":11421969,"timestamp":1633178396,"swapAmountBNB":20,"uniswapv2buyprice":8498.1,"sushiswapv2buyprice":8490.28,"bakeryswapbuyprice":8634.89,"apeswapBuyPrice":8505.54,"uniswapv2sellprice":8454.91,"sushiswapv2sellprice":8460.62,"bakeryswapsellprice":8345.97,"apeswapsellprice":8447.57}]}