{"table":[{"block":11023960,"timestamp":1631974801,"swapAmountBNB":20,"uniswapv2buyprice":8332.91,"sushiswapv2buyprice":8342.37,"bakeryswapbuyprice":8431.96,"apeswapBuyPrice":8346.85,"uniswapv2sellprice":8290.73,"sushiswapv2sellprice":8317.54,"bakeryswapsellprice":8216.51,"apeswapsellprice":8301.34},{"block":11023961,"timestamp":1631974804,"swapAmountBNB":20,"uniswapv2buyprice":8333.24,"sushiswapv2buyprice":8342.37,"bakeryswapbuyprice":8431.96,"apeswapBuyPrice":8346.75,"uniswapv2sellprice":8291.06,"sushiswapv2sellprice":8317.54,"bakeryswapsellprice":8216.51,"apeswapsellprice":8301.24},{"block":11023962,"timestamp":1631974807,"swapAmountBNB":20,"uniswapv2buyprice":8333.24,"sushiswapv2buyprice":8342.37,"bakeryswapbuyprice":8431.96,"apeswapBuyPrice":8346.75,"uniswapv2sellprice":8291.06,"sushiswapv2sellprice":8317.54,"bakeryswapsellprice":8216.51,"apeswapsellprice":8301.24},{"block":11023963,"timestamp":1631974810,"swapAmountBNB":20,"uniswapv2buyprice":8333.17,"sushiswapv2buyprice":8342.37,"bakeryswapbuyprice":8431.96,"apeswapBuyPrice":8346.75,"uniswapv2sellprice":8290.99,"sushiswapv2sellprice":8317.54,"bakeryswapsellprice":8216.51,"apeswapsellprice":8301.24},{"block":11023964,"timestamp":1631974813,"swapAmountBNB":20,"uniswapv2buyprice":8333.17,"sushiswapv2buyprice":8342.37,"bakeryswapbuyprice":8431.96,"apeswapBuyPrice":8346.75,"uniswapv2sellprice":8290.99,"sushiswapv2sellprice":8317.54,"bakeryswapsellprice":8216.51,"apeswapsellprice":8301.24},{"block":11023965,"timestamp":1631974821,"swapAmountBNB":20,"uniswapv2buyprice":8332.76,"sushiswapv2buyprice":8342.37,"bakeryswapbuyprice":8431.96,"apeswapBuyPrice":8346.59,"uniswapv2sellprice":8290.59,"sushiswapv2sellprice":8317.54,"bakeryswapsellprice":8216.51,"apeswapsellprice":8301.07},{"block":11023965,"timestamp":1631974822,"swapAmountBNB":20,"uniswapv2buyprice":8332.76,"sushiswapv2buyprice":8342.37,"bakeryswapbuyprice":8431.96,"apeswapBuyPrice":8346.59,"uniswapv2sellprice":8290.58,"sushiswapv2sellprice":8317.54,"bakeryswapsellprice":8216.51,"apeswapsellprice":8301.07},{"block":11023966,"timestamp":1631974824,"swapAmountBNB":20,"uniswapv2buyprice":8333.14,"sushiswapv2buyprice":8342.37,"bakeryswapbuyprice":8431.96,"apeswapBuyPrice":8346.59,"uniswapv2sellprice":8290.97,"sushiswapv2sellprice":8317.54,"bakeryswapsellprice":8216.51,"apeswapsellprice":8301.07},{"block":11023967,"timestamp":1631974827,"swapAmountBNB":20,"uniswapv2buyprice":8333.17,"sushiswapv2buyprice":8342.37,"bakeryswapbuyprice":8431.96,"apeswapBuyPrice":8346.59,"uniswapv2sellprice":8291,"sushiswapv2sellprice":8317.54,"bakeryswapsellprice":8216.51,"apeswapsellprice":8301.07},{"block":11023968,"timestamp":1631974830,"swapAmountBNB":20,"uniswapv2buyprice":8331.69,"sushiswapv2buyprice":8342.23,"bakeryswapbuyprice":8431.96,"apeswapBuyPrice":8346.59,"uniswapv2sellprice":8289.52,"sushiswapv2sellprice":8317.4,"bakeryswapsellprice":8216.51,"apeswapsellprice":8301.07},{"block":11023969,"timestamp":1631974833,"swapAmountBNB":20,"uniswapv2buyprice":8331.59,"sushiswapv2buyprice":8342.23,"bakeryswapbuyprice":8431.96,"apeswapBuyPrice":8346.59,"uniswapv2sellprice":8289.51,"sushiswapv2sellprice":8317.4,"bakeryswapsellprice":8216.51,"apeswapsellprice":8301.07},{"block":11023970,"timestamp":1631974836,"swapAmountBNB":20,"uniswapv2buyprice":8331.59,"sushiswapv2buyprice":8342.23,"bakeryswapbuyprice":8431.96,"apeswapBuyPrice":8346.59,"uniswapv2sellprice":8289.42,"sushiswapv2sellprice":8317.4,"bakeryswapsellprice":8216.51,"apeswapsellprice":8301.07},{"block":11023971,"timestamp":1631974839,"swapAmountBNB":20,"uniswapv2buyprice":8333.62,"sushiswapv2buyprice":8342.23,"bakeryswapbuyprice":8431.96,"apeswapBuyPrice":8346.59,"uniswapv2sellprice":8291.44,"sushiswapv2sellprice":8317.4,"bakeryswapsellprice":8216.51,"apeswapsellprice":8301.07},{"block":11023972,"timestamp":1631974843,"swapAmountBNB":20,"uniswapv2buyprice":8333.32,"sushiswapv2buyprice":8342.23,"bakeryswapbuyprice":8431.96,"apeswapBuyPrice":8346.59,"uniswapv2sellprice":8291.14,"sushiswapv2sellprice":8317.4,"bakeryswapsellprice":8216.51,"apeswapsellprice":8301.07},{"block":11023973,"timestamp":1631974846,"swapAmountBNB":20,"uniswapv2buyprice":8333.34,"sushiswapv2buyprice":8342.23,"bakeryswapbuyprice":8431.96,"apeswapBuyPrice":8346.59,"uniswapv2sellprice":8291.16,"sushiswapv2sellprice":8317.4,"bakeryswapsellprice":8216.51,"apeswapsellprice":8301.07},{"block":11023974,"timestamp":1631974849,"swapAmountBNB":20,"uniswapv2buyprice":8333.49,"sushiswapv2buyprice":8342.23,"bakeryswapbuyprice":8431.96,"apeswapBuyPrice":8346.59,"uniswapv2sellprice":8291.32,"sushiswapv2sellprice":8317.4,"bakeryswapsellprice":8216.51,"apeswapsellprice":8301.07},{"block":11023975,"timestamp":1631974852,"swapAmountBNB":20,"uniswapv2buyprice":8333.72,"sushiswapv2buyprice":8342.23,"bakeryswapbuyprice":8431.96,"apeswapBuyPrice":8346.59,"uniswapv2sellprice":8291.54,"sushiswapv2sellprice":8317.4,"bakeryswapsellprice":8216.51,"apeswapsellprice":8301.07},{"block":11023976,"timestamp":1631974855,"swapAmountBNB":20,"uniswapv2buyprice":8333.99,"sushiswapv2buyprice":8342.23,"bakeryswapbuyprice":8431.96,"apeswapBuyPrice":8346.55,"uniswapv2sellprice":8291.81,"sushiswapv2sellprice":8317.4,"bakeryswapsellprice":8216.51,"apeswapsellprice":8301.03}]}