{"table":[{"block":11280421,"timestamp":1632749230,"swapAmountBNB":20,"uniswapv2buyprice":6988.67,"sushiswapv2buyprice":6982.89,"bakeryswapbuyprice":7063,"apeswapBuyPrice":6982.33,"uniswapv2sellprice":6953.36,"sushiswapv2sellprice":6962.31,"bakeryswapsellprice":6860.43,"apeswapsellprice":6943.46},{"block":11280422,"timestamp":1632749233,"swapAmountBNB":20,"uniswapv2buyprice":6988.52,"sushiswapv2buyprice":6982.89,"bakeryswapbuyprice":7063,"apeswapBuyPrice":6982.35,"uniswapv2sellprice":6953.21,"sushiswapv2sellprice":6962.31,"bakeryswapsellprice":6860.43,"apeswapsellprice":6943.49},{"block":11280423,"timestamp":1632749236,"swapAmountBNB":20,"uniswapv2buyprice":6988.17,"sushiswapv2buyprice":6982.89,"bakeryswapbuyprice":7063,"apeswapBuyPrice":6982.35,"uniswapv2sellprice":6952.86,"sushiswapv2sellprice":6962.31,"bakeryswapsellprice":6860.43,"apeswapsellprice":6943.49},{"block":11280424,"timestamp":1632749239,"swapAmountBNB":20,"uniswapv2buyprice":6988.19,"sushiswapv2buyprice":6982.89,"bakeryswapbuyprice":7063,"apeswapBuyPrice":6990.85,"uniswapv2sellprice":6952.88,"sushiswapv2sellprice":6962.31,"bakeryswapsellprice":6860.43,"apeswapsellprice":6951.93},{"block":11280425,"timestamp":1632749242,"swapAmountBNB":20,"uniswapv2buyprice":6988.23,"sushiswapv2buyprice":6982.89,"bakeryswapbuyprice":7063,"apeswapBuyPrice":6990.85,"uniswapv2sellprice":6952.93,"sushiswapv2sellprice":6962.31,"bakeryswapsellprice":6860.43,"apeswapsellprice":6951.93},{"block":11280426,"timestamp":1632749245,"swapAmountBNB":20,"uniswapv2buyprice":6988.22,"sushiswapv2buyprice":6979.96,"bakeryswapbuyprice":7063,"apeswapBuyPrice":6990.85,"uniswapv2sellprice":6952.91,"sushiswapv2sellprice":6959.4,"bakeryswapsellprice":6860.43,"apeswapsellprice":6951.93},{"block":11280427,"timestamp":1632749248,"swapAmountBNB":20,"uniswapv2buyprice":6988.22,"sushiswapv2buyprice":6979.96,"bakeryswapbuyprice":7063,"apeswapBuyPrice":6990.85,"uniswapv2sellprice":6952.92,"sushiswapv2sellprice":6959.4,"bakeryswapsellprice":6860.43,"apeswapsellprice":6951.93},{"block":11280428,"timestamp":1632749251,"swapAmountBNB":20,"uniswapv2buyprice":6988.25,"sushiswapv2buyprice":6979.61,"bakeryswapbuyprice":7063,"apeswapBuyPrice":6990.85,"uniswapv2sellprice":6952.94,"sushiswapv2sellprice":6959.05,"bakeryswapsellprice":6860.43,"apeswapsellprice":6951.93},{"block":11280429,"timestamp":1632749254,"swapAmountBNB":20,"uniswapv2buyprice":6988.84,"sushiswapv2buyprice":6983.26,"bakeryswapbuyprice":7063,"apeswapBuyPrice":6990.85,"uniswapv2sellprice":6953.53,"sushiswapv2sellprice":6962.69,"bakeryswapsellprice":6860.43,"apeswapsellprice":6951.93},{"block":11280430,"timestamp":1632749257,"swapAmountBNB":20,"uniswapv2buyprice":6988.88,"sushiswapv2buyprice":6983.41,"bakeryswapbuyprice":7063,"apeswapBuyPrice":6990.85,"uniswapv2sellprice":6953.57,"sushiswapv2sellprice":6962.84,"bakeryswapsellprice":6860.43,"apeswapsellprice":6951.93},{"block":11280431,"timestamp":1632749260,"swapAmountBNB":20,"uniswapv2buyprice":6988.83,"sushiswapv2buyprice":6983.41,"bakeryswapbuyprice":7063,"apeswapBuyPrice":6990.85,"uniswapv2sellprice":6953.52,"sushiswapv2sellprice":6962.84,"bakeryswapsellprice":6860.43,"apeswapsellprice":6951.93},{"block":11280432,"timestamp":1632749263,"swapAmountBNB":20,"uniswapv2buyprice":6988.85,"sushiswapv2buyprice":6984.67,"bakeryswapbuyprice":7063,"apeswapBuyPrice":6990.85,"uniswapv2sellprice":6953.54,"sushiswapv2sellprice":6964.09,"bakeryswapsellprice":6860.43,"apeswapsellprice":6951.93},{"block":11280433,"timestamp":1632749266,"swapAmountBNB":20,"uniswapv2buyprice":6989.04,"sushiswapv2buyprice":6984.47,"bakeryswapbuyprice":7063,"apeswapBuyPrice":6990.85,"uniswapv2sellprice":6953.73,"sushiswapv2sellprice":6963.89,"bakeryswapsellprice":6860.43,"apeswapsellprice":6951.93},{"block":11280434,"timestamp":1632749269,"swapAmountBNB":20,"uniswapv2buyprice":6989.05,"sushiswapv2buyprice":6984.47,"bakeryswapbuyprice":7063,"apeswapBuyPrice":6990.85,"uniswapv2sellprice":6953.74,"sushiswapv2sellprice":6963.89,"bakeryswapsellprice":6860.43,"apeswapsellprice":6951.93},{"block":11280435,"timestamp":1632749272,"swapAmountBNB":20,"uniswapv2buyprice":6991.95,"sushiswapv2buyprice":6984.26,"bakeryswapbuyprice":7063,"apeswapBuyPrice":6990.85,"uniswapv2sellprice":6956.63,"sushiswapv2sellprice":6963.69,"bakeryswapsellprice":6860.43,"apeswapsellprice":6951.93},{"block":11280436,"timestamp":1632749275,"swapAmountBNB":20,"uniswapv2buyprice":6991.96,"sushiswapv2buyprice":6984.26,"bakeryswapbuyprice":7063,"apeswapBuyPrice":6990.85,"uniswapv2sellprice":6956.63,"sushiswapv2sellprice":6963.69,"bakeryswapsellprice":6860.43,"apeswapsellprice":6951.93},{"block":11280437,"timestamp":1632749278,"swapAmountBNB":20,"uniswapv2buyprice":6991.89,"sushiswapv2buyprice":6984.26,"bakeryswapbuyprice":7063,"apeswapBuyPrice":6990.85,"uniswapv2sellprice":6956.57,"sushiswapv2sellprice":6963.69,"bakeryswapsellprice":6860.43,"apeswapsellprice":6951.93},{"block":11280438,"timestamp":1632749281,"swapAmountBNB":20,"uniswapv2buyprice":6992.01,"sushiswapv2buyprice":6984.26,"bakeryswapbuyprice":7063,"apeswapBuyPrice":6990.85,"uniswapv2sellprice":6956.69,"sushiswapv2sellprice":6963.69,"bakeryswapsellprice":6860.43,"apeswapsellprice":6951.93},{"block":11280439,"timestamp":1632749284,"swapAmountBNB":20,"uniswapv2buyprice":6992.07,"sushiswapv2buyprice":6984.26,"bakeryswapbuyprice":7063,"apeswapBuyPrice":6990.85,"uniswapv2sellprice":6956.75,"sushiswapv2sellprice":6963.69,"bakeryswapsellprice":6860.43,"apeswapsellprice":6951.93},{"block":11280440,"timestamp":1632749287,"swapAmountBNB":20,"uniswapv2buyprice":6992.23,"sushiswapv2buyprice":6984.26,"bakeryswapbuyprice":7063,"apeswapBuyPrice":6990.85,"uniswapv2sellprice":6956.9,"sushiswapv2sellprice":6963.69,"bakeryswapsellprice":6860.43,"apeswapsellprice":6951.93},{"block":11280441,"timestamp":1632749290,"swapAmountBNB":20,"uniswapv2buyprice":6991.99,"sushiswapv2buyprice":6984.15,"bakeryswapbuyprice":7063,"apeswapBuyPrice":6990.85,"uniswapv2sellprice":6956.66,"sushiswapv2sellprice":6963.57,"bakeryswapsellprice":6860.43,"apeswapsellprice":6951.93},{"block":11280442,"timestamp":1632749293,"swapAmountBNB":20,"uniswapv2buyprice":6991.96,"sushiswapv2buyprice":6984.13,"bakeryswapbuyprice":7063,"apeswapBuyPrice":6990.85,"uniswapv2sellprice":6956.63,"sushiswapv2sellprice":6963.56,"bakeryswapsellprice":6860.43,"apeswapsellprice":6951.93},{"block":11280443,"timestamp":1632749296,"swapAmountBNB":20,"uniswapv2buyprice":6991.95,"sushiswapv2buyprice":6984.13,"bakeryswapbuyprice":7063,"apeswapBuyPrice":6990.85,"uniswapv2sellprice":6956.63,"sushiswapv2sellprice":6963.56,"bakeryswapsellprice":6860.43,"apeswapsellprice":6951.93}]}