{"table":[{"block":11158537,"timestamp":1632380997,"swapAmountBNB":20,"uniswapv2buyprice":7634.61,"sushiswapv2buyprice":7631.1,"bakeryswapbuyprice":7716.06,"apeswapBuyPrice":7637.55,"uniswapv2sellprice":7595.99,"sushiswapv2sellprice":7605.04,"bakeryswapsellprice":7510.28,"apeswapsellprice":7593.66},{"block":11158538,"timestamp":1632381000,"swapAmountBNB":20,"uniswapv2buyprice":7634.62,"sushiswapv2buyprice":7631.1,"bakeryswapbuyprice":7716.06,"apeswapBuyPrice":7637.55,"uniswapv2sellprice":7596,"sushiswapv2sellprice":7605.04,"bakeryswapsellprice":7510.28,"apeswapsellprice":7593.66},{"block":11158539,"timestamp":1632381003,"swapAmountBNB":20,"uniswapv2buyprice":7634.45,"sushiswapv2buyprice":7633.85,"bakeryswapbuyprice":7716.06,"apeswapBuyPrice":7637.55,"uniswapv2sellprice":7595.83,"sushiswapv2sellprice":7607.77,"bakeryswapsellprice":7510.28,"apeswapsellprice":7593.66},{"block":11158540,"timestamp":1632381006,"swapAmountBNB":20,"uniswapv2buyprice":7634.5,"sushiswapv2buyprice":7633.85,"bakeryswapbuyprice":7716.06,"apeswapBuyPrice":7637.49,"uniswapv2sellprice":7595.88,"sushiswapv2sellprice":7607.77,"bakeryswapsellprice":7510.28,"apeswapsellprice":7593.6},{"block":11158541,"timestamp":1632381009,"swapAmountBNB":20,"uniswapv2buyprice":7634.51,"sushiswapv2buyprice":7634.35,"bakeryswapbuyprice":7716.06,"apeswapBuyPrice":7637.49,"uniswapv2sellprice":7595.89,"sushiswapv2sellprice":7607.77,"bakeryswapsellprice":7510.28,"apeswapsellprice":7593.6},{"block":11158542,"timestamp":1632381012,"swapAmountBNB":20,"uniswapv2buyprice":7634.51,"sushiswapv2buyprice":7634.35,"bakeryswapbuyprice":7716.06,"apeswapBuyPrice":7637.49,"uniswapv2sellprice":7595.88,"sushiswapv2sellprice":7608.27,"bakeryswapsellprice":7510.28,"apeswapsellprice":7593.6},{"block":11158543,"timestamp":1632381015,"swapAmountBNB":20,"uniswapv2buyprice":7634.48,"sushiswapv2buyprice":7634.35,"bakeryswapbuyprice":7716.06,"apeswapBuyPrice":7637.69,"uniswapv2sellprice":7595.86,"sushiswapv2sellprice":7608.27,"bakeryswapsellprice":7510.28,"apeswapsellprice":7593.8},{"block":11158544,"timestamp":1632381018,"swapAmountBNB":20,"uniswapv2buyprice":7634.48,"sushiswapv2buyprice":7634.21,"bakeryswapbuyprice":7716.06,"apeswapBuyPrice":7637.69,"uniswapv2sellprice":7595.86,"sushiswapv2sellprice":7608.13,"bakeryswapsellprice":7510.28,"apeswapsellprice":7593.8},{"block":11158545,"timestamp":1632381021,"swapAmountBNB":20,"uniswapv2buyprice":7634.61,"sushiswapv2buyprice":7634.21,"bakeryswapbuyprice":7716.06,"apeswapBuyPrice":7637.69,"uniswapv2sellprice":7595.98,"sushiswapv2sellprice":7608.13,"bakeryswapsellprice":7510.28,"apeswapsellprice":7593.8},{"block":11158546,"timestamp":1632381024,"swapAmountBNB":20,"uniswapv2buyprice":7634.59,"sushiswapv2buyprice":7634.21,"bakeryswapbuyprice":7716.06,"apeswapBuyPrice":7637.69,"uniswapv2sellprice":7595.97,"sushiswapv2sellprice":7608.13,"bakeryswapsellprice":7510.28,"apeswapsellprice":7593.8},{"block":11158547,"timestamp":1632381027,"swapAmountBNB":20,"uniswapv2buyprice":7634.6,"sushiswapv2buyprice":7634.31,"bakeryswapbuyprice":7716.06,"apeswapBuyPrice":7637.69,"uniswapv2sellprice":7595.98,"sushiswapv2sellprice":7608.22,"bakeryswapsellprice":7510.28,"apeswapsellprice":7593.8},{"block":11158548,"timestamp":1632381030,"swapAmountBNB":20,"uniswapv2buyprice":7634.76,"sushiswapv2buyprice":7634.31,"bakeryswapbuyprice":7716.06,"apeswapBuyPrice":7637.69,"uniswapv2sellprice":7596.14,"sushiswapv2sellprice":7608.22,"bakeryswapsellprice":7510.28,"apeswapsellprice":7593.8},{"block":11158549,"timestamp":1632381033,"swapAmountBNB":20,"uniswapv2buyprice":7634.73,"sushiswapv2buyprice":7634.31,"bakeryswapbuyprice":7716.06,"apeswapBuyPrice":7637.69,"uniswapv2sellprice":7596.1,"sushiswapv2sellprice":7608.22,"bakeryswapsellprice":7510.28,"apeswapsellprice":7593.8},{"block":11158550,"timestamp":1632381036,"swapAmountBNB":20,"uniswapv2buyprice":7634.68,"sushiswapv2buyprice":7634.14,"bakeryswapbuyprice":7716.06,"apeswapBuyPrice":7637.69,"uniswapv2sellprice":7596.06,"sushiswapv2sellprice":7608.06,"bakeryswapsellprice":7510.28,"apeswapsellprice":7593.8},{"block":11158551,"timestamp":1632381039,"swapAmountBNB":20,"uniswapv2buyprice":7634.69,"sushiswapv2buyprice":7634.14,"bakeryswapbuyprice":7716.06,"apeswapBuyPrice":7637.69,"uniswapv2sellprice":7596.07,"sushiswapv2sellprice":7608.06,"bakeryswapsellprice":7510.28,"apeswapsellprice":7593.8},{"block":11158552,"timestamp":1632381042,"swapAmountBNB":20,"uniswapv2buyprice":7634.46,"sushiswapv2buyprice":7634.14,"bakeryswapbuyprice":7716.06,"apeswapBuyPrice":7637.69,"uniswapv2sellprice":7595.84,"sushiswapv2sellprice":7608.06,"bakeryswapsellprice":7510.28,"apeswapsellprice":7593.8},{"block":11158553,"timestamp":1632381045,"swapAmountBNB":20,"uniswapv2buyprice":7634.46,"sushiswapv2buyprice":7634.14,"bakeryswapbuyprice":7716.06,"apeswapBuyPrice":7642.73,"uniswapv2sellprice":7595.84,"sushiswapv2sellprice":7608.06,"bakeryswapsellprice":7510.28,"apeswapsellprice":7598.8},{"block":11158554,"timestamp":1632381048,"swapAmountBNB":20,"uniswapv2buyprice":7634.41,"sushiswapv2buyprice":7634.14,"bakeryswapbuyprice":7716.06,"apeswapBuyPrice":7642.73,"uniswapv2sellprice":7595.79,"sushiswapv2sellprice":7608.06,"bakeryswapsellprice":7510.28,"apeswapsellprice":7598.8},{"block":11158555,"timestamp":1632381051,"swapAmountBNB":20,"uniswapv2buyprice":7634.42,"sushiswapv2buyprice":7634.14,"bakeryswapbuyprice":7716.06,"apeswapBuyPrice":7642.73,"uniswapv2sellprice":7595.8,"sushiswapv2sellprice":7608.06,"bakeryswapsellprice":7510.28,"apeswapsellprice":7598.8},{"block":11158556,"timestamp":1632381054,"swapAmountBNB":20,"uniswapv2buyprice":7634.41,"sushiswapv2buyprice":7634.14,"bakeryswapbuyprice":7716.06,"apeswapBuyPrice":7642.73,"uniswapv2sellprice":7595.79,"sushiswapv2sellprice":7608.06,"bakeryswapsellprice":7510.28,"apeswapsellprice":7598.8},{"block":11158557,"timestamp":1632381057,"swapAmountBNB":20,"uniswapv2buyprice":7634.34,"sushiswapv2buyprice":7632.75,"bakeryswapbuyprice":7716.06,"apeswapBuyPrice":7642.82,"uniswapv2sellprice":7595.72,"sushiswapv2sellprice":7606.68,"bakeryswapsellprice":7510.28,"apeswapsellprice":7598.89},{"block":11158558,"timestamp":1632381060,"swapAmountBNB":20,"uniswapv2buyprice":7634.22,"sushiswapv2buyprice":7632.75,"bakeryswapbuyprice":7716.06,"apeswapBuyPrice":7642.82,"uniswapv2sellprice":7595.6,"sushiswapv2sellprice":7606.68,"bakeryswapsellprice":7510.28,"apeswapsellprice":7598.89},{"block":11158559,"timestamp":1632381063,"swapAmountBNB":20,"uniswapv2buyprice":7634.23,"sushiswapv2buyprice":7632.75,"bakeryswapbuyprice":7716.06,"apeswapBuyPrice":7642.82,"uniswapv2sellprice":7595.61,"sushiswapv2sellprice":7606.68,"bakeryswapsellprice":7510.28,"apeswapsellprice":7598.89},{"block":11158560,"timestamp":1632381066,"swapAmountBNB":20,"uniswapv2buyprice":7634.22,"sushiswapv2buyprice":7632.75,"bakeryswapbuyprice":7716.06,"apeswapBuyPrice":7640.57,"uniswapv2sellprice":7595.6,"sushiswapv2sellprice":7606.68,"bakeryswapsellprice":7510.28,"apeswapsellprice":7596.65},{"block":11158561,"timestamp":1632381069,"swapAmountBNB":20,"uniswapv2buyprice":7634.22,"sushiswapv2buyprice":7632.75,"bakeryswapbuyprice":7716.06,"apeswapBuyPrice":7640.57,"uniswapv2sellprice":7595.6,"sushiswapv2sellprice":7606.68,"bakeryswapsellprice":7510.28,"apeswapsellprice":7596.65},{"block":11158562,"timestamp":1632381072,"swapAmountBNB":20,"uniswapv2buyprice":7634.21,"sushiswapv2buyprice":7632.75,"bakeryswapbuyprice":7716.06,"apeswapBuyPrice":7640.57,"uniswapv2sellprice":7595.59,"sushiswapv2sellprice":7606.68,"bakeryswapsellprice":7510.28,"apeswapsellprice":7596.65},{"block":11158563,"timestamp":1632381075,"swapAmountBNB":20,"uniswapv2buyprice":7634.21,"sushiswapv2buyprice":7632.75,"bakeryswapbuyprice":7716.06,"apeswapBuyPrice":7640.57,"uniswapv2sellprice":7595.59,"sushiswapv2sellprice":7606.68,"bakeryswapsellprice":7510.28,"apeswapsellprice":7596.65},{"block":11158564,"timestamp":1632381078,"swapAmountBNB":20,"uniswapv2buyprice":7634.31,"sushiswapv2buyprice":7632.75,"bakeryswapbuyprice":7716.06,"apeswapBuyPrice":7639.56,"uniswapv2sellprice":7595.69,"sushiswapv2sellprice":7606.68,"bakeryswapsellprice":7510.28,"apeswapsellprice":7595.65},{"block":11158565,"timestamp":1632381081,"swapAmountBNB":20,"uniswapv2buyprice":7634.32,"sushiswapv2buyprice":7632.75,"bakeryswapbuyprice":7716.06,"apeswapBuyPrice":7639.46,"uniswapv2sellprice":7595.7,"sushiswapv2sellprice":7606.68,"bakeryswapsellprice":7510.28,"apeswapsellprice":7595.55},{"block":11158566,"timestamp":1632381084,"swapAmountBNB":20,"uniswapv2buyprice":7634.32,"sushiswapv2buyprice":7632.75,"bakeryswapbuyprice":7716.06,"apeswapBuyPrice":7639.46,"uniswapv2sellprice":7595.7,"sushiswapv2sellprice":7606.68,"bakeryswapsellprice":7510.28,"apeswapsellprice":7595.55},{"block":11158567,"timestamp":1632381087,"swapAmountBNB":20,"uniswapv2buyprice":7634.32,"sushiswapv2buyprice":7632.75,"bakeryswapbuyprice":7716.06,"apeswapBuyPrice":7639.46,"uniswapv2sellprice":7595.7,"sushiswapv2sellprice":7606.68,"bakeryswapsellprice":7510.28,"apeswapsellprice":7595.55},{"block":11158568,"timestamp":1632381090,"swapAmountBNB":20,"uniswapv2buyprice":7634.32,"sushiswapv2buyprice":7632.75,"bakeryswapbuyprice":7716.06,"apeswapBuyPrice":7639.46,"uniswapv2sellprice":7595.7,"sushiswapv2sellprice":7606.68,"bakeryswapsellprice":7510.28,"apeswapsellprice":7595.55},{"block":11158569,"timestamp":1632381093,"swapAmountBNB":20,"uniswapv2buyprice":7634.31,"sushiswapv2buyprice":7630.76,"bakeryswapbuyprice":7716.48,"apeswapBuyPrice":7639.46,"uniswapv2sellprice":7595.69,"sushiswapv2sellprice":7604.69,"bakeryswapsellprice":7510.69,"apeswapsellprice":7595.55},{"block":11158570,"timestamp":1632381096,"swapAmountBNB":20,"uniswapv2buyprice":7634.32,"sushiswapv2buyprice":7630.76,"bakeryswapbuyprice":7716.48,"apeswapBuyPrice":7639.05,"uniswapv2sellprice":7595.7,"sushiswapv2sellprice":7604.69,"bakeryswapsellprice":7510.69,"apeswapsellprice":7595.15},{"block":11158571,"timestamp":1632381099,"swapAmountBNB":20,"uniswapv2buyprice":7634.32,"sushiswapv2buyprice":7630.76,"bakeryswapbuyprice":7716.48,"apeswapBuyPrice":7639.04,"uniswapv2sellprice":7595.7,"sushiswapv2sellprice":7604.69,"bakeryswapsellprice":7510.69,"apeswapsellprice":7595.14},{"block":11158572,"timestamp":1632381102,"swapAmountBNB":20,"uniswapv2buyprice":7634.13,"sushiswapv2buyprice":7630.76,"bakeryswapbuyprice":7716.48,"apeswapBuyPrice":7639.04,"uniswapv2sellprice":7595.51,"sushiswapv2sellprice":7604.69,"bakeryswapsellprice":7510.69,"apeswapsellprice":7595.14},{"block":11158573,"timestamp":1632381105,"swapAmountBNB":20,"uniswapv2buyprice":7634.12,"sushiswapv2buyprice":7630.76,"bakeryswapbuyprice":7716.48,"apeswapBuyPrice":7639.04,"uniswapv2sellprice":7595.5,"sushiswapv2sellprice":7604.69,"bakeryswapsellprice":7510.69,"apeswapsellprice":7595.14},{"block":11158574,"timestamp":1632381108,"swapAmountBNB":20,"uniswapv2buyprice":7634.11,"sushiswapv2buyprice":7630.76,"bakeryswapbuyprice":7716.48,"apeswapBuyPrice":7639.04,"uniswapv2sellprice":7595.49,"sushiswapv2sellprice":7604.69,"bakeryswapsellprice":7510.69,"apeswapsellprice":7595.14},{"block":11158575,"timestamp":1632381111,"swapAmountBNB":20,"uniswapv2buyprice":7634.11,"sushiswapv2buyprice":7630.76,"bakeryswapbuyprice":7716.48,"apeswapBuyPrice":7639.24,"uniswapv2sellprice":7595.49,"sushiswapv2sellprice":7604.69,"bakeryswapsellprice":7510.69,"apeswapsellprice":7595.14},{"block":11158576,"timestamp":1632381114,"swapAmountBNB":20,"uniswapv2buyprice":7634.11,"sushiswapv2buyprice":7630.92,"bakeryswapbuyprice":7716.48,"apeswapBuyPrice":7639.09,"uniswapv2sellprice":7595.49,"sushiswapv2sellprice":7604.85,"bakeryswapsellprice":7510.69,"apeswapsellprice":7595.19},{"block":11158577,"timestamp":1632381117,"swapAmountBNB":20,"uniswapv2buyprice":7634.12,"sushiswapv2buyprice":7630.92,"bakeryswapbuyprice":7716.48,"apeswapBuyPrice":7639.09,"uniswapv2sellprice":7595.5,"sushiswapv2sellprice":7604.85,"bakeryswapsellprice":7510.69,"apeswapsellprice":7595.19},{"block":11158578,"timestamp":1632381120,"swapAmountBNB":20,"uniswapv2buyprice":7634.12,"sushiswapv2buyprice":7628.81,"bakeryswapbuyprice":7716.48,"apeswapBuyPrice":7638.24,"uniswapv2sellprice":7595.36,"sushiswapv2sellprice":7602.75,"bakeryswapsellprice":7510.69,"apeswapsellprice":7594.34},{"block":11158579,"timestamp":1632381123,"swapAmountBNB":20,"uniswapv2buyprice":7634.12,"sushiswapv2buyprice":7628.81,"bakeryswapbuyprice":7716.48,"apeswapBuyPrice":7638.24,"uniswapv2sellprice":7595.5,"sushiswapv2sellprice":7602.75,"bakeryswapsellprice":7510.69,"apeswapsellprice":7594.34},{"block":11158580,"timestamp":1632381126,"swapAmountBNB":20,"uniswapv2buyprice":7634.14,"sushiswapv2buyprice":7628.81,"bakeryswapbuyprice":7716.48,"apeswapBuyPrice":7638.24,"uniswapv2sellprice":7595.52,"sushiswapv2sellprice":7602.75,"bakeryswapsellprice":7510.69,"apeswapsellprice":7594.34},{"block":11158581,"timestamp":1632381129,"swapAmountBNB":20,"uniswapv2buyprice":7634.11,"sushiswapv2buyprice":7628.81,"bakeryswapbuyprice":7716.48,"apeswapBuyPrice":7638.24,"uniswapv2sellprice":7595.49,"sushiswapv2sellprice":7602.75,"bakeryswapsellprice":7510.69,"apeswapsellprice":7594.34},{"block":11158582,"timestamp":1632381132,"swapAmountBNB":20,"uniswapv2buyprice":7634.11,"sushiswapv2buyprice":7628.81,"bakeryswapbuyprice":7716.48,"apeswapBuyPrice":7635.97,"uniswapv2sellprice":7595.49,"sushiswapv2sellprice":7602.75,"bakeryswapsellprice":7510.69,"apeswapsellprice":7594.34},{"block":11158583,"timestamp":1632381135,"swapAmountBNB":20,"uniswapv2buyprice":7634.14,"sushiswapv2buyprice":7628.81,"bakeryswapbuyprice":7716.48,"apeswapBuyPrice":7635.97,"uniswapv2sellprice":7595.52,"sushiswapv2sellprice":7602.75,"bakeryswapsellprice":7510.69,"apeswapsellprice":7592.08},{"block":11158584,"timestamp":1632381138,"swapAmountBNB":20,"uniswapv2buyprice":7634.16,"sushiswapv2buyprice":7628.81,"bakeryswapbuyprice":7716.48,"apeswapBuyPrice":7637.11,"uniswapv2sellprice":7595.54,"sushiswapv2sellprice":7602.75,"bakeryswapsellprice":7510.69,"apeswapsellprice":7593.22},{"block":11158585,"timestamp":1632381141,"swapAmountBNB":20,"uniswapv2buyprice":7634.16,"sushiswapv2buyprice":7628.81,"bakeryswapbuyprice":7716.48,"apeswapBuyPrice":7637.11,"uniswapv2sellprice":7595.54,"sushiswapv2sellprice":7602.75,"bakeryswapsellprice":7510.69,"apeswapsellprice":7593.22},{"block":11158586,"timestamp":1632381144,"swapAmountBNB":20,"uniswapv2buyprice":7634.16,"sushiswapv2buyprice":7628.81,"bakeryswapbuyprice":7716.48,"apeswapBuyPrice":7637.12,"uniswapv2sellprice":7595.54,"sushiswapv2sellprice":7602.75,"bakeryswapsellprice":7510.69,"apeswapsellprice":7593.23},{"block":11158587,"timestamp":1632381147,"swapAmountBNB":20,"uniswapv2buyprice":7634.14,"sushiswapv2buyprice":7628.81,"bakeryswapbuyprice":7716.48,"apeswapBuyPrice":7637.32,"uniswapv2sellprice":7595.53,"sushiswapv2sellprice":7602.75,"bakeryswapsellprice":7510.69,"apeswapsellprice":7593.43},{"block":11158588,"timestamp":1632381150,"swapAmountBNB":20,"uniswapv2buyprice":7634.07,"sushiswapv2buyprice":7622.85,"bakeryswapbuyprice":7716.48,"apeswapBuyPrice":7637.32,"uniswapv2sellprice":7595.45,"sushiswapv2sellprice":7596.81,"bakeryswapsellprice":7510.69,"apeswapsellprice":7593.43},{"block":11158589,"timestamp":1632381153,"swapAmountBNB":20,"uniswapv2buyprice":7633.4,"sushiswapv2buyprice":7622.85,"bakeryswapbuyprice":7716.48,"apeswapBuyPrice":7637.32,"uniswapv2sellprice":7594.78,"sushiswapv2sellprice":7596.81,"bakeryswapsellprice":7510.69,"apeswapsellprice":7593.43},{"block":11158590,"timestamp":1632381156,"swapAmountBNB":20,"uniswapv2buyprice":7633.41,"sushiswapv2buyprice":7622.85,"bakeryswapbuyprice":7716.48,"apeswapBuyPrice":7637.32,"uniswapv2sellprice":7594.8,"sushiswapv2sellprice":7596.81,"bakeryswapsellprice":7510.69,"apeswapsellprice":7593.43},{"block":11158591,"timestamp":1632381160,"swapAmountBNB":20,"uniswapv2buyprice":7633.41,"sushiswapv2buyprice":7619.67,"bakeryswapbuyprice":7716.48,"apeswapBuyPrice":7637.32,"uniswapv2sellprice":7594.8,"sushiswapv2sellprice":7593.64,"bakeryswapsellprice":7510.69,"apeswapsellprice":7593.43},{"block":11158591,"timestamp":1632381159,"swapAmountBNB":20,"uniswapv2buyprice":7633.41,"sushiswapv2buyprice":7619.67,"bakeryswapbuyprice":7716.48,"apeswapBuyPrice":7637.32,"uniswapv2sellprice":7594.8,"sushiswapv2sellprice":7593.64,"bakeryswapsellprice":7510.69,"apeswapsellprice":7593.43},{"block":11158592,"timestamp":1632381163,"swapAmountBNB":20,"uniswapv2buyprice":7633.42,"sushiswapv2buyprice":7619.74,"bakeryswapbuyprice":7716.48,"apeswapBuyPrice":7637.32,"uniswapv2sellprice":7594.81,"sushiswapv2sellprice":7593.72,"bakeryswapsellprice":7510.69,"apeswapsellprice":7593.43},{"block":11158593,"timestamp":1632381166,"swapAmountBNB":20,"uniswapv2buyprice":7633.43,"sushiswapv2buyprice":7619.74,"bakeryswapbuyprice":7716.48,"apeswapBuyPrice":7637.32,"uniswapv2sellprice":7594.81,"sushiswapv2sellprice":7593.72,"bakeryswapsellprice":7510.69,"apeswapsellprice":7593.43},{"block":11158594,"timestamp":1632381169,"swapAmountBNB":20,"uniswapv2buyprice":7633.44,"sushiswapv2buyprice":7619.74,"bakeryswapbuyprice":7716.48,"apeswapBuyPrice":7637.32,"uniswapv2sellprice":7594.82,"sushiswapv2sellprice":7593.72,"bakeryswapsellprice":7510.69,"apeswapsellprice":7593.43},{"block":11158595,"timestamp":1632381172,"swapAmountBNB":20,"uniswapv2buyprice":7633.44,"sushiswapv2buyprice":7619.74,"bakeryswapbuyprice":7716.48,"apeswapBuyPrice":7637.32,"uniswapv2sellprice":7594.82,"sushiswapv2sellprice":7593.72,"bakeryswapsellprice":7510.69,"apeswapsellprice":7593.43},{"block":11158596,"timestamp":1632381175,"swapAmountBNB":20,"uniswapv2buyprice":7633.37,"sushiswapv2buyprice":7619.74,"bakeryswapbuyprice":7716.48,"apeswapBuyPrice":7637.32,"uniswapv2sellprice":7594.75,"sushiswapv2sellprice":7593.72,"bakeryswapsellprice":7510.69,"apeswapsellprice":7593.43},{"block":11158597,"timestamp":1632381178,"swapAmountBNB":20,"uniswapv2buyprice":7633.36,"sushiswapv2buyprice":7613.97,"bakeryswapbuyprice":7716.48,"apeswapBuyPrice":7637.32,"uniswapv2sellprice":7594.74,"sushiswapv2sellprice":7587.97,"bakeryswapsellprice":7510.69,"apeswapsellprice":7593.43},{"block":11158598,"timestamp":1632381181,"swapAmountBNB":20,"uniswapv2buyprice":7633.37,"sushiswapv2buyprice":7613.97,"bakeryswapbuyprice":7716.48,"apeswapBuyPrice":7637.32,"uniswapv2sellprice":7594.75,"sushiswapv2sellprice":7587.97,"bakeryswapsellprice":7510.69,"apeswapsellprice":7593.43},{"block":11158599,"timestamp":1632381184,"swapAmountBNB":20,"uniswapv2buyprice":7633.43,"sushiswapv2buyprice":7613.97,"bakeryswapbuyprice":7716.48,"apeswapBuyPrice":7637.32,"uniswapv2sellprice":7594.81,"sushiswapv2sellprice":7587.97,"bakeryswapsellprice":7510.69,"apeswapsellprice":7593.43},{"block":11158600,"timestamp":1632381190,"swapAmountBNB":20,"uniswapv2buyprice":7633.37,"sushiswapv2buyprice":7613.97,"bakeryswapbuyprice":7716.48,"apeswapBuyPrice":7637.34,"uniswapv2sellprice":7594.76,"sushiswapv2sellprice":7587.97,"bakeryswapsellprice":7510.69,"apeswapsellprice":7593.45},{"block":11158601,"timestamp":1632381193,"swapAmountBNB":20,"uniswapv2buyprice":7633.44,"sushiswapv2buyprice":7613.97,"bakeryswapbuyprice":7716.48,"apeswapBuyPrice":7637.34,"uniswapv2sellprice":7594.82,"sushiswapv2sellprice":7587.97,"bakeryswapsellprice":7510.69,"apeswapsellprice":7593.45},{"block":11158602,"timestamp":1632381199,"swapAmountBNB":20,"uniswapv2buyprice":7633.46,"sushiswapv2buyprice":7613.97,"bakeryswapbuyprice":7716.48,"apeswapBuyPrice":7637.34,"uniswapv2sellprice":7594.85,"sushiswapv2sellprice":7587.97,"bakeryswapsellprice":7510.69,"apeswapsellprice":7593.45},{"block":11158603,"timestamp":1632381202,"swapAmountBNB":20,"uniswapv2buyprice":7633.34,"sushiswapv2buyprice":7613.97,"bakeryswapbuyprice":7716.48,"apeswapBuyPrice":7637.34,"uniswapv2sellprice":7594.73,"sushiswapv2sellprice":7587.97,"bakeryswapsellprice":7510.69,"apeswapsellprice":7593.45},{"block":11158604,"timestamp":1632381205,"swapAmountBNB":20,"uniswapv2buyprice":7633.33,"sushiswapv2buyprice":7613.97,"bakeryswapbuyprice":7716.48,"apeswapBuyPrice":7637.34,"uniswapv2sellprice":7594.72,"sushiswapv2sellprice":7587.97,"bakeryswapsellprice":7510.69,"apeswapsellprice":7593.45},{"block":11158605,"timestamp":1632381209,"swapAmountBNB":20,"uniswapv2buyprice":7633.23,"sushiswapv2buyprice":7615.46,"bakeryswapbuyprice":7716.48,"apeswapBuyPrice":7637.34,"uniswapv2sellprice":7594.61,"sushiswapv2sellprice":7589.45,"bakeryswapsellprice":7510.69,"apeswapsellprice":7593.45},{"block":11158606,"timestamp":1632381212,"swapAmountBNB":20,"uniswapv2buyprice":7633.22,"sushiswapv2buyprice":7615.46,"bakeryswapbuyprice":7716.48,"apeswapBuyPrice":7637.34,"uniswapv2sellprice":7594.61,"sushiswapv2sellprice":7589.45,"bakeryswapsellprice":7510.69,"apeswapsellprice":7593.45},{"block":11158607,"timestamp":1632381220,"swapAmountBNB":20,"uniswapv2buyprice":7633.19,"sushiswapv2buyprice":7615.46,"bakeryswapbuyprice":7716.48,"apeswapBuyPrice":7637.34,"uniswapv2sellprice":7594.58,"sushiswapv2sellprice":7589.45,"bakeryswapsellprice":7510.69,"apeswapsellprice":7593.45},{"block":11158608,"timestamp":1632381223,"swapAmountBNB":20,"uniswapv2buyprice":7633.17,"sushiswapv2buyprice":7615.46,"bakeryswapbuyprice":7716.48,"apeswapBuyPrice":7637.54,"uniswapv2sellprice":7594.55,"sushiswapv2sellprice":7589.45,"bakeryswapsellprice":7510.69,"apeswapsellprice":7593.65},{"block":11158609,"timestamp":1632381226,"swapAmountBNB":20,"uniswapv2buyprice":7633.17,"sushiswapv2buyprice":7615.46,"bakeryswapbuyprice":7716.48,"apeswapBuyPrice":7637.54,"uniswapv2sellprice":7594.56,"sushiswapv2sellprice":7589.45,"bakeryswapsellprice":7510.69,"apeswapsellprice":7593.65},{"block":11158610,"timestamp":1632381229,"swapAmountBNB":20,"uniswapv2buyprice":7633.21,"sushiswapv2buyprice":7615.46,"bakeryswapbuyprice":7716.48,"apeswapBuyPrice":7637.54,"uniswapv2sellprice":7594.59,"sushiswapv2sellprice":7589.45,"bakeryswapsellprice":7510.69,"apeswapsellprice":7593.65},{"block":11158611,"timestamp":1632381232,"swapAmountBNB":20,"uniswapv2buyprice":7633.2,"sushiswapv2buyprice":7615.46,"bakeryswapbuyprice":7716.48,"apeswapBuyPrice":7637.54,"uniswapv2sellprice":7594.59,"sushiswapv2sellprice":7589.45,"bakeryswapsellprice":7510.69,"apeswapsellprice":7593.65},{"block":11158612,"timestamp":1632381235,"swapAmountBNB":20,"uniswapv2buyprice":7633.25,"sushiswapv2buyprice":7615.46,"bakeryswapbuyprice":7716.48,"apeswapBuyPrice":7637.54,"uniswapv2sellprice":7594.63,"sushiswapv2sellprice":7589.45,"bakeryswapsellprice":7510.69,"apeswapsellprice":7593.65},{"block":11158613,"timestamp":1632381238,"swapAmountBNB":20,"uniswapv2buyprice":7633.25,"sushiswapv2buyprice":7615.46,"bakeryswapbuyprice":7716.48,"apeswapBuyPrice":7637.54,"uniswapv2sellprice":7594.64,"sushiswapv2sellprice":7589.45,"bakeryswapsellprice":7510.69,"apeswapsellprice":7593.65},{"block":11158614,"timestamp":1632381241,"swapAmountBNB":20,"uniswapv2buyprice":7633.24,"sushiswapv2buyprice":7615.46,"bakeryswapbuyprice":7716.48,"apeswapBuyPrice":7637.54,"uniswapv2sellprice":7594.63,"sushiswapv2sellprice":7589.45,"bakeryswapsellprice":7510.69,"apeswapsellprice":7593.65},{"block":11158615,"timestamp":1632381244,"swapAmountBNB":20,"uniswapv2buyprice":7633.24,"sushiswapv2buyprice":7615.46,"bakeryswapbuyprice":7716.48,"apeswapBuyPrice":7637.54,"uniswapv2sellprice":7594.63,"sushiswapv2sellprice":7589.45,"bakeryswapsellprice":7510.69,"apeswapsellprice":7593.65},{"block":11158616,"timestamp":1632381247,"swapAmountBNB":20,"uniswapv2buyprice":7633.3,"sushiswapv2buyprice":7615.46,"bakeryswapbuyprice":7716.48,"apeswapBuyPrice":7637.54,"uniswapv2sellprice":7594.68,"sushiswapv2sellprice":7589.45,"bakeryswapsellprice":7510.69,"apeswapsellprice":7593.65},{"block":11158617,"timestamp":1632381252,"swapAmountBNB":20,"uniswapv2buyprice":7633.32,"sushiswapv2buyprice":7615.46,"bakeryswapbuyprice":7716.48,"apeswapBuyPrice":7637.54,"uniswapv2sellprice":7594.71,"sushiswapv2sellprice":7589.45,"bakeryswapsellprice":7510.69,"apeswapsellprice":7593.65},{"block":11158617,"timestamp":1632381251,"swapAmountBNB":20,"uniswapv2buyprice":7633.32,"sushiswapv2buyprice":7615.46,"bakeryswapbuyprice":7716.48,"apeswapBuyPrice":7637.54,"uniswapv2sellprice":7594.71,"sushiswapv2sellprice":7589.45,"bakeryswapsellprice":7510.69,"apeswapsellprice":7593.65},{"block":11158618,"timestamp":1632381254,"swapAmountBNB":20,"uniswapv2buyprice":7633.33,"sushiswapv2buyprice":7615.46,"bakeryswapbuyprice":7716.48,"apeswapBuyPrice":7637.54,"uniswapv2sellprice":7594.71,"sushiswapv2sellprice":7589.45,"bakeryswapsellprice":7510.69,"apeswapsellprice":7593.65},{"block":11158619,"timestamp":1632381257,"swapAmountBNB":20,"uniswapv2buyprice":7633.37,"sushiswapv2buyprice":7615.46,"bakeryswapbuyprice":7716.48,"apeswapBuyPrice":7637.15,"uniswapv2sellprice":7594.75,"sushiswapv2sellprice":7589.45,"bakeryswapsellprice":7510.69,"apeswapsellprice":7593.65},{"block":11158620,"timestamp":1632381260,"swapAmountBNB":20,"uniswapv2buyprice":7633.16,"sushiswapv2buyprice":7617.36,"bakeryswapbuyprice":7716.48,"apeswapBuyPrice":7637.15,"uniswapv2sellprice":7594.55,"sushiswapv2sellprice":7591.35,"bakeryswapsellprice":7510.69,"apeswapsellprice":7593.26},{"block":11158621,"timestamp":1632381263,"swapAmountBNB":20,"uniswapv2buyprice":7632.98,"sushiswapv2buyprice":7617.36,"bakeryswapbuyprice":7716.48,"apeswapBuyPrice":7637.15,"uniswapv2sellprice":7594.37,"sushiswapv2sellprice":7591.35,"bakeryswapsellprice":7510.69,"apeswapsellprice":7593.26},{"block":11158622,"timestamp":1632381266,"swapAmountBNB":20,"uniswapv2buyprice":7632.95,"sushiswapv2buyprice":7617.36,"bakeryswapbuyprice":7716.48,"apeswapBuyPrice":7637.15,"uniswapv2sellprice":7594.34,"sushiswapv2sellprice":7591.35,"bakeryswapsellprice":7510.69,"apeswapsellprice":7593.26},{"block":11158623,"timestamp":1632381269,"swapAmountBNB":20,"uniswapv2buyprice":7632.95,"sushiswapv2buyprice":7617.36,"bakeryswapbuyprice":7716.48,"apeswapBuyPrice":7637.15,"uniswapv2sellprice":7594.34,"sushiswapv2sellprice":7591.35,"bakeryswapsellprice":7510.69,"apeswapsellprice":7593.26},{"block":11158624,"timestamp":1632381272,"swapAmountBNB":20,"uniswapv2buyprice":7632.96,"sushiswapv2buyprice":7617.36,"bakeryswapbuyprice":7716.48,"apeswapBuyPrice":7637.15,"uniswapv2sellprice":7594.35,"sushiswapv2sellprice":7591.35,"bakeryswapsellprice":7510.69,"apeswapsellprice":7593.26},{"block":11158625,"timestamp":1632381276,"swapAmountBNB":20,"uniswapv2buyprice":7632.98,"sushiswapv2buyprice":7617.36,"bakeryswapbuyprice":7716.48,"apeswapBuyPrice":7636.95,"uniswapv2sellprice":7594.37,"sushiswapv2sellprice":7591.35,"bakeryswapsellprice":7510.69,"apeswapsellprice":7593.06},{"block":11158626,"timestamp":1632381279,"swapAmountBNB":20,"uniswapv2buyprice":7632.75,"sushiswapv2buyprice":7611.41,"bakeryswapbuyprice":7716.48,"apeswapBuyPrice":7637.08,"uniswapv2sellprice":7594.14,"sushiswapv2sellprice":7585.43,"bakeryswapsellprice":7510.69,"apeswapsellprice":7593.06},{"block":11158627,"timestamp":1632381282,"swapAmountBNB":20,"uniswapv2buyprice":7632.71,"sushiswapv2buyprice":7611.41,"bakeryswapbuyprice":7716.48,"apeswapBuyPrice":7637.08,"uniswapv2sellprice":7594.1,"sushiswapv2sellprice":7585.43,"bakeryswapsellprice":7510.69,"apeswapsellprice":7593.19},{"block":11158628,"timestamp":1632381285,"swapAmountBNB":20,"uniswapv2buyprice":7632.97,"sushiswapv2buyprice":7611.78,"bakeryswapbuyprice":7716.48,"apeswapBuyPrice":7637.08,"uniswapv2sellprice":7594.36,"sushiswapv2sellprice":7585.79,"bakeryswapsellprice":7510.69,"apeswapsellprice":7593.19},{"block":11158629,"timestamp":1632381288,"swapAmountBNB":20,"uniswapv2buyprice":7632.96,"sushiswapv2buyprice":7612.47,"bakeryswapbuyprice":7716.48,"apeswapBuyPrice":7637.08,"uniswapv2sellprice":7594.35,"sushiswapv2sellprice":7586.48,"bakeryswapsellprice":7510.69,"apeswapsellprice":7593.19},{"block":11158630,"timestamp":1632381295,"swapAmountBNB":20,"uniswapv2buyprice":7632.95,"sushiswapv2buyprice":7612.47,"bakeryswapbuyprice":7716.48,"apeswapBuyPrice":7637.08,"uniswapv2sellprice":7594.33,"sushiswapv2sellprice":7586.48,"bakeryswapsellprice":7510.69,"apeswapsellprice":7593.19},{"block":11158631,"timestamp":1632381298,"swapAmountBNB":20,"uniswapv2buyprice":7632.95,"sushiswapv2buyprice":7613.02,"bakeryswapbuyprice":7716.48,"apeswapBuyPrice":7636.61,"uniswapv2sellprice":7594.34,"sushiswapv2sellprice":7587.03,"bakeryswapsellprice":7510.69,"apeswapsellprice":7592.72},{"block":11158632,"timestamp":1632381301,"swapAmountBNB":20,"uniswapv2buyprice":7632.93,"sushiswapv2buyprice":7613.02,"bakeryswapbuyprice":7716.48,"apeswapBuyPrice":7636.61,"uniswapv2sellprice":7594.31,"sushiswapv2sellprice":7587.03,"bakeryswapsellprice":7510.69,"apeswapsellprice":7592.72},{"block":11158633,"timestamp":1632381307,"swapAmountBNB":20,"uniswapv2buyprice":7632.93,"sushiswapv2buyprice":7613.02,"bakeryswapbuyprice":7716.48,"apeswapBuyPrice":7636.61,"uniswapv2sellprice":7594.31,"sushiswapv2sellprice":7587.03,"bakeryswapsellprice":7510.69,"apeswapsellprice":7592.72},{"block":11158633,"timestamp":1632381308,"swapAmountBNB":20,"uniswapv2buyprice":7632.93,"sushiswapv2buyprice":7613.02,"bakeryswapbuyprice":7716.48,"apeswapBuyPrice":7636.61,"uniswapv2sellprice":7594.31,"sushiswapv2sellprice":7587.03,"bakeryswapsellprice":7510.69,"apeswapsellprice":7592.72},{"block":11158634,"timestamp":1632381310,"swapAmountBNB":20,"uniswapv2buyprice":7632.96,"sushiswapv2buyprice":7613.09,"bakeryswapbuyprice":7716.48,"apeswapBuyPrice":7636.61,"uniswapv2sellprice":7594.35,"sushiswapv2sellprice":7587.1,"bakeryswapsellprice":7510.69,"apeswapsellprice":7592.72},{"block":11158635,"timestamp":1632381313,"swapAmountBNB":20,"uniswapv2buyprice":7632.94,"sushiswapv2buyprice":7613.09,"bakeryswapbuyprice":7716.48,"apeswapBuyPrice":7636.62,"uniswapv2sellprice":7594.33,"sushiswapv2sellprice":7587.1,"bakeryswapsellprice":7510.69,"apeswapsellprice":7592.74},{"block":11158636,"timestamp":1632381316,"swapAmountBNB":20,"uniswapv2buyprice":7632.96,"sushiswapv2buyprice":7613.09,"bakeryswapbuyprice":7716.48,"apeswapBuyPrice":7636.63,"uniswapv2sellprice":7594.34,"sushiswapv2sellprice":7587.1,"bakeryswapsellprice":7510.69,"apeswapsellprice":7592.74},{"block":11158637,"timestamp":1632381319,"swapAmountBNB":20,"uniswapv2buyprice":7632.97,"sushiswapv2buyprice":7613.09,"bakeryswapbuyprice":7716.48,"apeswapBuyPrice":7636.74,"uniswapv2sellprice":7594.36,"sushiswapv2sellprice":7587.1,"bakeryswapsellprice":7510.69,"apeswapsellprice":7592.85},{"block":11158638,"timestamp":1632381322,"swapAmountBNB":20,"uniswapv2buyprice":7633,"sushiswapv2buyprice":7613.09,"bakeryswapbuyprice":7716.48,"apeswapBuyPrice":7636.74,"uniswapv2sellprice":7594.39,"sushiswapv2sellprice":7587.1,"bakeryswapsellprice":7510.69,"apeswapsellprice":7592.85},{"block":11158639,"timestamp":1632381325,"swapAmountBNB":20,"uniswapv2buyprice":7632.99,"sushiswapv2buyprice":7613.09,"bakeryswapbuyprice":7716.48,"apeswapBuyPrice":7636.74,"uniswapv2sellprice":7594.37,"sushiswapv2sellprice":7587.1,"bakeryswapsellprice":7510.69,"apeswapsellprice":7592.85},{"block":11158640,"timestamp":1632381330,"swapAmountBNB":20,"uniswapv2buyprice":7632.93,"sushiswapv2buyprice":7613.09,"bakeryswapbuyprice":7716.48,"apeswapBuyPrice":7636.74,"uniswapv2sellprice":7594.32,"sushiswapv2sellprice":7587.1,"bakeryswapsellprice":7510.69,"apeswapsellprice":7592.85},{"block":11158641,"timestamp":1632381333,"swapAmountBNB":20,"uniswapv2buyprice":7632.36,"sushiswapv2buyprice":7613.09,"bakeryswapbuyprice":7716.48,"apeswapBuyPrice":7635.74,"uniswapv2sellprice":7593.75,"sushiswapv2sellprice":7587.1,"bakeryswapsellprice":7510.69,"apeswapsellprice":7591.86},{"block":11158642,"timestamp":1632381336,"swapAmountBNB":20,"uniswapv2buyprice":7632.38,"sushiswapv2buyprice":7613.09,"bakeryswapbuyprice":7716.48,"apeswapBuyPrice":7635.75,"uniswapv2sellprice":7593.77,"sushiswapv2sellprice":7587.1,"bakeryswapsellprice":7510.69,"apeswapsellprice":7591.86},{"block":11158643,"timestamp":1632381339,"swapAmountBNB":20,"uniswapv2buyprice":7632.43,"sushiswapv2buyprice":7613.09,"bakeryswapbuyprice":7716.48,"apeswapBuyPrice":7635.75,"uniswapv2sellprice":7593.82,"sushiswapv2sellprice":7587.1,"bakeryswapsellprice":7510.69,"apeswapsellprice":7591.87},{"block":11158644,"timestamp":1632381342,"swapAmountBNB":20,"uniswapv2buyprice":7632.43,"sushiswapv2buyprice":7613.09,"bakeryswapbuyprice":7716.48,"apeswapBuyPrice":7634.17,"uniswapv2sellprice":7593.82,"sushiswapv2sellprice":7587.1,"bakeryswapsellprice":7510.69,"apeswapsellprice":7590.3},{"block":11158645,"timestamp":1632381345,"swapAmountBNB":20,"uniswapv2buyprice":7632.38,"sushiswapv2buyprice":7613.18,"bakeryswapbuyprice":7716.48,"apeswapBuyPrice":7634.7,"uniswapv2sellprice":7593.77,"sushiswapv2sellprice":7587.19,"bakeryswapsellprice":7510.69,"apeswapsellprice":7590.82},{"block":11158646,"timestamp":1632381348,"swapAmountBNB":20,"uniswapv2buyprice":7632.38,"sushiswapv2buyprice":7619.14,"bakeryswapbuyprice":7716.48,"apeswapBuyPrice":7634.7,"uniswapv2sellprice":7593.77,"sushiswapv2sellprice":7593.12,"bakeryswapsellprice":7510.69,"apeswapsellprice":7590.82},{"block":11158647,"timestamp":1632381351,"swapAmountBNB":20,"uniswapv2buyprice":7632.17,"sushiswapv2buyprice":7619.14,"bakeryswapbuyprice":7716.48,"apeswapBuyPrice":7634.7,"uniswapv2sellprice":7593.56,"sushiswapv2sellprice":7593.12,"bakeryswapsellprice":7510.69,"apeswapsellprice":7590.82},{"block":11158648,"timestamp":1632381354,"swapAmountBNB":20,"uniswapv2buyprice":7632.16,"sushiswapv2buyprice":7620.18,"bakeryswapbuyprice":7716.48,"apeswapBuyPrice":7634.7,"uniswapv2sellprice":7593.55,"sushiswapv2sellprice":7594.16,"bakeryswapsellprice":7510.69,"apeswapsellprice":7590.82},{"block":11158649,"timestamp":1632381357,"swapAmountBNB":20,"uniswapv2buyprice":7632.16,"sushiswapv2buyprice":7620.18,"bakeryswapbuyprice":7716.48,"apeswapBuyPrice":7634.7,"uniswapv2sellprice":7593.55,"sushiswapv2sellprice":7594.16,"bakeryswapsellprice":7510.69,"apeswapsellprice":7590.82},{"block":11158650,"timestamp":1632381361,"swapAmountBNB":20,"uniswapv2buyprice":7632.17,"sushiswapv2buyprice":7620.18,"bakeryswapbuyprice":7716.48,"apeswapBuyPrice":7634.7,"uniswapv2sellprice":7593.56,"sushiswapv2sellprice":7594.16,"bakeryswapsellprice":7510.69,"apeswapsellprice":7590.82},{"block":11158651,"timestamp":1632381364,"swapAmountBNB":20,"uniswapv2buyprice":7632.17,"sushiswapv2buyprice":7617.63,"bakeryswapbuyprice":7716.48,"apeswapBuyPrice":7634.7,"uniswapv2sellprice":7593.56,"sushiswapv2sellprice":7591.62,"bakeryswapsellprice":7510.69,"apeswapsellprice":7590.82},{"block":11158652,"timestamp":1632381367,"swapAmountBNB":20,"uniswapv2buyprice":7632.17,"sushiswapv2buyprice":7617.63,"bakeryswapbuyprice":7716.48,"apeswapBuyPrice":7634.7,"uniswapv2sellprice":7593.56,"sushiswapv2sellprice":7591.62,"bakeryswapsellprice":7510.69,"apeswapsellprice":7590.82},{"block":11158653,"timestamp":1632381370,"swapAmountBNB":20,"uniswapv2buyprice":7632.13,"sushiswapv2buyprice":7617.04,"bakeryswapbuyprice":7716.48,"apeswapBuyPrice":7634.7,"uniswapv2sellprice":7593.52,"sushiswapv2sellprice":7591.03,"bakeryswapsellprice":7510.69,"apeswapsellprice":7590.82},{"block":11158654,"timestamp":1632381373,"swapAmountBNB":20,"uniswapv2buyprice":7632.1,"sushiswapv2buyprice":7617.04,"bakeryswapbuyprice":7716.48,"apeswapBuyPrice":7634.7,"uniswapv2sellprice":7593.49,"sushiswapv2sellprice":7591.03,"bakeryswapsellprice":7510.69,"apeswapsellprice":7590.82},{"block":11158655,"timestamp":1632381376,"swapAmountBNB":20,"uniswapv2buyprice":7632.08,"sushiswapv2buyprice":7617.04,"bakeryswapbuyprice":7716.48,"apeswapBuyPrice":7634.7,"uniswapv2sellprice":7593.47,"sushiswapv2sellprice":7591.03,"bakeryswapsellprice":7510.69,"apeswapsellprice":7590.82},{"block":11158656,"timestamp":1632381379,"swapAmountBNB":20,"uniswapv2buyprice":7632.18,"sushiswapv2buyprice":7617.2,"bakeryswapbuyprice":7716.48,"apeswapBuyPrice":7634.7,"uniswapv2sellprice":7593.57,"sushiswapv2sellprice":7591.19,"bakeryswapsellprice":7510.69,"apeswapsellprice":7590.82},{"block":11158657,"timestamp":1632381384,"swapAmountBNB":20,"uniswapv2buyprice":7632.17,"sushiswapv2buyprice":7617.2,"bakeryswapbuyprice":7716.48,"apeswapBuyPrice":7634.7,"uniswapv2sellprice":7593.56,"sushiswapv2sellprice":7591.19,"bakeryswapsellprice":7510.69,"apeswapsellprice":7590.82},{"block":11158658,"timestamp":1632381387,"swapAmountBNB":20,"uniswapv2buyprice":7632.17,"sushiswapv2buyprice":7617.2,"bakeryswapbuyprice":7716.48,"apeswapBuyPrice":7634.7,"uniswapv2sellprice":7593.56,"sushiswapv2sellprice":7591.19,"bakeryswapsellprice":7510.69,"apeswapsellprice":7590.82},{"block":11158659,"timestamp":1632381390,"swapAmountBNB":20,"uniswapv2buyprice":7632.63,"sushiswapv2buyprice":7617.2,"bakeryswapbuyprice":7716.48,"apeswapBuyPrice":7634.7,"uniswapv2sellprice":7594.02,"sushiswapv2sellprice":7591.19,"bakeryswapsellprice":7510.69,"apeswapsellprice":7590.82},{"block":11158660,"timestamp":1632381393,"swapAmountBNB":20,"uniswapv2buyprice":7632.63,"sushiswapv2buyprice":7617.2,"bakeryswapbuyprice":7716.48,"apeswapBuyPrice":7634.7,"uniswapv2sellprice":7594.02,"sushiswapv2sellprice":7591.19,"bakeryswapsellprice":7510.69,"apeswapsellprice":7590.82},{"block":11158661,"timestamp":1632381396,"swapAmountBNB":20,"uniswapv2buyprice":7632.55,"sushiswapv2buyprice":7617.2,"bakeryswapbuyprice":7716.48,"apeswapBuyPrice":7634.7,"uniswapv2sellprice":7593.93,"sushiswapv2sellprice":7591.19,"bakeryswapsellprice":7510.69,"apeswapsellprice":7590.82},{"block":11158662,"timestamp":1632381399,"swapAmountBNB":20,"uniswapv2buyprice":7632.58,"sushiswapv2buyprice":7617.2,"bakeryswapbuyprice":7716.48,"apeswapBuyPrice":7634.7,"uniswapv2sellprice":7593.97,"sushiswapv2sellprice":7591.19,"bakeryswapsellprice":7510.69,"apeswapsellprice":7590.82},{"block":11158663,"timestamp":1632381404,"swapAmountBNB":20,"uniswapv2buyprice":7632.58,"sushiswapv2buyprice":7617.2,"bakeryswapbuyprice":7716.48,"apeswapBuyPrice":7634.7,"uniswapv2sellprice":7593.97,"sushiswapv2sellprice":7591.19,"bakeryswapsellprice":7510.69,"apeswapsellprice":7590.82},{"block":11158664,"timestamp":1632381407,"swapAmountBNB":20,"uniswapv2buyprice":7632.58,"sushiswapv2buyprice":7617.56,"bakeryswapbuyprice":7716.48,"apeswapBuyPrice":7634.72,"uniswapv2sellprice":7593.97,"sushiswapv2sellprice":7591.55,"bakeryswapsellprice":7510.69,"apeswapsellprice":7590.85},{"block":11158665,"timestamp":1632381410,"swapAmountBNB":20,"uniswapv2buyprice":7632.58,"sushiswapv2buyprice":7617.72,"bakeryswapbuyprice":7716.48,"apeswapBuyPrice":7634.72,"uniswapv2sellprice":7593.97,"sushiswapv2sellprice":7591.71,"bakeryswapsellprice":7510.69,"apeswapsellprice":7590.85},{"block":11158666,"timestamp":1632381413,"swapAmountBNB":20,"uniswapv2buyprice":7632.55,"sushiswapv2buyprice":7617.72,"bakeryswapbuyprice":7716.48,"apeswapBuyPrice":7634.72,"uniswapv2sellprice":7593.94,"sushiswapv2sellprice":7591.71,"bakeryswapsellprice":7510.69,"apeswapsellprice":7590.85},{"block":11158667,"timestamp":1632381416,"swapAmountBNB":20,"uniswapv2buyprice":7632.47,"sushiswapv2buyprice":7619.22,"bakeryswapbuyprice":7716.48,"apeswapBuyPrice":7634.72,"uniswapv2sellprice":7593.86,"sushiswapv2sellprice":7593.2,"bakeryswapsellprice":7510.69,"apeswapsellprice":7590.85},{"block":11158668,"timestamp":1632381419,"swapAmountBNB":20,"uniswapv2buyprice":7632.45,"sushiswapv2buyprice":7619.22,"bakeryswapbuyprice":7716.48,"apeswapBuyPrice":7634.72,"uniswapv2sellprice":7593.84,"sushiswapv2sellprice":7593.2,"bakeryswapsellprice":7510.69,"apeswapsellprice":7590.85},{"block":11158669,"timestamp":1632381422,"swapAmountBNB":20,"uniswapv2buyprice":7632.99,"sushiswapv2buyprice":7619.22,"bakeryswapbuyprice":7716.48,"apeswapBuyPrice":7634.72,"uniswapv2sellprice":7594.38,"sushiswapv2sellprice":7593.2,"bakeryswapsellprice":7510.69,"apeswapsellprice":7590.85},{"block":11158670,"timestamp":1632381425,"swapAmountBNB":20,"uniswapv2buyprice":7632.99,"sushiswapv2buyprice":7619.22,"bakeryswapbuyprice":7716.48,"apeswapBuyPrice":7634.72,"uniswapv2sellprice":7594.37,"sushiswapv2sellprice":7593.2,"bakeryswapsellprice":7510.69,"apeswapsellprice":7590.85},{"block":11158671,"timestamp":1632381428,"swapAmountBNB":20,"uniswapv2buyprice":7633.08,"sushiswapv2buyprice":7619.22,"bakeryswapbuyprice":7716.48,"apeswapBuyPrice":7634.72,"uniswapv2sellprice":7594.47,"sushiswapv2sellprice":7593.2,"bakeryswapsellprice":7510.69,"apeswapsellprice":7590.85},{"block":11158672,"timestamp":1632381432,"swapAmountBNB":20,"uniswapv2buyprice":7633.1,"sushiswapv2buyprice":7619.22,"bakeryswapbuyprice":7716.48,"apeswapBuyPrice":7634.72,"uniswapv2sellprice":7594.48,"sushiswapv2sellprice":7593.2,"bakeryswapsellprice":7510.69,"apeswapsellprice":7590.85},{"block":11158673,"timestamp":1632381435,"swapAmountBNB":20,"uniswapv2buyprice":7633.15,"sushiswapv2buyprice":7619.22,"bakeryswapbuyprice":7716.48,"apeswapBuyPrice":7634.72,"uniswapv2sellprice":7594.54,"sushiswapv2sellprice":7593.2,"bakeryswapsellprice":7510.69,"apeswapsellprice":7590.85},{"block":11158674,"timestamp":1632381438,"swapAmountBNB":20,"uniswapv2buyprice":7633.15,"sushiswapv2buyprice":7619.22,"bakeryswapbuyprice":7716.48,"apeswapBuyPrice":7634.72,"uniswapv2sellprice":7594.54,"sushiswapv2sellprice":7593.2,"bakeryswapsellprice":7510.69,"apeswapsellprice":7590.85},{"block":11158675,"timestamp":1632381441,"swapAmountBNB":20,"uniswapv2buyprice":7633.16,"sushiswapv2buyprice":7619.22,"bakeryswapbuyprice":7716.48,"apeswapBuyPrice":7634.72,"uniswapv2sellprice":7594.55,"sushiswapv2sellprice":7593.2,"bakeryswapsellprice":7510.69,"apeswapsellprice":7590.85},{"block":11158676,"timestamp":1632381444,"swapAmountBNB":20,"uniswapv2buyprice":7633.16,"sushiswapv2buyprice":7619.22,"bakeryswapbuyprice":7716.48,"apeswapBuyPrice":7634.43,"uniswapv2sellprice":7594.55,"sushiswapv2sellprice":7593.2,"bakeryswapsellprice":7510.69,"apeswapsellprice":7590.56},{"block":11158677,"timestamp":1632381447,"swapAmountBNB":20,"uniswapv2buyprice":7633.08,"sushiswapv2buyprice":7620.34,"bakeryswapbuyprice":7716.48,"apeswapBuyPrice":7634.43,"uniswapv2sellprice":7594.46,"sushiswapv2sellprice":7594.32,"bakeryswapsellprice":7510.69,"apeswapsellprice":7590.56},{"block":11158678,"timestamp":1632381450,"swapAmountBNB":20,"uniswapv2buyprice":7633.14,"sushiswapv2buyprice":7620.34,"bakeryswapbuyprice":7716.48,"apeswapBuyPrice":7634.43,"uniswapv2sellprice":7594.53,"sushiswapv2sellprice":7594.32,"bakeryswapsellprice":7510.69,"apeswapsellprice":7590.56},{"block":11158679,"timestamp":1632381453,"swapAmountBNB":20,"uniswapv2buyprice":7633.04,"sushiswapv2buyprice":7620.34,"bakeryswapbuyprice":7716.48,"apeswapBuyPrice":7635.12,"uniswapv2sellprice":7594.43,"sushiswapv2sellprice":7594.32,"bakeryswapsellprice":7510.69,"apeswapsellprice":7591.24},{"block":11158680,"timestamp":1632381456,"swapAmountBNB":20,"uniswapv2buyprice":7633.12,"sushiswapv2buyprice":7620.34,"bakeryswapbuyprice":7716.48,"apeswapBuyPrice":7635.12,"uniswapv2sellprice":7594.51,"sushiswapv2sellprice":7594.32,"bakeryswapsellprice":7510.69,"apeswapsellprice":7591.24},{"block":11158681,"timestamp":1632381459,"swapAmountBNB":20,"uniswapv2buyprice":7633.12,"sushiswapv2buyprice":7620.34,"bakeryswapbuyprice":7716.48,"apeswapBuyPrice":7635.08,"uniswapv2sellprice":7594.51,"sushiswapv2sellprice":7594.32,"bakeryswapsellprice":7510.69,"apeswapsellprice":7591.21},{"block":11158682,"timestamp":1632381462,"swapAmountBNB":20,"uniswapv2buyprice":7633.13,"sushiswapv2buyprice":7620.34,"bakeryswapbuyprice":7716.48,"apeswapBuyPrice":7635.08,"uniswapv2sellprice":7594.52,"sushiswapv2sellprice":7594.32,"bakeryswapsellprice":7510.69,"apeswapsellprice":7591.21},{"block":11158683,"timestamp":1632381465,"swapAmountBNB":20,"uniswapv2buyprice":7633.11,"sushiswapv2buyprice":7620.34,"bakeryswapbuyprice":7716.48,"apeswapBuyPrice":7635.09,"uniswapv2sellprice":7594.5,"sushiswapv2sellprice":7594.32,"bakeryswapsellprice":7510.69,"apeswapsellprice":7591.21},{"block":11158684,"timestamp":1632381468,"swapAmountBNB":20,"uniswapv2buyprice":7632.44,"sushiswapv2buyprice":7620.18,"bakeryswapbuyprice":7716.48,"apeswapBuyPrice":7634.89,"uniswapv2sellprice":7593.83,"sushiswapv2sellprice":7594.16,"bakeryswapsellprice":7510.69,"apeswapsellprice":7591.01},{"block":11158685,"timestamp":1632381471,"swapAmountBNB":20,"uniswapv2buyprice":7632.44,"sushiswapv2buyprice":7625.93,"bakeryswapbuyprice":7716.48,"apeswapBuyPrice":7634.89,"uniswapv2sellprice":7593.83,"sushiswapv2sellprice":7599.88,"bakeryswapsellprice":7510.69,"apeswapsellprice":7591.01},{"block":11158686,"timestamp":1632381474,"swapAmountBNB":20,"uniswapv2buyprice":7632.39,"sushiswapv2buyprice":7625.93,"bakeryswapbuyprice":7716.48,"apeswapBuyPrice":7634.89,"uniswapv2sellprice":7593.78,"sushiswapv2sellprice":7599.88,"bakeryswapsellprice":7510.69,"apeswapsellprice":7591.01},{"block":11158687,"timestamp":1632381477,"swapAmountBNB":20,"uniswapv2buyprice":7632.39,"sushiswapv2buyprice":7625.93,"bakeryswapbuyprice":7716.48,"apeswapBuyPrice":7634.89,"uniswapv2sellprice":7593.78,"sushiswapv2sellprice":7599.88,"bakeryswapsellprice":7510.69,"apeswapsellprice":7591.01},{"block":11158688,"timestamp":1632381480,"swapAmountBNB":20,"uniswapv2buyprice":7632.49,"sushiswapv2buyprice":7625.93,"bakeryswapbuyprice":7716.48,"apeswapBuyPrice":7634.89,"uniswapv2sellprice":7593.88,"sushiswapv2sellprice":7599.88,"bakeryswapsellprice":7510.69,"apeswapsellprice":7591.01},{"block":11158689,"timestamp":1632381483,"swapAmountBNB":20,"uniswapv2buyprice":7632.55,"sushiswapv2buyprice":7625.43,"bakeryswapbuyprice":7716.48,"apeswapBuyPrice":7634.89,"uniswapv2sellprice":7593.94,"sushiswapv2sellprice":7599.38,"bakeryswapsellprice":7510.69,"apeswapsellprice":7591.01},{"block":11158690,"timestamp":1632381486,"swapAmountBNB":20,"uniswapv2buyprice":7632.53,"sushiswapv2buyprice":7628.07,"bakeryswapbuyprice":7716.48,"apeswapBuyPrice":7634.89,"uniswapv2sellprice":7593.92,"sushiswapv2sellprice":7602.01,"bakeryswapsellprice":7510.69,"apeswapsellprice":7591.01},{"block":11158691,"timestamp":1632381489,"swapAmountBNB":20,"uniswapv2buyprice":7632.36,"sushiswapv2buyprice":7629.66,"bakeryswapbuyprice":7716.48,"apeswapBuyPrice":7634.89,"uniswapv2sellprice":7593.75,"sushiswapv2sellprice":7603.6,"bakeryswapsellprice":7510.69,"apeswapsellprice":7591.01},{"block":11158692,"timestamp":1632381492,"swapAmountBNB":20,"uniswapv2buyprice":7632.65,"sushiswapv2buyprice":7629.44,"bakeryswapbuyprice":7716.48,"apeswapBuyPrice":7634.89,"uniswapv2sellprice":7594.03,"sushiswapv2sellprice":7603.38,"bakeryswapsellprice":7510.69,"apeswapsellprice":7591.01},{"block":11158693,"timestamp":1632381495,"swapAmountBNB":20,"uniswapv2buyprice":7632.65,"sushiswapv2buyprice":7629.44,"bakeryswapbuyprice":7716.48,"apeswapBuyPrice":7634.85,"uniswapv2sellprice":7594.04,"sushiswapv2sellprice":7603.38,"bakeryswapsellprice":7510.69,"apeswapsellprice":7590.98},{"block":11158694,"timestamp":1632381498,"swapAmountBNB":20,"uniswapv2buyprice":7632.65,"sushiswapv2buyprice":7629.44,"bakeryswapbuyprice":7716.48,"apeswapBuyPrice":7634.85,"uniswapv2sellprice":7594.04,"sushiswapv2sellprice":7603.38,"bakeryswapsellprice":7510.69,"apeswapsellprice":7590.98},{"block":11158695,"timestamp":1632381501,"swapAmountBNB":20,"uniswapv2buyprice":7632.66,"sushiswapv2buyprice":7629.44,"bakeryswapbuyprice":7716.48,"apeswapBuyPrice":7634.85,"uniswapv2sellprice":7594.05,"sushiswapv2sellprice":7603.38,"bakeryswapsellprice":7510.69,"apeswapsellprice":7590.98},{"block":11158696,"timestamp":1632381504,"swapAmountBNB":20,"uniswapv2buyprice":7632.58,"sushiswapv2buyprice":7628.61,"bakeryswapbuyprice":7716.48,"apeswapBuyPrice":7634.85,"uniswapv2sellprice":7593.96,"sushiswapv2sellprice":7602.55,"bakeryswapsellprice":7510.69,"apeswapsellprice":7590.98},{"block":11158697,"timestamp":1632381507,"swapAmountBNB":20,"uniswapv2buyprice":7632.59,"sushiswapv2buyprice":7628.95,"bakeryswapbuyprice":7716.48,"apeswapBuyPrice":7634.85,"uniswapv2sellprice":7593.98,"sushiswapv2sellprice":7602.89,"bakeryswapsellprice":7510.69,"apeswapsellprice":7590.98},{"block":11158698,"timestamp":1632381510,"swapAmountBNB":20,"uniswapv2buyprice":7632.59,"sushiswapv2buyprice":7628.95,"bakeryswapbuyprice":7716.48,"apeswapBuyPrice":7634.85,"uniswapv2sellprice":7593.98,"sushiswapv2sellprice":7602.89,"bakeryswapsellprice":7510.69,"apeswapsellprice":7590.98},{"block":11158699,"timestamp":1632381513,"swapAmountBNB":20,"uniswapv2buyprice":7632.48,"sushiswapv2buyprice":7628.95,"bakeryswapbuyprice":7716.48,"apeswapBuyPrice":7634.85,"uniswapv2sellprice":7593.87,"sushiswapv2sellprice":7602.89,"bakeryswapsellprice":7510.69,"apeswapsellprice":7590.98},{"block":11158700,"timestamp":1632381516,"swapAmountBNB":20,"uniswapv2buyprice":7632.48,"sushiswapv2buyprice":7628.2,"bakeryswapbuyprice":7716.48,"apeswapBuyPrice":7634.85,"uniswapv2sellprice":7593.87,"sushiswapv2sellprice":7602.14,"bakeryswapsellprice":7510.69,"apeswapsellprice":7590.98},{"block":11158701,"timestamp":1632381519,"swapAmountBNB":20,"uniswapv2buyprice":7632.39,"sushiswapv2buyprice":7628.2,"bakeryswapbuyprice":7716.48,"apeswapBuyPrice":7634.73,"uniswapv2sellprice":7593.78,"sushiswapv2sellprice":7602.14,"bakeryswapsellprice":7510.69,"apeswapsellprice":7590.85},{"block":11158702,"timestamp":1632381522,"swapAmountBNB":20,"uniswapv2buyprice":7632.36,"sushiswapv2buyprice":7628.2,"bakeryswapbuyprice":7716.48,"apeswapBuyPrice":7634.73,"uniswapv2sellprice":7593.75,"sushiswapv2sellprice":7602.14,"bakeryswapsellprice":7510.69,"apeswapsellprice":7590.85},{"block":11158703,"timestamp":1632381525,"swapAmountBNB":20,"uniswapv2buyprice":7632.4,"sushiswapv2buyprice":7628.2,"bakeryswapbuyprice":7716.48,"apeswapBuyPrice":7635.9,"uniswapv2sellprice":7593.79,"sushiswapv2sellprice":7602.14,"bakeryswapsellprice":7510.69,"apeswapsellprice":7592.02},{"block":11158704,"timestamp":1632381528,"swapAmountBNB":20,"uniswapv2buyprice":7632.57,"sushiswapv2buyprice":7628.2,"bakeryswapbuyprice":7716.48,"apeswapBuyPrice":7635.9,"uniswapv2sellprice":7593.96,"sushiswapv2sellprice":7602.14,"bakeryswapsellprice":7510.69,"apeswapsellprice":7592.02},{"block":11158705,"timestamp":1632381531,"swapAmountBNB":20,"uniswapv2buyprice":7632.55,"sushiswapv2buyprice":7628.2,"bakeryswapbuyprice":7716.48,"apeswapBuyPrice":7635.9,"uniswapv2sellprice":7593.94,"sushiswapv2sellprice":7602.14,"bakeryswapsellprice":7510.69,"apeswapsellprice":7592.02},{"block":11158706,"timestamp":1632381534,"swapAmountBNB":20,"uniswapv2buyprice":7632.55,"sushiswapv2buyprice":7628.2,"bakeryswapbuyprice":7716.48,"apeswapBuyPrice":7635.9,"uniswapv2sellprice":7593.94,"sushiswapv2sellprice":7602.14,"bakeryswapsellprice":7510.69,"apeswapsellprice":7592.02},{"block":11158707,"timestamp":1632381537,"swapAmountBNB":20,"uniswapv2buyprice":7632.55,"sushiswapv2buyprice":7633.93,"bakeryswapbuyprice":7716.48,"apeswapBuyPrice":7635.9,"uniswapv2sellprice":7593.94,"sushiswapv2sellprice":7607.85,"bakeryswapsellprice":7510.69,"apeswapsellprice":7592.02},{"block":11158708,"timestamp":1632381540,"swapAmountBNB":20,"uniswapv2buyprice":7632.55,"sushiswapv2buyprice":7633.93,"bakeryswapbuyprice":7716.48,"apeswapBuyPrice":7635.9,"uniswapv2sellprice":7593.94,"sushiswapv2sellprice":7607.85,"bakeryswapsellprice":7510.69,"apeswapsellprice":7592.02},{"block":11158709,"timestamp":1632381543,"swapAmountBNB":20,"uniswapv2buyprice":7632.56,"sushiswapv2buyprice":7634.13,"bakeryswapbuyprice":7716.48,"apeswapBuyPrice":7635.9,"uniswapv2sellprice":7593.94,"sushiswapv2sellprice":7608.05,"bakeryswapsellprice":7510.69,"apeswapsellprice":7592.02},{"block":11158710,"timestamp":1632381546,"swapAmountBNB":20,"uniswapv2buyprice":7632.55,"sushiswapv2buyprice":7634.13,"bakeryswapbuyprice":7716.48,"apeswapBuyPrice":7636.1,"uniswapv2sellprice":7593.94,"sushiswapv2sellprice":7608.05,"bakeryswapsellprice":7510.69,"apeswapsellprice":7592.22},{"block":11158711,"timestamp":1632381549,"swapAmountBNB":20,"uniswapv2buyprice":7632.54,"sushiswapv2buyprice":7634.13,"bakeryswapbuyprice":7716.48,"apeswapBuyPrice":7636.1,"uniswapv2sellprice":7593.93,"sushiswapv2sellprice":7608.05,"bakeryswapsellprice":7510.69,"apeswapsellprice":7592.22},{"block":11158712,"timestamp":1632381552,"swapAmountBNB":20,"uniswapv2buyprice":7632.41,"sushiswapv2buyprice":7634.13,"bakeryswapbuyprice":7716.48,"apeswapBuyPrice":7636.1,"uniswapv2sellprice":7593.8,"sushiswapv2sellprice":7608.05,"bakeryswapsellprice":7510.69,"apeswapsellprice":7592.22},{"block":11158713,"timestamp":1632381555,"swapAmountBNB":20,"uniswapv2buyprice":7632.32,"sushiswapv2buyprice":7634.13,"bakeryswapbuyprice":7716.48,"apeswapBuyPrice":7636.1,"uniswapv2sellprice":7593.71,"sushiswapv2sellprice":7608.05,"bakeryswapsellprice":7510.69,"apeswapsellprice":7592.22},{"block":11158714,"timestamp":1632381558,"swapAmountBNB":20,"uniswapv2buyprice":7632.35,"sushiswapv2buyprice":7634.13,"bakeryswapbuyprice":7716.48,"apeswapBuyPrice":7636.03,"uniswapv2sellprice":7593.74,"sushiswapv2sellprice":7608.05,"bakeryswapsellprice":7510.69,"apeswapsellprice":7592.14},{"block":11158715,"timestamp":1632381561,"swapAmountBNB":20,"uniswapv2buyprice":7632.34,"sushiswapv2buyprice":7634.13,"bakeryswapbuyprice":7716.48,"apeswapBuyPrice":7636.03,"uniswapv2sellprice":7593.73,"sushiswapv2sellprice":7608.05,"bakeryswapsellprice":7510.69,"apeswapsellprice":7592.14},{"block":11158716,"timestamp":1632381564,"swapAmountBNB":20,"uniswapv2buyprice":7632.32,"sushiswapv2buyprice":7634.05,"bakeryswapbuyprice":7716.48,"apeswapBuyPrice":7636.03,"uniswapv2sellprice":7593.71,"sushiswapv2sellprice":7607.97,"bakeryswapsellprice":7510.69,"apeswapsellprice":7592.14},{"block":11158717,"timestamp":1632381567,"swapAmountBNB":20,"uniswapv2buyprice":7633.09,"sushiswapv2buyprice":7633.91,"bakeryswapbuyprice":7716.48,"apeswapBuyPrice":7636.03,"uniswapv2sellprice":7594.47,"sushiswapv2sellprice":7607.97,"bakeryswapsellprice":7510.69,"apeswapsellprice":7592.14},{"block":11158718,"timestamp":1632381570,"swapAmountBNB":20,"uniswapv2buyprice":7633.04,"sushiswapv2buyprice":7633.91,"bakeryswapbuyprice":7716.48,"apeswapBuyPrice":7636.03,"uniswapv2sellprice":7594.42,"sushiswapv2sellprice":7607.83,"bakeryswapsellprice":7510.69,"apeswapsellprice":7592.14},{"block":11158719,"timestamp":1632381573,"swapAmountBNB":20,"uniswapv2buyprice":7633.04,"sushiswapv2buyprice":7633.91,"bakeryswapbuyprice":7716.48,"apeswapBuyPrice":7636.03,"uniswapv2sellprice":7594.43,"sushiswapv2sellprice":7607.83,"bakeryswapsellprice":7510.69,"apeswapsellprice":7592.14},{"block":11158720,"timestamp":1632381576,"swapAmountBNB":20,"uniswapv2buyprice":7633.05,"sushiswapv2buyprice":7633.91,"bakeryswapbuyprice":7716.48,"apeswapBuyPrice":7636.03,"uniswapv2sellprice":7594.44,"sushiswapv2sellprice":7607.83,"bakeryswapsellprice":7510.69,"apeswapsellprice":7592.14},{"block":11158721,"timestamp":1632381579,"swapAmountBNB":20,"uniswapv2buyprice":7633.05,"sushiswapv2buyprice":7633.91,"bakeryswapbuyprice":7716.48,"apeswapBuyPrice":7636.06,"uniswapv2sellprice":7594.43,"sushiswapv2sellprice":7607.83,"bakeryswapsellprice":7510.69,"apeswapsellprice":7592.18},{"block":11158722,"timestamp":1632381582,"swapAmountBNB":20,"uniswapv2buyprice":7633.05,"sushiswapv2buyprice":7633.91,"bakeryswapbuyprice":7716.48,"apeswapBuyPrice":7636.06,"uniswapv2sellprice":7594.44,"sushiswapv2sellprice":7607.83,"bakeryswapsellprice":7510.69,"apeswapsellprice":7592.18},{"block":11158723,"timestamp":1632381585,"swapAmountBNB":20,"uniswapv2buyprice":7633.11,"sushiswapv2buyprice":7633.22,"bakeryswapbuyprice":7716.48,"apeswapBuyPrice":7636.06,"uniswapv2sellprice":7594.5,"sushiswapv2sellprice":7607.14,"bakeryswapsellprice":7510.69,"apeswapsellprice":7592.18},{"block":11158724,"timestamp":1632381588,"swapAmountBNB":20,"uniswapv2buyprice":7633.1,"sushiswapv2buyprice":7633.22,"bakeryswapbuyprice":7716.48,"apeswapBuyPrice":7636.06,"uniswapv2sellprice":7594.49,"sushiswapv2sellprice":7607.14,"bakeryswapsellprice":7510.69,"apeswapsellprice":7592.18},{"block":11158725,"timestamp":1632381591,"swapAmountBNB":20,"uniswapv2buyprice":7633.14,"sushiswapv2buyprice":7633.22,"bakeryswapbuyprice":7716.48,"apeswapBuyPrice":7636.06,"uniswapv2sellprice":7594.53,"sushiswapv2sellprice":7607.14,"bakeryswapsellprice":7510.69,"apeswapsellprice":7592.18},{"block":11158726,"timestamp":1632381594,"swapAmountBNB":20,"uniswapv2buyprice":7633.25,"sushiswapv2buyprice":7633.22,"bakeryswapbuyprice":7716.48,"apeswapBuyPrice":7635.73,"uniswapv2sellprice":7594.63,"sushiswapv2sellprice":7607.14,"bakeryswapsellprice":7510.69,"apeswapsellprice":7591.85}]}