{"table":[{"block":11026746,"timestamp":1631983192,"swapAmountBNB":20,"uniswapv2buyprice":8289.84,"sushiswapv2buyprice":8272.58,"bakeryswapbuyprice":8386.38,"apeswapBuyPrice":8285.03,"uniswapv2sellprice":8247.96,"sushiswapv2sellprice":8247.97,"bakeryswapsellprice":8172.53,"apeswapsellprice":8239.88},{"block":11026748,"timestamp":1631983198,"swapAmountBNB":20,"uniswapv2buyprice":8289.85,"sushiswapv2buyprice":8272.58,"bakeryswapbuyprice":8386.38,"apeswapBuyPrice":8285.03,"uniswapv2sellprice":8247.89,"sushiswapv2sellprice":8247.97,"bakeryswapsellprice":8172.53,"apeswapsellprice":8239.88},{"block":11026747,"timestamp":1631983195,"swapAmountBNB":20,"uniswapv2buyprice":8289.85,"sushiswapv2buyprice":8272.58,"bakeryswapbuyprice":8386.38,"apeswapBuyPrice":8285.03,"uniswapv2sellprice":8247.88,"sushiswapv2sellprice":8247.97,"bakeryswapsellprice":8172.53,"apeswapsellprice":8239.88},{"block":11026749,"timestamp":1631983201,"swapAmountBNB":20,"uniswapv2buyprice":8289.88,"sushiswapv2buyprice":8272.58,"bakeryswapbuyprice":8386.38,"apeswapBuyPrice":8285.03,"uniswapv2sellprice":8247.93,"sushiswapv2sellprice":8247.97,"bakeryswapsellprice":8172.53,"apeswapsellprice":8239.88},{"block":11026750,"timestamp":1631983204,"swapAmountBNB":20,"uniswapv2buyprice":8289.87,"sushiswapv2buyprice":8272.58,"bakeryswapbuyprice":8386.38,"apeswapBuyPrice":8285.03,"uniswapv2sellprice":8247.92,"sushiswapv2sellprice":8247.97,"bakeryswapsellprice":8172.53,"apeswapsellprice":8239.88},{"block":11026751,"timestamp":1631983207,"swapAmountBNB":20,"uniswapv2buyprice":8289.95,"sushiswapv2buyprice":8272.58,"bakeryswapbuyprice":8386.38,"apeswapBuyPrice":8285.03,"uniswapv2sellprice":8247.99,"sushiswapv2sellprice":8247.97,"bakeryswapsellprice":8172.53,"apeswapsellprice":8239.88},{"block":11026752,"timestamp":1631983210,"swapAmountBNB":20,"uniswapv2buyprice":8289.94,"sushiswapv2buyprice":8272.58,"bakeryswapbuyprice":8386.38,"apeswapBuyPrice":8285.03,"uniswapv2sellprice":8247.99,"sushiswapv2sellprice":8247.97,"bakeryswapsellprice":8172.53,"apeswapsellprice":8239.88},{"block":11026753,"timestamp":1631983213,"swapAmountBNB":20,"uniswapv2buyprice":8289.9,"sushiswapv2buyprice":8270.54,"bakeryswapbuyprice":8386.38,"apeswapBuyPrice":8285.03,"uniswapv2sellprice":8247.98,"sushiswapv2sellprice":8245.95,"bakeryswapsellprice":8172.53,"apeswapsellprice":8239.88},{"block":11026754,"timestamp":1631983216,"swapAmountBNB":20,"uniswapv2buyprice":8289.9,"sushiswapv2buyprice":8270.54,"bakeryswapbuyprice":8386.38,"apeswapBuyPrice":8285.03,"uniswapv2sellprice":8247.94,"sushiswapv2sellprice":8245.95,"bakeryswapsellprice":8172.53,"apeswapsellprice":8239.88},{"block":11026755,"timestamp":1631983219,"swapAmountBNB":20,"uniswapv2buyprice":8290.08,"sushiswapv2buyprice":8269.98,"bakeryswapbuyprice":8386.38,"apeswapBuyPrice":8285.03,"uniswapv2sellprice":8248.12,"sushiswapv2sellprice":8245.39,"bakeryswapsellprice":8172.53,"apeswapsellprice":8239.88},{"block":11026756,"timestamp":1631983222,"swapAmountBNB":20,"uniswapv2buyprice":8290.08,"sushiswapv2buyprice":8269.98,"bakeryswapbuyprice":8386.38,"apeswapBuyPrice":8285.03,"uniswapv2sellprice":8248.12,"sushiswapv2sellprice":8245.39,"bakeryswapsellprice":8172.53,"apeswapsellprice":8239.88},{"block":11026757,"timestamp":1631983225,"swapAmountBNB":20,"uniswapv2buyprice":8290.03,"sushiswapv2buyprice":8269.98,"bakeryswapbuyprice":8386.38,"apeswapBuyPrice":8285.03,"uniswapv2sellprice":8248.07,"sushiswapv2sellprice":8245.39,"bakeryswapsellprice":8172.53,"apeswapsellprice":8239.88},{"block":11026758,"timestamp":1631983228,"swapAmountBNB":20,"uniswapv2buyprice":8290,"sushiswapv2buyprice":8269.98,"bakeryswapbuyprice":8386.38,"apeswapBuyPrice":8285.03,"uniswapv2sellprice":8248.04,"sushiswapv2sellprice":8245.39,"bakeryswapsellprice":8172.53,"apeswapsellprice":8239.88},{"block":11026759,"timestamp":1631983231,"swapAmountBNB":20,"uniswapv2buyprice":8289.99,"sushiswapv2buyprice":8269.98,"bakeryswapbuyprice":8386.38,"apeswapBuyPrice":8285.03,"uniswapv2sellprice":8248.04,"sushiswapv2sellprice":8245.39,"bakeryswapsellprice":8172.53,"apeswapsellprice":8239.88},{"block":11026760,"timestamp":1631983234,"swapAmountBNB":20,"uniswapv2buyprice":8289.82,"sushiswapv2buyprice":8269.98,"bakeryswapbuyprice":8386.38,"apeswapBuyPrice":8285.03,"uniswapv2sellprice":8247.86,"sushiswapv2sellprice":8245.39,"bakeryswapsellprice":8172.53,"apeswapsellprice":8239.88},{"block":11026761,"timestamp":1631983237,"swapAmountBNB":20,"uniswapv2buyprice":8289.82,"sushiswapv2buyprice":8269.98,"bakeryswapbuyprice":8386.38,"apeswapBuyPrice":8285.03,"uniswapv2sellprice":8247.87,"sushiswapv2sellprice":8245.39,"bakeryswapsellprice":8172.53,"apeswapsellprice":8239.88},{"block":11026762,"timestamp":1631983240,"swapAmountBNB":20,"uniswapv2buyprice":8289.88,"sushiswapv2buyprice":8271.57,"bakeryswapbuyprice":8386.38,"apeswapBuyPrice":8285.03,"uniswapv2sellprice":8247.92,"sushiswapv2sellprice":8246.97,"bakeryswapsellprice":8172.53,"apeswapsellprice":8239.88},{"block":11026763,"timestamp":1631983243,"swapAmountBNB":20,"uniswapv2buyprice":8289.66,"sushiswapv2buyprice":8271.57,"bakeryswapbuyprice":8386.38,"apeswapBuyPrice":8285.03,"uniswapv2sellprice":8247.71,"sushiswapv2sellprice":8246.97,"bakeryswapsellprice":8172.53,"apeswapsellprice":8239.88},{"block":11026764,"timestamp":1631983246,"swapAmountBNB":20,"uniswapv2buyprice":8289.27,"sushiswapv2buyprice":8271.57,"bakeryswapbuyprice":8386.38,"apeswapBuyPrice":8285.03,"uniswapv2sellprice":8247.31,"sushiswapv2sellprice":8246.97,"bakeryswapsellprice":8172.53,"apeswapsellprice":8239.88},{"block":11026765,"timestamp":1631983249,"swapAmountBNB":20,"uniswapv2buyprice":8289.28,"sushiswapv2buyprice":8269.37,"bakeryswapbuyprice":8386.38,"apeswapBuyPrice":8285.03,"uniswapv2sellprice":8247.32,"sushiswapv2sellprice":8244.78,"bakeryswapsellprice":8172.53,"apeswapsellprice":8239.88},{"block":11026766,"timestamp":1631983252,"swapAmountBNB":20,"uniswapv2buyprice":8289.33,"sushiswapv2buyprice":8269.37,"bakeryswapbuyprice":8386.38,"apeswapBuyPrice":8285.03,"uniswapv2sellprice":8247.37,"sushiswapv2sellprice":8244.78,"bakeryswapsellprice":8172.53,"apeswapsellprice":8239.88},{"block":11026767,"timestamp":1631983255,"swapAmountBNB":20,"uniswapv2buyprice":8289.33,"sushiswapv2buyprice":8269.37,"bakeryswapbuyprice":8386.38,"apeswapBuyPrice":8285.03,"uniswapv2sellprice":8247.38,"sushiswapv2sellprice":8244.78,"bakeryswapsellprice":8172.53,"apeswapsellprice":8239.88}]}