{"table":[{"block":11158727,"timestamp":1632381597,"swapAmountBNB":20,"uniswapv2buyprice":7633.25,"sushiswapv2buyprice":7633.22,"bakeryswapbuyprice":7716.48,"apeswapBuyPrice":7635.73,"uniswapv2sellprice":7594.63,"sushiswapv2sellprice":7607.14,"bakeryswapsellprice":7510.69,"apeswapsellprice":7591.85},{"block":11158728,"timestamp":1632381600,"swapAmountBNB":20,"uniswapv2buyprice":7633.26,"sushiswapv2buyprice":7633.22,"bakeryswapbuyprice":7716.48,"apeswapBuyPrice":7635.73,"uniswapv2sellprice":7594.64,"sushiswapv2sellprice":7607.14,"bakeryswapsellprice":7510.69,"apeswapsellprice":7591.85},{"block":11158729,"timestamp":1632381603,"swapAmountBNB":20,"uniswapv2buyprice":7633.26,"sushiswapv2buyprice":7633.22,"bakeryswapbuyprice":7716.48,"apeswapBuyPrice":7635.73,"uniswapv2sellprice":7594.64,"sushiswapv2sellprice":7607.14,"bakeryswapsellprice":7510.69,"apeswapsellprice":7591.85},{"block":11158730,"timestamp":1632381606,"swapAmountBNB":20,"uniswapv2buyprice":7633.29,"sushiswapv2buyprice":7627.25,"bakeryswapbuyprice":7716.48,"apeswapBuyPrice":7635.72,"uniswapv2sellprice":7594.71,"sushiswapv2sellprice":7601.2,"bakeryswapsellprice":7510.69,"apeswapsellprice":7591.84},{"block":11158731,"timestamp":1632381609,"swapAmountBNB":20,"uniswapv2buyprice":7633.29,"sushiswapv2buyprice":7627.25,"bakeryswapbuyprice":7716.48,"apeswapBuyPrice":7635.72,"uniswapv2sellprice":7594.68,"sushiswapv2sellprice":7601.2,"bakeryswapsellprice":7510.69,"apeswapsellprice":7591.84},{"block":11158732,"timestamp":1632381612,"swapAmountBNB":20,"uniswapv2buyprice":7633.31,"sushiswapv2buyprice":7627.25,"bakeryswapbuyprice":7716.46,"apeswapBuyPrice":7635.72,"uniswapv2sellprice":7594.69,"sushiswapv2sellprice":7601.2,"bakeryswapsellprice":7510.67,"apeswapsellprice":7591.84},{"block":11158733,"timestamp":1632381615,"swapAmountBNB":20,"uniswapv2buyprice":7633.31,"sushiswapv2buyprice":7627.25,"bakeryswapbuyprice":7716.46,"apeswapBuyPrice":7635.72,"uniswapv2sellprice":7594.69,"sushiswapv2sellprice":7601.2,"bakeryswapsellprice":7510.67,"apeswapsellprice":7591.84},{"block":11158734,"timestamp":1632381618,"swapAmountBNB":20,"uniswapv2buyprice":7633.33,"sushiswapv2buyprice":7627.09,"bakeryswapbuyprice":7716.46,"apeswapBuyPrice":7635.72,"uniswapv2sellprice":7594.72,"sushiswapv2sellprice":7601.04,"bakeryswapsellprice":7510.67,"apeswapsellprice":7591.84},{"block":11158735,"timestamp":1632381621,"swapAmountBNB":20,"uniswapv2buyprice":7633.41,"sushiswapv2buyprice":7627.09,"bakeryswapbuyprice":7716.81,"apeswapBuyPrice":7635.72,"uniswapv2sellprice":7594.79,"sushiswapv2sellprice":7601.04,"bakeryswapsellprice":7511,"apeswapsellprice":7591.84}]}