{"table":[{"block":11012997,"timestamp":1631941756,"swapAmountBNB":30,"uniswapv2buyprice":12498.53,"sushiswapv2buyprice":12462.57,"bakeryswapbuyprice":12699.87,"apeswapBuyPrice":12502.25,"uniswapv2sellprice":12434.86,"sushiswapv2sellprice":12419.48,"bakeryswapsellprice":12253.11,"apeswapsellprice":12425.05},{"block":11012998,"timestamp":1631941759,"swapAmountBNB":30,"uniswapv2buyprice":12498.49,"sushiswapv2buyprice":12462.57,"bakeryswapbuyprice":12699.87,"apeswapBuyPrice":12502.25,"uniswapv2sellprice":12434.82,"sushiswapv2sellprice":12419.48,"bakeryswapsellprice":12253.11,"apeswapsellprice":12425.05},{"block":11012999,"timestamp":1631941762,"swapAmountBNB":30,"uniswapv2buyprice":12498.49,"sushiswapv2buyprice":12462.57,"bakeryswapbuyprice":12699.87,"apeswapBuyPrice":12502.25,"uniswapv2sellprice":12434.82,"sushiswapv2sellprice":12419.48,"bakeryswapsellprice":12253.11,"apeswapsellprice":12425.05},{"block":11013000,"timestamp":1631941765,"swapAmountBNB":30,"uniswapv2buyprice":12498.38,"sushiswapv2buyprice":12462.57,"bakeryswapbuyprice":12699.87,"apeswapBuyPrice":12502.25,"uniswapv2sellprice":12434.71,"sushiswapv2sellprice":12419.48,"bakeryswapsellprice":12253.11,"apeswapsellprice":12425.05},{"block":11013001,"timestamp":1631941768,"swapAmountBNB":30,"uniswapv2buyprice":12498.2,"sushiswapv2buyprice":12462.57,"bakeryswapbuyprice":12699.87,"apeswapBuyPrice":12502.25,"uniswapv2sellprice":12434.53,"sushiswapv2sellprice":12419.48,"bakeryswapsellprice":12253.11,"apeswapsellprice":12425.05},{"block":11013002,"timestamp":1631941771,"swapAmountBNB":30,"uniswapv2buyprice":12498,"sushiswapv2buyprice":12462.57,"bakeryswapbuyprice":12699.87,"apeswapBuyPrice":12502.25,"uniswapv2sellprice":12434.33,"sushiswapv2sellprice":12419.48,"bakeryswapsellprice":12253.11,"apeswapsellprice":12425.05},{"block":11013003,"timestamp":1631941774,"swapAmountBNB":30,"uniswapv2buyprice":12498.06,"sushiswapv2buyprice":12462.57,"bakeryswapbuyprice":12699.87,"apeswapBuyPrice":12502.25,"uniswapv2sellprice":12434.38,"sushiswapv2sellprice":12419.48,"bakeryswapsellprice":12253.11,"apeswapsellprice":12425.05},{"block":11013004,"timestamp":1631941777,"swapAmountBNB":30,"uniswapv2buyprice":12497.97,"sushiswapv2buyprice":12462.57,"bakeryswapbuyprice":12699.87,"apeswapBuyPrice":12502.25,"uniswapv2sellprice":12434.3,"sushiswapv2sellprice":12419.48,"bakeryswapsellprice":12253.11,"apeswapsellprice":12425.05},{"block":11013005,"timestamp":1631941780,"swapAmountBNB":30,"uniswapv2buyprice":12497.92,"sushiswapv2buyprice":12464.33,"bakeryswapbuyprice":12699.87,"apeswapBuyPrice":12502.25,"uniswapv2sellprice":12434.25,"sushiswapv2sellprice":12421.22,"bakeryswapsellprice":12253.11,"apeswapsellprice":12425.05},{"block":11013006,"timestamp":1631941783,"swapAmountBNB":30,"uniswapv2buyprice":12497.45,"sushiswapv2buyprice":12464.33,"bakeryswapbuyprice":12699.87,"apeswapBuyPrice":12502.25,"uniswapv2sellprice":12433.78,"sushiswapv2sellprice":12421.22,"bakeryswapsellprice":12253.11,"apeswapsellprice":12425.05},{"block":11013007,"timestamp":1631941786,"swapAmountBNB":30,"uniswapv2buyprice":12497.43,"sushiswapv2buyprice":12464.33,"bakeryswapbuyprice":12699.87,"apeswapBuyPrice":12502.25,"uniswapv2sellprice":12433.76,"sushiswapv2sellprice":12421.22,"bakeryswapsellprice":12253.11,"apeswapsellprice":12425.05},{"block":11013008,"timestamp":1631941789,"swapAmountBNB":30,"uniswapv2buyprice":12497.39,"sushiswapv2buyprice":12464.33,"bakeryswapbuyprice":12699.87,"apeswapBuyPrice":12502.25,"uniswapv2sellprice":12433.73,"sushiswapv2sellprice":12421.22,"bakeryswapsellprice":12253.11,"apeswapsellprice":12425.05},{"block":11013009,"timestamp":1631941792,"swapAmountBNB":30,"uniswapv2buyprice":12497.37,"sushiswapv2buyprice":12464.33,"bakeryswapbuyprice":12699.87,"apeswapBuyPrice":12502.25,"uniswapv2sellprice":12433.7,"sushiswapv2sellprice":12421.22,"bakeryswapsellprice":12253.11,"apeswapsellprice":12425.05},{"block":11013010,"timestamp":1631941795,"swapAmountBNB":30,"uniswapv2buyprice":12498.15,"sushiswapv2buyprice":12464.33,"bakeryswapbuyprice":12699.87,"apeswapBuyPrice":12502.25,"uniswapv2sellprice":12434.48,"sushiswapv2sellprice":12421.22,"bakeryswapsellprice":12253.11,"apeswapsellprice":12425.05},{"block":11013011,"timestamp":1631941798,"swapAmountBNB":30,"uniswapv2buyprice":12498.15,"sushiswapv2buyprice":12464.33,"bakeryswapbuyprice":12699.87,"apeswapBuyPrice":12502.47,"uniswapv2sellprice":12434.48,"sushiswapv2sellprice":12421.22,"bakeryswapsellprice":12253.11,"apeswapsellprice":12425.27},{"block":11013012,"timestamp":1631941801,"swapAmountBNB":30,"uniswapv2buyprice":12497.76,"sushiswapv2buyprice":12464.33,"bakeryswapbuyprice":12699.87,"apeswapBuyPrice":12502.64,"uniswapv2sellprice":12434.09,"sushiswapv2sellprice":12421.22,"bakeryswapsellprice":12253.11,"apeswapsellprice":12425.27},{"block":11013013,"timestamp":1631941804,"swapAmountBNB":30,"uniswapv2buyprice":12497.72,"sushiswapv2buyprice":12464.34,"bakeryswapbuyprice":12699.87,"apeswapBuyPrice":12502.64,"uniswapv2sellprice":12434.05,"sushiswapv2sellprice":12421.24,"bakeryswapsellprice":12253.11,"apeswapsellprice":12425.44},{"block":11013014,"timestamp":1631941807,"swapAmountBNB":30,"uniswapv2buyprice":12497.61,"sushiswapv2buyprice":12465.52,"bakeryswapbuyprice":12699.87,"apeswapBuyPrice":12502.64,"uniswapv2sellprice":12433.94,"sushiswapv2sellprice":12422.41,"bakeryswapsellprice":12253.11,"apeswapsellprice":12425.44},{"block":11013015,"timestamp":1631941811,"swapAmountBNB":30,"uniswapv2buyprice":12497.57,"sushiswapv2buyprice":12465.52,"bakeryswapbuyprice":12699.87,"apeswapBuyPrice":12502.64,"uniswapv2sellprice":12433.9,"sushiswapv2sellprice":12422.41,"bakeryswapsellprice":12253.11,"apeswapsellprice":12425.44},{"block":11013015,"timestamp":1631941810,"swapAmountBNB":30,"uniswapv2buyprice":12497.57,"sushiswapv2buyprice":12465.52,"bakeryswapbuyprice":12699.87,"apeswapBuyPrice":12502.64,"uniswapv2sellprice":12433.9,"sushiswapv2sellprice":12422.41,"bakeryswapsellprice":12253.11,"apeswapsellprice":12425.44},{"block":11013016,"timestamp":1631941813,"swapAmountBNB":30,"uniswapv2buyprice":12496.43,"sushiswapv2buyprice":12465.52,"bakeryswapbuyprice":12699.87,"apeswapBuyPrice":12502.64,"uniswapv2sellprice":12432.76,"sushiswapv2sellprice":12422.41,"bakeryswapsellprice":12253.11,"apeswapsellprice":12425.44},{"block":11013017,"timestamp":1631941816,"swapAmountBNB":30,"uniswapv2buyprice":12496.36,"sushiswapv2buyprice":12465.52,"bakeryswapbuyprice":12699.87,"apeswapBuyPrice":12502.64,"uniswapv2sellprice":12432.7,"sushiswapv2sellprice":12422.41,"bakeryswapsellprice":12253.11,"apeswapsellprice":12425.44},{"block":11013018,"timestamp":1631941819,"swapAmountBNB":30,"uniswapv2buyprice":12496.26,"sushiswapv2buyprice":12465.52,"bakeryswapbuyprice":12699.87,"apeswapBuyPrice":12500.99,"uniswapv2sellprice":12432.59,"sushiswapv2sellprice":12422.41,"bakeryswapsellprice":12253.11,"apeswapsellprice":12423.79},{"block":11013019,"timestamp":1631941822,"swapAmountBNB":30,"uniswapv2buyprice":12496.26,"sushiswapv2buyprice":12465.52,"bakeryswapbuyprice":12699.87,"apeswapBuyPrice":12493.92,"uniswapv2sellprice":12432.6,"sushiswapv2sellprice":12422.41,"bakeryswapsellprice":12253.11,"apeswapsellprice":12416.78},{"block":11013020,"timestamp":1631941825,"swapAmountBNB":30,"uniswapv2buyprice":12496.24,"sushiswapv2buyprice":12465.52,"bakeryswapbuyprice":12699.87,"apeswapBuyPrice":12493.92,"uniswapv2sellprice":12432.58,"sushiswapv2sellprice":12422.41,"bakeryswapsellprice":12253.11,"apeswapsellprice":12416.78},{"block":11013021,"timestamp":1631941828,"swapAmountBNB":30,"uniswapv2buyprice":12496.23,"sushiswapv2buyprice":12465.52,"bakeryswapbuyprice":12699.87,"apeswapBuyPrice":12489.99,"uniswapv2sellprice":12432.56,"sushiswapv2sellprice":12422.41,"bakeryswapsellprice":12253.11,"apeswapsellprice":12412.88},{"block":11013022,"timestamp":1631941831,"swapAmountBNB":30,"uniswapv2buyprice":12496.24,"sushiswapv2buyprice":12465.73,"bakeryswapbuyprice":12699.87,"apeswapBuyPrice":12489.99,"uniswapv2sellprice":12432.58,"sushiswapv2sellprice":12422.62,"bakeryswapsellprice":12253.11,"apeswapsellprice":12412.88},{"block":11013023,"timestamp":1631941834,"swapAmountBNB":30,"uniswapv2buyprice":12496.1,"sushiswapv2buyprice":12466.47,"bakeryswapbuyprice":12699.87,"apeswapBuyPrice":12489.99,"uniswapv2sellprice":12432.44,"sushiswapv2sellprice":12423.36,"bakeryswapsellprice":12253.11,"apeswapsellprice":12412.88},{"block":11013024,"timestamp":1631941837,"swapAmountBNB":30,"uniswapv2buyprice":12496.29,"sushiswapv2buyprice":12466.47,"bakeryswapbuyprice":12699.87,"apeswapBuyPrice":12489.99,"uniswapv2sellprice":12432.63,"sushiswapv2sellprice":12423.36,"bakeryswapsellprice":12253.11,"apeswapsellprice":12412.88},{"block":11013025,"timestamp":1631941840,"swapAmountBNB":30,"uniswapv2buyprice":12496.27,"sushiswapv2buyprice":12466.47,"bakeryswapbuyprice":12699.87,"apeswapBuyPrice":12489.99,"uniswapv2sellprice":12432.61,"sushiswapv2sellprice":12423.36,"bakeryswapsellprice":12253.11,"apeswapsellprice":12412.88},{"block":11013026,"timestamp":1631941843,"swapAmountBNB":30,"uniswapv2buyprice":12495.95,"sushiswapv2buyprice":12466.52,"bakeryswapbuyprice":12699.87,"apeswapBuyPrice":12489.99,"uniswapv2sellprice":12432.29,"sushiswapv2sellprice":12423.41,"bakeryswapsellprice":12253.11,"apeswapsellprice":12412.88},{"block":11013027,"timestamp":1631941846,"swapAmountBNB":30,"uniswapv2buyprice":12495.82,"sushiswapv2buyprice":12466.52,"bakeryswapbuyprice":12699.87,"apeswapBuyPrice":12489.99,"uniswapv2sellprice":12432.16,"sushiswapv2sellprice":12423.41,"bakeryswapsellprice":12253.11,"apeswapsellprice":12412.88},{"block":11013028,"timestamp":1631941849,"swapAmountBNB":30,"uniswapv2buyprice":12495.79,"sushiswapv2buyprice":12459.84,"bakeryswapbuyprice":12699.87,"apeswapBuyPrice":12487.98,"uniswapv2sellprice":12432.13,"sushiswapv2sellprice":12416.75,"bakeryswapsellprice":12253.11,"apeswapsellprice":12410.88},{"block":11013029,"timestamp":1631941852,"swapAmountBNB":30,"uniswapv2buyprice":12495.08,"sushiswapv2buyprice":12459.84,"bakeryswapbuyprice":12699.87,"apeswapBuyPrice":12487.98,"uniswapv2sellprice":12431.42,"sushiswapv2sellprice":12416.75,"bakeryswapsellprice":12253.11,"apeswapsellprice":12410.88},{"block":11013030,"timestamp":1631941855,"swapAmountBNB":30,"uniswapv2buyprice":12495.07,"sushiswapv2buyprice":12459.84,"bakeryswapbuyprice":12699.87,"apeswapBuyPrice":12487.98,"uniswapv2sellprice":12431.42,"sushiswapv2sellprice":12416.75,"bakeryswapsellprice":12253.11,"apeswapsellprice":12410.88},{"block":11013031,"timestamp":1631941858,"swapAmountBNB":30,"uniswapv2buyprice":12495,"sushiswapv2buyprice":12459.84,"bakeryswapbuyprice":12699.87,"apeswapBuyPrice":12488,"uniswapv2sellprice":12431.34,"sushiswapv2sellprice":12416.75,"bakeryswapsellprice":12253.11,"apeswapsellprice":12410.91},{"block":11013032,"timestamp":1631941863,"swapAmountBNB":30,"uniswapv2buyprice":12495.37,"sushiswapv2buyprice":12459.84,"bakeryswapbuyprice":12699.87,"apeswapBuyPrice":12488,"uniswapv2sellprice":12431.71,"sushiswapv2sellprice":12416.75,"bakeryswapsellprice":12253.11,"apeswapsellprice":12410.91},{"block":11013033,"timestamp":1631941866,"swapAmountBNB":30,"uniswapv2buyprice":12495.31,"sushiswapv2buyprice":12461.01,"bakeryswapbuyprice":12699.87,"apeswapBuyPrice":12488.17,"uniswapv2sellprice":12431.65,"sushiswapv2sellprice":12417.92,"bakeryswapsellprice":12253.11,"apeswapsellprice":12411.07},{"block":11013034,"timestamp":1631941869,"swapAmountBNB":30,"uniswapv2buyprice":12495.23,"sushiswapv2buyprice":12461.01,"bakeryswapbuyprice":12699.87,"apeswapBuyPrice":12488.17,"uniswapv2sellprice":12431.57,"sushiswapv2sellprice":12417.92,"bakeryswapsellprice":12253.11,"apeswapsellprice":12411.07},{"block":11013035,"timestamp":1631941872,"swapAmountBNB":30,"uniswapv2buyprice":12495.13,"sushiswapv2buyprice":12467.71,"bakeryswapbuyprice":12699.87,"apeswapBuyPrice":12488.26,"uniswapv2sellprice":12431.47,"sushiswapv2sellprice":12424.59,"bakeryswapsellprice":12253.11,"apeswapsellprice":12411.17},{"block":11013036,"timestamp":1631941878,"swapAmountBNB":30,"uniswapv2buyprice":12495.14,"sushiswapv2buyprice":12467.71,"bakeryswapbuyprice":12699.87,"apeswapBuyPrice":12488.26,"uniswapv2sellprice":12431.48,"sushiswapv2sellprice":12424.59,"bakeryswapsellprice":12253.11,"apeswapsellprice":12411.17},{"block":11013037,"timestamp":1631941881,"swapAmountBNB":30,"uniswapv2buyprice":12495.05,"sushiswapv2buyprice":12467.71,"bakeryswapbuyprice":12696.69,"apeswapBuyPrice":12488.26,"uniswapv2sellprice":12431.4,"sushiswapv2sellprice":12424.59,"bakeryswapsellprice":12250.09,"apeswapsellprice":12411.17},{"block":11013038,"timestamp":1631941886,"swapAmountBNB":30,"uniswapv2buyprice":12495.07,"sushiswapv2buyprice":12467.71,"bakeryswapbuyprice":12696.69,"apeswapBuyPrice":12488.26,"uniswapv2sellprice":12431.41,"sushiswapv2sellprice":12424.59,"bakeryswapsellprice":12250.09,"apeswapsellprice":12411.17},{"block":11013039,"timestamp":1631941889,"swapAmountBNB":30,"uniswapv2buyprice":12495.19,"sushiswapv2buyprice":12467.71,"bakeryswapbuyprice":12696.69,"apeswapBuyPrice":12488.26,"uniswapv2sellprice":12431.53,"sushiswapv2sellprice":12424.59,"bakeryswapsellprice":12250.09,"apeswapsellprice":12411.17},{"block":11013040,"timestamp":1631941892,"swapAmountBNB":30,"uniswapv2buyprice":12495.27,"sushiswapv2buyprice":12467.71,"bakeryswapbuyprice":12696.69,"apeswapBuyPrice":12488.26,"uniswapv2sellprice":12431.61,"sushiswapv2sellprice":12424.59,"bakeryswapsellprice":12250.09,"apeswapsellprice":12411.17},{"block":11013041,"timestamp":1631941895,"swapAmountBNB":30,"uniswapv2buyprice":12495.27,"sushiswapv2buyprice":12467.71,"bakeryswapbuyprice":12696.69,"apeswapBuyPrice":12488.26,"uniswapv2sellprice":12431.61,"sushiswapv2sellprice":12424.59,"bakeryswapsellprice":12250.09,"apeswapsellprice":12411.17},{"block":11013042,"timestamp":1631941898,"swapAmountBNB":30,"uniswapv2buyprice":12494.71,"sushiswapv2buyprice":12467.71,"bakeryswapbuyprice":12696.69,"apeswapBuyPrice":12488.26,"uniswapv2sellprice":12431.06,"sushiswapv2sellprice":12424.59,"bakeryswapsellprice":12250.09,"apeswapsellprice":12411.17},{"block":11013043,"timestamp":1631941901,"swapAmountBNB":30,"uniswapv2buyprice":12494.7,"sushiswapv2buyprice":12467.71,"bakeryswapbuyprice":12696.69,"apeswapBuyPrice":12488.26,"uniswapv2sellprice":12431.04,"sushiswapv2sellprice":12424.59,"bakeryswapsellprice":12250.09,"apeswapsellprice":12411.17},{"block":11013044,"timestamp":1631941904,"swapAmountBNB":30,"uniswapv2buyprice":12494.69,"sushiswapv2buyprice":12467.71,"bakeryswapbuyprice":12696.69,"apeswapBuyPrice":12488.26,"uniswapv2sellprice":12431.04,"sushiswapv2sellprice":12424.59,"bakeryswapsellprice":12250.09,"apeswapsellprice":12411.17},{"block":11013045,"timestamp":1631941907,"swapAmountBNB":30,"uniswapv2buyprice":12493.95,"sushiswapv2buyprice":12467.71,"bakeryswapbuyprice":12696.69,"apeswapBuyPrice":12488.26,"uniswapv2sellprice":12430.3,"sushiswapv2sellprice":12424.59,"bakeryswapsellprice":12250.09,"apeswapsellprice":12411.17},{"block":11013046,"timestamp":1631941910,"swapAmountBNB":30,"uniswapv2buyprice":12493.96,"sushiswapv2buyprice":12465.53,"bakeryswapbuyprice":12696.69,"apeswapBuyPrice":12488.26,"uniswapv2sellprice":12430.3,"sushiswapv2sellprice":12422.42,"bakeryswapsellprice":12250.09,"apeswapsellprice":12411.17},{"block":11013047,"timestamp":1631941913,"swapAmountBNB":30,"uniswapv2buyprice":12493.96,"sushiswapv2buyprice":12465.53,"bakeryswapbuyprice":12696.69,"apeswapBuyPrice":12488.5,"uniswapv2sellprice":12430.31,"sushiswapv2sellprice":12422.42,"bakeryswapsellprice":12250.09,"apeswapsellprice":12411.4},{"block":11013048,"timestamp":1631941917,"swapAmountBNB":30,"uniswapv2buyprice":12493.87,"sushiswapv2buyprice":12465.53,"bakeryswapbuyprice":12696.69,"apeswapBuyPrice":12488.49,"uniswapv2sellprice":12430.21,"sushiswapv2sellprice":12422.42,"bakeryswapsellprice":12250.09,"apeswapsellprice":12411.39},{"block":11013049,"timestamp":1631941920,"swapAmountBNB":30,"uniswapv2buyprice":12493.87,"sushiswapv2buyprice":12465.53,"bakeryswapbuyprice":12696.69,"apeswapBuyPrice":12488.49,"uniswapv2sellprice":12430.21,"sushiswapv2sellprice":12422.42,"bakeryswapsellprice":12250.09,"apeswapsellprice":12411.39},{"block":11013050,"timestamp":1631941923,"swapAmountBNB":30,"uniswapv2buyprice":12493.73,"sushiswapv2buyprice":12465.53,"bakeryswapbuyprice":12696.69,"apeswapBuyPrice":12488.49,"uniswapv2sellprice":12430.08,"sushiswapv2sellprice":12422.42,"bakeryswapsellprice":12250.09,"apeswapsellprice":12411.39},{"block":11013051,"timestamp":1631941926,"swapAmountBNB":30,"uniswapv2buyprice":12495.65,"sushiswapv2buyprice":12465.53,"bakeryswapbuyprice":12696.69,"apeswapBuyPrice":12488.49,"uniswapv2sellprice":12431.99,"sushiswapv2sellprice":12422.42,"bakeryswapsellprice":12250.09,"apeswapsellprice":12411.39},{"block":11013052,"timestamp":1631941929,"swapAmountBNB":30,"uniswapv2buyprice":12495.61,"sushiswapv2buyprice":12465.53,"bakeryswapbuyprice":12696.69,"apeswapBuyPrice":12488.49,"uniswapv2sellprice":12431.95,"sushiswapv2sellprice":12422.42,"bakeryswapsellprice":12250.09,"apeswapsellprice":12411.39},{"block":11013053,"timestamp":1631941932,"swapAmountBNB":30,"uniswapv2buyprice":12495.61,"sushiswapv2buyprice":12465.53,"bakeryswapbuyprice":12696.69,"apeswapBuyPrice":12488.49,"uniswapv2sellprice":12431.95,"sushiswapv2sellprice":12422.42,"bakeryswapsellprice":12250.09,"apeswapsellprice":12411.39},{"block":11013054,"timestamp":1631941937,"swapAmountBNB":30,"uniswapv2buyprice":12495.09,"sushiswapv2buyprice":12465.53,"bakeryswapbuyprice":12696.69,"apeswapBuyPrice":12488.49,"uniswapv2sellprice":12431.43,"sushiswapv2sellprice":12422.42,"bakeryswapsellprice":12250.09,"apeswapsellprice":12411.39},{"block":11013055,"timestamp":1631941940,"swapAmountBNB":30,"uniswapv2buyprice":12495.09,"sushiswapv2buyprice":12465.54,"bakeryswapbuyprice":12696.69,"apeswapBuyPrice":12488.65,"uniswapv2sellprice":12431.43,"sushiswapv2sellprice":12422.43,"bakeryswapsellprice":12250.09,"apeswapsellprice":12411.55},{"block":11013056,"timestamp":1631941944,"swapAmountBNB":30,"uniswapv2buyprice":12494.37,"sushiswapv2buyprice":12465.88,"bakeryswapbuyprice":12696.69,"apeswapBuyPrice":12488.65,"uniswapv2sellprice":12430.72,"sushiswapv2sellprice":12422.77,"bakeryswapsellprice":12250.09,"apeswapsellprice":12411.55},{"block":11013056,"timestamp":1631941943,"swapAmountBNB":30,"uniswapv2buyprice":12494.37,"sushiswapv2buyprice":12465.88,"bakeryswapbuyprice":12696.69,"apeswapBuyPrice":12488.65,"uniswapv2sellprice":12430.72,"sushiswapv2sellprice":12422.77,"bakeryswapsellprice":12250.09,"apeswapsellprice":12411.55},{"block":11013057,"timestamp":1631941946,"swapAmountBNB":30,"uniswapv2buyprice":12494.34,"sushiswapv2buyprice":12465.88,"bakeryswapbuyprice":12696.69,"apeswapBuyPrice":12488.65,"uniswapv2sellprice":12430.69,"sushiswapv2sellprice":12422.77,"bakeryswapsellprice":12250.09,"apeswapsellprice":12411.55},{"block":11013058,"timestamp":1631941949,"swapAmountBNB":30,"uniswapv2buyprice":12493.17,"sushiswapv2buyprice":12466.02,"bakeryswapbuyprice":12696.69,"apeswapBuyPrice":12488.65,"uniswapv2sellprice":12429.52,"sushiswapv2sellprice":12422.91,"bakeryswapsellprice":12250.09,"apeswapsellprice":12411.55},{"block":11013059,"timestamp":1631941954,"swapAmountBNB":30,"uniswapv2buyprice":12493.18,"sushiswapv2buyprice":12466.02,"bakeryswapbuyprice":12696.69,"apeswapBuyPrice":12488.65,"uniswapv2sellprice":12429.54,"sushiswapv2sellprice":12422.91,"bakeryswapsellprice":12250.09,"apeswapsellprice":12411.55},{"block":11013060,"timestamp":1631941958,"swapAmountBNB":30,"uniswapv2buyprice":12493.5,"sushiswapv2buyprice":12471.13,"bakeryswapbuyprice":12696.69,"apeswapBuyPrice":12488.59,"uniswapv2sellprice":12429.85,"sushiswapv2sellprice":12428,"bakeryswapsellprice":12250.09,"apeswapsellprice":12411.49},{"block":11013061,"timestamp":1631941961,"swapAmountBNB":30,"uniswapv2buyprice":12493.31,"sushiswapv2buyprice":12471.13,"bakeryswapbuyprice":12696.69,"apeswapBuyPrice":12488.59,"uniswapv2sellprice":12429.66,"sushiswapv2sellprice":12428,"bakeryswapsellprice":12250.09,"apeswapsellprice":12411.49},{"block":11013062,"timestamp":1631941964,"swapAmountBNB":30,"uniswapv2buyprice":12493.33,"sushiswapv2buyprice":12471.13,"bakeryswapbuyprice":12696.69,"apeswapBuyPrice":12488.59,"uniswapv2sellprice":12429.68,"sushiswapv2sellprice":12428,"bakeryswapsellprice":12250.09,"apeswapsellprice":12411.49},{"block":11013063,"timestamp":1631941970,"swapAmountBNB":30,"uniswapv2buyprice":12493.25,"sushiswapv2buyprice":12471.13,"bakeryswapbuyprice":12696.69,"apeswapBuyPrice":12488.6,"uniswapv2sellprice":12429.6,"sushiswapv2sellprice":12428,"bakeryswapsellprice":12250.09,"apeswapsellprice":12411.5},{"block":11013064,"timestamp":1631941973,"swapAmountBNB":30,"uniswapv2buyprice":12492.12,"sushiswapv2buyprice":12471.13,"bakeryswapbuyprice":12696.69,"apeswapBuyPrice":12488.6,"uniswapv2sellprice":12428.48,"sushiswapv2sellprice":12428,"bakeryswapsellprice":12250.09,"apeswapsellprice":12411.5},{"block":11013065,"timestamp":1631941976,"swapAmountBNB":30,"uniswapv2buyprice":12492.1,"sushiswapv2buyprice":12471.09,"bakeryswapbuyprice":12696.69,"apeswapBuyPrice":12488.85,"uniswapv2sellprice":12428.46,"sushiswapv2sellprice":12427.96,"bakeryswapsellprice":12250.09,"apeswapsellprice":12411.75},{"block":11013066,"timestamp":1631941979,"swapAmountBNB":30,"uniswapv2buyprice":12492.09,"sushiswapv2buyprice":12471.25,"bakeryswapbuyprice":12696.69,"apeswapBuyPrice":12488.85,"uniswapv2sellprice":12428.45,"sushiswapv2sellprice":12428.12,"bakeryswapsellprice":12250.09,"apeswapsellprice":12411.75},{"block":11013067,"timestamp":1631941982,"swapAmountBNB":30,"uniswapv2buyprice":12492.2,"sushiswapv2buyprice":12471.25,"bakeryswapbuyprice":12696.69,"apeswapBuyPrice":12488.85,"uniswapv2sellprice":12428.56,"sushiswapv2sellprice":12428.12,"bakeryswapsellprice":12250.09,"apeswapsellprice":12411.75},{"block":11013068,"timestamp":1631941985,"swapAmountBNB":30,"uniswapv2buyprice":12492.2,"sushiswapv2buyprice":12471.25,"bakeryswapbuyprice":12696.69,"apeswapBuyPrice":12489.18,"uniswapv2sellprice":12428.56,"sushiswapv2sellprice":12428.12,"bakeryswapsellprice":12250.09,"apeswapsellprice":12412.07},{"block":11013069,"timestamp":1631941988,"swapAmountBNB":30,"uniswapv2buyprice":12492.15,"sushiswapv2buyprice":12471.25,"bakeryswapbuyprice":12696.69,"apeswapBuyPrice":12489.18,"uniswapv2sellprice":12428.51,"sushiswapv2sellprice":12428.12,"bakeryswapsellprice":12250.09,"apeswapsellprice":12412.07},{"block":11013070,"timestamp":1631941991,"swapAmountBNB":30,"uniswapv2buyprice":12492.32,"sushiswapv2buyprice":12471.25,"bakeryswapbuyprice":12696.69,"apeswapBuyPrice":12488.89,"uniswapv2sellprice":12428.68,"sushiswapv2sellprice":12428.12,"bakeryswapsellprice":12250.09,"apeswapsellprice":12411.79},{"block":11013071,"timestamp":1631941994,"swapAmountBNB":30,"uniswapv2buyprice":12492.29,"sushiswapv2buyprice":12471.25,"bakeryswapbuyprice":12696.69,"apeswapBuyPrice":12488.89,"uniswapv2sellprice":12428.64,"sushiswapv2sellprice":12428.12,"bakeryswapsellprice":12250.09,"apeswapsellprice":12411.79},{"block":11013072,"timestamp":1631941998,"swapAmountBNB":30,"uniswapv2buyprice":12492.32,"sushiswapv2buyprice":12471.25,"bakeryswapbuyprice":12696.69,"apeswapBuyPrice":12488.89,"uniswapv2sellprice":12428.67,"sushiswapv2sellprice":12428.12,"bakeryswapsellprice":12250.09,"apeswapsellprice":12411.79},{"block":11013073,"timestamp":1631942001,"swapAmountBNB":30,"uniswapv2buyprice":12492.32,"sushiswapv2buyprice":12471.25,"bakeryswapbuyprice":12696.69,"apeswapBuyPrice":12488.89,"uniswapv2sellprice":12428.67,"sushiswapv2sellprice":12428.12,"bakeryswapsellprice":12250.09,"apeswapsellprice":12411.79},{"block":11013074,"timestamp":1631942004,"swapAmountBNB":30,"uniswapv2buyprice":12492.28,"sushiswapv2buyprice":12471.25,"bakeryswapbuyprice":12696.69,"apeswapBuyPrice":12488.89,"uniswapv2sellprice":12428.64,"sushiswapv2sellprice":12428.12,"bakeryswapsellprice":12250.09,"apeswapsellprice":12411.79},{"block":11013075,"timestamp":1631942007,"swapAmountBNB":30,"uniswapv2buyprice":12492.3,"sushiswapv2buyprice":12471.25,"bakeryswapbuyprice":12696.69,"apeswapBuyPrice":12488.89,"uniswapv2sellprice":12428.66,"sushiswapv2sellprice":12428.12,"bakeryswapsellprice":12250.09,"apeswapsellprice":12411.79},{"block":11013076,"timestamp":1631942010,"swapAmountBNB":30,"uniswapv2buyprice":12492.64,"sushiswapv2buyprice":12471.25,"bakeryswapbuyprice":12698.81,"apeswapBuyPrice":12488.89,"uniswapv2sellprice":12429,"sushiswapv2sellprice":12428.12,"bakeryswapsellprice":12252.1,"apeswapsellprice":12411.79},{"block":11013077,"timestamp":1631942013,"swapAmountBNB":30,"uniswapv2buyprice":12492.9,"sushiswapv2buyprice":12471.25,"bakeryswapbuyprice":12698.81,"apeswapBuyPrice":12488.89,"uniswapv2sellprice":12429.25,"sushiswapv2sellprice":12428.12,"bakeryswapsellprice":12252.1,"apeswapsellprice":12411.79},{"block":11013078,"timestamp":1631942016,"swapAmountBNB":30,"uniswapv2buyprice":12492.82,"sushiswapv2buyprice":12471.25,"bakeryswapbuyprice":12698.81,"apeswapBuyPrice":12488.89,"uniswapv2sellprice":12429.17,"sushiswapv2sellprice":12428.12,"bakeryswapsellprice":12252.1,"apeswapsellprice":12411.79},{"block":11013079,"timestamp":1631942019,"swapAmountBNB":30,"uniswapv2buyprice":12492.55,"sushiswapv2buyprice":12473.02,"bakeryswapbuyprice":12698.81,"apeswapBuyPrice":12488.89,"uniswapv2sellprice":12428.91,"sushiswapv2sellprice":12429.89,"bakeryswapsellprice":12252.1,"apeswapsellprice":12411.79},{"block":11013080,"timestamp":1631942022,"swapAmountBNB":30,"uniswapv2buyprice":12492.6,"sushiswapv2buyprice":12473.02,"bakeryswapbuyprice":12698.81,"apeswapBuyPrice":12488.89,"uniswapv2sellprice":12428.95,"sushiswapv2sellprice":12429.89,"bakeryswapsellprice":12252.1,"apeswapsellprice":12411.79},{"block":11013081,"timestamp":1631942026,"swapAmountBNB":30,"uniswapv2buyprice":12491.45,"sushiswapv2buyprice":12473.02,"bakeryswapbuyprice":12698.81,"apeswapBuyPrice":12488.89,"uniswapv2sellprice":12427.81,"sushiswapv2sellprice":12429.89,"bakeryswapsellprice":12252.1,"apeswapsellprice":12411.79},{"block":11013082,"timestamp":1631942031,"swapAmountBNB":30,"uniswapv2buyprice":12491.29,"sushiswapv2buyprice":12473.02,"bakeryswapbuyprice":12698.81,"apeswapBuyPrice":12488.89,"uniswapv2sellprice":12427.65,"sushiswapv2sellprice":12429.89,"bakeryswapsellprice":12252.1,"apeswapsellprice":12411.79},{"block":11013083,"timestamp":1631942034,"swapAmountBNB":30,"uniswapv2buyprice":12491.34,"sushiswapv2buyprice":12473.02,"bakeryswapbuyprice":12698.81,"apeswapBuyPrice":12488.89,"uniswapv2sellprice":12427.7,"sushiswapv2sellprice":12429.89,"bakeryswapsellprice":12252.1,"apeswapsellprice":12411.79},{"block":11013084,"timestamp":1631942037,"swapAmountBNB":30,"uniswapv2buyprice":12491.34,"sushiswapv2buyprice":12473.02,"bakeryswapbuyprice":12698.81,"apeswapBuyPrice":12488.89,"uniswapv2sellprice":12427.7,"sushiswapv2sellprice":12429.89,"bakeryswapsellprice":12252.1,"apeswapsellprice":12411.79},{"block":11013085,"timestamp":1631942040,"swapAmountBNB":30,"uniswapv2buyprice":12491.34,"sushiswapv2buyprice":12471.77,"bakeryswapbuyprice":12698.81,"apeswapBuyPrice":12489.24,"uniswapv2sellprice":12427.7,"sushiswapv2sellprice":12428.64,"bakeryswapsellprice":12252.1,"apeswapsellprice":12412.14},{"block":11013086,"timestamp":1631942043,"swapAmountBNB":30,"uniswapv2buyprice":12491.34,"sushiswapv2buyprice":12471.77,"bakeryswapbuyprice":12698.81,"apeswapBuyPrice":12489.24,"uniswapv2sellprice":12427.7,"sushiswapv2sellprice":12428.64,"bakeryswapsellprice":12252.1,"apeswapsellprice":12412.14},{"block":11013087,"timestamp":1631942046,"swapAmountBNB":30,"uniswapv2buyprice":12491.3,"sushiswapv2buyprice":12471.77,"bakeryswapbuyprice":12698.81,"apeswapBuyPrice":12489.24,"uniswapv2sellprice":12427.66,"sushiswapv2sellprice":12428.64,"bakeryswapsellprice":12252.1,"apeswapsellprice":12412.14},{"block":11013088,"timestamp":1631942050,"swapAmountBNB":30,"uniswapv2buyprice":12491.33,"sushiswapv2buyprice":12471.77,"bakeryswapbuyprice":12698.81,"apeswapBuyPrice":12489.24,"uniswapv2sellprice":12427.69,"sushiswapv2sellprice":12428.64,"bakeryswapsellprice":12252.1,"apeswapsellprice":12412.14},{"block":11013089,"timestamp":1631942055,"swapAmountBNB":30,"uniswapv2buyprice":12491.24,"sushiswapv2buyprice":12469.14,"bakeryswapbuyprice":12698.81,"apeswapBuyPrice":12489.24,"uniswapv2sellprice":12427.6,"sushiswapv2sellprice":12426.02,"bakeryswapsellprice":12252.1,"apeswapsellprice":12412.14},{"block":11013090,"timestamp":1631942060,"swapAmountBNB":30,"uniswapv2buyprice":12491.16,"sushiswapv2buyprice":12469.14,"bakeryswapbuyprice":12698.81,"apeswapBuyPrice":12489.24,"uniswapv2sellprice":12427.52,"sushiswapv2sellprice":12426.02,"bakeryswapsellprice":12252.1,"apeswapsellprice":12412.14},{"block":11013091,"timestamp":1631942063,"swapAmountBNB":30,"uniswapv2buyprice":12491.13,"sushiswapv2buyprice":12469.14,"bakeryswapbuyprice":12698.81,"apeswapBuyPrice":12489.24,"uniswapv2sellprice":12427.5,"sushiswapv2sellprice":12426.02,"bakeryswapsellprice":12252.1,"apeswapsellprice":12412.14},{"block":11013092,"timestamp":1631942066,"swapAmountBNB":30,"uniswapv2buyprice":12491.14,"sushiswapv2buyprice":12469.14,"bakeryswapbuyprice":12698.81,"apeswapBuyPrice":12489.24,"uniswapv2sellprice":12427.5,"sushiswapv2sellprice":12426.02,"bakeryswapsellprice":12252.1,"apeswapsellprice":12412.14},{"block":11013093,"timestamp":1631942069,"swapAmountBNB":30,"uniswapv2buyprice":12491.17,"sushiswapv2buyprice":12469.14,"bakeryswapbuyprice":12698.81,"apeswapBuyPrice":12489.24,"uniswapv2sellprice":12427.53,"sushiswapv2sellprice":12426.02,"bakeryswapsellprice":12252.1,"apeswapsellprice":12412.14},{"block":11013094,"timestamp":1631942072,"swapAmountBNB":30,"uniswapv2buyprice":12491.16,"sushiswapv2buyprice":12468.21,"bakeryswapbuyprice":12697.71,"apeswapBuyPrice":12489.24,"uniswapv2sellprice":12427.53,"sushiswapv2sellprice":12425.09,"bakeryswapsellprice":12251.06,"apeswapsellprice":12412.14},{"block":11013095,"timestamp":1631942075,"swapAmountBNB":30,"uniswapv2buyprice":12491.14,"sushiswapv2buyprice":12466.6,"bakeryswapbuyprice":12697.71,"apeswapBuyPrice":12489.24,"uniswapv2sellprice":12427.51,"sushiswapv2sellprice":12423.49,"bakeryswapsellprice":12251.06,"apeswapsellprice":12412.14},{"block":11013096,"timestamp":1631942078,"swapAmountBNB":30,"uniswapv2buyprice":12491.05,"sushiswapv2buyprice":12466.6,"bakeryswapbuyprice":12697.71,"apeswapBuyPrice":12489.24,"uniswapv2sellprice":12427.42,"sushiswapv2sellprice":12423.49,"bakeryswapsellprice":12251.06,"apeswapsellprice":12412.14},{"block":11013097,"timestamp":1631942081,"swapAmountBNB":30,"uniswapv2buyprice":12491.07,"sushiswapv2buyprice":12467.94,"bakeryswapbuyprice":12697.71,"apeswapBuyPrice":12485.16,"uniswapv2sellprice":12427.43,"sushiswapv2sellprice":12424.82,"bakeryswapsellprice":12251.06,"apeswapsellprice":12408.08},{"block":11013098,"timestamp":1631942088,"swapAmountBNB":30,"uniswapv2buyprice":12491.1,"sushiswapv2buyprice":12467.94,"bakeryswapbuyprice":12697.71,"apeswapBuyPrice":12485.16,"uniswapv2sellprice":12427.46,"sushiswapv2sellprice":12424.82,"bakeryswapsellprice":12251.06,"apeswapsellprice":12408.08},{"block":11013099,"timestamp":1631942091,"swapAmountBNB":30,"uniswapv2buyprice":12491.26,"sushiswapv2buyprice":12468.48,"bakeryswapbuyprice":12697.71,"apeswapBuyPrice":12485.19,"uniswapv2sellprice":12427.62,"sushiswapv2sellprice":12425.36,"bakeryswapsellprice":12251.06,"apeswapsellprice":12408.11},{"block":11013100,"timestamp":1631942094,"swapAmountBNB":30,"uniswapv2buyprice":12490.79,"sushiswapv2buyprice":12468.48,"bakeryswapbuyprice":12697.71,"apeswapBuyPrice":12485.19,"uniswapv2sellprice":12427.16,"sushiswapv2sellprice":12425.36,"bakeryswapsellprice":12251.06,"apeswapsellprice":12408.11},{"block":11013101,"timestamp":1631942097,"swapAmountBNB":30,"uniswapv2buyprice":12490.81,"sushiswapv2buyprice":12468.48,"bakeryswapbuyprice":12697.71,"apeswapBuyPrice":12485.19,"uniswapv2sellprice":12427.17,"sushiswapv2sellprice":12425.36,"bakeryswapsellprice":12251.06,"apeswapsellprice":12408.11},{"block":11013102,"timestamp":1631942103,"swapAmountBNB":30,"uniswapv2buyprice":12490.8,"sushiswapv2buyprice":12470.99,"bakeryswapbuyprice":12697.71,"apeswapBuyPrice":12485.98,"uniswapv2sellprice":12427.17,"sushiswapv2sellprice":12427.86,"bakeryswapsellprice":12251.06,"apeswapsellprice":12408.9},{"block":11013103,"timestamp":1631942106,"swapAmountBNB":30,"uniswapv2buyprice":12490.7,"sushiswapv2buyprice":12470.99,"bakeryswapbuyprice":12697.71,"apeswapBuyPrice":12485.98,"uniswapv2sellprice":12427.23,"sushiswapv2sellprice":12427.86,"bakeryswapsellprice":12251.06,"apeswapsellprice":12408.9},{"block":11013104,"timestamp":1631942109,"swapAmountBNB":30,"uniswapv2buyprice":12490.7,"sushiswapv2buyprice":12470.99,"bakeryswapbuyprice":12697.71,"apeswapBuyPrice":12485.98,"uniswapv2sellprice":12427.07,"sushiswapv2sellprice":12427.86,"bakeryswapsellprice":12251.06,"apeswapsellprice":12408.9},{"block":11013105,"timestamp":1631942112,"swapAmountBNB":30,"uniswapv2buyprice":12490.69,"sushiswapv2buyprice":12470.99,"bakeryswapbuyprice":12697.71,"apeswapBuyPrice":12486,"uniswapv2sellprice":12427.06,"sushiswapv2sellprice":12427.86,"bakeryswapsellprice":12251.06,"apeswapsellprice":12408.92},{"block":11013106,"timestamp":1631942115,"swapAmountBNB":30,"uniswapv2buyprice":12490.92,"sushiswapv2buyprice":12470.99,"bakeryswapbuyprice":12697.71,"apeswapBuyPrice":12486,"uniswapv2sellprice":12427.28,"sushiswapv2sellprice":12427.86,"bakeryswapsellprice":12251.06,"apeswapsellprice":12408.92},{"block":11013107,"timestamp":1631942118,"swapAmountBNB":30,"uniswapv2buyprice":12490.93,"sushiswapv2buyprice":12470.99,"bakeryswapbuyprice":12697.71,"apeswapBuyPrice":12486.02,"uniswapv2sellprice":12427.29,"sushiswapv2sellprice":12427.86,"bakeryswapsellprice":12251.06,"apeswapsellprice":12408.94},{"block":11013108,"timestamp":1631942121,"swapAmountBNB":30,"uniswapv2buyprice":12491.09,"sushiswapv2buyprice":12477.69,"bakeryswapbuyprice":12697.71,"apeswapBuyPrice":12486.23,"uniswapv2sellprice":12427.45,"sushiswapv2sellprice":12434.54,"bakeryswapsellprice":12251.06,"apeswapsellprice":12409.15},{"block":11013109,"timestamp":1631942124,"swapAmountBNB":30,"uniswapv2buyprice":12491.08,"sushiswapv2buyprice":12477.69,"bakeryswapbuyprice":12697.71,"apeswapBuyPrice":12486.23,"uniswapv2sellprice":12427.44,"sushiswapv2sellprice":12434.54,"bakeryswapsellprice":12251.06,"apeswapsellprice":12409.15},{"block":11013110,"timestamp":1631942127,"swapAmountBNB":30,"uniswapv2buyprice":12491.12,"sushiswapv2buyprice":12477.69,"bakeryswapbuyprice":12697.71,"apeswapBuyPrice":12486.54,"uniswapv2sellprice":12427.48,"sushiswapv2sellprice":12434.54,"bakeryswapsellprice":12251.06,"apeswapsellprice":12409.46},{"block":11013111,"timestamp":1631942131,"swapAmountBNB":30,"uniswapv2buyprice":12491.12,"sushiswapv2buyprice":12477.69,"bakeryswapbuyprice":12697.71,"apeswapBuyPrice":12486.91,"uniswapv2sellprice":12427.48,"sushiswapv2sellprice":12434.54,"bakeryswapsellprice":12251.06,"apeswapsellprice":12409.76},{"block":11013112,"timestamp":1631942134,"swapAmountBNB":30,"uniswapv2buyprice":12491.31,"sushiswapv2buyprice":12477.69,"bakeryswapbuyprice":12697.71,"apeswapBuyPrice":12486.91,"uniswapv2sellprice":12427.68,"sushiswapv2sellprice":12434.54,"bakeryswapsellprice":12251.06,"apeswapsellprice":12409.82},{"block":11013113,"timestamp":1631942137,"swapAmountBNB":30,"uniswapv2buyprice":12491.3,"sushiswapv2buyprice":12480.74,"bakeryswapbuyprice":12697.71,"apeswapBuyPrice":12486.91,"uniswapv2sellprice":12427.67,"sushiswapv2sellprice":12437.57,"bakeryswapsellprice":12251.06,"apeswapsellprice":12409.82},{"block":11013114,"timestamp":1631942140,"swapAmountBNB":30,"uniswapv2buyprice":12491.26,"sushiswapv2buyprice":12480.74,"bakeryswapbuyprice":12697.71,"apeswapBuyPrice":12486.91,"uniswapv2sellprice":12427.63,"sushiswapv2sellprice":12437.57,"bakeryswapsellprice":12251.06,"apeswapsellprice":12409.82},{"block":11013115,"timestamp":1631942143,"swapAmountBNB":30,"uniswapv2buyprice":12490.97,"sushiswapv2buyprice":12480.74,"bakeryswapbuyprice":12697.71,"apeswapBuyPrice":12487.25,"uniswapv2sellprice":12427.33,"sushiswapv2sellprice":12437.57,"bakeryswapsellprice":12251.06,"apeswapsellprice":12410.16},{"block":11013116,"timestamp":1631942146,"swapAmountBNB":30,"uniswapv2buyprice":12490.99,"sushiswapv2buyprice":12480.74,"bakeryswapbuyprice":12697.71,"apeswapBuyPrice":12487.25,"uniswapv2sellprice":12427.35,"sushiswapv2sellprice":12437.57,"bakeryswapsellprice":12251.06,"apeswapsellprice":12410.16},{"block":11013117,"timestamp":1631942152,"swapAmountBNB":30,"uniswapv2buyprice":12490.84,"sushiswapv2buyprice":12480.74,"bakeryswapbuyprice":12697.71,"apeswapBuyPrice":12487.25,"uniswapv2sellprice":12427.21,"sushiswapv2sellprice":12437.57,"bakeryswapsellprice":12251.06,"apeswapsellprice":12410.16},{"block":11013118,"timestamp":1631942155,"swapAmountBNB":30,"uniswapv2buyprice":12490.92,"sushiswapv2buyprice":12480.74,"bakeryswapbuyprice":12697.71,"apeswapBuyPrice":12486.83,"uniswapv2sellprice":12427.28,"sushiswapv2sellprice":12437.57,"bakeryswapsellprice":12251.06,"apeswapsellprice":12409.74},{"block":11013119,"timestamp":1631942158,"swapAmountBNB":30,"uniswapv2buyprice":12490.85,"sushiswapv2buyprice":12480.74,"bakeryswapbuyprice":12697.71,"apeswapBuyPrice":12486.83,"uniswapv2sellprice":12427.21,"sushiswapv2sellprice":12437.57,"bakeryswapsellprice":12251.06,"apeswapsellprice":12409.74},{"block":11013120,"timestamp":1631942161,"swapAmountBNB":30,"uniswapv2buyprice":12490.86,"sushiswapv2buyprice":12480.74,"bakeryswapbuyprice":12697.71,"apeswapBuyPrice":12486.83,"uniswapv2sellprice":12427.23,"sushiswapv2sellprice":12437.57,"bakeryswapsellprice":12251.06,"apeswapsellprice":12409.74},{"block":11013121,"timestamp":1631942169,"swapAmountBNB":30,"uniswapv2buyprice":12490.83,"sushiswapv2buyprice":12487.39,"bakeryswapbuyprice":12697.71,"apeswapBuyPrice":12491.77,"uniswapv2sellprice":12427.2,"sushiswapv2sellprice":12444.2,"bakeryswapsellprice":12251.06,"apeswapsellprice":12414.64},{"block":11013121,"timestamp":1631942170,"swapAmountBNB":30,"uniswapv2buyprice":12490.83,"sushiswapv2buyprice":12487.39,"bakeryswapbuyprice":12697.71,"apeswapBuyPrice":12491.77,"uniswapv2sellprice":12427.2,"sushiswapv2sellprice":12444.2,"bakeryswapsellprice":12251.06,"apeswapsellprice":12414.64},{"block":11013122,"timestamp":1631942172,"swapAmountBNB":30,"uniswapv2buyprice":12490.69,"sushiswapv2buyprice":12487.78,"bakeryswapbuyprice":12697.71,"apeswapBuyPrice":12491.77,"uniswapv2sellprice":12427.27,"sushiswapv2sellprice":12444.58,"bakeryswapsellprice":12251.06,"apeswapsellprice":12414.64},{"block":11013123,"timestamp":1631942175,"swapAmountBNB":30,"uniswapv2buyprice":12490.69,"sushiswapv2buyprice":12487.78,"bakeryswapbuyprice":12697.71,"apeswapBuyPrice":12491.77,"uniswapv2sellprice":12427.06,"sushiswapv2sellprice":12444.58,"bakeryswapsellprice":12251.06,"apeswapsellprice":12414.64},{"block":11013124,"timestamp":1631942178,"swapAmountBNB":30,"uniswapv2buyprice":12490.69,"sushiswapv2buyprice":12487.78,"bakeryswapbuyprice":12697.71,"apeswapBuyPrice":12491.77,"uniswapv2sellprice":12427.06,"sushiswapv2sellprice":12444.58,"bakeryswapsellprice":12251.06,"apeswapsellprice":12414.64},{"block":11013125,"timestamp":1631942181,"swapAmountBNB":30,"uniswapv2buyprice":12490.55,"sushiswapv2buyprice":12487.78,"bakeryswapbuyprice":12697.71,"apeswapBuyPrice":12491.77,"uniswapv2sellprice":12426.92,"sushiswapv2sellprice":12444.58,"bakeryswapsellprice":12251.06,"apeswapsellprice":12414.64},{"block":11013126,"timestamp":1631942184,"swapAmountBNB":30,"uniswapv2buyprice":12490.58,"sushiswapv2buyprice":12487.26,"bakeryswapbuyprice":12697.71,"apeswapBuyPrice":12491.77,"uniswapv2sellprice":12426.95,"sushiswapv2sellprice":12444.06,"bakeryswapsellprice":12251.06,"apeswapsellprice":12414.64},{"block":11013127,"timestamp":1631942187,"swapAmountBNB":30,"uniswapv2buyprice":12490.5,"sushiswapv2buyprice":12487,"bakeryswapbuyprice":12697.71,"apeswapBuyPrice":12491.77,"uniswapv2sellprice":12426.87,"sushiswapv2sellprice":12443.8,"bakeryswapsellprice":12251.06,"apeswapsellprice":12414.64},{"block":11013128,"timestamp":1631942190,"swapAmountBNB":30,"uniswapv2buyprice":12490.49,"sushiswapv2buyprice":12487,"bakeryswapbuyprice":12697.32,"apeswapBuyPrice":12491.77,"uniswapv2sellprice":12426.85,"sushiswapv2sellprice":12443.8,"bakeryswapsellprice":12250.69,"apeswapsellprice":12414.64},{"block":11013129,"timestamp":1631942193,"swapAmountBNB":30,"uniswapv2buyprice":12490.55,"sushiswapv2buyprice":12487,"bakeryswapbuyprice":12697.32,"apeswapBuyPrice":12491.77,"uniswapv2sellprice":12426.92,"sushiswapv2sellprice":12443.8,"bakeryswapsellprice":12250.69,"apeswapsellprice":12414.64},{"block":11013130,"timestamp":1631942197,"swapAmountBNB":30,"uniswapv2buyprice":12490.55,"sushiswapv2buyprice":12487,"bakeryswapbuyprice":12697.32,"apeswapBuyPrice":12491.77,"uniswapv2sellprice":12426.92,"sushiswapv2sellprice":12443.8,"bakeryswapsellprice":12250.69,"apeswapsellprice":12414.64},{"block":11013131,"timestamp":1631942203,"swapAmountBNB":30,"uniswapv2buyprice":12490.58,"sushiswapv2buyprice":12486.73,"bakeryswapbuyprice":12697.32,"apeswapBuyPrice":12491.77,"uniswapv2sellprice":12426.95,"sushiswapv2sellprice":12443.53,"bakeryswapsellprice":12250.69,"apeswapsellprice":12414.64},{"block":11013132,"timestamp":1631942206,"swapAmountBNB":30,"uniswapv2buyprice":12490.03,"sushiswapv2buyprice":12488.09,"bakeryswapbuyprice":12697.32,"apeswapBuyPrice":12491.76,"uniswapv2sellprice":12426.4,"sushiswapv2sellprice":12444.89,"bakeryswapsellprice":12250.69,"apeswapsellprice":12414.64},{"block":11013133,"timestamp":1631942210,"swapAmountBNB":30,"uniswapv2buyprice":12490.14,"sushiswapv2buyprice":12488.09,"bakeryswapbuyprice":12697.32,"apeswapBuyPrice":12492.57,"uniswapv2sellprice":12426.4,"sushiswapv2sellprice":12444.89,"bakeryswapsellprice":12250.69,"apeswapsellprice":12415.44},{"block":11013134,"timestamp":1631942213,"swapAmountBNB":30,"uniswapv2buyprice":12490.14,"sushiswapv2buyprice":12488.09,"bakeryswapbuyprice":12697.32,"apeswapBuyPrice":12492.47,"uniswapv2sellprice":12426.51,"sushiswapv2sellprice":12444.89,"bakeryswapsellprice":12250.69,"apeswapsellprice":12415.44},{"block":11013135,"timestamp":1631942216,"swapAmountBNB":30,"uniswapv2buyprice":12490.14,"sushiswapv2buyprice":12488.09,"bakeryswapbuyprice":12697.32,"apeswapBuyPrice":12492.47,"uniswapv2sellprice":12426.51,"sushiswapv2sellprice":12444.89,"bakeryswapsellprice":12250.69,"apeswapsellprice":12415.34},{"block":11013136,"timestamp":1631942219,"swapAmountBNB":30,"uniswapv2buyprice":12490.03,"sushiswapv2buyprice":12488.09,"bakeryswapbuyprice":12697.32,"apeswapBuyPrice":12487.28,"uniswapv2sellprice":12426.4,"sushiswapv2sellprice":12444.89,"bakeryswapsellprice":12250.69,"apeswapsellprice":12410.19},{"block":11013137,"timestamp":1631942222,"swapAmountBNB":30,"uniswapv2buyprice":12489.89,"sushiswapv2buyprice":12488.09,"bakeryswapbuyprice":12697.32,"apeswapBuyPrice":12487.28,"uniswapv2sellprice":12426.26,"sushiswapv2sellprice":12444.89,"bakeryswapsellprice":12250.69,"apeswapsellprice":12410.19},{"block":11013138,"timestamp":1631942227,"swapAmountBNB":30,"uniswapv2buyprice":12489.92,"sushiswapv2buyprice":12488.09,"bakeryswapbuyprice":12697.32,"apeswapBuyPrice":12487.28,"uniswapv2sellprice":12426.29,"sushiswapv2sellprice":12444.89,"bakeryswapsellprice":12250.69,"apeswapsellprice":12410.19},{"block":11013139,"timestamp":1631942230,"swapAmountBNB":30,"uniswapv2buyprice":12501.13,"sushiswapv2buyprice":12484.38,"bakeryswapbuyprice":12697.32,"apeswapBuyPrice":12487.44,"uniswapv2sellprice":12437.44,"sushiswapv2sellprice":12441.19,"bakeryswapsellprice":12250.69,"apeswapsellprice":12410.35},{"block":11013140,"timestamp":1631942233,"swapAmountBNB":30,"uniswapv2buyprice":12501.06,"sushiswapv2buyprice":12484.38,"bakeryswapbuyprice":12697.32,"apeswapBuyPrice":12487.44,"uniswapv2sellprice":12437.37,"sushiswapv2sellprice":12441.19,"bakeryswapsellprice":12250.69,"apeswapsellprice":12410.35},{"block":11013141,"timestamp":1631942236,"swapAmountBNB":30,"uniswapv2buyprice":12501.07,"sushiswapv2buyprice":12484.38,"bakeryswapbuyprice":12697.32,"apeswapBuyPrice":12487.44,"uniswapv2sellprice":12437.38,"sushiswapv2sellprice":12441.19,"bakeryswapsellprice":12250.69,"apeswapsellprice":12410.35},{"block":11013142,"timestamp":1631942239,"swapAmountBNB":30,"uniswapv2buyprice":12501.09,"sushiswapv2buyprice":12484.38,"bakeryswapbuyprice":12697.32,"apeswapBuyPrice":12487.45,"uniswapv2sellprice":12437.4,"sushiswapv2sellprice":12441.19,"bakeryswapsellprice":12250.69,"apeswapsellprice":12410.36},{"block":11013143,"timestamp":1631942242,"swapAmountBNB":30,"uniswapv2buyprice":12501.08,"sushiswapv2buyprice":12484.38,"bakeryswapbuyprice":12690.86,"apeswapBuyPrice":12487.45,"uniswapv2sellprice":12437.39,"sushiswapv2sellprice":12441.19,"bakeryswapsellprice":12244.55,"apeswapsellprice":12410.36},{"block":11013144,"timestamp":1631942245,"swapAmountBNB":30,"uniswapv2buyprice":12501.09,"sushiswapv2buyprice":12484.38,"bakeryswapbuyprice":12690.86,"apeswapBuyPrice":12487.85,"uniswapv2sellprice":12437.4,"sushiswapv2sellprice":12441.19,"bakeryswapsellprice":12244.55,"apeswapsellprice":12410.76},{"block":11013145,"timestamp":1631942248,"swapAmountBNB":30,"uniswapv2buyprice":12500.99,"sushiswapv2buyprice":12484.38,"bakeryswapbuyprice":12690.86,"apeswapBuyPrice":12487.85,"uniswapv2sellprice":12437.31,"sushiswapv2sellprice":12441.19,"bakeryswapsellprice":12244.55,"apeswapsellprice":12410.76},{"block":11013146,"timestamp":1631942251,"swapAmountBNB":30,"uniswapv2buyprice":12500.96,"sushiswapv2buyprice":12484.38,"bakeryswapbuyprice":12690.86,"apeswapBuyPrice":12487.85,"uniswapv2sellprice":12437.27,"sushiswapv2sellprice":12441.19,"bakeryswapsellprice":12244.55,"apeswapsellprice":12410.76},{"block":11013147,"timestamp":1631942255,"swapAmountBNB":30,"uniswapv2buyprice":12500.84,"sushiswapv2buyprice":12484.38,"bakeryswapbuyprice":12690.86,"apeswapBuyPrice":12487.86,"uniswapv2sellprice":12437.15,"sushiswapv2sellprice":12441.19,"bakeryswapsellprice":12244.55,"apeswapsellprice":12410.76}]}