{"table":[{"block":11029530,"timestamp":1631991598,"swapAmountBNB":20,"uniswapv2buyprice":8260.7,"sushiswapv2buyprice":8254.62,"bakeryswapbuyprice":8358.26,"apeswapBuyPrice":8272.56,"uniswapv2sellprice":8218.9,"sushiswapv2sellprice":8230.08,"bakeryswapsellprice":8145.41,"apeswapsellprice":8227.5},{"block":11029531,"timestamp":1631991601,"swapAmountBNB":20,"uniswapv2buyprice":8260.66,"sushiswapv2buyprice":8254.84,"bakeryswapbuyprice":8358.26,"apeswapBuyPrice":8272.78,"uniswapv2sellprice":8218.86,"sushiswapv2sellprice":8230.29,"bakeryswapsellprice":8145.41,"apeswapsellprice":8227.72},{"block":11029532,"timestamp":1631991604,"swapAmountBNB":20,"uniswapv2buyprice":8260.68,"sushiswapv2buyprice":8254.84,"bakeryswapbuyprice":8358.26,"apeswapBuyPrice":8272.56,"uniswapv2sellprice":8218.88,"sushiswapv2sellprice":8230.29,"bakeryswapsellprice":8145.41,"apeswapsellprice":8227.5},{"block":11029533,"timestamp":1631991607,"swapAmountBNB":20,"uniswapv2buyprice":8260.75,"sushiswapv2buyprice":8254.84,"bakeryswapbuyprice":8358.26,"apeswapBuyPrice":8272.56,"uniswapv2sellprice":8218.95,"sushiswapv2sellprice":8230.29,"bakeryswapsellprice":8145.41,"apeswapsellprice":8227.5},{"block":11029534,"timestamp":1631991610,"swapAmountBNB":20,"uniswapv2buyprice":8260.96,"sushiswapv2buyprice":8254.84,"bakeryswapbuyprice":8358.26,"apeswapBuyPrice":8272.56,"uniswapv2sellprice":8219.15,"sushiswapv2sellprice":8230.29,"bakeryswapsellprice":8145.41,"apeswapsellprice":8227.5},{"block":11029535,"timestamp":1631991613,"swapAmountBNB":20,"uniswapv2buyprice":8260.88,"sushiswapv2buyprice":8252.96,"bakeryswapbuyprice":8358.26,"apeswapBuyPrice":8272.61,"uniswapv2sellprice":8219.07,"sushiswapv2sellprice":8228.43,"bakeryswapsellprice":8145.41,"apeswapsellprice":8227.55},{"block":11029536,"timestamp":1631991616,"swapAmountBNB":20,"uniswapv2buyprice":8260.88,"sushiswapv2buyprice":8252.96,"bakeryswapbuyprice":8358.26,"apeswapBuyPrice":8272.61,"uniswapv2sellprice":8219.08,"sushiswapv2sellprice":8228.43,"bakeryswapsellprice":8145.41,"apeswapsellprice":8227.55},{"block":11029537,"timestamp":1631991619,"swapAmountBNB":20,"uniswapv2buyprice":8260.86,"sushiswapv2buyprice":8252.96,"bakeryswapbuyprice":8358.26,"apeswapBuyPrice":8272.59,"uniswapv2sellprice":8219.06,"sushiswapv2sellprice":8228.43,"bakeryswapsellprice":8145.41,"apeswapsellprice":8227.53},{"block":11029538,"timestamp":1631991622,"swapAmountBNB":20,"uniswapv2buyprice":8260.9,"sushiswapv2buyprice":8253.02,"bakeryswapbuyprice":8358.26,"apeswapBuyPrice":8272.59,"uniswapv2sellprice":8219.09,"sushiswapv2sellprice":8228.49,"bakeryswapsellprice":8145.41,"apeswapsellprice":8227.53},{"block":11029539,"timestamp":1631991625,"swapAmountBNB":20,"uniswapv2buyprice":8260.85,"sushiswapv2buyprice":8253.02,"bakeryswapbuyprice":8358.26,"apeswapBuyPrice":8272.59,"uniswapv2sellprice":8219.05,"sushiswapv2sellprice":8228.49,"bakeryswapsellprice":8145.41,"apeswapsellprice":8227.53},{"block":11029540,"timestamp":1631991628,"swapAmountBNB":20,"uniswapv2buyprice":8260.79,"sushiswapv2buyprice":8253.02,"bakeryswapbuyprice":8357.67,"apeswapBuyPrice":8272.59,"uniswapv2sellprice":8218.99,"sushiswapv2sellprice":8228.49,"bakeryswapsellprice":8144.83,"apeswapsellprice":8227.53},{"block":11029541,"timestamp":1631991631,"swapAmountBNB":20,"uniswapv2buyprice":8260.82,"sushiswapv2buyprice":8253.02,"bakeryswapbuyprice":8357.67,"apeswapBuyPrice":8272.59,"uniswapv2sellprice":8219.02,"sushiswapv2sellprice":8228.49,"bakeryswapsellprice":8144.83,"apeswapsellprice":8227.53},{"block":11029542,"timestamp":1631991634,"swapAmountBNB":20,"uniswapv2buyprice":8260.82,"sushiswapv2buyprice":8253.02,"bakeryswapbuyprice":8357.67,"apeswapBuyPrice":8272.59,"uniswapv2sellprice":8219.02,"sushiswapv2sellprice":8228.49,"bakeryswapsellprice":8144.83,"apeswapsellprice":8227.53},{"block":11029543,"timestamp":1631991637,"swapAmountBNB":20,"uniswapv2buyprice":8260.82,"sushiswapv2buyprice":8253.02,"bakeryswapbuyprice":8357.67,"apeswapBuyPrice":8272.11,"uniswapv2sellprice":8219.02,"sushiswapv2sellprice":8228.49,"bakeryswapsellprice":8144.83,"apeswapsellprice":8227.05},{"block":11029544,"timestamp":1631991640,"swapAmountBNB":20,"uniswapv2buyprice":8260.8,"sushiswapv2buyprice":8253.02,"bakeryswapbuyprice":8357.67,"apeswapBuyPrice":8272.9,"uniswapv2sellprice":8219,"sushiswapv2sellprice":8228.49,"bakeryswapsellprice":8144.83,"apeswapsellprice":8227.84},{"block":11029545,"timestamp":1631991643,"swapAmountBNB":20,"uniswapv2buyprice":8260.79,"sushiswapv2buyprice":8248.59,"bakeryswapbuyprice":8357.67,"apeswapBuyPrice":8272.9,"uniswapv2sellprice":8218.99,"sushiswapv2sellprice":8224.07,"bakeryswapsellprice":8144.83,"apeswapsellprice":8227.84},{"block":11029546,"timestamp":1631991646,"swapAmountBNB":20,"uniswapv2buyprice":8260.78,"sushiswapv2buyprice":8248.59,"bakeryswapbuyprice":8357.67,"apeswapBuyPrice":8272.9,"uniswapv2sellprice":8218.98,"sushiswapv2sellprice":8224.07,"bakeryswapsellprice":8144.83,"apeswapsellprice":8227.84},{"block":11029547,"timestamp":1631991649,"swapAmountBNB":20,"uniswapv2buyprice":8260.75,"sushiswapv2buyprice":8248.59,"bakeryswapbuyprice":8357.67,"apeswapBuyPrice":8272.9,"uniswapv2sellprice":8218.95,"sushiswapv2sellprice":8224.07,"bakeryswapsellprice":8144.83,"apeswapsellprice":8227.84},{"block":11029548,"timestamp":1631991652,"swapAmountBNB":20,"uniswapv2buyprice":8260.74,"sushiswapv2buyprice":8250.47,"bakeryswapbuyprice":8357.67,"apeswapBuyPrice":8272.9,"uniswapv2sellprice":8218.94,"sushiswapv2sellprice":8225.95,"bakeryswapsellprice":8144.83,"apeswapsellprice":8227.84},{"block":11029549,"timestamp":1631991655,"swapAmountBNB":20,"uniswapv2buyprice":8260.56,"sushiswapv2buyprice":8250.47,"bakeryswapbuyprice":8357.67,"apeswapBuyPrice":8272.9,"uniswapv2sellprice":8218.76,"sushiswapv2sellprice":8225.95,"bakeryswapsellprice":8144.83,"apeswapsellprice":8227.84},{"block":11029550,"timestamp":1631991658,"swapAmountBNB":20,"uniswapv2buyprice":8260.45,"sushiswapv2buyprice":8250.47,"bakeryswapbuyprice":8357.67,"apeswapBuyPrice":8272.9,"uniswapv2sellprice":8218.65,"sushiswapv2sellprice":8225.95,"bakeryswapsellprice":8144.83,"apeswapsellprice":8227.84},{"block":11029551,"timestamp":1631991661,"swapAmountBNB":20,"uniswapv2buyprice":8260.46,"sushiswapv2buyprice":8250.76,"bakeryswapbuyprice":8357.67,"apeswapBuyPrice":8272.9,"uniswapv2sellprice":8218.66,"sushiswapv2sellprice":8226.23,"bakeryswapsellprice":8144.83,"apeswapsellprice":8227.84},{"block":11029552,"timestamp":1631991664,"swapAmountBNB":20,"uniswapv2buyprice":8260.76,"sushiswapv2buyprice":8250.92,"bakeryswapbuyprice":8357.67,"apeswapBuyPrice":8272.9,"uniswapv2sellprice":8218.96,"sushiswapv2sellprice":8226.39,"bakeryswapsellprice":8144.83,"apeswapsellprice":8227.84},{"block":11029553,"timestamp":1631991667,"swapAmountBNB":20,"uniswapv2buyprice":8260.76,"sushiswapv2buyprice":8250.92,"bakeryswapbuyprice":8357.67,"apeswapBuyPrice":8272.9,"uniswapv2sellprice":8218.96,"sushiswapv2sellprice":8226.39,"bakeryswapsellprice":8144.83,"apeswapsellprice":8227.84},{"block":11029554,"timestamp":1631991670,"swapAmountBNB":20,"uniswapv2buyprice":8260.77,"sushiswapv2buyprice":8250.92,"bakeryswapbuyprice":8357.67,"apeswapBuyPrice":8272.9,"uniswapv2sellprice":8218.97,"sushiswapv2sellprice":8226.39,"bakeryswapsellprice":8144.83,"apeswapsellprice":8227.84},{"block":11029555,"timestamp":1631991673,"swapAmountBNB":20,"uniswapv2buyprice":8260.8,"sushiswapv2buyprice":8250.92,"bakeryswapbuyprice":8357.67,"apeswapBuyPrice":8272.9,"uniswapv2sellprice":8218.99,"sushiswapv2sellprice":8226.39,"bakeryswapsellprice":8144.83,"apeswapsellprice":8227.84},{"block":11029556,"timestamp":1631991676,"swapAmountBNB":20,"uniswapv2buyprice":8260.75,"sushiswapv2buyprice":8250.92,"bakeryswapbuyprice":8357.67,"apeswapBuyPrice":8272.9,"uniswapv2sellprice":8218.95,"sushiswapv2sellprice":8226.39,"bakeryswapsellprice":8144.83,"apeswapsellprice":8227.84},{"block":11029557,"timestamp":1631991679,"swapAmountBNB":20,"uniswapv2buyprice":8259.53,"sushiswapv2buyprice":8250.92,"bakeryswapbuyprice":8357.67,"apeswapBuyPrice":8272.9,"uniswapv2sellprice":8217.73,"sushiswapv2sellprice":8226.39,"bakeryswapsellprice":8144.83,"apeswapsellprice":8227.84},{"block":11029558,"timestamp":1631991682,"swapAmountBNB":20,"uniswapv2buyprice":8259.52,"sushiswapv2buyprice":8250.92,"bakeryswapbuyprice":8357.67,"apeswapBuyPrice":8272.84,"uniswapv2sellprice":8217.73,"sushiswapv2sellprice":8226.39,"bakeryswapsellprice":8144.83,"apeswapsellprice":8227.78},{"block":11029559,"timestamp":1631991685,"swapAmountBNB":20,"uniswapv2buyprice":8259.41,"sushiswapv2buyprice":8253.06,"bakeryswapbuyprice":8357.67,"apeswapBuyPrice":8272.84,"uniswapv2sellprice":8217.61,"sushiswapv2sellprice":8228.53,"bakeryswapsellprice":8144.83,"apeswapsellprice":8227.78},{"block":11029560,"timestamp":1631991688,"swapAmountBNB":20,"uniswapv2buyprice":8259.26,"sushiswapv2buyprice":8254.88,"bakeryswapbuyprice":8357.67,"apeswapBuyPrice":8272.84,"uniswapv2sellprice":8217.46,"sushiswapv2sellprice":8230.34,"bakeryswapsellprice":8144.83,"apeswapsellprice":8227.78},{"block":11029561,"timestamp":1631991691,"swapAmountBNB":20,"uniswapv2buyprice":8259.18,"sushiswapv2buyprice":8254.88,"bakeryswapbuyprice":8357.67,"apeswapBuyPrice":8272.84,"uniswapv2sellprice":8217.39,"sushiswapv2sellprice":8230.34,"bakeryswapsellprice":8144.83,"apeswapsellprice":8227.78},{"block":11029562,"timestamp":1631991694,"swapAmountBNB":20,"uniswapv2buyprice":8259.22,"sushiswapv2buyprice":8254.88,"bakeryswapbuyprice":8357.67,"apeswapBuyPrice":8272.84,"uniswapv2sellprice":8217.43,"sushiswapv2sellprice":8230.34,"bakeryswapsellprice":8144.83,"apeswapsellprice":8227.78},{"block":11029563,"timestamp":1631991697,"swapAmountBNB":20,"uniswapv2buyprice":8259.23,"sushiswapv2buyprice":8254.88,"bakeryswapbuyprice":8357.67,"apeswapBuyPrice":8272.84,"uniswapv2sellprice":8217.43,"sushiswapv2sellprice":8230.34,"bakeryswapsellprice":8144.83,"apeswapsellprice":8227.78},{"block":11029564,"timestamp":1631991700,"swapAmountBNB":20,"uniswapv2buyprice":8259.02,"sushiswapv2buyprice":8254.88,"bakeryswapbuyprice":8357.67,"apeswapBuyPrice":8272.84,"uniswapv2sellprice":8217.23,"sushiswapv2sellprice":8230.34,"bakeryswapsellprice":8144.83,"apeswapsellprice":8227.78},{"block":11029565,"timestamp":1631991703,"swapAmountBNB":20,"uniswapv2buyprice":8259.02,"sushiswapv2buyprice":8254.88,"bakeryswapbuyprice":8357.67,"apeswapBuyPrice":8272.84,"uniswapv2sellprice":8217.23,"sushiswapv2sellprice":8230.34,"bakeryswapsellprice":8144.83,"apeswapsellprice":8227.78},{"block":11029566,"timestamp":1631991706,"swapAmountBNB":20,"uniswapv2buyprice":8259.09,"sushiswapv2buyprice":8254.88,"bakeryswapbuyprice":8357.67,"apeswapBuyPrice":8272.84,"uniswapv2sellprice":8217.29,"sushiswapv2sellprice":8230.34,"bakeryswapsellprice":8144.83,"apeswapsellprice":8227.78},{"block":11029567,"timestamp":1631991709,"swapAmountBNB":20,"uniswapv2buyprice":8259.08,"sushiswapv2buyprice":8254.88,"bakeryswapbuyprice":8357.67,"apeswapBuyPrice":8272.84,"uniswapv2sellprice":8217.28,"sushiswapv2sellprice":8230.34,"bakeryswapsellprice":8144.83,"apeswapsellprice":8227.78},{"block":11029568,"timestamp":1631991712,"swapAmountBNB":20,"uniswapv2buyprice":8259.04,"sushiswapv2buyprice":8254.88,"bakeryswapbuyprice":8357.67,"apeswapBuyPrice":8272.84,"uniswapv2sellprice":8217.24,"sushiswapv2sellprice":8230.34,"bakeryswapsellprice":8144.83,"apeswapsellprice":8227.78},{"block":11029569,"timestamp":1631991715,"swapAmountBNB":20,"uniswapv2buyprice":8259.04,"sushiswapv2buyprice":8254.88,"bakeryswapbuyprice":8357.67,"apeswapBuyPrice":8272.84,"uniswapv2sellprice":8217.24,"sushiswapv2sellprice":8230.34,"bakeryswapsellprice":8144.83,"apeswapsellprice":8227.78},{"block":11029570,"timestamp":1631991718,"swapAmountBNB":20,"uniswapv2buyprice":8259.03,"sushiswapv2buyprice":8254.88,"bakeryswapbuyprice":8357.67,"apeswapBuyPrice":8272.84,"uniswapv2sellprice":8217.24,"sushiswapv2sellprice":8230.34,"bakeryswapsellprice":8144.83,"apeswapsellprice":8227.78},{"block":11029571,"timestamp":1631991721,"swapAmountBNB":20,"uniswapv2buyprice":8259.05,"sushiswapv2buyprice":8254.88,"bakeryswapbuyprice":8357.67,"apeswapBuyPrice":8272.84,"uniswapv2sellprice":8217.25,"sushiswapv2sellprice":8230.34,"bakeryswapsellprice":8144.83,"apeswapsellprice":8227.78},{"block":11029572,"timestamp":1631991724,"swapAmountBNB":20,"uniswapv2buyprice":8259.02,"sushiswapv2buyprice":8254.88,"bakeryswapbuyprice":8357.67,"apeswapBuyPrice":8272.84,"uniswapv2sellprice":8217.23,"sushiswapv2sellprice":8230.34,"bakeryswapsellprice":8144.83,"apeswapsellprice":8227.78},{"block":11029573,"timestamp":1631991728,"swapAmountBNB":20,"uniswapv2buyprice":8259,"sushiswapv2buyprice":8254.88,"bakeryswapbuyprice":8357.67,"apeswapBuyPrice":8272.84,"uniswapv2sellprice":8217.21,"sushiswapv2sellprice":8230.34,"bakeryswapsellprice":8144.83,"apeswapsellprice":8227.78},{"block":11029573,"timestamp":1631991727,"swapAmountBNB":20,"uniswapv2buyprice":8259,"sushiswapv2buyprice":8254.88,"bakeryswapbuyprice":8357.67,"apeswapBuyPrice":8272.84,"uniswapv2sellprice":8217.21,"sushiswapv2sellprice":8230.34,"bakeryswapsellprice":8144.83,"apeswapsellprice":8227.78},{"block":11029574,"timestamp":1631991730,"swapAmountBNB":20,"uniswapv2buyprice":8259.01,"sushiswapv2buyprice":8254.88,"bakeryswapbuyprice":8357.67,"apeswapBuyPrice":8272.84,"uniswapv2sellprice":8217.21,"sushiswapv2sellprice":8230.34,"bakeryswapsellprice":8144.83,"apeswapsellprice":8227.78},{"block":11029575,"timestamp":1631991733,"swapAmountBNB":20,"uniswapv2buyprice":8259.01,"sushiswapv2buyprice":8254.88,"bakeryswapbuyprice":8357.67,"apeswapBuyPrice":8272.84,"uniswapv2sellprice":8217.22,"sushiswapv2sellprice":8230.34,"bakeryswapsellprice":8144.83,"apeswapsellprice":8227.78},{"block":11029576,"timestamp":1631991736,"swapAmountBNB":20,"uniswapv2buyprice":8259.01,"sushiswapv2buyprice":8254.88,"bakeryswapbuyprice":8357.67,"apeswapBuyPrice":8272.84,"uniswapv2sellprice":8217.21,"sushiswapv2sellprice":8230.34,"bakeryswapsellprice":8144.83,"apeswapsellprice":8227.78},{"block":11029577,"timestamp":1631991739,"swapAmountBNB":20,"uniswapv2buyprice":8258.86,"sushiswapv2buyprice":8254.88,"bakeryswapbuyprice":8357.67,"apeswapBuyPrice":8272.84,"uniswapv2sellprice":8217.07,"sushiswapv2sellprice":8230.34,"bakeryswapsellprice":8144.83,"apeswapsellprice":8227.78},{"block":11029578,"timestamp":1631991742,"swapAmountBNB":20,"uniswapv2buyprice":8258.87,"sushiswapv2buyprice":8254.88,"bakeryswapbuyprice":8357.67,"apeswapBuyPrice":8272.84,"uniswapv2sellprice":8217.07,"sushiswapv2sellprice":8230.34,"bakeryswapsellprice":8144.83,"apeswapsellprice":8227.78},{"block":11029579,"timestamp":1631991745,"swapAmountBNB":20,"uniswapv2buyprice":8258.91,"sushiswapv2buyprice":8254.88,"bakeryswapbuyprice":8357.67,"apeswapBuyPrice":8272.84,"uniswapv2sellprice":8217.11,"sushiswapv2sellprice":8230.34,"bakeryswapsellprice":8144.83,"apeswapsellprice":8227.78},{"block":11029580,"timestamp":1631991748,"swapAmountBNB":20,"uniswapv2buyprice":8259,"sushiswapv2buyprice":8250.44,"bakeryswapbuyprice":8357.67,"apeswapBuyPrice":8272.86,"uniswapv2sellprice":8217.21,"sushiswapv2sellprice":8225.92,"bakeryswapsellprice":8144.83,"apeswapsellprice":8227.8},{"block":11029581,"timestamp":1631991751,"swapAmountBNB":20,"uniswapv2buyprice":8259.03,"sushiswapv2buyprice":8250.44,"bakeryswapbuyprice":8357.67,"apeswapBuyPrice":8272.86,"uniswapv2sellprice":8217.23,"sushiswapv2sellprice":8225.92,"bakeryswapsellprice":8144.83,"apeswapsellprice":8227.8},{"block":11029582,"timestamp":1631991755,"swapAmountBNB":20,"uniswapv2buyprice":8258.79,"sushiswapv2buyprice":8250.44,"bakeryswapbuyprice":8357.67,"apeswapBuyPrice":8272.86,"uniswapv2sellprice":8217,"sushiswapv2sellprice":8225.92,"bakeryswapsellprice":8144.83,"apeswapsellprice":8227.8},{"block":11029582,"timestamp":1631991754,"swapAmountBNB":20,"uniswapv2buyprice":8258.79,"sushiswapv2buyprice":8250.44,"bakeryswapbuyprice":8357.67,"apeswapBuyPrice":8272.86,"uniswapv2sellprice":8217,"sushiswapv2sellprice":8225.92,"bakeryswapsellprice":8144.83,"apeswapsellprice":8227.8},{"block":11029583,"timestamp":1631991757,"swapAmountBNB":20,"uniswapv2buyprice":8258.76,"sushiswapv2buyprice":8250.44,"bakeryswapbuyprice":8357.67,"apeswapBuyPrice":8272.86,"uniswapv2sellprice":8216.97,"sushiswapv2sellprice":8225.92,"bakeryswapsellprice":8144.83,"apeswapsellprice":8227.8},{"block":11029584,"timestamp":1631991760,"swapAmountBNB":20,"uniswapv2buyprice":8258.97,"sushiswapv2buyprice":8252.26,"bakeryswapbuyprice":8357.67,"apeswapBuyPrice":8272.86,"uniswapv2sellprice":8217.18,"sushiswapv2sellprice":8227.73,"bakeryswapsellprice":8144.83,"apeswapsellprice":8227.8},{"block":11029585,"timestamp":1631991763,"swapAmountBNB":20,"uniswapv2buyprice":8258.92,"sushiswapv2buyprice":8252.41,"bakeryswapbuyprice":8357.67,"apeswapBuyPrice":8272.86,"uniswapv2sellprice":8217.13,"sushiswapv2sellprice":8227.88,"bakeryswapsellprice":8144.83,"apeswapsellprice":8227.8},{"block":11029586,"timestamp":1631991766,"swapAmountBNB":20,"uniswapv2buyprice":8259.42,"sushiswapv2buyprice":8252.41,"bakeryswapbuyprice":8357.67,"apeswapBuyPrice":8272.86,"uniswapv2sellprice":8217.62,"sushiswapv2sellprice":8227.88,"bakeryswapsellprice":8144.83,"apeswapsellprice":8227.8},{"block":11029587,"timestamp":1631991769,"swapAmountBNB":20,"uniswapv2buyprice":8259.42,"sushiswapv2buyprice":8252.52,"bakeryswapbuyprice":8357.67,"apeswapBuyPrice":8272.86,"uniswapv2sellprice":8217.62,"sushiswapv2sellprice":8227.98,"bakeryswapsellprice":8144.83,"apeswapsellprice":8227.8},{"block":11029588,"timestamp":1631991772,"swapAmountBNB":20,"uniswapv2buyprice":8259.31,"sushiswapv2buyprice":8252.52,"bakeryswapbuyprice":8357.67,"apeswapBuyPrice":8272.86,"uniswapv2sellprice":8217.52,"sushiswapv2sellprice":8227.98,"bakeryswapsellprice":8144.83,"apeswapsellprice":8227.8},{"block":11029589,"timestamp":1631991775,"swapAmountBNB":20,"uniswapv2buyprice":8259.29,"sushiswapv2buyprice":8252.52,"bakeryswapbuyprice":8357.67,"apeswapBuyPrice":8272.86,"uniswapv2sellprice":8217.5,"sushiswapv2sellprice":8227.98,"bakeryswapsellprice":8144.83,"apeswapsellprice":8227.8},{"block":11029590,"timestamp":1631991778,"swapAmountBNB":20,"uniswapv2buyprice":8259.34,"sushiswapv2buyprice":8252.52,"bakeryswapbuyprice":8357.67,"apeswapBuyPrice":8272.86,"uniswapv2sellprice":8217.55,"sushiswapv2sellprice":8227.98,"bakeryswapsellprice":8144.83,"apeswapsellprice":8227.8},{"block":11029591,"timestamp":1631991781,"swapAmountBNB":20,"uniswapv2buyprice":8259.31,"sushiswapv2buyprice":8252.52,"bakeryswapbuyprice":8357.67,"apeswapBuyPrice":8272.86,"uniswapv2sellprice":8217.52,"sushiswapv2sellprice":8227.98,"bakeryswapsellprice":8144.83,"apeswapsellprice":8227.8},{"block":11029592,"timestamp":1631991784,"swapAmountBNB":20,"uniswapv2buyprice":8259.22,"sushiswapv2buyprice":8256.96,"bakeryswapbuyprice":8357.67,"apeswapBuyPrice":8272.86,"uniswapv2sellprice":8217.52,"sushiswapv2sellprice":8232.41,"bakeryswapsellprice":8144.83,"apeswapsellprice":8227.8},{"block":11029593,"timestamp":1631991787,"swapAmountBNB":20,"uniswapv2buyprice":8259.22,"sushiswapv2buyprice":8256.96,"bakeryswapbuyprice":8357.67,"apeswapBuyPrice":8272.86,"uniswapv2sellprice":8217.42,"sushiswapv2sellprice":8232.41,"bakeryswapsellprice":8144.83,"apeswapsellprice":8227.8},{"block":11029594,"timestamp":1631991790,"swapAmountBNB":20,"uniswapv2buyprice":8259.31,"sushiswapv2buyprice":8261.4,"bakeryswapbuyprice":8357.67,"apeswapBuyPrice":8271.72,"uniswapv2sellprice":8217.52,"sushiswapv2sellprice":8236.84,"bakeryswapsellprice":8144.83,"apeswapsellprice":8226.67},{"block":11029595,"timestamp":1631991793,"swapAmountBNB":20,"uniswapv2buyprice":8259.31,"sushiswapv2buyprice":8261.4,"bakeryswapbuyprice":8357.67,"apeswapBuyPrice":8271.79,"uniswapv2sellprice":8217.52,"sushiswapv2sellprice":8236.84,"bakeryswapsellprice":8144.83,"apeswapsellprice":8226.74},{"block":11029596,"timestamp":1631991796,"swapAmountBNB":20,"uniswapv2buyprice":8259.31,"sushiswapv2buyprice":8261.4,"bakeryswapbuyprice":8357.67,"apeswapBuyPrice":8271.79,"uniswapv2sellprice":8217.52,"sushiswapv2sellprice":8236.84,"bakeryswapsellprice":8144.83,"apeswapsellprice":8226.74},{"block":11029597,"timestamp":1631991799,"swapAmountBNB":20,"uniswapv2buyprice":8259.3,"sushiswapv2buyprice":8261.4,"bakeryswapbuyprice":8357.67,"apeswapBuyPrice":8271.79,"uniswapv2sellprice":8217.51,"sushiswapv2sellprice":8236.84,"bakeryswapsellprice":8144.83,"apeswapsellprice":8226.74},{"block":11029598,"timestamp":1631991802,"swapAmountBNB":20,"uniswapv2buyprice":8259.34,"sushiswapv2buyprice":8261.4,"bakeryswapbuyprice":8357.67,"apeswapBuyPrice":8271.38,"uniswapv2sellprice":8217.54,"sushiswapv2sellprice":8236.84,"bakeryswapsellprice":8144.83,"apeswapsellprice":8226.33},{"block":11029599,"timestamp":1631991805,"swapAmountBNB":20,"uniswapv2buyprice":8259.36,"sushiswapv2buyprice":8256.56,"bakeryswapbuyprice":8357.67,"apeswapBuyPrice":8271.38,"uniswapv2sellprice":8217.56,"sushiswapv2sellprice":8232.02,"bakeryswapsellprice":8144.83,"apeswapsellprice":8226.33},{"block":11029600,"timestamp":1631991808,"swapAmountBNB":20,"uniswapv2buyprice":8259.31,"sushiswapv2buyprice":8256.56,"bakeryswapbuyprice":8357.67,"apeswapBuyPrice":8271.38,"uniswapv2sellprice":8217.52,"sushiswapv2sellprice":8232.02,"bakeryswapsellprice":8144.83,"apeswapsellprice":8226.33},{"block":11029601,"timestamp":1631991811,"swapAmountBNB":20,"uniswapv2buyprice":8259.3,"sushiswapv2buyprice":8261.01,"bakeryswapbuyprice":8357.67,"apeswapBuyPrice":8271.38,"uniswapv2sellprice":8217.51,"sushiswapv2sellprice":8236.44,"bakeryswapsellprice":8144.83,"apeswapsellprice":8226.33},{"block":11029602,"timestamp":1631991814,"swapAmountBNB":20,"uniswapv2buyprice":8259.3,"sushiswapv2buyprice":8261.01,"bakeryswapbuyprice":8357.67,"apeswapBuyPrice":8271.38,"uniswapv2sellprice":8217.51,"sushiswapv2sellprice":8236.44,"bakeryswapsellprice":8144.83,"apeswapsellprice":8226.33},{"block":11029603,"timestamp":1631991817,"swapAmountBNB":20,"uniswapv2buyprice":8259.29,"sushiswapv2buyprice":8261.01,"bakeryswapbuyprice":8357.67,"apeswapBuyPrice":8271.38,"uniswapv2sellprice":8217.5,"sushiswapv2sellprice":8236.44,"bakeryswapsellprice":8144.83,"apeswapsellprice":8226.33},{"block":11029604,"timestamp":1631991820,"swapAmountBNB":20,"uniswapv2buyprice":8259.29,"sushiswapv2buyprice":8261.01,"bakeryswapbuyprice":8357.67,"apeswapBuyPrice":8271.39,"uniswapv2sellprice":8217.5,"sushiswapv2sellprice":8236.44,"bakeryswapsellprice":8144.83,"apeswapsellprice":8226.34},{"block":11029605,"timestamp":1631991823,"swapAmountBNB":20,"uniswapv2buyprice":8259.31,"sushiswapv2buyprice":8261.01,"bakeryswapbuyprice":8357.67,"apeswapBuyPrice":8271.39,"uniswapv2sellprice":8217.51,"sushiswapv2sellprice":8236.44,"bakeryswapsellprice":8144.83,"apeswapsellprice":8226.34},{"block":11029606,"timestamp":1631991826,"swapAmountBNB":20,"uniswapv2buyprice":8259.3,"sushiswapv2buyprice":8261.01,"bakeryswapbuyprice":8357.67,"apeswapBuyPrice":8271.41,"uniswapv2sellprice":8217.51,"sushiswapv2sellprice":8236.44,"bakeryswapsellprice":8144.83,"apeswapsellprice":8226.36},{"block":11029607,"timestamp":1631991829,"swapAmountBNB":20,"uniswapv2buyprice":8259.3,"sushiswapv2buyprice":8260.98,"bakeryswapbuyprice":8357.67,"apeswapBuyPrice":8271.41,"uniswapv2sellprice":8217.51,"sushiswapv2sellprice":8236.42,"bakeryswapsellprice":8144.83,"apeswapsellprice":8226.36},{"block":11029608,"timestamp":1631991832,"swapAmountBNB":20,"uniswapv2buyprice":8259.32,"sushiswapv2buyprice":8260.98,"bakeryswapbuyprice":8357.67,"apeswapBuyPrice":8271.41,"uniswapv2sellprice":8217.53,"sushiswapv2sellprice":8236.42,"bakeryswapsellprice":8144.83,"apeswapsellprice":8226.36},{"block":11029609,"timestamp":1631991835,"swapAmountBNB":20,"uniswapv2buyprice":8259.32,"sushiswapv2buyprice":8260.98,"bakeryswapbuyprice":8357.67,"apeswapBuyPrice":8271.41,"uniswapv2sellprice":8217.53,"sushiswapv2sellprice":8236.42,"bakeryswapsellprice":8144.83,"apeswapsellprice":8226.36},{"block":11029610,"timestamp":1631991838,"swapAmountBNB":20,"uniswapv2buyprice":8259.25,"sushiswapv2buyprice":8260.82,"bakeryswapbuyprice":8357.67,"apeswapBuyPrice":8271.41,"uniswapv2sellprice":8217.46,"sushiswapv2sellprice":8236.26,"bakeryswapsellprice":8144.83,"apeswapsellprice":8226.36},{"block":11029611,"timestamp":1631991841,"swapAmountBNB":20,"uniswapv2buyprice":8259.48,"sushiswapv2buyprice":8260.82,"bakeryswapbuyprice":8357.67,"apeswapBuyPrice":8271.41,"uniswapv2sellprice":8217.69,"sushiswapv2sellprice":8236.26,"bakeryswapsellprice":8144.83,"apeswapsellprice":8226.36},{"block":11029612,"timestamp":1631991844,"swapAmountBNB":20,"uniswapv2buyprice":8259.56,"sushiswapv2buyprice":8260.82,"bakeryswapbuyprice":8357.67,"apeswapBuyPrice":8271.41,"uniswapv2sellprice":8217.77,"sushiswapv2sellprice":8236.26,"bakeryswapsellprice":8144.83,"apeswapsellprice":8226.36},{"block":11029613,"timestamp":1631991847,"swapAmountBNB":20,"uniswapv2buyprice":8259.6,"sushiswapv2buyprice":8260.82,"bakeryswapbuyprice":8357.67,"apeswapBuyPrice":8271.14,"uniswapv2sellprice":8217.81,"sushiswapv2sellprice":8236.26,"bakeryswapsellprice":8144.83,"apeswapsellprice":8226.09},{"block":11029614,"timestamp":1631991850,"swapAmountBNB":20,"uniswapv2buyprice":8259.64,"sushiswapv2buyprice":8260.82,"bakeryswapbuyprice":8357.67,"apeswapBuyPrice":8271.14,"uniswapv2sellprice":8217.85,"sushiswapv2sellprice":8236.26,"bakeryswapsellprice":8144.83,"apeswapsellprice":8226.09},{"block":11029615,"timestamp":1631991853,"swapAmountBNB":20,"uniswapv2buyprice":8259.12,"sushiswapv2buyprice":8260.82,"bakeryswapbuyprice":8357.67,"apeswapBuyPrice":8271.14,"uniswapv2sellprice":8217.33,"sushiswapv2sellprice":8236.26,"bakeryswapsellprice":8144.83,"apeswapsellprice":8226.09},{"block":11029620,"timestamp":1631991868,"swapAmountBNB":20,"uniswapv2buyprice":8258.73,"sushiswapv2buyprice":8260.6,"bakeryswapbuyprice":8357.67,"apeswapBuyPrice":8271.14,"uniswapv2sellprice":8216.94,"sushiswapv2sellprice":8236.04,"bakeryswapsellprice":8144.83,"apeswapsellprice":8226.09},{"block":11029621,"timestamp":1631991871,"swapAmountBNB":20,"uniswapv2buyprice":8258.78,"sushiswapv2buyprice":8260.6,"bakeryswapbuyprice":8357.67,"apeswapBuyPrice":8271.14,"uniswapv2sellprice":8216.99,"sushiswapv2sellprice":8236.04,"bakeryswapsellprice":8144.83,"apeswapsellprice":8226.09},{"block":11029622,"timestamp":1631991874,"swapAmountBNB":20,"uniswapv2buyprice":8258.84,"sushiswapv2buyprice":8260.6,"bakeryswapbuyprice":8357.67,"apeswapBuyPrice":8271.14,"uniswapv2sellprice":8217.05,"sushiswapv2sellprice":8236.04,"bakeryswapsellprice":8144.83,"apeswapsellprice":8226.09},{"block":11029623,"timestamp":1631991877,"swapAmountBNB":20,"uniswapv2buyprice":8258.79,"sushiswapv2buyprice":8260.6,"bakeryswapbuyprice":8357.67,"apeswapBuyPrice":8271.14,"uniswapv2sellprice":8217,"sushiswapv2sellprice":8236.04,"bakeryswapsellprice":8144.83,"apeswapsellprice":8226.09},{"block":11029624,"timestamp":1631991880,"swapAmountBNB":20,"uniswapv2buyprice":8258.72,"sushiswapv2buyprice":8260.6,"bakeryswapbuyprice":8357.67,"apeswapBuyPrice":8271.14,"uniswapv2sellprice":8216.93,"sushiswapv2sellprice":8236.04,"bakeryswapsellprice":8144.83,"apeswapsellprice":8226.09},{"block":11029625,"timestamp":1631991883,"swapAmountBNB":20,"uniswapv2buyprice":8258.69,"sushiswapv2buyprice":8265.04,"bakeryswapbuyprice":8357.67,"apeswapBuyPrice":8271.14,"uniswapv2sellprice":8216.9,"sushiswapv2sellprice":8240.47,"bakeryswapsellprice":8144.83,"apeswapsellprice":8226.09},{"block":11029626,"timestamp":1631991886,"swapAmountBNB":20,"uniswapv2buyprice":8258.72,"sushiswapv2buyprice":8265.04,"bakeryswapbuyprice":8357.67,"apeswapBuyPrice":8271.15,"uniswapv2sellprice":8216.93,"sushiswapv2sellprice":8240.47,"bakeryswapsellprice":8144.83,"apeswapsellprice":8226.1},{"block":11029627,"timestamp":1631991889,"swapAmountBNB":20,"uniswapv2buyprice":8258.68,"sushiswapv2buyprice":8265.04,"bakeryswapbuyprice":8357.67,"apeswapBuyPrice":8271.15,"uniswapv2sellprice":8216.89,"sushiswapv2sellprice":8240.47,"bakeryswapsellprice":8144.83,"apeswapsellprice":8226.1},{"block":11029628,"timestamp":1631991892,"swapAmountBNB":20,"uniswapv2buyprice":8258.66,"sushiswapv2buyprice":8265.04,"bakeryswapbuyprice":8357.67,"apeswapBuyPrice":8270.9,"uniswapv2sellprice":8216.87,"sushiswapv2sellprice":8240.47,"bakeryswapsellprice":8144.83,"apeswapsellprice":8225.85},{"block":11029629,"timestamp":1631991895,"swapAmountBNB":20,"uniswapv2buyprice":8258.58,"sushiswapv2buyprice":8265.04,"bakeryswapbuyprice":8357.67,"apeswapBuyPrice":8270.9,"uniswapv2sellprice":8216.79,"sushiswapv2sellprice":8240.47,"bakeryswapsellprice":8144.83,"apeswapsellprice":8225.85},{"block":11029630,"timestamp":1631991898,"swapAmountBNB":20,"uniswapv2buyprice":8258.59,"sushiswapv2buyprice":8264.56,"bakeryswapbuyprice":8357.67,"apeswapBuyPrice":8270.9,"uniswapv2sellprice":8216.8,"sushiswapv2sellprice":8239.99,"bakeryswapsellprice":8144.83,"apeswapsellprice":8225.85},{"block":11029631,"timestamp":1631991901,"swapAmountBNB":20,"uniswapv2buyprice":8258.34,"sushiswapv2buyprice":8264.56,"bakeryswapbuyprice":8357.67,"apeswapBuyPrice":8270.9,"uniswapv2sellprice":8216.55,"sushiswapv2sellprice":8239.99,"bakeryswapsellprice":8144.83,"apeswapsellprice":8225.85},{"block":11029632,"timestamp":1631991904,"swapAmountBNB":20,"uniswapv2buyprice":8258.43,"sushiswapv2buyprice":8264.56,"bakeryswapbuyprice":8357.67,"apeswapBuyPrice":8270.9,"uniswapv2sellprice":8216.64,"sushiswapv2sellprice":8239.99,"bakeryswapsellprice":8144.83,"apeswapsellprice":8225.85},{"block":11029633,"timestamp":1631991907,"swapAmountBNB":20,"uniswapv2buyprice":8258.29,"sushiswapv2buyprice":8264.56,"bakeryswapbuyprice":8357.67,"apeswapBuyPrice":8270.9,"uniswapv2sellprice":8216.5,"sushiswapv2sellprice":8239.99,"bakeryswapsellprice":8144.83,"apeswapsellprice":8225.85},{"block":11029634,"timestamp":1631991910,"swapAmountBNB":20,"uniswapv2buyprice":8258.3,"sushiswapv2buyprice":8264.56,"bakeryswapbuyprice":8357.67,"apeswapBuyPrice":8270.81,"uniswapv2sellprice":8216.51,"sushiswapv2sellprice":8239.99,"bakeryswapsellprice":8144.83,"apeswapsellprice":8225.77},{"block":11029635,"timestamp":1631991913,"swapAmountBNB":20,"uniswapv2buyprice":8258.31,"sushiswapv2buyprice":8264.42,"bakeryswapbuyprice":8357.67,"apeswapBuyPrice":8270.81,"uniswapv2sellprice":8216.52,"sushiswapv2sellprice":8239.84,"bakeryswapsellprice":8144.83,"apeswapsellprice":8225.77},{"block":11029636,"timestamp":1631991916,"swapAmountBNB":20,"uniswapv2buyprice":8258.26,"sushiswapv2buyprice":8264.42,"bakeryswapbuyprice":8357.67,"apeswapBuyPrice":8270.81,"uniswapv2sellprice":8216.48,"sushiswapv2sellprice":8239.84,"bakeryswapsellprice":8144.83,"apeswapsellprice":8225.77},{"block":11029637,"timestamp":1631991919,"swapAmountBNB":20,"uniswapv2buyprice":8258.2,"sushiswapv2buyprice":8264.66,"bakeryswapbuyprice":8357.67,"apeswapBuyPrice":8270.81,"uniswapv2sellprice":8216.41,"sushiswapv2sellprice":8240.08,"bakeryswapsellprice":8144.83,"apeswapsellprice":8225.77},{"block":11029638,"timestamp":1631991922,"swapAmountBNB":20,"uniswapv2buyprice":8258.25,"sushiswapv2buyprice":8260.22,"bakeryswapbuyprice":8357.67,"apeswapBuyPrice":8270.81,"uniswapv2sellprice":8216.46,"sushiswapv2sellprice":8235.66,"bakeryswapsellprice":8144.83,"apeswapsellprice":8225.77},{"block":11029639,"timestamp":1631991925,"swapAmountBNB":20,"uniswapv2buyprice":8258.25,"sushiswapv2buyprice":8256.02,"bakeryswapbuyprice":8357.67,"apeswapBuyPrice":8270.81,"uniswapv2sellprice":8216.46,"sushiswapv2sellprice":8231.47,"bakeryswapsellprice":8144.83,"apeswapsellprice":8225.77},{"block":11029640,"timestamp":1631991928,"swapAmountBNB":20,"uniswapv2buyprice":8258.26,"sushiswapv2buyprice":8256.02,"bakeryswapbuyprice":8357.67,"apeswapBuyPrice":8270.81,"uniswapv2sellprice":8216.48,"sushiswapv2sellprice":8231.47,"bakeryswapsellprice":8144.83,"apeswapsellprice":8225.77},{"block":11029641,"timestamp":1631991931,"swapAmountBNB":20,"uniswapv2buyprice":8258.3,"sushiswapv2buyprice":8256.02,"bakeryswapbuyprice":8357.67,"apeswapBuyPrice":8270.81,"uniswapv2sellprice":8216.51,"sushiswapv2sellprice":8231.47,"bakeryswapsellprice":8144.83,"apeswapsellprice":8225.77},{"block":11029642,"timestamp":1631991934,"swapAmountBNB":20,"uniswapv2buyprice":8258.3,"sushiswapv2buyprice":8255.58,"bakeryswapbuyprice":8357.67,"apeswapBuyPrice":8270.81,"uniswapv2sellprice":8216.51,"sushiswapv2sellprice":8231.04,"bakeryswapsellprice":8144.83,"apeswapsellprice":8225.77},{"block":11029643,"timestamp":1631991937,"swapAmountBNB":20,"uniswapv2buyprice":8258.36,"sushiswapv2buyprice":8255.66,"bakeryswapbuyprice":8357.67,"apeswapBuyPrice":8270.82,"uniswapv2sellprice":8216.57,"sushiswapv2sellprice":8231.11,"bakeryswapsellprice":8144.83,"apeswapsellprice":8225.77},{"block":11029644,"timestamp":1631991940,"swapAmountBNB":20,"uniswapv2buyprice":8258.38,"sushiswapv2buyprice":8255.66,"bakeryswapbuyprice":8357.67,"apeswapBuyPrice":8270.82,"uniswapv2sellprice":8216.59,"sushiswapv2sellprice":8231.11,"bakeryswapsellprice":8144.83,"apeswapsellprice":8225.77},{"block":11029645,"timestamp":1631991943,"swapAmountBNB":20,"uniswapv2buyprice":8258.25,"sushiswapv2buyprice":8255.61,"bakeryswapbuyprice":8357.67,"apeswapBuyPrice":8270.82,"uniswapv2sellprice":8216.46,"sushiswapv2sellprice":8231.07,"bakeryswapsellprice":8144.83,"apeswapsellprice":8225.77},{"block":11029646,"timestamp":1631991946,"swapAmountBNB":20,"uniswapv2buyprice":8258.27,"sushiswapv2buyprice":8255.61,"bakeryswapbuyprice":8357.67,"apeswapBuyPrice":8270.82,"uniswapv2sellprice":8216.48,"sushiswapv2sellprice":8231.07,"bakeryswapsellprice":8144.83,"apeswapsellprice":8225.77},{"block":11029647,"timestamp":1631991949,"swapAmountBNB":20,"uniswapv2buyprice":8258.45,"sushiswapv2buyprice":8255.61,"bakeryswapbuyprice":8357.67,"apeswapBuyPrice":8270.82,"uniswapv2sellprice":8216.66,"sushiswapv2sellprice":8231.07,"bakeryswapsellprice":8144.83,"apeswapsellprice":8225.77},{"block":11029648,"timestamp":1631991952,"swapAmountBNB":20,"uniswapv2buyprice":8258.3,"sushiswapv2buyprice":8255.61,"bakeryswapbuyprice":8357.67,"apeswapBuyPrice":8271.47,"uniswapv2sellprice":8216.51,"sushiswapv2sellprice":8231.07,"bakeryswapsellprice":8144.83,"apeswapsellprice":8226.42},{"block":11029649,"timestamp":1631991955,"swapAmountBNB":20,"uniswapv2buyprice":8258.3,"sushiswapv2buyprice":8255.61,"bakeryswapbuyprice":8357.67,"apeswapBuyPrice":8271.47,"uniswapv2sellprice":8216.51,"sushiswapv2sellprice":8231.07,"bakeryswapsellprice":8144.83,"apeswapsellprice":8226.42},{"block":11029650,"timestamp":1631991958,"swapAmountBNB":20,"uniswapv2buyprice":8258.36,"sushiswapv2buyprice":8255.61,"bakeryswapbuyprice":8357.67,"apeswapBuyPrice":8271.47,"uniswapv2sellprice":8216.57,"sushiswapv2sellprice":8231.07,"bakeryswapsellprice":8144.83,"apeswapsellprice":8226.42},{"block":11029651,"timestamp":1631991961,"swapAmountBNB":20,"uniswapv2buyprice":8258.31,"sushiswapv2buyprice":8255.61,"bakeryswapbuyprice":8357.67,"apeswapBuyPrice":8271.47,"uniswapv2sellprice":8216.52,"sushiswapv2sellprice":8231.07,"bakeryswapsellprice":8144.83,"apeswapsellprice":8226.42},{"block":11029652,"timestamp":1631991964,"swapAmountBNB":20,"uniswapv2buyprice":8258.11,"sushiswapv2buyprice":8255.61,"bakeryswapbuyprice":8357.67,"apeswapBuyPrice":8271.47,"uniswapv2sellprice":8216.32,"sushiswapv2sellprice":8231.07,"bakeryswapsellprice":8144.83,"apeswapsellprice":8226.42},{"block":11029653,"timestamp":1631991967,"swapAmountBNB":20,"uniswapv2buyprice":8258.1,"sushiswapv2buyprice":8255.61,"bakeryswapbuyprice":8357.67,"apeswapBuyPrice":8271.47,"uniswapv2sellprice":8216.31,"sushiswapv2sellprice":8231.07,"bakeryswapsellprice":8144.83,"apeswapsellprice":8226.42},{"block":11029654,"timestamp":1631991970,"swapAmountBNB":20,"uniswapv2buyprice":8258.17,"sushiswapv2buyprice":8255.61,"bakeryswapbuyprice":8357.67,"apeswapBuyPrice":8271.47,"uniswapv2sellprice":8216.38,"sushiswapv2sellprice":8231.07,"bakeryswapsellprice":8144.83,"apeswapsellprice":8226.42},{"block":11029655,"timestamp":1631991973,"swapAmountBNB":20,"uniswapv2buyprice":8258.15,"sushiswapv2buyprice":8255.61,"bakeryswapbuyprice":8357.67,"apeswapBuyPrice":8271.47,"uniswapv2sellprice":8216.36,"sushiswapv2sellprice":8231.07,"bakeryswapsellprice":8144.83,"apeswapsellprice":8226.42},{"block":11029656,"timestamp":1631991976,"swapAmountBNB":20,"uniswapv2buyprice":8258.16,"sushiswapv2buyprice":8255.61,"bakeryswapbuyprice":8357.67,"apeswapBuyPrice":8270.99,"uniswapv2sellprice":8216.37,"sushiswapv2sellprice":8231.07,"bakeryswapsellprice":8144.83,"apeswapsellprice":8226.42},{"block":11029657,"timestamp":1631991979,"swapAmountBNB":20,"uniswapv2buyprice":8258.07,"sushiswapv2buyprice":8255.76,"bakeryswapbuyprice":8357.67,"apeswapBuyPrice":8270.99,"uniswapv2sellprice":8216.28,"sushiswapv2sellprice":8231.21,"bakeryswapsellprice":8144.83,"apeswapsellprice":8225.94},{"block":11029658,"timestamp":1631991982,"swapAmountBNB":20,"uniswapv2buyprice":8258,"sushiswapv2buyprice":8255.76,"bakeryswapbuyprice":8357.67,"apeswapBuyPrice":8271.62,"uniswapv2sellprice":8216.21,"sushiswapv2sellprice":8231.21,"bakeryswapsellprice":8144.83,"apeswapsellprice":8226.57},{"block":11029659,"timestamp":1631991985,"swapAmountBNB":20,"uniswapv2buyprice":8258,"sushiswapv2buyprice":8255.76,"bakeryswapbuyprice":8357.67,"apeswapBuyPrice":8271.62,"uniswapv2sellprice":8216.21,"sushiswapv2sellprice":8231.21,"bakeryswapsellprice":8144.83,"apeswapsellprice":8226.57},{"block":11029660,"timestamp":1631991988,"swapAmountBNB":20,"uniswapv2buyprice":8258.05,"sushiswapv2buyprice":8255.76,"bakeryswapbuyprice":8357.67,"apeswapBuyPrice":8271.62,"uniswapv2sellprice":8216.26,"sushiswapv2sellprice":8231.21,"bakeryswapsellprice":8144.83,"apeswapsellprice":8226.57},{"block":11029661,"timestamp":1631991991,"swapAmountBNB":20,"uniswapv2buyprice":8258.07,"sushiswapv2buyprice":8255.76,"bakeryswapbuyprice":8357.67,"apeswapBuyPrice":8271.62,"uniswapv2sellprice":8216.29,"sushiswapv2sellprice":8231.21,"bakeryswapsellprice":8144.83,"apeswapsellprice":8226.57},{"block":11029662,"timestamp":1631991994,"swapAmountBNB":20,"uniswapv2buyprice":8258.09,"sushiswapv2buyprice":8255.76,"bakeryswapbuyprice":8357.67,"apeswapBuyPrice":8271.62,"uniswapv2sellprice":8216.3,"sushiswapv2sellprice":8231.21,"bakeryswapsellprice":8144.83,"apeswapsellprice":8226.57},{"block":11029663,"timestamp":1631991997,"swapAmountBNB":20,"uniswapv2buyprice":8258.38,"sushiswapv2buyprice":8256.26,"bakeryswapbuyprice":8357.67,"apeswapBuyPrice":8271.62,"uniswapv2sellprice":8216.59,"sushiswapv2sellprice":8231.71,"bakeryswapsellprice":8144.83,"apeswapsellprice":8226.57},{"block":11029664,"timestamp":1631992000,"swapAmountBNB":20,"uniswapv2buyprice":8258.41,"sushiswapv2buyprice":8256.26,"bakeryswapbuyprice":8357.67,"apeswapBuyPrice":8271.62,"uniswapv2sellprice":8216.62,"sushiswapv2sellprice":8231.71,"bakeryswapsellprice":8144.83,"apeswapsellprice":8226.57},{"block":11029665,"timestamp":1631992003,"swapAmountBNB":20,"uniswapv2buyprice":8258.43,"sushiswapv2buyprice":8251.82,"bakeryswapbuyprice":8356.67,"apeswapBuyPrice":8271.62,"uniswapv2sellprice":8216.64,"sushiswapv2sellprice":8227.29,"bakeryswapsellprice":8143.87,"apeswapsellprice":8226.57},{"block":11029666,"timestamp":1631992006,"swapAmountBNB":20,"uniswapv2buyprice":8258.43,"sushiswapv2buyprice":8251.82,"bakeryswapbuyprice":8356.67,"apeswapBuyPrice":8271.44,"uniswapv2sellprice":8216.64,"sushiswapv2sellprice":8227.29,"bakeryswapsellprice":8143.87,"apeswapsellprice":8226.39},{"block":11029667,"timestamp":1631992009,"swapAmountBNB":20,"uniswapv2buyprice":8258.34,"sushiswapv2buyprice":8251.82,"bakeryswapbuyprice":8356.67,"apeswapBuyPrice":8271.44,"uniswapv2sellprice":8216.55,"sushiswapv2sellprice":8227.29,"bakeryswapsellprice":8143.87,"apeswapsellprice":8226.39},{"block":11029668,"timestamp":1631992012,"swapAmountBNB":20,"uniswapv2buyprice":8258.52,"sushiswapv2buyprice":8251.84,"bakeryswapbuyprice":8356.67,"apeswapBuyPrice":8271.44,"uniswapv2sellprice":8216.72,"sushiswapv2sellprice":8227.31,"bakeryswapsellprice":8143.87,"apeswapsellprice":8226.39},{"block":11029669,"timestamp":1631992015,"swapAmountBNB":20,"uniswapv2buyprice":8258.55,"sushiswapv2buyprice":8251.95,"bakeryswapbuyprice":8356.67,"apeswapBuyPrice":8271.44,"uniswapv2sellprice":8216.76,"sushiswapv2sellprice":8227.42,"bakeryswapsellprice":8143.87,"apeswapsellprice":8226.39},{"block":11029670,"timestamp":1631992018,"swapAmountBNB":20,"uniswapv2buyprice":8258.51,"sushiswapv2buyprice":8247.52,"bakeryswapbuyprice":8356.67,"apeswapBuyPrice":8271.44,"uniswapv2sellprice":8216.72,"sushiswapv2sellprice":8223,"bakeryswapsellprice":8143.87,"apeswapsellprice":8226.39},{"block":11029671,"timestamp":1631992021,"swapAmountBNB":20,"uniswapv2buyprice":8258.59,"sushiswapv2buyprice":8247.52,"bakeryswapbuyprice":8356.67,"apeswapBuyPrice":8271.44,"uniswapv2sellprice":8216.8,"sushiswapv2sellprice":8223,"bakeryswapsellprice":8143.87,"apeswapsellprice":8226.39},{"block":11029672,"timestamp":1631992024,"swapAmountBNB":20,"uniswapv2buyprice":8258.36,"sushiswapv2buyprice":8247.52,"bakeryswapbuyprice":8356.67,"apeswapBuyPrice":8271.44,"uniswapv2sellprice":8216.57,"sushiswapv2sellprice":8223,"bakeryswapsellprice":8143.87,"apeswapsellprice":8226.39},{"block":11029673,"timestamp":1631992027,"swapAmountBNB":20,"uniswapv2buyprice":8258.36,"sushiswapv2buyprice":8247.52,"bakeryswapbuyprice":8356.67,"apeswapBuyPrice":8271.44,"uniswapv2sellprice":8216.57,"sushiswapv2sellprice":8223,"bakeryswapsellprice":8143.87,"apeswapsellprice":8226.39},{"block":11029674,"timestamp":1631992030,"swapAmountBNB":20,"uniswapv2buyprice":8258.36,"sushiswapv2buyprice":8247.52,"bakeryswapbuyprice":8356.67,"apeswapBuyPrice":8271.44,"uniswapv2sellprice":8216.57,"sushiswapv2sellprice":8223,"bakeryswapsellprice":8143.87,"apeswapsellprice":8226.39},{"block":11029675,"timestamp":1631992033,"swapAmountBNB":20,"uniswapv2buyprice":8258.17,"sushiswapv2buyprice":8247.52,"bakeryswapbuyprice":8356.67,"apeswapBuyPrice":8271.44,"uniswapv2sellprice":8216.38,"sushiswapv2sellprice":8223,"bakeryswapsellprice":8143.87,"apeswapsellprice":8226.39},{"block":11029676,"timestamp":1631992036,"swapAmountBNB":20,"uniswapv2buyprice":8258.2,"sushiswapv2buyprice":8247.52,"bakeryswapbuyprice":8356.67,"apeswapBuyPrice":8271.44,"uniswapv2sellprice":8216.41,"sushiswapv2sellprice":8223,"bakeryswapsellprice":8143.87,"apeswapsellprice":8226.39},{"block":11029677,"timestamp":1631992039,"swapAmountBNB":20,"uniswapv2buyprice":8258.2,"sushiswapv2buyprice":8247.13,"bakeryswapbuyprice":8356.67,"apeswapBuyPrice":8271.44,"uniswapv2sellprice":8216.41,"sushiswapv2sellprice":8222.61,"bakeryswapsellprice":8143.87,"apeswapsellprice":8226.39},{"block":11029678,"timestamp":1631992042,"swapAmountBNB":20,"uniswapv2buyprice":8258.2,"sushiswapv2buyprice":8247.09,"bakeryswapbuyprice":8356.67,"apeswapBuyPrice":8269.88,"uniswapv2sellprice":8216.41,"sushiswapv2sellprice":8222.57,"bakeryswapsellprice":8143.87,"apeswapsellprice":8224.84},{"block":11029679,"timestamp":1631992045,"swapAmountBNB":20,"uniswapv2buyprice":8258.17,"sushiswapv2buyprice":8247.09,"bakeryswapbuyprice":8356.67,"apeswapBuyPrice":8269.88,"uniswapv2sellprice":8216.38,"sushiswapv2sellprice":8222.57,"bakeryswapsellprice":8143.87,"apeswapsellprice":8224.84},{"block":11029680,"timestamp":1631992048,"swapAmountBNB":20,"uniswapv2buyprice":8258.18,"sushiswapv2buyprice":8247.09,"bakeryswapbuyprice":8356.67,"apeswapBuyPrice":8269.88,"uniswapv2sellprice":8216.39,"sushiswapv2sellprice":8222.57,"bakeryswapsellprice":8143.87,"apeswapsellprice":8224.84},{"block":11029681,"timestamp":1631992051,"swapAmountBNB":20,"uniswapv2buyprice":8258.18,"sushiswapv2buyprice":8247.09,"bakeryswapbuyprice":8356.67,"apeswapBuyPrice":8269.88,"uniswapv2sellprice":8216.39,"sushiswapv2sellprice":8222.57,"bakeryswapsellprice":8143.87,"apeswapsellprice":8224.84},{"block":11029682,"timestamp":1631992054,"swapAmountBNB":20,"uniswapv2buyprice":8258.18,"sushiswapv2buyprice":8247.09,"bakeryswapbuyprice":8356.67,"apeswapBuyPrice":8269.88,"uniswapv2sellprice":8216.39,"sushiswapv2sellprice":8222.57,"bakeryswapsellprice":8143.87,"apeswapsellprice":8224.84},{"block":11029683,"timestamp":1631992057,"swapAmountBNB":20,"uniswapv2buyprice":8258.19,"sushiswapv2buyprice":8247.09,"bakeryswapbuyprice":8356.67,"apeswapBuyPrice":8269.88,"uniswapv2sellprice":8216.41,"sushiswapv2sellprice":8222.57,"bakeryswapsellprice":8143.87,"apeswapsellprice":8224.84},{"block":11029684,"timestamp":1631992060,"swapAmountBNB":20,"uniswapv2buyprice":8257.99,"sushiswapv2buyprice":8247.09,"bakeryswapbuyprice":8356.67,"apeswapBuyPrice":8267.77,"uniswapv2sellprice":8216.2,"sushiswapv2sellprice":8222.57,"bakeryswapsellprice":8143.87,"apeswapsellprice":8222.74},{"block":11029685,"timestamp":1631992063,"swapAmountBNB":20,"uniswapv2buyprice":8258.25,"sushiswapv2buyprice":8247.09,"bakeryswapbuyprice":8356.67,"apeswapBuyPrice":8267.77,"uniswapv2sellprice":8216.47,"sushiswapv2sellprice":8222.57,"bakeryswapsellprice":8143.87,"apeswapsellprice":8222.74},{"block":11029686,"timestamp":1631992066,"swapAmountBNB":20,"uniswapv2buyprice":8258.25,"sushiswapv2buyprice":8247.09,"bakeryswapbuyprice":8356.67,"apeswapBuyPrice":8267.77,"uniswapv2sellprice":8216.46,"sushiswapv2sellprice":8222.57,"bakeryswapsellprice":8143.87,"apeswapsellprice":8222.74},{"block":11029687,"timestamp":1631992069,"swapAmountBNB":20,"uniswapv2buyprice":8258.07,"sushiswapv2buyprice":8247.09,"bakeryswapbuyprice":8356.67,"apeswapBuyPrice":8267.77,"uniswapv2sellprice":8216.28,"sushiswapv2sellprice":8222.57,"bakeryswapsellprice":8143.87,"apeswapsellprice":8222.74},{"block":11029688,"timestamp":1631992072,"swapAmountBNB":20,"uniswapv2buyprice":8258,"sushiswapv2buyprice":8247.09,"bakeryswapbuyprice":8356.67,"apeswapBuyPrice":8267.77,"uniswapv2sellprice":8216.21,"sushiswapv2sellprice":8222.57,"bakeryswapsellprice":8143.87,"apeswapsellprice":8222.74},{"block":11029689,"timestamp":1631992075,"swapAmountBNB":20,"uniswapv2buyprice":8258,"sushiswapv2buyprice":8247.09,"bakeryswapbuyprice":8356.67,"apeswapBuyPrice":8267.77,"uniswapv2sellprice":8216.21,"sushiswapv2sellprice":8222.57,"bakeryswapsellprice":8143.87,"apeswapsellprice":8222.74},{"block":11029690,"timestamp":1631992078,"swapAmountBNB":20,"uniswapv2buyprice":8258,"sushiswapv2buyprice":8247.09,"bakeryswapbuyprice":8356.67,"apeswapBuyPrice":8267.78,"uniswapv2sellprice":8216.21,"sushiswapv2sellprice":8222.57,"bakeryswapsellprice":8143.87,"apeswapsellprice":8222.75},{"block":11029691,"timestamp":1631992081,"swapAmountBNB":20,"uniswapv2buyprice":8258,"sushiswapv2buyprice":8247.09,"bakeryswapbuyprice":8356.67,"apeswapBuyPrice":8267.78,"uniswapv2sellprice":8216.21,"sushiswapv2sellprice":8222.57,"bakeryswapsellprice":8143.87,"apeswapsellprice":8222.75},{"block":11029692,"timestamp":1631992084,"swapAmountBNB":20,"uniswapv2buyprice":8258.09,"sushiswapv2buyprice":8242.66,"bakeryswapbuyprice":8356.67,"apeswapBuyPrice":8267.78,"uniswapv2sellprice":8216.3,"sushiswapv2sellprice":8218.16,"bakeryswapsellprice":8143.87,"apeswapsellprice":8222.75},{"block":11029693,"timestamp":1631992087,"swapAmountBNB":20,"uniswapv2buyprice":8258.08,"sushiswapv2buyprice":8242.7,"bakeryswapbuyprice":8356.67,"apeswapBuyPrice":8267.78,"uniswapv2sellprice":8216.3,"sushiswapv2sellprice":8218.2,"bakeryswapsellprice":8143.87,"apeswapsellprice":8222.75},{"block":11029694,"timestamp":1631992090,"swapAmountBNB":20,"uniswapv2buyprice":8258.08,"sushiswapv2buyprice":8242.7,"bakeryswapbuyprice":8356.67,"apeswapBuyPrice":8267.78,"uniswapv2sellprice":8216.29,"sushiswapv2sellprice":8218.2,"bakeryswapsellprice":8143.87,"apeswapsellprice":8222.75},{"block":11029695,"timestamp":1631992093,"swapAmountBNB":20,"uniswapv2buyprice":8258.07,"sushiswapv2buyprice":8242.7,"bakeryswapbuyprice":8356.67,"apeswapBuyPrice":8267.78,"uniswapv2sellprice":8216.28,"sushiswapv2sellprice":8218.2,"bakeryswapsellprice":8143.87,"apeswapsellprice":8222.75},{"block":11029696,"timestamp":1631992096,"swapAmountBNB":20,"uniswapv2buyprice":8258.07,"sushiswapv2buyprice":8242.7,"bakeryswapbuyprice":8356.67,"apeswapBuyPrice":8267.78,"uniswapv2sellprice":8216.28,"sushiswapv2sellprice":8218.2,"bakeryswapsellprice":8143.87,"apeswapsellprice":8222.75},{"block":11029697,"timestamp":1631992099,"swapAmountBNB":20,"uniswapv2buyprice":8258.03,"sushiswapv2buyprice":8242.74,"bakeryswapbuyprice":8356.67,"apeswapBuyPrice":8267.78,"uniswapv2sellprice":8216.24,"sushiswapv2sellprice":8218.24,"bakeryswapsellprice":8143.87,"apeswapsellprice":8222.75},{"block":11029698,"timestamp":1631992102,"swapAmountBNB":20,"uniswapv2buyprice":8258.02,"sushiswapv2buyprice":8242.74,"bakeryswapbuyprice":8356.67,"apeswapBuyPrice":8267.72,"uniswapv2sellprice":8216.23,"sushiswapv2sellprice":8218.24,"bakeryswapsellprice":8143.87,"apeswapsellprice":8222.69},{"block":11029699,"timestamp":1631992105,"swapAmountBNB":20,"uniswapv2buyprice":8257.85,"sushiswapv2buyprice":8242.74,"bakeryswapbuyprice":8356.67,"apeswapBuyPrice":8267.72,"uniswapv2sellprice":8216.06,"sushiswapv2sellprice":8218.24,"bakeryswapsellprice":8143.87,"apeswapsellprice":8222.69},{"block":11029700,"timestamp":1631992108,"swapAmountBNB":20,"uniswapv2buyprice":8257.89,"sushiswapv2buyprice":8242.74,"bakeryswapbuyprice":8356.67,"apeswapBuyPrice":8267.72,"uniswapv2sellprice":8216.1,"sushiswapv2sellprice":8218.24,"bakeryswapsellprice":8143.87,"apeswapsellprice":8222.69},{"block":11029701,"timestamp":1631992111,"swapAmountBNB":20,"uniswapv2buyprice":8257.92,"sushiswapv2buyprice":8242.74,"bakeryswapbuyprice":8356.67,"apeswapBuyPrice":8267.72,"uniswapv2sellprice":8216.13,"sushiswapv2sellprice":8218.24,"bakeryswapsellprice":8143.87,"apeswapsellprice":8222.69},{"block":11029702,"timestamp":1631992114,"swapAmountBNB":20,"uniswapv2buyprice":8257.97,"sushiswapv2buyprice":8242.74,"bakeryswapbuyprice":8356.67,"apeswapBuyPrice":8267.79,"uniswapv2sellprice":8216.18,"sushiswapv2sellprice":8218.24,"bakeryswapsellprice":8143.87,"apeswapsellprice":8222.76},{"block":11029703,"timestamp":1631992117,"swapAmountBNB":20,"uniswapv2buyprice":8258.03,"sushiswapv2buyprice":8242.74,"bakeryswapbuyprice":8356.67,"apeswapBuyPrice":8267.79,"uniswapv2sellprice":8216.24,"sushiswapv2sellprice":8218.24,"bakeryswapsellprice":8143.87,"apeswapsellprice":8222.76},{"block":11029704,"timestamp":1631992120,"swapAmountBNB":20,"uniswapv2buyprice":8258.03,"sushiswapv2buyprice":8243.23,"bakeryswapbuyprice":8356.67,"apeswapBuyPrice":8267.79,"uniswapv2sellprice":8216.25,"sushiswapv2sellprice":8218.73,"bakeryswapsellprice":8143.87,"apeswapsellprice":8222.76},{"block":11029705,"timestamp":1631992123,"swapAmountBNB":20,"uniswapv2buyprice":8258.03,"sushiswapv2buyprice":8243.23,"bakeryswapbuyprice":8356.67,"apeswapBuyPrice":8267.77,"uniswapv2sellprice":8216.25,"sushiswapv2sellprice":8218.73,"bakeryswapsellprice":8143.87,"apeswapsellprice":8222.76},{"block":11029706,"timestamp":1631992126,"swapAmountBNB":20,"uniswapv2buyprice":8258.04,"sushiswapv2buyprice":8243.23,"bakeryswapbuyprice":8356.67,"apeswapBuyPrice":8267.77,"uniswapv2sellprice":8216.25,"sushiswapv2sellprice":8218.73,"bakeryswapsellprice":8143.87,"apeswapsellprice":8222.74},{"block":11029707,"timestamp":1631992129,"swapAmountBNB":20,"uniswapv2buyprice":8258.01,"sushiswapv2buyprice":8243.23,"bakeryswapbuyprice":8356.67,"apeswapBuyPrice":8267.77,"uniswapv2sellprice":8216.22,"sushiswapv2sellprice":8218.73,"bakeryswapsellprice":8143.87,"apeswapsellprice":8222.74},{"block":11029708,"timestamp":1631992132,"swapAmountBNB":20,"uniswapv2buyprice":8258.01,"sushiswapv2buyprice":8243.91,"bakeryswapbuyprice":8356.67,"apeswapBuyPrice":8267.77,"uniswapv2sellprice":8216.23,"sushiswapv2sellprice":8219.41,"bakeryswapsellprice":8143.87,"apeswapsellprice":8222.74},{"block":11029709,"timestamp":1631992135,"swapAmountBNB":20,"uniswapv2buyprice":8258.05,"sushiswapv2buyprice":8243.91,"bakeryswapbuyprice":8356.67,"apeswapBuyPrice":8267.77,"uniswapv2sellprice":8216.26,"sushiswapv2sellprice":8219.41,"bakeryswapsellprice":8143.87,"apeswapsellprice":8222.74},{"block":11029710,"timestamp":1631992138,"swapAmountBNB":20,"uniswapv2buyprice":8257.96,"sushiswapv2buyprice":8243.91,"bakeryswapbuyprice":8356.67,"apeswapBuyPrice":8267.77,"uniswapv2sellprice":8216.17,"sushiswapv2sellprice":8219.41,"bakeryswapsellprice":8143.87,"apeswapsellprice":8222.74},{"block":11029711,"timestamp":1631992141,"swapAmountBNB":20,"uniswapv2buyprice":8257.97,"sushiswapv2buyprice":8243.91,"bakeryswapbuyprice":8356.67,"apeswapBuyPrice":8267.77,"uniswapv2sellprice":8216.18,"sushiswapv2sellprice":8219.41,"bakeryswapsellprice":8143.87,"apeswapsellprice":8222.74},{"block":11029712,"timestamp":1631992144,"swapAmountBNB":20,"uniswapv2buyprice":8257.97,"sushiswapv2buyprice":8243.91,"bakeryswapbuyprice":8356.67,"apeswapBuyPrice":8267.77,"uniswapv2sellprice":8216.18,"sushiswapv2sellprice":8219.41,"bakeryswapsellprice":8143.87,"apeswapsellprice":8222.74},{"block":11029713,"timestamp":1631992147,"swapAmountBNB":20,"uniswapv2buyprice":8257.98,"sushiswapv2buyprice":8243.91,"bakeryswapbuyprice":8356.67,"apeswapBuyPrice":8271.13,"uniswapv2sellprice":8216.19,"sushiswapv2sellprice":8219.41,"bakeryswapsellprice":8143.87,"apeswapsellprice":8226.08},{"block":11029714,"timestamp":1631992150,"swapAmountBNB":20,"uniswapv2buyprice":8258.01,"sushiswapv2buyprice":8244.48,"bakeryswapbuyprice":8356.67,"apeswapBuyPrice":8271.13,"uniswapv2sellprice":8216.22,"sushiswapv2sellprice":8219.98,"bakeryswapsellprice":8143.87,"apeswapsellprice":8226.08},{"block":11029715,"timestamp":1631992153,"swapAmountBNB":20,"uniswapv2buyprice":8258.31,"sushiswapv2buyprice":8244.48,"bakeryswapbuyprice":8356.67,"apeswapBuyPrice":8271.13,"uniswapv2sellprice":8216.53,"sushiswapv2sellprice":8219.98,"bakeryswapsellprice":8143.87,"apeswapsellprice":8226.08},{"block":11029716,"timestamp":1631992156,"swapAmountBNB":20,"uniswapv2buyprice":8258.51,"sushiswapv2buyprice":8244.89,"bakeryswapbuyprice":8356.67,"apeswapBuyPrice":8271.13,"uniswapv2sellprice":8216.72,"sushiswapv2sellprice":8220.38,"bakeryswapsellprice":8143.87,"apeswapsellprice":8226.08},{"block":11029717,"timestamp":1631992159,"swapAmountBNB":20,"uniswapv2buyprice":8258.47,"sushiswapv2buyprice":8244.9,"bakeryswapbuyprice":8356.67,"apeswapBuyPrice":8271.11,"uniswapv2sellprice":8216.68,"sushiswapv2sellprice":8220.4,"bakeryswapsellprice":8143.87,"apeswapsellprice":8226.06},{"block":11029718,"timestamp":1631992162,"swapAmountBNB":20,"uniswapv2buyprice":8258.41,"sushiswapv2buyprice":8244.9,"bakeryswapbuyprice":8356.67,"apeswapBuyPrice":8271.11,"uniswapv2sellprice":8216.62,"sushiswapv2sellprice":8220.4,"bakeryswapsellprice":8143.87,"apeswapsellprice":8226.06},{"block":11029719,"timestamp":1631992165,"swapAmountBNB":20,"uniswapv2buyprice":8259.06,"sushiswapv2buyprice":8244.9,"bakeryswapbuyprice":8356.67,"apeswapBuyPrice":8271.11,"uniswapv2sellprice":8217.27,"sushiswapv2sellprice":8220.4,"bakeryswapsellprice":8143.87,"apeswapsellprice":8226.06},{"block":11029720,"timestamp":1631992168,"swapAmountBNB":20,"uniswapv2buyprice":8259.05,"sushiswapv2buyprice":8244.9,"bakeryswapbuyprice":8356.67,"apeswapBuyPrice":8271.11,"uniswapv2sellprice":8217.26,"sushiswapv2sellprice":8220.4,"bakeryswapsellprice":8143.87,"apeswapsellprice":8226.06},{"block":11029721,"timestamp":1631992171,"swapAmountBNB":20,"uniswapv2buyprice":8259.05,"sushiswapv2buyprice":8244.9,"bakeryswapbuyprice":8356.67,"apeswapBuyPrice":8271.11,"uniswapv2sellprice":8217.26,"sushiswapv2sellprice":8220.4,"bakeryswapsellprice":8143.87,"apeswapsellprice":8226.06},{"block":11029722,"timestamp":1631992174,"swapAmountBNB":20,"uniswapv2buyprice":8259.05,"sushiswapv2buyprice":8244.9,"bakeryswapbuyprice":8356.67,"apeswapBuyPrice":8271.11,"uniswapv2sellprice":8217.26,"sushiswapv2sellprice":8220.4,"bakeryswapsellprice":8143.87,"apeswapsellprice":8226.06},{"block":11029723,"timestamp":1631992177,"swapAmountBNB":20,"uniswapv2buyprice":8259.07,"sushiswapv2buyprice":8244.9,"bakeryswapbuyprice":8356.67,"apeswapBuyPrice":8271.11,"uniswapv2sellprice":8217.27,"sushiswapv2sellprice":8220.4,"bakeryswapsellprice":8143.87,"apeswapsellprice":8226.06},{"block":11029724,"timestamp":1631992180,"swapAmountBNB":20,"uniswapv2buyprice":8259.08,"sushiswapv2buyprice":8244.9,"bakeryswapbuyprice":8356.67,"apeswapBuyPrice":8271.11,"uniswapv2sellprice":8217.29,"sushiswapv2sellprice":8220.4,"bakeryswapsellprice":8143.87,"apeswapsellprice":8226.06},{"block":11029725,"timestamp":1631992183,"swapAmountBNB":20,"uniswapv2buyprice":8258.94,"sushiswapv2buyprice":8244.89,"bakeryswapbuyprice":8356.67,"apeswapBuyPrice":8271.19,"uniswapv2sellprice":8217.15,"sushiswapv2sellprice":8220.38,"bakeryswapsellprice":8143.87,"apeswapsellprice":8226.14},{"block":11029726,"timestamp":1631992186,"swapAmountBNB":20,"uniswapv2buyprice":8258.94,"sushiswapv2buyprice":8244.89,"bakeryswapbuyprice":8356.67,"apeswapBuyPrice":8271.19,"uniswapv2sellprice":8217.14,"sushiswapv2sellprice":8220.38,"bakeryswapsellprice":8143.87,"apeswapsellprice":8226.14},{"block":11029727,"timestamp":1631992189,"swapAmountBNB":20,"uniswapv2buyprice":8258.94,"sushiswapv2buyprice":8244.89,"bakeryswapbuyprice":8356.67,"apeswapBuyPrice":8270.96,"uniswapv2sellprice":8217.15,"sushiswapv2sellprice":8220.38,"bakeryswapsellprice":8143.87,"apeswapsellprice":8225.91},{"block":11029728,"timestamp":1631992192,"swapAmountBNB":20,"uniswapv2buyprice":8258.93,"sushiswapv2buyprice":8244.89,"bakeryswapbuyprice":8356.67,"apeswapBuyPrice":8270.46,"uniswapv2sellprice":8217.14,"sushiswapv2sellprice":8220.38,"bakeryswapsellprice":8143.87,"apeswapsellprice":8225.91},{"block":11029729,"timestamp":1631992195,"swapAmountBNB":20,"uniswapv2buyprice":8258.93,"sushiswapv2buyprice":8244.89,"bakeryswapbuyprice":8356.67,"apeswapBuyPrice":8270.46,"uniswapv2sellprice":8217.13,"sushiswapv2sellprice":8220.38,"bakeryswapsellprice":8143.87,"apeswapsellprice":8225.42}]}