{"table":[{"block":11048461,"timestamp":1632049194,"swapAmountBNB":20,"uniswapv2buyprice":8231.6,"sushiswapv2buyprice":8206.18,"bakeryswapbuyprice":8314.06,"apeswapBuyPrice":8226.55,"uniswapv2sellprice":8189.94,"sushiswapv2sellprice":8181.68,"bakeryswapsellprice":8102.77,"apeswapsellprice":8181.78},{"block":11048462,"timestamp":1632049197,"swapAmountBNB":20,"uniswapv2buyprice":8231.55,"sushiswapv2buyprice":8206.18,"bakeryswapbuyprice":8314.06,"apeswapBuyPrice":8226.55,"uniswapv2sellprice":8189.9,"sushiswapv2sellprice":8181.68,"bakeryswapsellprice":8102.77,"apeswapsellprice":8181.78},{"block":11048463,"timestamp":1632049200,"swapAmountBNB":20,"uniswapv2buyprice":8231.45,"sushiswapv2buyprice":8206.18,"bakeryswapbuyprice":8314.06,"apeswapBuyPrice":8226.55,"uniswapv2sellprice":8189.8,"sushiswapv2sellprice":8181.68,"bakeryswapsellprice":8102.77,"apeswapsellprice":8181.78},{"block":11048464,"timestamp":1632049203,"swapAmountBNB":20,"uniswapv2buyprice":8231.34,"sushiswapv2buyprice":8206.52,"bakeryswapbuyprice":8314.06,"apeswapBuyPrice":8226.55,"uniswapv2sellprice":8189.68,"sushiswapv2sellprice":8182.02,"bakeryswapsellprice":8102.77,"apeswapsellprice":8181.78},{"block":11048465,"timestamp":1632049206,"swapAmountBNB":20,"uniswapv2buyprice":8231.35,"sushiswapv2buyprice":8206.52,"bakeryswapbuyprice":8314.06,"apeswapBuyPrice":8226.55,"uniswapv2sellprice":8189.69,"sushiswapv2sellprice":8182.02,"bakeryswapsellprice":8102.77,"apeswapsellprice":8181.78},{"block":11048466,"timestamp":1632049209,"swapAmountBNB":20,"uniswapv2buyprice":8231.2,"sushiswapv2buyprice":8207.37,"bakeryswapbuyprice":8314.06,"apeswapBuyPrice":8226.57,"uniswapv2sellprice":8189.55,"sushiswapv2sellprice":8182.86,"bakeryswapsellprice":8102.77,"apeswapsellprice":8181.8},{"block":11048467,"timestamp":1632049212,"swapAmountBNB":20,"uniswapv2buyprice":8231.18,"sushiswapv2buyprice":8207.37,"bakeryswapbuyprice":8314.06,"apeswapBuyPrice":8226.57,"uniswapv2sellprice":8189.53,"sushiswapv2sellprice":8182.86,"bakeryswapsellprice":8102.77,"apeswapsellprice":8181.8},{"block":11048468,"timestamp":1632049215,"swapAmountBNB":20,"uniswapv2buyprice":8231.3,"sushiswapv2buyprice":8207.37,"bakeryswapbuyprice":8314.06,"apeswapBuyPrice":8226.57,"uniswapv2sellprice":8189.65,"sushiswapv2sellprice":8182.86,"bakeryswapsellprice":8102.77,"apeswapsellprice":8181.8},{"block":11048469,"timestamp":1632049220,"swapAmountBNB":20,"uniswapv2buyprice":8231.29,"sushiswapv2buyprice":8207.37,"bakeryswapbuyprice":8314.06,"apeswapBuyPrice":8226.57,"uniswapv2sellprice":8189.64,"sushiswapv2sellprice":8182.86,"bakeryswapsellprice":8102.77,"apeswapsellprice":8181.8},{"block":11048470,"timestamp":1632049223,"swapAmountBNB":20,"uniswapv2buyprice":8231.09,"sushiswapv2buyprice":8207.37,"bakeryswapbuyprice":8314.06,"apeswapBuyPrice":8227.03,"uniswapv2sellprice":8189.44,"sushiswapv2sellprice":8182.86,"bakeryswapsellprice":8102.77,"apeswapsellprice":8182.26},{"block":11048471,"timestamp":1632049226,"swapAmountBNB":20,"uniswapv2buyprice":8231.11,"sushiswapv2buyprice":8207.37,"bakeryswapbuyprice":8314.06,"apeswapBuyPrice":8227.03,"uniswapv2sellprice":8189.46,"sushiswapv2sellprice":8182.86,"bakeryswapsellprice":8102.77,"apeswapsellprice":8182.26},{"block":11048472,"timestamp":1632049229,"swapAmountBNB":20,"uniswapv2buyprice":8230.57,"sushiswapv2buyprice":8207.37,"bakeryswapbuyprice":8314.06,"apeswapBuyPrice":8227.03,"uniswapv2sellprice":8188.92,"sushiswapv2sellprice":8182.86,"bakeryswapsellprice":8102.77,"apeswapsellprice":8182.26},{"block":11048473,"timestamp":1632049232,"swapAmountBNB":20,"uniswapv2buyprice":8230.56,"sushiswapv2buyprice":8207.51,"bakeryswapbuyprice":8314.06,"apeswapBuyPrice":8227.03,"uniswapv2sellprice":8188.91,"sushiswapv2sellprice":8183,"bakeryswapsellprice":8102.77,"apeswapsellprice":8182.26},{"block":11048474,"timestamp":1632049235,"swapAmountBNB":20,"uniswapv2buyprice":8230.56,"sushiswapv2buyprice":8208.97,"bakeryswapbuyprice":8314.06,"apeswapBuyPrice":8226.69,"uniswapv2sellprice":8188.91,"sushiswapv2sellprice":8184.46,"bakeryswapsellprice":8102.77,"apeswapsellprice":8182.26},{"block":11048475,"timestamp":1632049238,"swapAmountBNB":20,"uniswapv2buyprice":8230.64,"sushiswapv2buyprice":8208.93,"bakeryswapbuyprice":8314.06,"apeswapBuyPrice":8226.69,"uniswapv2sellprice":8188.99,"sushiswapv2sellprice":8184.42,"bakeryswapsellprice":8102.77,"apeswapsellprice":8181.92},{"block":11048476,"timestamp":1632049241,"swapAmountBNB":20,"uniswapv2buyprice":8230.6,"sushiswapv2buyprice":8209.07,"bakeryswapbuyprice":8314.06,"apeswapBuyPrice":8226.69,"uniswapv2sellprice":8188.95,"sushiswapv2sellprice":8184.56,"bakeryswapsellprice":8102.77,"apeswapsellprice":8181.92},{"block":11048477,"timestamp":1632049244,"swapAmountBNB":20,"uniswapv2buyprice":8230.67,"sushiswapv2buyprice":8209.07,"bakeryswapbuyprice":8314.06,"apeswapBuyPrice":8226.48,"uniswapv2sellprice":8189.02,"sushiswapv2sellprice":8184.56,"bakeryswapsellprice":8102.77,"apeswapsellprice":8181.71},{"block":11048478,"timestamp":1632049247,"swapAmountBNB":20,"uniswapv2buyprice":8230.57,"sushiswapv2buyprice":8209.07,"bakeryswapbuyprice":8314.06,"apeswapBuyPrice":8226.48,"uniswapv2sellprice":8188.92,"sushiswapv2sellprice":8184.56,"bakeryswapsellprice":8102.77,"apeswapsellprice":8181.71},{"block":11048479,"timestamp":1632049251,"swapAmountBNB":20,"uniswapv2buyprice":8230.59,"sushiswapv2buyprice":8209.07,"bakeryswapbuyprice":8314.06,"apeswapBuyPrice":8226.48,"uniswapv2sellprice":8188.94,"sushiswapv2sellprice":8184.56,"bakeryswapsellprice":8102.77,"apeswapsellprice":8181.71},{"block":11048480,"timestamp":1632049255,"swapAmountBNB":20,"uniswapv2buyprice":8231.27,"sushiswapv2buyprice":8209.07,"bakeryswapbuyprice":8314.06,"apeswapBuyPrice":8226.48,"uniswapv2sellprice":8189.61,"sushiswapv2sellprice":8184.56,"bakeryswapsellprice":8102.77,"apeswapsellprice":8181.71},{"block":11048481,"timestamp":1632049258,"swapAmountBNB":20,"uniswapv2buyprice":8231.2,"sushiswapv2buyprice":8209.07,"bakeryswapbuyprice":8314.06,"apeswapBuyPrice":8226.48,"uniswapv2sellprice":8189.55,"sushiswapv2sellprice":8184.56,"bakeryswapsellprice":8102.77,"apeswapsellprice":8181.71},{"block":11048482,"timestamp":1632049261,"swapAmountBNB":20,"uniswapv2buyprice":8231.21,"sushiswapv2buyprice":8209.07,"bakeryswapbuyprice":8314.06,"apeswapBuyPrice":8226.48,"uniswapv2sellprice":8189.55,"sushiswapv2sellprice":8184.56,"bakeryswapsellprice":8102.77,"apeswapsellprice":8181.71},{"block":11048483,"timestamp":1632049266,"swapAmountBNB":20,"uniswapv2buyprice":8231.17,"sushiswapv2buyprice":8209.19,"bakeryswapbuyprice":8314.06,"apeswapBuyPrice":8226.48,"uniswapv2sellprice":8189.52,"sushiswapv2sellprice":8184.67,"bakeryswapsellprice":8102.77,"apeswapsellprice":8181.71},{"block":11048484,"timestamp":1632049276,"swapAmountBNB":20,"uniswapv2buyprice":8229.99,"sushiswapv2buyprice":8209.19,"bakeryswapbuyprice":8314.06,"apeswapBuyPrice":8226.48,"uniswapv2sellprice":8188.35,"sushiswapv2sellprice":8184.67,"bakeryswapsellprice":8102.77,"apeswapsellprice":8181.71},{"block":11048484,"timestamp":1632049273,"swapAmountBNB":20,"uniswapv2buyprice":8229.88,"sushiswapv2buyprice":8209.19,"bakeryswapbuyprice":8314.06,"apeswapBuyPrice":8226.48,"uniswapv2sellprice":8188.23,"sushiswapv2sellprice":8184.67,"bakeryswapsellprice":8102.77,"apeswapsellprice":8181.71},{"block":11048485,"timestamp":1632049276,"swapAmountBNB":20,"uniswapv2buyprice":8229.65,"sushiswapv2buyprice":8209.19,"bakeryswapbuyprice":8314.06,"apeswapBuyPrice":8226.48,"uniswapv2sellprice":8188,"sushiswapv2sellprice":8184.67,"bakeryswapsellprice":8102.77,"apeswapsellprice":8181.71},{"block":11048486,"timestamp":1632049279,"swapAmountBNB":20,"uniswapv2buyprice":8229.62,"sushiswapv2buyprice":8209.19,"bakeryswapbuyprice":8314.06,"apeswapBuyPrice":8226.4,"uniswapv2sellprice":8187.97,"sushiswapv2sellprice":8184.67,"bakeryswapsellprice":8102.77,"apeswapsellprice":8181.64},{"block":11048487,"timestamp":1632049282,"swapAmountBNB":20,"uniswapv2buyprice":8229.61,"sushiswapv2buyprice":8209.19,"bakeryswapbuyprice":8314.06,"apeswapBuyPrice":8226.4,"uniswapv2sellprice":8187.97,"sushiswapv2sellprice":8184.67,"bakeryswapsellprice":8102.77,"apeswapsellprice":8181.64},{"block":11048488,"timestamp":1632049285,"swapAmountBNB":20,"uniswapv2buyprice":8229.56,"sushiswapv2buyprice":8209.19,"bakeryswapbuyprice":8314.06,"apeswapBuyPrice":8226.4,"uniswapv2sellprice":8187.92,"sushiswapv2sellprice":8184.67,"bakeryswapsellprice":8102.77,"apeswapsellprice":8181.64},{"block":11048489,"timestamp":1632049292,"swapAmountBNB":20,"uniswapv2buyprice":8229.56,"sushiswapv2buyprice":8209.13,"bakeryswapbuyprice":8314.06,"apeswapBuyPrice":8226.4,"uniswapv2sellprice":8187.92,"sushiswapv2sellprice":8184.62,"bakeryswapsellprice":8102.77,"apeswapsellprice":8181.64},{"block":11048490,"timestamp":1632049298,"swapAmountBNB":20,"uniswapv2buyprice":8229.54,"sushiswapv2buyprice":8209.33,"bakeryswapbuyprice":8314.06,"apeswapBuyPrice":8226.4,"uniswapv2sellprice":8187.9,"sushiswapv2sellprice":8184.82,"bakeryswapsellprice":8102.77,"apeswapsellprice":8181.64},{"block":11048491,"timestamp":1632049302,"swapAmountBNB":20,"uniswapv2buyprice":8229.42,"sushiswapv2buyprice":8209.33,"bakeryswapbuyprice":8314.06,"apeswapBuyPrice":8226.4,"uniswapv2sellprice":8187.78,"sushiswapv2sellprice":8184.82,"bakeryswapsellprice":8102.77,"apeswapsellprice":8181.64},{"block":11048492,"timestamp":1632049307,"swapAmountBNB":20,"uniswapv2buyprice":8229.47,"sushiswapv2buyprice":8209.33,"bakeryswapbuyprice":8314.06,"apeswapBuyPrice":8226.4,"uniswapv2sellprice":8187.83,"sushiswapv2sellprice":8184.82,"bakeryswapsellprice":8102.77,"apeswapsellprice":8181.64},{"block":11048493,"timestamp":1632049310,"swapAmountBNB":20,"uniswapv2buyprice":8229.49,"sushiswapv2buyprice":8209.44,"bakeryswapbuyprice":8314.06,"apeswapBuyPrice":8226.4,"uniswapv2sellprice":8187.84,"sushiswapv2sellprice":8184.93,"bakeryswapsellprice":8102.77,"apeswapsellprice":8181.64},{"block":11048494,"timestamp":1632049314,"swapAmountBNB":20,"uniswapv2buyprice":8229.49,"sushiswapv2buyprice":8208.15,"bakeryswapbuyprice":8314.06,"apeswapBuyPrice":8226.4,"uniswapv2sellprice":8187.84,"sushiswapv2sellprice":8183.64,"bakeryswapsellprice":8102.77,"apeswapsellprice":8181.64},{"block":11048495,"timestamp":1632049317,"swapAmountBNB":20,"uniswapv2buyprice":8229.49,"sushiswapv2buyprice":8208.15,"bakeryswapbuyprice":8314.06,"apeswapBuyPrice":8226.4,"uniswapv2sellprice":8187.84,"sushiswapv2sellprice":8183.64,"bakeryswapsellprice":8102.77,"apeswapsellprice":8181.64},{"block":11048496,"timestamp":1632049320,"swapAmountBNB":20,"uniswapv2buyprice":8229.49,"sushiswapv2buyprice":8208.15,"bakeryswapbuyprice":8314.06,"apeswapBuyPrice":8226.4,"uniswapv2sellprice":8187.84,"sushiswapv2sellprice":8183.64,"bakeryswapsellprice":8102.77,"apeswapsellprice":8181.64},{"block":11048497,"timestamp":1632049323,"swapAmountBNB":20,"uniswapv2buyprice":8229.36,"sushiswapv2buyprice":8208.15,"bakeryswapbuyprice":8314.06,"apeswapBuyPrice":8226.4,"uniswapv2sellprice":8187.71,"sushiswapv2sellprice":8183.64,"bakeryswapsellprice":8102.77,"apeswapsellprice":8181.64},{"block":11048498,"timestamp":1632049326,"swapAmountBNB":20,"uniswapv2buyprice":8229.38,"sushiswapv2buyprice":8208.15,"bakeryswapbuyprice":8314.06,"apeswapBuyPrice":8226.4,"uniswapv2sellprice":8187.74,"sushiswapv2sellprice":8183.64,"bakeryswapsellprice":8102.77,"apeswapsellprice":8181.64},{"block":11048499,"timestamp":1632049332,"swapAmountBNB":20,"uniswapv2buyprice":8229.63,"sushiswapv2buyprice":8208.15,"bakeryswapbuyprice":8314.06,"apeswapBuyPrice":8226.4,"uniswapv2sellprice":8187.99,"sushiswapv2sellprice":8183.64,"bakeryswapsellprice":8102.77,"apeswapsellprice":8181.64},{"block":11048500,"timestamp":1632049337,"swapAmountBNB":20,"uniswapv2buyprice":8229.64,"sushiswapv2buyprice":8208.12,"bakeryswapbuyprice":8314.06,"apeswapBuyPrice":8226.4,"uniswapv2sellprice":8187.99,"sushiswapv2sellprice":8183.61,"bakeryswapsellprice":8102.77,"apeswapsellprice":8181.64},{"block":11048501,"timestamp":1632049341,"swapAmountBNB":20,"uniswapv2buyprice":8229.58,"sushiswapv2buyprice":8208.5,"bakeryswapbuyprice":8314.06,"apeswapBuyPrice":8226.4,"uniswapv2sellprice":8187.94,"sushiswapv2sellprice":8183.99,"bakeryswapsellprice":8102.77,"apeswapsellprice":8181.64},{"block":11048502,"timestamp":1632049344,"swapAmountBNB":20,"uniswapv2buyprice":8229.55,"sushiswapv2buyprice":8208.5,"bakeryswapbuyprice":8314.06,"apeswapBuyPrice":8226.4,"uniswapv2sellprice":8187.91,"sushiswapv2sellprice":8183.99,"bakeryswapsellprice":8102.77,"apeswapsellprice":8181.64},{"block":11048503,"timestamp":1632049348,"swapAmountBNB":20,"uniswapv2buyprice":8229.59,"sushiswapv2buyprice":8208.5,"bakeryswapbuyprice":8314.06,"apeswapBuyPrice":8226.4,"uniswapv2sellprice":8187.95,"sushiswapv2sellprice":8183.99,"bakeryswapsellprice":8102.77,"apeswapsellprice":8181.64},{"block":11048504,"timestamp":1632049351,"swapAmountBNB":20,"uniswapv2buyprice":8229.59,"sushiswapv2buyprice":8208.5,"bakeryswapbuyprice":8314.06,"apeswapBuyPrice":8226.4,"uniswapv2sellprice":8187.95,"sushiswapv2sellprice":8183.99,"bakeryswapsellprice":8102.77,"apeswapsellprice":8181.64},{"block":11048505,"timestamp":1632049354,"swapAmountBNB":20,"uniswapv2buyprice":8229.59,"sushiswapv2buyprice":8208.5,"bakeryswapbuyprice":8314.06,"apeswapBuyPrice":8226.4,"uniswapv2sellprice":8187.95,"sushiswapv2sellprice":8183.99,"bakeryswapsellprice":8102.77,"apeswapsellprice":8181.64},{"block":11048506,"timestamp":1632049357,"swapAmountBNB":20,"uniswapv2buyprice":8229.59,"sushiswapv2buyprice":8208.5,"bakeryswapbuyprice":8314.06,"apeswapBuyPrice":8226.4,"uniswapv2sellprice":8187.95,"sushiswapv2sellprice":8183.99,"bakeryswapsellprice":8102.77,"apeswapsellprice":8181.64},{"block":11048507,"timestamp":1632049360,"swapAmountBNB":20,"uniswapv2buyprice":8229.36,"sushiswapv2buyprice":8208.5,"bakeryswapbuyprice":8314.06,"apeswapBuyPrice":8225.37,"uniswapv2sellprice":8187.72,"sushiswapv2sellprice":8183.99,"bakeryswapsellprice":8102.77,"apeswapsellprice":8180.62},{"block":11048508,"timestamp":1632049363,"swapAmountBNB":20,"uniswapv2buyprice":8228.56,"sushiswapv2buyprice":8211.58,"bakeryswapbuyprice":8314.06,"apeswapBuyPrice":8246.24,"uniswapv2sellprice":8186.92,"sushiswapv2sellprice":8187.06,"bakeryswapsellprice":8102.77,"apeswapsellprice":8201.36},{"block":11048509,"timestamp":1632049366,"swapAmountBNB":20,"uniswapv2buyprice":8228.59,"sushiswapv2buyprice":8211.58,"bakeryswapbuyprice":8314.06,"apeswapBuyPrice":8246.24,"uniswapv2sellprice":8186.95,"sushiswapv2sellprice":8187.06,"bakeryswapsellprice":8102.77,"apeswapsellprice":8201.36},{"block":11048510,"timestamp":1632049370,"swapAmountBNB":20,"uniswapv2buyprice":8228.07,"sushiswapv2buyprice":8207.12,"bakeryswapbuyprice":8314.06,"apeswapBuyPrice":8233.81,"uniswapv2sellprice":8186.43,"sushiswapv2sellprice":8182.61,"bakeryswapsellprice":8102.77,"apeswapsellprice":8189},{"block":11048511,"timestamp":1632049373,"swapAmountBNB":20,"uniswapv2buyprice":8228.08,"sushiswapv2buyprice":8207.12,"bakeryswapbuyprice":8314.06,"apeswapBuyPrice":8233.81,"uniswapv2sellprice":8186.44,"sushiswapv2sellprice":8182.61,"bakeryswapsellprice":8102.77,"apeswapsellprice":8189},{"block":11048512,"timestamp":1632049379,"swapAmountBNB":20,"uniswapv2buyprice":8228.08,"sushiswapv2buyprice":8202.65,"bakeryswapbuyprice":8314.06,"apeswapBuyPrice":8221.86,"uniswapv2sellprice":8186.44,"sushiswapv2sellprice":8178.16,"bakeryswapsellprice":8102.77,"apeswapsellprice":8177.12},{"block":11048513,"timestamp":1632049382,"swapAmountBNB":20,"uniswapv2buyprice":8220.86,"sushiswapv2buyprice":8202.78,"bakeryswapbuyprice":8314.06,"apeswapBuyPrice":8221.86,"uniswapv2sellprice":8179.26,"sushiswapv2sellprice":8178.29,"bakeryswapsellprice":8102.77,"apeswapsellprice":8177.12},{"block":11048514,"timestamp":1632049385,"swapAmountBNB":20,"uniswapv2buyprice":8220.82,"sushiswapv2buyprice":8198.32,"bakeryswapbuyprice":8314.06,"apeswapBuyPrice":8221.86,"uniswapv2sellprice":8179.22,"sushiswapv2sellprice":8173.85,"bakeryswapsellprice":8102.77,"apeswapsellprice":8177.12},{"block":11048515,"timestamp":1632049388,"swapAmountBNB":20,"uniswapv2buyprice":8220.86,"sushiswapv2buyprice":8198.32,"bakeryswapbuyprice":8314.06,"apeswapBuyPrice":8221.86,"uniswapv2sellprice":8179.26,"sushiswapv2sellprice":8173.85,"bakeryswapsellprice":8102.77,"apeswapsellprice":8177.12},{"block":11048516,"timestamp":1632049392,"swapAmountBNB":20,"uniswapv2buyprice":8220.84,"sushiswapv2buyprice":8198.32,"bakeryswapbuyprice":8314.06,"apeswapBuyPrice":8221.85,"uniswapv2sellprice":8179.24,"sushiswapv2sellprice":8173.85,"bakeryswapsellprice":8102.77,"apeswapsellprice":8177.11},{"block":11048517,"timestamp":1632049395,"swapAmountBNB":20,"uniswapv2buyprice":8220.82,"sushiswapv2buyprice":8198.32,"bakeryswapbuyprice":8314.06,"apeswapBuyPrice":8221.85,"uniswapv2sellprice":8179.22,"sushiswapv2sellprice":8173.85,"bakeryswapsellprice":8102.77,"apeswapsellprice":8177.11},{"block":11048518,"timestamp":1632049398,"swapAmountBNB":20,"uniswapv2buyprice":8221.05,"sushiswapv2buyprice":8194.31,"bakeryswapbuyprice":8314.06,"apeswapBuyPrice":8221.85,"uniswapv2sellprice":8179.44,"sushiswapv2sellprice":8169.85,"bakeryswapsellprice":8102.77,"apeswapsellprice":8177.11},{"block":11048519,"timestamp":1632049401,"swapAmountBNB":20,"uniswapv2buyprice":8220.65,"sushiswapv2buyprice":8194.74,"bakeryswapbuyprice":8314.06,"apeswapBuyPrice":8221.85,"uniswapv2sellprice":8179.05,"sushiswapv2sellprice":8170.28,"bakeryswapsellprice":8102.77,"apeswapsellprice":8177.11},{"block":11048520,"timestamp":1632049404,"swapAmountBNB":20,"uniswapv2buyprice":8220.68,"sushiswapv2buyprice":8194.74,"bakeryswapbuyprice":8314.06,"apeswapBuyPrice":8221.85,"uniswapv2sellprice":8179.08,"sushiswapv2sellprice":8170.28,"bakeryswapsellprice":8102.77,"apeswapsellprice":8177.11},{"block":11048521,"timestamp":1632049407,"swapAmountBNB":20,"uniswapv2buyprice":8220.43,"sushiswapv2buyprice":8194.74,"bakeryswapbuyprice":8314.06,"apeswapBuyPrice":8221.85,"uniswapv2sellprice":8178.83,"sushiswapv2sellprice":8170.28,"bakeryswapsellprice":8102.77,"apeswapsellprice":8177.11},{"block":11048522,"timestamp":1632049414,"swapAmountBNB":20,"uniswapv2buyprice":8220.46,"sushiswapv2buyprice":8194.74,"bakeryswapbuyprice":8314.06,"apeswapBuyPrice":8221.85,"uniswapv2sellprice":8178.87,"sushiswapv2sellprice":8170.28,"bakeryswapsellprice":8102.77,"apeswapsellprice":8177.11},{"block":11048523,"timestamp":1632049419,"swapAmountBNB":20,"uniswapv2buyprice":8220.46,"sushiswapv2buyprice":8194.74,"bakeryswapbuyprice":8314.06,"apeswapBuyPrice":8221.85,"uniswapv2sellprice":8178.86,"sushiswapv2sellprice":8170.28,"bakeryswapsellprice":8102.77,"apeswapsellprice":8177.11},{"block":11048524,"timestamp":1632049422,"swapAmountBNB":20,"uniswapv2buyprice":8220.34,"sushiswapv2buyprice":8194.74,"bakeryswapbuyprice":8314.06,"apeswapBuyPrice":8221.85,"uniswapv2sellprice":8178.74,"sushiswapv2sellprice":8170.28,"bakeryswapsellprice":8102.77,"apeswapsellprice":8177.11},{"block":11048525,"timestamp":1632049425,"swapAmountBNB":20,"uniswapv2buyprice":8220.37,"sushiswapv2buyprice":8194.74,"bakeryswapbuyprice":8314.06,"apeswapBuyPrice":8221.85,"uniswapv2sellprice":8178.77,"sushiswapv2sellprice":8170.28,"bakeryswapsellprice":8102.77,"apeswapsellprice":8177.11},{"block":11048526,"timestamp":1632049428,"swapAmountBNB":20,"uniswapv2buyprice":8220.37,"sushiswapv2buyprice":8194.74,"bakeryswapbuyprice":8314.06,"apeswapBuyPrice":8221.85,"uniswapv2sellprice":8178.77,"sushiswapv2sellprice":8170.28,"bakeryswapsellprice":8102.77,"apeswapsellprice":8177.11},{"block":11048527,"timestamp":1632049431,"swapAmountBNB":20,"uniswapv2buyprice":8220.38,"sushiswapv2buyprice":8194.74,"bakeryswapbuyprice":8314.06,"apeswapBuyPrice":8221.85,"uniswapv2sellprice":8178.78,"sushiswapv2sellprice":8170.28,"bakeryswapsellprice":8102.77,"apeswapsellprice":8177.11},{"block":11048528,"timestamp":1632049434,"swapAmountBNB":20,"uniswapv2buyprice":8220.38,"sushiswapv2buyprice":8194.74,"bakeryswapbuyprice":8314.06,"apeswapBuyPrice":8221.85,"uniswapv2sellprice":8178.78,"sushiswapv2sellprice":8170.28,"bakeryswapsellprice":8102.77,"apeswapsellprice":8177.11},{"block":11048529,"timestamp":1632049437,"swapAmountBNB":20,"uniswapv2buyprice":8220.42,"sushiswapv2buyprice":8199.26,"bakeryswapbuyprice":8314.06,"apeswapBuyPrice":8221.85,"uniswapv2sellprice":8178.82,"sushiswapv2sellprice":8174.78,"bakeryswapsellprice":8102.77,"apeswapsellprice":8177.11},{"block":11048530,"timestamp":1632049440,"swapAmountBNB":20,"uniswapv2buyprice":8220.41,"sushiswapv2buyprice":8199.26,"bakeryswapbuyprice":8314.06,"apeswapBuyPrice":8221.85,"uniswapv2sellprice":8178.81,"sushiswapv2sellprice":8174.78,"bakeryswapsellprice":8102.77,"apeswapsellprice":8177.11},{"block":11048531,"timestamp":1632049443,"swapAmountBNB":20,"uniswapv2buyprice":8220.42,"sushiswapv2buyprice":8199.26,"bakeryswapbuyprice":8314.06,"apeswapBuyPrice":8221.85,"uniswapv2sellprice":8178.83,"sushiswapv2sellprice":8174.78,"bakeryswapsellprice":8102.77,"apeswapsellprice":8177.11},{"block":11048532,"timestamp":1632049448,"swapAmountBNB":20,"uniswapv2buyprice":8220.39,"sushiswapv2buyprice":8199.36,"bakeryswapbuyprice":8314.06,"apeswapBuyPrice":8221.85,"uniswapv2sellprice":8178.79,"sushiswapv2sellprice":8174.88,"bakeryswapsellprice":8102.77,"apeswapsellprice":8177.11},{"block":11048533,"timestamp":1632049454,"swapAmountBNB":20,"uniswapv2buyprice":8220.43,"sushiswapv2buyprice":8199.36,"bakeryswapbuyprice":8314.06,"apeswapBuyPrice":8221.76,"uniswapv2sellprice":8178.84,"sushiswapv2sellprice":8174.88,"bakeryswapsellprice":8102.77,"apeswapsellprice":8177.03},{"block":11048533,"timestamp":1632049453,"swapAmountBNB":20,"uniswapv2buyprice":8220.43,"sushiswapv2buyprice":8199.36,"bakeryswapbuyprice":8314.06,"apeswapBuyPrice":8221.76,"uniswapv2sellprice":8178.84,"sushiswapv2sellprice":8174.88,"bakeryswapsellprice":8102.77,"apeswapsellprice":8177.03},{"block":11048534,"timestamp":1632049457,"swapAmountBNB":20,"uniswapv2buyprice":8219.04,"sushiswapv2buyprice":8199.36,"bakeryswapbuyprice":8314.06,"apeswapBuyPrice":8221.76,"uniswapv2sellprice":8177.45,"sushiswapv2sellprice":8174.88,"bakeryswapsellprice":8102.77,"apeswapsellprice":8177.03},{"block":11048535,"timestamp":1632049461,"swapAmountBNB":20,"uniswapv2buyprice":8218.47,"sushiswapv2buyprice":8199.49,"bakeryswapbuyprice":8314.06,"apeswapBuyPrice":8221.76,"uniswapv2sellprice":8176.88,"sushiswapv2sellprice":8175.01,"bakeryswapsellprice":8102.77,"apeswapsellprice":8177.03},{"block":11048536,"timestamp":1632049464,"swapAmountBNB":20,"uniswapv2buyprice":8218.3,"sushiswapv2buyprice":8199.49,"bakeryswapbuyprice":8314.06,"apeswapBuyPrice":8221.76,"uniswapv2sellprice":8176.71,"sushiswapv2sellprice":8175.01,"bakeryswapsellprice":8102.77,"apeswapsellprice":8177.03},{"block":11048537,"timestamp":1632049468,"swapAmountBNB":20,"uniswapv2buyprice":8218.98,"sushiswapv2buyprice":8199.49,"bakeryswapbuyprice":8314.06,"apeswapBuyPrice":8221.76,"uniswapv2sellprice":8177.39,"sushiswapv2sellprice":8175.01,"bakeryswapsellprice":8102.77,"apeswapsellprice":8177.03},{"block":11048538,"timestamp":1632049471,"swapAmountBNB":20,"uniswapv2buyprice":8219.1,"sushiswapv2buyprice":8199.49,"bakeryswapbuyprice":8314.06,"apeswapBuyPrice":8221.15,"uniswapv2sellprice":8177.51,"sushiswapv2sellprice":8175.01,"bakeryswapsellprice":8102.77,"apeswapsellprice":8176.42},{"block":11048539,"timestamp":1632049474,"swapAmountBNB":20,"uniswapv2buyprice":8219.02,"sushiswapv2buyprice":8199.49,"bakeryswapbuyprice":8314.06,"apeswapBuyPrice":8221.15,"uniswapv2sellprice":8177.43,"sushiswapv2sellprice":8175.01,"bakeryswapsellprice":8102.77,"apeswapsellprice":8176.42},{"block":11048540,"timestamp":1632049477,"swapAmountBNB":20,"uniswapv2buyprice":8217.93,"sushiswapv2buyprice":8199.49,"bakeryswapbuyprice":8314.06,"apeswapBuyPrice":8221.15,"uniswapv2sellprice":8176.34,"sushiswapv2sellprice":8175.01,"bakeryswapsellprice":8102.77,"apeswapsellprice":8176.42},{"block":11048541,"timestamp":1632049480,"swapAmountBNB":20,"uniswapv2buyprice":8217.97,"sushiswapv2buyprice":8199.49,"bakeryswapbuyprice":8314.06,"apeswapBuyPrice":8221.15,"uniswapv2sellprice":8176.39,"sushiswapv2sellprice":8175.01,"bakeryswapsellprice":8102.77,"apeswapsellprice":8176.42},{"block":11048542,"timestamp":1632049484,"swapAmountBNB":20,"uniswapv2buyprice":8217.97,"sushiswapv2buyprice":8199.69,"bakeryswapbuyprice":8310.35,"apeswapBuyPrice":8221.15,"uniswapv2sellprice":8176.38,"sushiswapv2sellprice":8175.21,"bakeryswapsellprice":8099.19,"apeswapsellprice":8176.42},{"block":11048543,"timestamp":1632049488,"swapAmountBNB":20,"uniswapv2buyprice":8218.02,"sushiswapv2buyprice":8199.69,"bakeryswapbuyprice":8310.35,"apeswapBuyPrice":8220.64,"uniswapv2sellprice":8176.43,"sushiswapv2sellprice":8175.21,"bakeryswapsellprice":8099.19,"apeswapsellprice":8175.91},{"block":11048544,"timestamp":1632049491,"swapAmountBNB":20,"uniswapv2buyprice":8217.97,"sushiswapv2buyprice":8199.69,"bakeryswapbuyprice":8310.35,"apeswapBuyPrice":8220.64,"uniswapv2sellprice":8176.38,"sushiswapv2sellprice":8175.21,"bakeryswapsellprice":8099.19,"apeswapsellprice":8175.91},{"block":11048545,"timestamp":1632049495,"swapAmountBNB":20,"uniswapv2buyprice":8217.07,"sushiswapv2buyprice":8200.46,"bakeryswapbuyprice":8310.35,"apeswapBuyPrice":8220.64,"uniswapv2sellprice":8175.49,"sushiswapv2sellprice":8175.98,"bakeryswapsellprice":8099.19,"apeswapsellprice":8175.91},{"block":11048546,"timestamp":1632049498,"swapAmountBNB":20,"uniswapv2buyprice":8215.93,"sushiswapv2buyprice":8204.44,"bakeryswapbuyprice":8310.35,"apeswapBuyPrice":8220.64,"uniswapv2sellprice":8174.35,"sushiswapv2sellprice":8179.95,"bakeryswapsellprice":8099.19,"apeswapsellprice":8175.91},{"block":11048547,"timestamp":1632049504,"swapAmountBNB":20,"uniswapv2buyprice":8215.83,"sushiswapv2buyprice":8204.44,"bakeryswapbuyprice":8310.35,"apeswapBuyPrice":8220.64,"uniswapv2sellprice":8174.26,"sushiswapv2sellprice":8179.95,"bakeryswapsellprice":8099.19,"apeswapsellprice":8175.91},{"block":11048547,"timestamp":1632049505,"swapAmountBNB":20,"uniswapv2buyprice":8215.83,"sushiswapv2buyprice":8204.44,"bakeryswapbuyprice":8310.35,"apeswapBuyPrice":8220.64,"uniswapv2sellprice":8174.26,"sushiswapv2sellprice":8179.95,"bakeryswapsellprice":8099.19,"apeswapsellprice":8175.91},{"block":11048548,"timestamp":1632049507,"swapAmountBNB":20,"uniswapv2buyprice":8215.84,"sushiswapv2buyprice":8204.44,"bakeryswapbuyprice":8310.35,"apeswapBuyPrice":8220.64,"uniswapv2sellprice":8174.27,"sushiswapv2sellprice":8179.95,"bakeryswapsellprice":8099.19,"apeswapsellprice":8175.91},{"block":11048549,"timestamp":1632049514,"swapAmountBNB":20,"uniswapv2buyprice":8215.84,"sushiswapv2buyprice":8204.44,"bakeryswapbuyprice":8310.35,"apeswapBuyPrice":8220.64,"uniswapv2sellprice":8174.27,"sushiswapv2sellprice":8179.95,"bakeryswapsellprice":8099.19,"apeswapsellprice":8175.91},{"block":11048550,"timestamp":1632049517,"swapAmountBNB":20,"uniswapv2buyprice":8215.94,"sushiswapv2buyprice":8204.44,"bakeryswapbuyprice":8310.35,"apeswapBuyPrice":8220.64,"uniswapv2sellprice":8174.37,"sushiswapv2sellprice":8179.95,"bakeryswapsellprice":8099.19,"apeswapsellprice":8175.91},{"block":11048551,"timestamp":1632049522,"swapAmountBNB":20,"uniswapv2buyprice":8215.94,"sushiswapv2buyprice":8204.53,"bakeryswapbuyprice":8310.35,"apeswapBuyPrice":8220.64,"uniswapv2sellprice":8174.37,"sushiswapv2sellprice":8180.04,"bakeryswapsellprice":8099.19,"apeswapsellprice":8175.91},{"block":11048552,"timestamp":1632049525,"swapAmountBNB":20,"uniswapv2buyprice":8215.77,"sushiswapv2buyprice":8204.53,"bakeryswapbuyprice":8310.35,"apeswapBuyPrice":8220.64,"uniswapv2sellprice":8174.2,"sushiswapv2sellprice":8180.04,"bakeryswapsellprice":8099.19,"apeswapsellprice":8175.91},{"block":11048553,"timestamp":1632049528,"swapAmountBNB":20,"uniswapv2buyprice":8214.55,"sushiswapv2buyprice":8200.07,"bakeryswapbuyprice":8310.35,"apeswapBuyPrice":8220.35,"uniswapv2sellprice":8172.98,"sushiswapv2sellprice":8175.59,"bakeryswapsellprice":8099.19,"apeswapsellprice":8175.62},{"block":11048554,"timestamp":1632049532,"swapAmountBNB":20,"uniswapv2buyprice":8214.48,"sushiswapv2buyprice":8200.07,"bakeryswapbuyprice":8310.35,"apeswapBuyPrice":8220.35,"uniswapv2sellprice":8172.91,"sushiswapv2sellprice":8175.59,"bakeryswapsellprice":8099.19,"apeswapsellprice":8175.62},{"block":11048555,"timestamp":1632049536,"swapAmountBNB":20,"uniswapv2buyprice":8214.49,"sushiswapv2buyprice":8200.07,"bakeryswapbuyprice":8310.35,"apeswapBuyPrice":8220.35,"uniswapv2sellprice":8172.92,"sushiswapv2sellprice":8175.59,"bakeryswapsellprice":8099.19,"apeswapsellprice":8175.62},{"block":11048556,"timestamp":1632049539,"swapAmountBNB":20,"uniswapv2buyprice":8214.49,"sushiswapv2buyprice":8200.07,"bakeryswapbuyprice":8310.35,"apeswapBuyPrice":8220.35,"uniswapv2sellprice":8172.92,"sushiswapv2sellprice":8175.59,"bakeryswapsellprice":8099.19,"apeswapsellprice":8175.62},{"block":11048557,"timestamp":1632049542,"swapAmountBNB":20,"uniswapv2buyprice":8214.3,"sushiswapv2buyprice":8200.07,"bakeryswapbuyprice":8310.35,"apeswapBuyPrice":8220.35,"uniswapv2sellprice":8172.73,"sushiswapv2sellprice":8175.59,"bakeryswapsellprice":8099.19,"apeswapsellprice":8175.62},{"block":11048558,"timestamp":1632049545,"swapAmountBNB":20,"uniswapv2buyprice":8214.14,"sushiswapv2buyprice":8200.42,"bakeryswapbuyprice":8310.35,"apeswapBuyPrice":8220.35,"uniswapv2sellprice":8172.58,"sushiswapv2sellprice":8175.94,"bakeryswapsellprice":8099.19,"apeswapsellprice":8175.62},{"block":11048559,"timestamp":1632049548,"swapAmountBNB":20,"uniswapv2buyprice":8214.13,"sushiswapv2buyprice":8200.42,"bakeryswapbuyprice":8310.35,"apeswapBuyPrice":8220.35,"uniswapv2sellprice":8172.57,"sushiswapv2sellprice":8175.94,"bakeryswapsellprice":8099.19,"apeswapsellprice":8175.62}]}