{"table":[{"block":11029129,"timestamp":1631990394,"swapAmountBNB":20,"uniswapv2buyprice":8266.49,"sushiswapv2buyprice":8267.15,"bakeryswapbuyprice":8360.94,"apeswapBuyPrice":8271.34,"uniswapv2sellprice":8224.66,"sushiswapv2sellprice":8242.57,"bakeryswapsellprice":8147.99,"apeswapsellprice":8226.29},{"block":11029130,"timestamp":1631990397,"swapAmountBNB":20,"uniswapv2buyprice":8266.47,"sushiswapv2buyprice":8267.15,"bakeryswapbuyprice":8360.94,"apeswapBuyPrice":8271.34,"uniswapv2sellprice":8224.64,"sushiswapv2sellprice":8242.57,"bakeryswapsellprice":8147.99,"apeswapsellprice":8226.29},{"block":11029130,"timestamp":1631990397,"swapAmountBNB":20,"uniswapv2buyprice":8266.47,"sushiswapv2buyprice":8267.15,"bakeryswapbuyprice":8360.94,"apeswapBuyPrice":8271.34,"uniswapv2sellprice":8224.64,"sushiswapv2sellprice":8242.57,"bakeryswapsellprice":8147.99,"apeswapsellprice":8226.29},{"block":11029131,"timestamp":1631990400,"swapAmountBNB":20,"uniswapv2buyprice":8266.32,"sushiswapv2buyprice":8267.15,"bakeryswapbuyprice":8360.94,"apeswapBuyPrice":8271.34,"uniswapv2sellprice":8224.49,"sushiswapv2sellprice":8242.57,"bakeryswapsellprice":8147.99,"apeswapsellprice":8226.29},{"block":11029131,"timestamp":1631990400,"swapAmountBNB":20,"uniswapv2buyprice":8266.32,"sushiswapv2buyprice":8267.15,"bakeryswapbuyprice":8360.94,"apeswapBuyPrice":8271.34,"uniswapv2sellprice":8224.49,"sushiswapv2sellprice":8242.57,"bakeryswapsellprice":8147.99,"apeswapsellprice":8226.29},{"block":11029132,"timestamp":1631990403,"swapAmountBNB":20,"uniswapv2buyprice":8266.5,"sushiswapv2buyprice":8267.24,"bakeryswapbuyprice":8360.94,"apeswapBuyPrice":8271.34,"uniswapv2sellprice":8224.67,"sushiswapv2sellprice":8242.66,"bakeryswapsellprice":8147.99,"apeswapsellprice":8226.29},{"block":11029132,"timestamp":1631990403,"swapAmountBNB":20,"uniswapv2buyprice":8266.5,"sushiswapv2buyprice":8267.24,"bakeryswapbuyprice":8360.94,"apeswapBuyPrice":8271.34,"uniswapv2sellprice":8224.67,"sushiswapv2sellprice":8242.66,"bakeryswapsellprice":8147.99,"apeswapsellprice":8226.29},{"block":11029133,"timestamp":1631990406,"swapAmountBNB":20,"uniswapv2buyprice":8266.27,"sushiswapv2buyprice":8266.43,"bakeryswapbuyprice":8360.94,"apeswapBuyPrice":8271.34,"uniswapv2sellprice":8224.44,"sushiswapv2sellprice":8241.85,"bakeryswapsellprice":8147.99,"apeswapsellprice":8226.29},{"block":11029134,"timestamp":1631990409,"swapAmountBNB":20,"uniswapv2buyprice":8266.27,"sushiswapv2buyprice":8264.67,"bakeryswapbuyprice":8360.94,"apeswapBuyPrice":8271.34,"uniswapv2sellprice":8224.44,"sushiswapv2sellprice":8240.1,"bakeryswapsellprice":8147.99,"apeswapsellprice":8226.29},{"block":11029133,"timestamp":1631990406,"swapAmountBNB":20,"uniswapv2buyprice":8266.27,"sushiswapv2buyprice":8264.67,"bakeryswapbuyprice":8360.94,"apeswapBuyPrice":8271.34,"uniswapv2sellprice":8224.44,"sushiswapv2sellprice":8240.1,"bakeryswapsellprice":8147.99,"apeswapsellprice":8226.29},{"block":11029134,"timestamp":1631990409,"swapAmountBNB":20,"uniswapv2buyprice":8266.27,"sushiswapv2buyprice":8264.67,"bakeryswapbuyprice":8360.94,"apeswapBuyPrice":8271.34,"uniswapv2sellprice":8224.44,"sushiswapv2sellprice":8240.1,"bakeryswapsellprice":8147.99,"apeswapsellprice":8226.29},{"block":11029135,"timestamp":1631990412,"swapAmountBNB":20,"uniswapv2buyprice":8266.24,"sushiswapv2buyprice":8264.67,"bakeryswapbuyprice":8360.94,"apeswapBuyPrice":8271.34,"uniswapv2sellprice":8224.41,"sushiswapv2sellprice":8240.1,"bakeryswapsellprice":8147.99,"apeswapsellprice":8226.29},{"block":11029135,"timestamp":1631990412,"swapAmountBNB":20,"uniswapv2buyprice":8266.27,"sushiswapv2buyprice":8264.67,"bakeryswapbuyprice":8360.94,"apeswapBuyPrice":8271.41,"uniswapv2sellprice":8224.44,"sushiswapv2sellprice":8240.1,"bakeryswapsellprice":8147.99,"apeswapsellprice":8226.36},{"block":11029136,"timestamp":1631990415,"swapAmountBNB":20,"uniswapv2buyprice":8266.27,"sushiswapv2buyprice":8264.67,"bakeryswapbuyprice":8360.94,"apeswapBuyPrice":8271.41,"uniswapv2sellprice":8224.44,"sushiswapv2sellprice":8240.1,"bakeryswapsellprice":8147.99,"apeswapsellprice":8226.36},{"block":11029136,"timestamp":1631990415,"swapAmountBNB":20,"uniswapv2buyprice":8266.27,"sushiswapv2buyprice":8264.67,"bakeryswapbuyprice":8360.94,"apeswapBuyPrice":8271.41,"uniswapv2sellprice":8224.44,"sushiswapv2sellprice":8240.1,"bakeryswapsellprice":8147.99,"apeswapsellprice":8226.36},{"block":11029137,"timestamp":1631990418,"swapAmountBNB":20,"uniswapv2buyprice":8266.23,"sushiswapv2buyprice":8264.67,"bakeryswapbuyprice":8360.94,"apeswapBuyPrice":8271.41,"uniswapv2sellprice":8224.4,"sushiswapv2sellprice":8240.1,"bakeryswapsellprice":8147.99,"apeswapsellprice":8226.36},{"block":11029138,"timestamp":1631990421,"swapAmountBNB":20,"uniswapv2buyprice":8266.09,"sushiswapv2buyprice":8264.67,"bakeryswapbuyprice":8360.94,"apeswapBuyPrice":8271.4,"uniswapv2sellprice":8224.26,"sushiswapv2sellprice":8240.1,"bakeryswapsellprice":8147.99,"apeswapsellprice":8226.35},{"block":11029138,"timestamp":1631990421,"swapAmountBNB":20,"uniswapv2buyprice":8266.09,"sushiswapv2buyprice":8264.67,"bakeryswapbuyprice":8360.94,"apeswapBuyPrice":8271.41,"uniswapv2sellprice":8224.26,"sushiswapv2sellprice":8240.1,"bakeryswapsellprice":8147.99,"apeswapsellprice":8226.36},{"block":11029139,"timestamp":1631990424,"swapAmountBNB":20,"uniswapv2buyprice":8265.43,"sushiswapv2buyprice":8264.67,"bakeryswapbuyprice":8360.94,"apeswapBuyPrice":8271.4,"uniswapv2sellprice":8223.61,"sushiswapv2sellprice":8240.1,"bakeryswapsellprice":8147.99,"apeswapsellprice":8226.35},{"block":11029140,"timestamp":1631990427,"swapAmountBNB":20,"uniswapv2buyprice":8265.43,"sushiswapv2buyprice":8264.67,"bakeryswapbuyprice":8360.94,"apeswapBuyPrice":8271.4,"uniswapv2sellprice":8223.6,"sushiswapv2sellprice":8240.1,"bakeryswapsellprice":8147.99,"apeswapsellprice":8226.35},{"block":11029141,"timestamp":1631990430,"swapAmountBNB":20,"uniswapv2buyprice":8265.33,"sushiswapv2buyprice":8264.67,"bakeryswapbuyprice":8360.94,"apeswapBuyPrice":8271.4,"uniswapv2sellprice":8223.51,"sushiswapv2sellprice":8240.1,"bakeryswapsellprice":8147.99,"apeswapsellprice":8226.35},{"block":11029142,"timestamp":1631990433,"swapAmountBNB":20,"uniswapv2buyprice":8265.32,"sushiswapv2buyprice":8264.67,"bakeryswapbuyprice":8360.94,"apeswapBuyPrice":8271.4,"uniswapv2sellprice":8223.5,"sushiswapv2sellprice":8240.1,"bakeryswapsellprice":8147.99,"apeswapsellprice":8226.35},{"block":11029142,"timestamp":1631990433,"swapAmountBNB":20,"uniswapv2buyprice":8265.32,"sushiswapv2buyprice":8264.67,"bakeryswapbuyprice":8360.94,"apeswapBuyPrice":8271.4,"uniswapv2sellprice":8223.5,"sushiswapv2sellprice":8240.1,"bakeryswapsellprice":8147.99,"apeswapsellprice":8226.35},{"block":11029143,"timestamp":1631990436,"swapAmountBNB":20,"uniswapv2buyprice":8265.26,"sushiswapv2buyprice":8264.67,"bakeryswapbuyprice":8360.94,"apeswapBuyPrice":8271.4,"uniswapv2sellprice":8223.43,"sushiswapv2sellprice":8240.1,"bakeryswapsellprice":8147.99,"apeswapsellprice":8226.35},{"block":11029144,"timestamp":1631990439,"swapAmountBNB":20,"uniswapv2buyprice":8265.15,"sushiswapv2buyprice":8264.67,"bakeryswapbuyprice":8360.94,"apeswapBuyPrice":8271.4,"uniswapv2sellprice":8223.33,"sushiswapv2sellprice":8240.1,"bakeryswapsellprice":8147.99,"apeswapsellprice":8226.35},{"block":11029144,"timestamp":1631990439,"swapAmountBNB":20,"uniswapv2buyprice":8265.15,"sushiswapv2buyprice":8264.67,"bakeryswapbuyprice":8360.94,"apeswapBuyPrice":8271.4,"uniswapv2sellprice":8223.33,"sushiswapv2sellprice":8240.1,"bakeryswapsellprice":8147.99,"apeswapsellprice":8226.35},{"block":11029145,"timestamp":1631990442,"swapAmountBNB":20,"uniswapv2buyprice":8265.11,"sushiswapv2buyprice":8264.55,"bakeryswapbuyprice":8360.94,"apeswapBuyPrice":8271.4,"uniswapv2sellprice":8223.28,"sushiswapv2sellprice":8239.97,"bakeryswapsellprice":8147.99,"apeswapsellprice":8226.35},{"block":11029145,"timestamp":1631990442,"swapAmountBNB":20,"uniswapv2buyprice":8265.11,"sushiswapv2buyprice":8264.55,"bakeryswapbuyprice":8360.94,"apeswapBuyPrice":8271.4,"uniswapv2sellprice":8223.28,"sushiswapv2sellprice":8239.97,"bakeryswapsellprice":8147.99,"apeswapsellprice":8226.35},{"block":11029146,"timestamp":1631990445,"swapAmountBNB":20,"uniswapv2buyprice":8265.09,"sushiswapv2buyprice":8264.55,"bakeryswapbuyprice":8360.94,"apeswapBuyPrice":8271.4,"uniswapv2sellprice":8223.26,"sushiswapv2sellprice":8239.97,"bakeryswapsellprice":8147.99,"apeswapsellprice":8226.35},{"block":11029146,"timestamp":1631990445,"swapAmountBNB":20,"uniswapv2buyprice":8265.09,"sushiswapv2buyprice":8264.55,"bakeryswapbuyprice":8360.94,"apeswapBuyPrice":8271.4,"uniswapv2sellprice":8223.26,"sushiswapv2sellprice":8239.97,"bakeryswapsellprice":8147.99,"apeswapsellprice":8226.35},{"block":11029147,"timestamp":1631990448,"swapAmountBNB":20,"uniswapv2buyprice":8265.11,"sushiswapv2buyprice":8264.55,"bakeryswapbuyprice":8360.94,"apeswapBuyPrice":8271.4,"uniswapv2sellprice":8223.28,"sushiswapv2sellprice":8239.97,"bakeryswapsellprice":8147.99,"apeswapsellprice":8226.35},{"block":11029147,"timestamp":1631990448,"swapAmountBNB":20,"uniswapv2buyprice":8265.11,"sushiswapv2buyprice":8264.55,"bakeryswapbuyprice":8360.94,"apeswapBuyPrice":8271.4,"uniswapv2sellprice":8223.28,"sushiswapv2sellprice":8239.97,"bakeryswapsellprice":8147.99,"apeswapsellprice":8226.35},{"block":11029148,"timestamp":1631990451,"swapAmountBNB":20,"uniswapv2buyprice":8265.14,"sushiswapv2buyprice":8264.55,"bakeryswapbuyprice":8360.94,"apeswapBuyPrice":8271.4,"uniswapv2sellprice":8223.32,"sushiswapv2sellprice":8239.97,"bakeryswapsellprice":8147.99,"apeswapsellprice":8226.35},{"block":11029149,"timestamp":1631990454,"swapAmountBNB":20,"uniswapv2buyprice":8265.02,"sushiswapv2buyprice":8264.55,"bakeryswapbuyprice":8360.94,"apeswapBuyPrice":8271.4,"uniswapv2sellprice":8223.19,"sushiswapv2sellprice":8239.97,"bakeryswapsellprice":8147.99,"apeswapsellprice":8226.35},{"block":11029148,"timestamp":1631990451,"swapAmountBNB":20,"uniswapv2buyprice":8265.14,"sushiswapv2buyprice":8264.55,"bakeryswapbuyprice":8360.94,"apeswapBuyPrice":8271.4,"uniswapv2sellprice":8223.32,"sushiswapv2sellprice":8239.97,"bakeryswapsellprice":8147.99,"apeswapsellprice":8226.35}]}