{"table":[{"block":11313830,"timestamp":1632850541,"swapAmountBNB":20,"uniswapv2buyprice":6645.14,"sushiswapv2buyprice":6632.35,"bakeryswapbuyprice":6730.43,"apeswapBuyPrice":6646.74,"uniswapv2sellprice":6611.58,"sushiswapv2sellprice":6612.88,"bakeryswapsellprice":6540.91,"apeswapsellprice":6610.19},{"block":11313831,"timestamp":1632850544,"swapAmountBNB":20,"uniswapv2buyprice":6646.46,"sushiswapv2buyprice":6632.35,"bakeryswapbuyprice":6730.43,"apeswapBuyPrice":6646.74,"uniswapv2sellprice":6612.89,"sushiswapv2sellprice":6612.88,"bakeryswapsellprice":6540.91,"apeswapsellprice":6610.19},{"block":11313832,"timestamp":1632850547,"swapAmountBNB":20,"uniswapv2buyprice":6646.56,"sushiswapv2buyprice":6632.35,"bakeryswapbuyprice":6730.43,"apeswapBuyPrice":6646.74,"uniswapv2sellprice":6612.98,"sushiswapv2sellprice":6612.88,"bakeryswapsellprice":6540.91,"apeswapsellprice":6610.19},{"block":11313833,"timestamp":1632850550,"swapAmountBNB":20,"uniswapv2buyprice":6646.51,"sushiswapv2buyprice":6628.92,"bakeryswapbuyprice":6730.43,"apeswapBuyPrice":6646.74,"uniswapv2sellprice":6612.94,"sushiswapv2sellprice":6609.46,"bakeryswapsellprice":6540.91,"apeswapsellprice":6610.19},{"block":11313834,"timestamp":1632850553,"swapAmountBNB":20,"uniswapv2buyprice":6646.49,"sushiswapv2buyprice":6628.92,"bakeryswapbuyprice":6730.43,"apeswapBuyPrice":6646.74,"uniswapv2sellprice":6612.92,"sushiswapv2sellprice":6609.46,"bakeryswapsellprice":6540.91,"apeswapsellprice":6610.19},{"block":11313835,"timestamp":1632850556,"swapAmountBNB":20,"uniswapv2buyprice":6646.52,"sushiswapv2buyprice":6628.92,"bakeryswapbuyprice":6730.43,"apeswapBuyPrice":6646.74,"uniswapv2sellprice":6612.95,"sushiswapv2sellprice":6609.46,"bakeryswapsellprice":6540.91,"apeswapsellprice":6610.19},{"block":11313836,"timestamp":1632850559,"swapAmountBNB":20,"uniswapv2buyprice":6646.48,"sushiswapv2buyprice":6628.92,"bakeryswapbuyprice":6730.43,"apeswapBuyPrice":6646.74,"uniswapv2sellprice":6612.9,"sushiswapv2sellprice":6609.46,"bakeryswapsellprice":6540.91,"apeswapsellprice":6610.19},{"block":11313837,"timestamp":1632850562,"swapAmountBNB":20,"uniswapv2buyprice":6646.43,"sushiswapv2buyprice":6630.16,"bakeryswapbuyprice":6730.43,"apeswapBuyPrice":6646.74,"uniswapv2sellprice":6612.86,"sushiswapv2sellprice":6610.7,"bakeryswapsellprice":6540.91,"apeswapsellprice":6610.19},{"block":11313838,"timestamp":1632850565,"swapAmountBNB":20,"uniswapv2buyprice":6646.36,"sushiswapv2buyprice":6630.16,"bakeryswapbuyprice":6730.43,"apeswapBuyPrice":6646.74,"uniswapv2sellprice":6612.78,"sushiswapv2sellprice":6610.7,"bakeryswapsellprice":6540.91,"apeswapsellprice":6610.19},{"block":11313838,"timestamp":1632850565,"swapAmountBNB":20,"uniswapv2buyprice":6646.36,"sushiswapv2buyprice":6630.16,"bakeryswapbuyprice":6730.43,"apeswapBuyPrice":6646.74,"uniswapv2sellprice":6612.78,"sushiswapv2sellprice":6610.7,"bakeryswapsellprice":6540.91,"apeswapsellprice":6610.19},{"block":11313839,"timestamp":1632850568,"swapAmountBNB":20,"uniswapv2buyprice":6646.35,"sushiswapv2buyprice":6630.16,"bakeryswapbuyprice":6730.43,"apeswapBuyPrice":6646.77,"uniswapv2sellprice":6612.78,"sushiswapv2sellprice":6610.7,"bakeryswapsellprice":6540.91,"apeswapsellprice":6610.21},{"block":11313839,"timestamp":1632850568,"swapAmountBNB":20,"uniswapv2buyprice":6646.35,"sushiswapv2buyprice":6630.16,"bakeryswapbuyprice":6730.43,"apeswapBuyPrice":6646.77,"uniswapv2sellprice":6612.78,"sushiswapv2sellprice":6610.7,"bakeryswapsellprice":6540.91,"apeswapsellprice":6610.21},{"block":11313840,"timestamp":1632850571,"swapAmountBNB":20,"uniswapv2buyprice":6646.35,"sushiswapv2buyprice":6630.16,"bakeryswapbuyprice":6730.43,"apeswapBuyPrice":6646.77,"uniswapv2sellprice":6612.77,"sushiswapv2sellprice":6610.7,"bakeryswapsellprice":6540.91,"apeswapsellprice":6610.21},{"block":11313840,"timestamp":1632850571,"swapAmountBNB":20,"uniswapv2buyprice":6646.35,"sushiswapv2buyprice":6630.16,"bakeryswapbuyprice":6730.43,"apeswapBuyPrice":6646.77,"uniswapv2sellprice":6612.77,"sushiswapv2sellprice":6610.7,"bakeryswapsellprice":6540.91,"apeswapsellprice":6610.21},{"block":11313841,"timestamp":1632850574,"swapAmountBNB":20,"uniswapv2buyprice":6646.34,"sushiswapv2buyprice":6630.16,"bakeryswapbuyprice":6730.43,"apeswapBuyPrice":6646.77,"uniswapv2sellprice":6612.77,"sushiswapv2sellprice":6610.7,"bakeryswapsellprice":6540.91,"apeswapsellprice":6610.21},{"block":11313841,"timestamp":1632850574,"swapAmountBNB":20,"uniswapv2buyprice":6646.34,"sushiswapv2buyprice":6630.16,"bakeryswapbuyprice":6730.43,"apeswapBuyPrice":6646.77,"uniswapv2sellprice":6612.77,"sushiswapv2sellprice":6610.7,"bakeryswapsellprice":6540.91,"apeswapsellprice":6610.21},{"block":11313842,"timestamp":1632850577,"swapAmountBNB":20,"uniswapv2buyprice":6646.34,"sushiswapv2buyprice":6630.16,"bakeryswapbuyprice":6730.43,"apeswapBuyPrice":6646.77,"uniswapv2sellprice":6612.77,"sushiswapv2sellprice":6610.7,"bakeryswapsellprice":6540.91,"apeswapsellprice":6610.21},{"block":11313842,"timestamp":1632850577,"swapAmountBNB":20,"uniswapv2buyprice":6646.34,"sushiswapv2buyprice":6630.16,"bakeryswapbuyprice":6730.43,"apeswapBuyPrice":6646.77,"uniswapv2sellprice":6612.77,"sushiswapv2sellprice":6610.7,"bakeryswapsellprice":6540.91,"apeswapsellprice":6610.21},{"block":11313843,"timestamp":1632850580,"swapAmountBNB":20,"uniswapv2buyprice":6646.34,"sushiswapv2buyprice":6630.16,"bakeryswapbuyprice":6730.43,"apeswapBuyPrice":6643.97,"uniswapv2sellprice":6612.77,"sushiswapv2sellprice":6610.7,"bakeryswapsellprice":6540.91,"apeswapsellprice":6607.43},{"block":11313843,"timestamp":1632850580,"swapAmountBNB":20,"uniswapv2buyprice":6646.34,"sushiswapv2buyprice":6630.16,"bakeryswapbuyprice":6730.43,"apeswapBuyPrice":6643.97,"uniswapv2sellprice":6612.77,"sushiswapv2sellprice":6610.7,"bakeryswapsellprice":6540.91,"apeswapsellprice":6607.43},{"block":11313844,"timestamp":1632850583,"swapAmountBNB":20,"uniswapv2buyprice":6646.02,"sushiswapv2buyprice":6630.46,"bakeryswapbuyprice":6730.43,"apeswapBuyPrice":6643.97,"uniswapv2sellprice":6612.44,"sushiswapv2sellprice":6611,"bakeryswapsellprice":6540.91,"apeswapsellprice":6607.43},{"block":11313844,"timestamp":1632850583,"swapAmountBNB":20,"uniswapv2buyprice":6646.02,"sushiswapv2buyprice":6630.46,"bakeryswapbuyprice":6730.43,"apeswapBuyPrice":6643.97,"uniswapv2sellprice":6612.44,"sushiswapv2sellprice":6611,"bakeryswapsellprice":6540.91,"apeswapsellprice":6607.43},{"block":11313845,"timestamp":1632850586,"swapAmountBNB":20,"uniswapv2buyprice":6646.02,"sushiswapv2buyprice":6630.46,"bakeryswapbuyprice":6730.43,"apeswapBuyPrice":6643.97,"uniswapv2sellprice":6612.45,"sushiswapv2sellprice":6611,"bakeryswapsellprice":6540.91,"apeswapsellprice":6607.43},{"block":11313845,"timestamp":1632850586,"swapAmountBNB":20,"uniswapv2buyprice":6646.02,"sushiswapv2buyprice":6630.46,"bakeryswapbuyprice":6730.43,"apeswapBuyPrice":6643.97,"uniswapv2sellprice":6612.45,"sushiswapv2sellprice":6611,"bakeryswapsellprice":6540.91,"apeswapsellprice":6607.43},{"block":11313846,"timestamp":1632850589,"swapAmountBNB":20,"uniswapv2buyprice":6646.42,"sushiswapv2buyprice":6630.46,"bakeryswapbuyprice":6730.43,"apeswapBuyPrice":6644,"uniswapv2sellprice":6612.85,"sushiswapv2sellprice":6611,"bakeryswapsellprice":6540.91,"apeswapsellprice":6607.46},{"block":11313846,"timestamp":1632850589,"swapAmountBNB":20,"uniswapv2buyprice":6646.42,"sushiswapv2buyprice":6630.46,"bakeryswapbuyprice":6730.43,"apeswapBuyPrice":6644,"uniswapv2sellprice":6612.85,"sushiswapv2sellprice":6611,"bakeryswapsellprice":6540.91,"apeswapsellprice":6607.46},{"block":11313847,"timestamp":1632850592,"swapAmountBNB":20,"uniswapv2buyprice":6646.42,"sushiswapv2buyprice":6630.46,"bakeryswapbuyprice":6730.43,"apeswapBuyPrice":6644,"uniswapv2sellprice":6612.85,"sushiswapv2sellprice":6611,"bakeryswapsellprice":6540.91,"apeswapsellprice":6607.46},{"block":11313847,"timestamp":1632850592,"swapAmountBNB":20,"uniswapv2buyprice":6646.42,"sushiswapv2buyprice":6630.46,"bakeryswapbuyprice":6730.43,"apeswapBuyPrice":6644,"uniswapv2sellprice":6612.85,"sushiswapv2sellprice":6611,"bakeryswapsellprice":6540.91,"apeswapsellprice":6607.46},{"block":11313848,"timestamp":1632850595,"swapAmountBNB":20,"uniswapv2buyprice":6646.52,"sushiswapv2buyprice":6630.46,"bakeryswapbuyprice":6730.43,"apeswapBuyPrice":6643.47,"uniswapv2sellprice":6612.94,"sushiswapv2sellprice":6611,"bakeryswapsellprice":6540.91,"apeswapsellprice":6607.46},{"block":11313849,"timestamp":1632850598,"swapAmountBNB":20,"uniswapv2buyprice":6646.51,"sushiswapv2buyprice":6630.46,"bakeryswapbuyprice":6730.43,"apeswapBuyPrice":6643.47,"uniswapv2sellprice":6612.94,"sushiswapv2sellprice":6611,"bakeryswapsellprice":6540.91,"apeswapsellprice":6606.94},{"block":11313849,"timestamp":1632850598,"swapAmountBNB":20,"uniswapv2buyprice":6646.51,"sushiswapv2buyprice":6630.46,"bakeryswapbuyprice":6730.43,"apeswapBuyPrice":6643.47,"uniswapv2sellprice":6612.94,"sushiswapv2sellprice":6611,"bakeryswapsellprice":6540.91,"apeswapsellprice":6606.94},{"block":11313850,"timestamp":1632850601,"swapAmountBNB":20,"uniswapv2buyprice":6646.58,"sushiswapv2buyprice":6630.46,"bakeryswapbuyprice":6730.43,"apeswapBuyPrice":6643.47,"uniswapv2sellprice":6613.01,"sushiswapv2sellprice":6611,"bakeryswapsellprice":6540.91,"apeswapsellprice":6606.94},{"block":11313850,"timestamp":1632850601,"swapAmountBNB":20,"uniswapv2buyprice":6646.58,"sushiswapv2buyprice":6630.46,"bakeryswapbuyprice":6730.43,"apeswapBuyPrice":6643.47,"uniswapv2sellprice":6613.01,"sushiswapv2sellprice":6611,"bakeryswapsellprice":6540.91,"apeswapsellprice":6606.94},{"block":11313851,"timestamp":1632850604,"swapAmountBNB":20,"uniswapv2buyprice":6646.98,"sushiswapv2buyprice":6630.46,"bakeryswapbuyprice":6730.43,"apeswapBuyPrice":6643.47,"uniswapv2sellprice":6613.4,"sushiswapv2sellprice":6611,"bakeryswapsellprice":6540.91,"apeswapsellprice":6606.94},{"block":11313851,"timestamp":1632850604,"swapAmountBNB":20,"uniswapv2buyprice":6646.98,"sushiswapv2buyprice":6630.46,"bakeryswapbuyprice":6730.43,"apeswapBuyPrice":6643.47,"uniswapv2sellprice":6613.4,"sushiswapv2sellprice":6611,"bakeryswapsellprice":6540.91,"apeswapsellprice":6606.94},{"block":11313852,"timestamp":1632850607,"swapAmountBNB":20,"uniswapv2buyprice":6646.96,"sushiswapv2buyprice":6630.46,"bakeryswapbuyprice":6730.43,"apeswapBuyPrice":6643.47,"uniswapv2sellprice":6613.39,"sushiswapv2sellprice":6611,"bakeryswapsellprice":6540.91,"apeswapsellprice":6606.94},{"block":11313852,"timestamp":1632850607,"swapAmountBNB":20,"uniswapv2buyprice":6646.96,"sushiswapv2buyprice":6630.46,"bakeryswapbuyprice":6730.43,"apeswapBuyPrice":6643.47,"uniswapv2sellprice":6613.39,"sushiswapv2sellprice":6611,"bakeryswapsellprice":6540.91,"apeswapsellprice":6606.94},{"block":11313853,"timestamp":1632850610,"swapAmountBNB":20,"uniswapv2buyprice":6646.95,"sushiswapv2buyprice":6629.95,"bakeryswapbuyprice":6730.43,"apeswapBuyPrice":6643.47,"uniswapv2sellprice":6613.38,"sushiswapv2sellprice":6610.49,"bakeryswapsellprice":6540.91,"apeswapsellprice":6606.94},{"block":11313854,"timestamp":1632850613,"swapAmountBNB":20,"uniswapv2buyprice":6646.85,"sushiswapv2buyprice":6633.38,"bakeryswapbuyprice":6730.43,"apeswapBuyPrice":6643.47,"uniswapv2sellprice":6613.27,"sushiswapv2sellprice":6613.9,"bakeryswapsellprice":6540.91,"apeswapsellprice":6606.94},{"block":11313854,"timestamp":1632850613,"swapAmountBNB":20,"uniswapv2buyprice":6646.85,"sushiswapv2buyprice":6633.38,"bakeryswapbuyprice":6730.43,"apeswapBuyPrice":6643.47,"uniswapv2sellprice":6613.27,"sushiswapv2sellprice":6613.9,"bakeryswapsellprice":6540.91,"apeswapsellprice":6606.94},{"block":11313855,"timestamp":1632850616,"swapAmountBNB":20,"uniswapv2buyprice":6646.81,"sushiswapv2buyprice":6633.38,"bakeryswapbuyprice":6730.43,"apeswapBuyPrice":6643.47,"uniswapv2sellprice":6613.23,"sushiswapv2sellprice":6613.9,"bakeryswapsellprice":6540.91,"apeswapsellprice":6606.94},{"block":11313856,"timestamp":1632850619,"swapAmountBNB":20,"uniswapv2buyprice":6646.8,"sushiswapv2buyprice":6637.02,"bakeryswapbuyprice":6730.43,"apeswapBuyPrice":6643.47,"uniswapv2sellprice":6613.23,"sushiswapv2sellprice":6617.53,"bakeryswapsellprice":6540.91,"apeswapsellprice":6606.94},{"block":11313857,"timestamp":1632850622,"swapAmountBNB":20,"uniswapv2buyprice":6646.59,"sushiswapv2buyprice":6637.02,"bakeryswapbuyprice":6730.43,"apeswapBuyPrice":6643.47,"uniswapv2sellprice":6613.02,"sushiswapv2sellprice":6617.53,"bakeryswapsellprice":6540.91,"apeswapsellprice":6606.94},{"block":11313858,"timestamp":1632850625,"swapAmountBNB":20,"uniswapv2buyprice":6646.55,"sushiswapv2buyprice":6637.02,"bakeryswapbuyprice":6730.43,"apeswapBuyPrice":6643.47,"uniswapv2sellprice":6612.98,"sushiswapv2sellprice":6617.53,"bakeryswapsellprice":6540.91,"apeswapsellprice":6606.94},{"block":11313859,"timestamp":1632850628,"swapAmountBNB":20,"uniswapv2buyprice":6646.55,"sushiswapv2buyprice":6637.02,"bakeryswapbuyprice":6730.43,"apeswapBuyPrice":6643.47,"uniswapv2sellprice":6612.98,"sushiswapv2sellprice":6617.53,"bakeryswapsellprice":6540.91,"apeswapsellprice":6606.94},{"block":11313860,"timestamp":1632850631,"swapAmountBNB":20,"uniswapv2buyprice":6646.52,"sushiswapv2buyprice":6637.02,"bakeryswapbuyprice":6730.43,"apeswapBuyPrice":6643.47,"uniswapv2sellprice":6612.94,"sushiswapv2sellprice":6617.53,"bakeryswapsellprice":6540.91,"apeswapsellprice":6606.94},{"block":11313861,"timestamp":1632850634,"swapAmountBNB":20,"uniswapv2buyprice":6646.4,"sushiswapv2buyprice":6637.02,"bakeryswapbuyprice":6730.43,"apeswapBuyPrice":6643.47,"uniswapv2sellprice":6612.83,"sushiswapv2sellprice":6617.53,"bakeryswapsellprice":6540.91,"apeswapsellprice":6606.94},{"block":11313862,"timestamp":1632850637,"swapAmountBNB":20,"uniswapv2buyprice":6646.41,"sushiswapv2buyprice":6637.02,"bakeryswapbuyprice":6730.43,"apeswapBuyPrice":6643.47,"uniswapv2sellprice":6612.84,"sushiswapv2sellprice":6617.53,"bakeryswapsellprice":6540.91,"apeswapsellprice":6606.94},{"block":11313863,"timestamp":1632850640,"swapAmountBNB":20,"uniswapv2buyprice":6646.41,"sushiswapv2buyprice":6637.02,"bakeryswapbuyprice":6730.43,"apeswapBuyPrice":6643.47,"uniswapv2sellprice":6612.83,"sushiswapv2sellprice":6617.53,"bakeryswapsellprice":6540.91,"apeswapsellprice":6606.94},{"block":11313864,"timestamp":1632850643,"swapAmountBNB":20,"uniswapv2buyprice":6646.4,"sushiswapv2buyprice":6637.13,"bakeryswapbuyprice":6730.43,"apeswapBuyPrice":6643.47,"uniswapv2sellprice":6612.83,"sushiswapv2sellprice":6617.64,"bakeryswapsellprice":6540.91,"apeswapsellprice":6606.94},{"block":11313865,"timestamp":1632850646,"swapAmountBNB":20,"uniswapv2buyprice":6646.4,"sushiswapv2buyprice":6637.13,"bakeryswapbuyprice":6730.43,"apeswapBuyPrice":6643.47,"uniswapv2sellprice":6612.83,"sushiswapv2sellprice":6617.64,"bakeryswapsellprice":6540.91,"apeswapsellprice":6606.94},{"block":11313866,"timestamp":1632850649,"swapAmountBNB":20,"uniswapv2buyprice":6646.35,"sushiswapv2buyprice":6637.13,"bakeryswapbuyprice":6730.43,"apeswapBuyPrice":6643.47,"uniswapv2sellprice":6612.78,"sushiswapv2sellprice":6617.64,"bakeryswapsellprice":6540.91,"apeswapsellprice":6606.94},{"block":11313867,"timestamp":1632850652,"swapAmountBNB":20,"uniswapv2buyprice":6646.34,"sushiswapv2buyprice":6637.36,"bakeryswapbuyprice":6730.43,"apeswapBuyPrice":6637.67,"uniswapv2sellprice":6612.77,"sushiswapv2sellprice":6617.87,"bakeryswapsellprice":6540.91,"apeswapsellprice":6601.18},{"block":11313868,"timestamp":1632850656,"swapAmountBNB":20,"uniswapv2buyprice":6646.34,"sushiswapv2buyprice":6637.36,"bakeryswapbuyprice":6730.43,"apeswapBuyPrice":6637.67,"uniswapv2sellprice":6612.77,"sushiswapv2sellprice":6617.87,"bakeryswapsellprice":6540.91,"apeswapsellprice":6601.18},{"block":11313869,"timestamp":1632850659,"swapAmountBNB":20,"uniswapv2buyprice":6646.36,"sushiswapv2buyprice":6637.36,"bakeryswapbuyprice":6730.43,"apeswapBuyPrice":6637.67,"uniswapv2sellprice":6612.78,"sushiswapv2sellprice":6617.87,"bakeryswapsellprice":6540.91,"apeswapsellprice":6601.18},{"block":11313870,"timestamp":1632850662,"swapAmountBNB":20,"uniswapv2buyprice":6646.98,"sushiswapv2buyprice":6637.36,"bakeryswapbuyprice":6730.43,"apeswapBuyPrice":6637.67,"uniswapv2sellprice":6613.41,"sushiswapv2sellprice":6617.87,"bakeryswapsellprice":6540.91,"apeswapsellprice":6601.18},{"block":11313904,"timestamp":1632850766,"swapAmountBNB":20,"uniswapv2buyprice":6646.29,"sushiswapv2buyprice":6627.91,"bakeryswapbuyprice":6730.43,"apeswapBuyPrice":6640.28,"uniswapv2sellprice":6612.72,"sushiswapv2sellprice":6608.45,"bakeryswapsellprice":6540.91,"apeswapsellprice":6603.77},{"block":11313871,"timestamp":1632850665,"swapAmountBNB":20,"uniswapv2buyprice":6646.89,"sushiswapv2buyprice":6637.36,"bakeryswapbuyprice":6730.43,"apeswapBuyPrice":6638.58,"uniswapv2sellprice":6613.31,"sushiswapv2sellprice":6617.87,"bakeryswapsellprice":6540.91,"apeswapsellprice":6602.08},{"block":11313905,"timestamp":1632850769,"swapAmountBNB":20,"uniswapv2buyprice":6646.29,"sushiswapv2buyprice":6627.91,"bakeryswapbuyprice":6730.43,"apeswapBuyPrice":6640.28,"uniswapv2sellprice":6612.71,"sushiswapv2sellprice":6608.45,"bakeryswapsellprice":6540.91,"apeswapsellprice":6603.77},{"block":11313872,"timestamp":1632850670,"swapAmountBNB":20,"uniswapv2buyprice":6646.89,"sushiswapv2buyprice":6637.31,"bakeryswapbuyprice":6730.43,"apeswapBuyPrice":6638.58,"uniswapv2sellprice":6613.32,"sushiswapv2sellprice":6617.83,"bakeryswapsellprice":6540.91,"apeswapsellprice":6602.08},{"block":11313906,"timestamp":1632850772,"swapAmountBNB":20,"uniswapv2buyprice":6646.26,"sushiswapv2buyprice":6631.34,"bakeryswapbuyprice":6730.43,"apeswapBuyPrice":6640.28,"uniswapv2sellprice":6612.69,"sushiswapv2sellprice":6611.87,"bakeryswapsellprice":6540.91,"apeswapsellprice":6603.77},{"block":11313873,"timestamp":1632850673,"swapAmountBNB":20,"uniswapv2buyprice":6647.03,"sushiswapv2buyprice":6637.31,"bakeryswapbuyprice":6730.43,"apeswapBuyPrice":6638.77,"uniswapv2sellprice":6613.46,"sushiswapv2sellprice":6617.83,"bakeryswapsellprice":6540.91,"apeswapsellprice":6602.27},{"block":11313907,"timestamp":1632850775,"swapAmountBNB":20,"uniswapv2buyprice":6646.25,"sushiswapv2buyprice":6631.34,"bakeryswapbuyprice":6730.43,"apeswapBuyPrice":6640.28,"uniswapv2sellprice":6612.68,"sushiswapv2sellprice":6611.87,"bakeryswapsellprice":6540.91,"apeswapsellprice":6603.77},{"block":11313874,"timestamp":1632850676,"swapAmountBNB":20,"uniswapv2buyprice":6647.05,"sushiswapv2buyprice":6633.84,"bakeryswapbuyprice":6730.43,"apeswapBuyPrice":6639.5,"uniswapv2sellprice":6613.47,"sushiswapv2sellprice":6617.83,"bakeryswapsellprice":6540.91,"apeswapsellprice":6602.99},{"block":11313875,"timestamp":1632850679,"swapAmountBNB":20,"uniswapv2buyprice":6647.12,"sushiswapv2buyprice":6633.66,"bakeryswapbuyprice":6730.43,"apeswapBuyPrice":6639.5,"uniswapv2sellprice":6613.54,"sushiswapv2sellprice":6614.36,"bakeryswapsellprice":6540.91,"apeswapsellprice":6602.99},{"block":11313908,"timestamp":1632850778,"swapAmountBNB":20,"uniswapv2buyprice":6646.2,"sushiswapv2buyprice":6631.34,"bakeryswapbuyprice":6730.43,"apeswapBuyPrice":6640.28,"uniswapv2sellprice":6612.63,"sushiswapv2sellprice":6611.87,"bakeryswapsellprice":6540.91,"apeswapsellprice":6603.77},{"block":11313876,"timestamp":1632850682,"swapAmountBNB":20,"uniswapv2buyprice":6647.13,"sushiswapv2buyprice":6633.66,"bakeryswapbuyprice":6730.43,"apeswapBuyPrice":6639.5,"uniswapv2sellprice":6613.56,"sushiswapv2sellprice":6614.18,"bakeryswapsellprice":6540.91,"apeswapsellprice":6602.99},{"block":11313909,"timestamp":1632850781,"swapAmountBNB":20,"uniswapv2buyprice":6646.19,"sushiswapv2buyprice":6635.32,"bakeryswapbuyprice":6730.43,"apeswapBuyPrice":6640.28,"uniswapv2sellprice":6612.62,"sushiswapv2sellprice":6615.83,"bakeryswapsellprice":6540.91,"apeswapsellprice":6603.77},{"block":11313877,"timestamp":1632850685,"swapAmountBNB":20,"uniswapv2buyprice":6646.92,"sushiswapv2buyprice":6633.66,"bakeryswapbuyprice":6730.43,"apeswapBuyPrice":6639.5,"uniswapv2sellprice":6613.34,"sushiswapv2sellprice":6614.18,"bakeryswapsellprice":6540.91,"apeswapsellprice":6602.99},{"block":11313910,"timestamp":1632850784,"swapAmountBNB":20,"uniswapv2buyprice":6646.01,"sushiswapv2buyprice":6635.32,"bakeryswapbuyprice":6730.43,"apeswapBuyPrice":6640.28,"uniswapv2sellprice":6612.44,"sushiswapv2sellprice":6615.83,"bakeryswapsellprice":6540.91,"apeswapsellprice":6603.77},{"block":11313878,"timestamp":1632850688,"swapAmountBNB":20,"uniswapv2buyprice":6646.86,"sushiswapv2buyprice":6633.66,"bakeryswapbuyprice":6730.43,"apeswapBuyPrice":6639.53,"uniswapv2sellprice":6613.29,"sushiswapv2sellprice":6614.18,"bakeryswapsellprice":6540.91,"apeswapsellprice":6603.02},{"block":11313911,"timestamp":1632850787,"swapAmountBNB":20,"uniswapv2buyprice":6645.98,"sushiswapv2buyprice":6635.41,"bakeryswapbuyprice":6730.43,"apeswapBuyPrice":6639.75,"uniswapv2sellprice":6612.41,"sushiswapv2sellprice":6615.93,"bakeryswapsellprice":6540.91,"apeswapsellprice":6603.24},{"block":11313879,"timestamp":1632850691,"swapAmountBNB":20,"uniswapv2buyprice":6646.84,"sushiswapv2buyprice":6630.23,"bakeryswapbuyprice":6730.43,"apeswapBuyPrice":6639.53,"uniswapv2sellprice":6613.27,"sushiswapv2sellprice":6610.77,"bakeryswapsellprice":6540.91,"apeswapsellprice":6603.02},{"block":11313912,"timestamp":1632850790,"swapAmountBNB":20,"uniswapv2buyprice":6645.98,"sushiswapv2buyprice":6635.41,"bakeryswapbuyprice":6730.43,"apeswapBuyPrice":6639.75,"uniswapv2sellprice":6612.41,"sushiswapv2sellprice":6615.93,"bakeryswapsellprice":6540.91,"apeswapsellprice":6603.24},{"block":11313913,"timestamp":1632850793,"swapAmountBNB":20,"uniswapv2buyprice":6646,"sushiswapv2buyprice":6635.41,"bakeryswapbuyprice":6730.43,"apeswapBuyPrice":6639.75,"uniswapv2sellprice":6612.43,"sushiswapv2sellprice":6615.93,"bakeryswapsellprice":6540.91,"apeswapsellprice":6603.24},{"block":11313880,"timestamp":1632850694,"swapAmountBNB":20,"uniswapv2buyprice":6646.81,"sushiswapv2buyprice":6630.23,"bakeryswapbuyprice":6730.43,"apeswapBuyPrice":6639.53,"uniswapv2sellprice":6613.24,"sushiswapv2sellprice":6610.77,"bakeryswapsellprice":6540.91,"apeswapsellprice":6603.02},{"block":11313881,"timestamp":1632850697,"swapAmountBNB":20,"uniswapv2buyprice":6646.82,"sushiswapv2buyprice":6626.81,"bakeryswapbuyprice":6730.43,"apeswapBuyPrice":6639.53,"uniswapv2sellprice":6613.24,"sushiswapv2sellprice":6607.36,"bakeryswapsellprice":6540.91,"apeswapsellprice":6603.02},{"block":11313882,"timestamp":1632850700,"swapAmountBNB":20,"uniswapv2buyprice":6646.83,"sushiswapv2buyprice":6626.81,"bakeryswapbuyprice":6730.43,"apeswapBuyPrice":6639.53,"uniswapv2sellprice":6613.25,"sushiswapv2sellprice":6607.36,"bakeryswapsellprice":6540.91,"apeswapsellprice":6603.02},{"block":11313914,"timestamp":1632850796,"swapAmountBNB":20,"uniswapv2buyprice":6646.03,"sushiswapv2buyprice":6635.73,"bakeryswapbuyprice":6730.43,"apeswapBuyPrice":6639.29,"uniswapv2sellprice":6612.46,"sushiswapv2sellprice":6616.25,"bakeryswapsellprice":6540.91,"apeswapsellprice":6602.78},{"block":11313883,"timestamp":1632850703,"swapAmountBNB":20,"uniswapv2buyprice":6646.81,"sushiswapv2buyprice":6626.81,"bakeryswapbuyprice":6730.43,"apeswapBuyPrice":6639.53,"uniswapv2sellprice":6613.24,"sushiswapv2sellprice":6607.36,"bakeryswapsellprice":6540.91,"apeswapsellprice":6603.02},{"block":11313915,"timestamp":1632850799,"swapAmountBNB":20,"uniswapv2buyprice":6646.15,"sushiswapv2buyprice":6635.73,"bakeryswapbuyprice":6730.43,"apeswapBuyPrice":6639.65,"uniswapv2sellprice":6612.58,"sushiswapv2sellprice":6616.25,"bakeryswapsellprice":6540.91,"apeswapsellprice":6603.14},{"block":11313884,"timestamp":1632850706,"swapAmountBNB":20,"uniswapv2buyprice":6646.69,"sushiswapv2buyprice":6626.81,"bakeryswapbuyprice":6730.43,"apeswapBuyPrice":6639.53,"uniswapv2sellprice":6613.11,"sushiswapv2sellprice":6607.36,"bakeryswapsellprice":6540.91,"apeswapsellprice":6603.02},{"block":11313885,"timestamp":1632850709,"swapAmountBNB":20,"uniswapv2buyprice":6646.68,"sushiswapv2buyprice":6626.81,"bakeryswapbuyprice":6730.43,"apeswapBuyPrice":6640.19,"uniswapv2sellprice":6613.11,"sushiswapv2sellprice":6607.36,"bakeryswapsellprice":6540.91,"apeswapsellprice":6603.68},{"block":11313916,"timestamp":1632850802,"swapAmountBNB":20,"uniswapv2buyprice":6646.21,"sushiswapv2buyprice":6632.36,"bakeryswapbuyprice":6730.43,"apeswapBuyPrice":6639.65,"uniswapv2sellprice":6612.64,"sushiswapv2sellprice":6612.89,"bakeryswapsellprice":6540.91,"apeswapsellprice":6603.14},{"block":11313886,"timestamp":1632850712,"swapAmountBNB":20,"uniswapv2buyprice":6646.57,"sushiswapv2buyprice":6626.81,"bakeryswapbuyprice":6730.43,"apeswapBuyPrice":6640.27,"uniswapv2sellprice":6613,"sushiswapv2sellprice":6607.36,"bakeryswapsellprice":6540.91,"apeswapsellprice":6603.76},{"block":11313887,"timestamp":1632850715,"swapAmountBNB":20,"uniswapv2buyprice":6646.57,"sushiswapv2buyprice":6626.81,"bakeryswapbuyprice":6730.43,"apeswapBuyPrice":6640.27,"uniswapv2sellprice":6613,"sushiswapv2sellprice":6607.36,"bakeryswapsellprice":6540.91,"apeswapsellprice":6603.76},{"block":11313917,"timestamp":1632850805,"swapAmountBNB":20,"uniswapv2buyprice":6646.8,"sushiswapv2buyprice":6632.36,"bakeryswapbuyprice":6730.43,"apeswapBuyPrice":6639.65,"uniswapv2sellprice":6613.22,"sushiswapv2sellprice":6612.89,"bakeryswapsellprice":6540.91,"apeswapsellprice":6603.14},{"block":11313918,"timestamp":1632850808,"swapAmountBNB":20,"uniswapv2buyprice":6646.81,"sushiswapv2buyprice":6632.36,"bakeryswapbuyprice":6730.43,"apeswapBuyPrice":6639.65,"uniswapv2sellprice":6613.23,"sushiswapv2sellprice":6612.89,"bakeryswapsellprice":6540.91,"apeswapsellprice":6603.14},{"block":11313888,"timestamp":1632850718,"swapAmountBNB":20,"uniswapv2buyprice":6646.39,"sushiswapv2buyprice":6628.08,"bakeryswapbuyprice":6730.43,"apeswapBuyPrice":6640.27,"uniswapv2sellprice":6612.82,"sushiswapv2sellprice":6608.62,"bakeryswapsellprice":6540.91,"apeswapsellprice":6603.76},{"block":11313919,"timestamp":1632850811,"swapAmountBNB":20,"uniswapv2buyprice":6646.87,"sushiswapv2buyprice":6632.31,"bakeryswapbuyprice":6730.43,"apeswapBuyPrice":6639.65,"uniswapv2sellprice":6613.29,"sushiswapv2sellprice":6612.84,"bakeryswapsellprice":6540.91,"apeswapsellprice":6603.14},{"block":11313889,"timestamp":1632850721,"swapAmountBNB":20,"uniswapv2buyprice":6646.39,"sushiswapv2buyprice":6628.08,"bakeryswapbuyprice":6730.43,"apeswapBuyPrice":6640.27,"uniswapv2sellprice":6612.82,"sushiswapv2sellprice":6608.62,"bakeryswapsellprice":6540.91,"apeswapsellprice":6603.76},{"block":11313920,"timestamp":1632850814,"swapAmountBNB":20,"uniswapv2buyprice":6646.86,"sushiswapv2buyprice":6632.31,"bakeryswapbuyprice":6730.43,"apeswapBuyPrice":6639.65,"uniswapv2sellprice":6613.29,"sushiswapv2sellprice":6612.84,"bakeryswapsellprice":6540.91,"apeswapsellprice":6603.14},{"block":11313890,"timestamp":1632850724,"swapAmountBNB":20,"uniswapv2buyprice":6646.43,"sushiswapv2buyprice":6628.08,"bakeryswapbuyprice":6730.43,"apeswapBuyPrice":6640.27,"uniswapv2sellprice":6612.85,"sushiswapv2sellprice":6608.62,"bakeryswapsellprice":6540.91,"apeswapsellprice":6603.76},{"block":11313921,"timestamp":1632850817,"swapAmountBNB":20,"uniswapv2buyprice":6646.94,"sushiswapv2buyprice":6632.31,"bakeryswapbuyprice":6730.43,"apeswapBuyPrice":6639.65,"uniswapv2sellprice":6613.37,"sushiswapv2sellprice":6612.84,"bakeryswapsellprice":6540.91,"apeswapsellprice":6603.14},{"block":11313891,"timestamp":1632850727,"swapAmountBNB":20,"uniswapv2buyprice":6646.4,"sushiswapv2buyprice":6627.78,"bakeryswapbuyprice":6730.43,"apeswapBuyPrice":6640.27,"uniswapv2sellprice":6612.82,"sushiswapv2sellprice":6608.33,"bakeryswapsellprice":6540.91,"apeswapsellprice":6603.76},{"block":11313922,"timestamp":1632850820,"swapAmountBNB":20,"uniswapv2buyprice":6646.94,"sushiswapv2buyprice":6632.44,"bakeryswapbuyprice":6730.43,"apeswapBuyPrice":6639.65,"uniswapv2sellprice":6613.36,"sushiswapv2sellprice":6612.97,"bakeryswapsellprice":6540.91,"apeswapsellprice":6603.14},{"block":11313892,"timestamp":1632850730,"swapAmountBNB":20,"uniswapv2buyprice":6646.36,"sushiswapv2buyprice":6627.82,"bakeryswapbuyprice":6730.43,"apeswapBuyPrice":6640.27,"uniswapv2sellprice":6612.79,"sushiswapv2sellprice":6608.36,"bakeryswapsellprice":6540.91,"apeswapsellprice":6603.76},{"block":11313923,"timestamp":1632850823,"swapAmountBNB":20,"uniswapv2buyprice":6647.11,"sushiswapv2buyprice":6632.4,"bakeryswapbuyprice":6730.43,"apeswapBuyPrice":6639.65,"uniswapv2sellprice":6613.53,"sushiswapv2sellprice":6612.92,"bakeryswapsellprice":6540.91,"apeswapsellprice":6603.14},{"block":11313893,"timestamp":1632850733,"swapAmountBNB":20,"uniswapv2buyprice":6646.45,"sushiswapv2buyprice":6627.82,"bakeryswapbuyprice":6730.43,"apeswapBuyPrice":6640.27,"uniswapv2sellprice":6612.88,"sushiswapv2sellprice":6608.36,"bakeryswapsellprice":6540.91,"apeswapsellprice":6603.76},{"block":11313924,"timestamp":1632850826,"swapAmountBNB":20,"uniswapv2buyprice":6647.08,"sushiswapv2buyprice":6632.4,"bakeryswapbuyprice":6730.43,"apeswapBuyPrice":6639.66,"uniswapv2sellprice":6613.5,"sushiswapv2sellprice":6612.92,"bakeryswapsellprice":6540.91,"apeswapsellprice":6603.15},{"block":11313894,"timestamp":1632850736,"swapAmountBNB":20,"uniswapv2buyprice":6646.45,"sushiswapv2buyprice":6627.82,"bakeryswapbuyprice":6730.43,"apeswapBuyPrice":6640.27,"uniswapv2sellprice":6612.88,"sushiswapv2sellprice":6608.36,"bakeryswapsellprice":6540.91,"apeswapsellprice":6603.76},{"block":11313895,"timestamp":1632850739,"swapAmountBNB":20,"uniswapv2buyprice":6646.45,"sushiswapv2buyprice":6627.82,"bakeryswapbuyprice":6730.43,"apeswapBuyPrice":6640.27,"uniswapv2sellprice":6612.87,"sushiswapv2sellprice":6608.36,"bakeryswapsellprice":6540.91,"apeswapsellprice":6603.76},{"block":11313925,"timestamp":1632850829,"swapAmountBNB":20,"uniswapv2buyprice":6647.09,"sushiswapv2buyprice":6632.4,"bakeryswapbuyprice":6730.43,"apeswapBuyPrice":6639.66,"uniswapv2sellprice":6613.51,"sushiswapv2sellprice":6612.92,"bakeryswapsellprice":6540.91,"apeswapsellprice":6603.15},{"block":11313896,"timestamp":1632850742,"swapAmountBNB":20,"uniswapv2buyprice":6646.55,"sushiswapv2buyprice":6627.85,"bakeryswapbuyprice":6730.43,"apeswapBuyPrice":6640.27,"uniswapv2sellprice":6612.97,"sushiswapv2sellprice":6608.39,"bakeryswapsellprice":6540.91,"apeswapsellprice":6603.76},{"block":11313926,"timestamp":1632850832,"swapAmountBNB":20,"uniswapv2buyprice":6647.09,"sushiswapv2buyprice":6632.4,"bakeryswapbuyprice":6730.43,"apeswapBuyPrice":6639.66,"uniswapv2sellprice":6613.51,"sushiswapv2sellprice":6612.92,"bakeryswapsellprice":6540.91,"apeswapsellprice":6603.15},{"block":11313897,"timestamp":1632850745,"swapAmountBNB":20,"uniswapv2buyprice":6646.54,"sushiswapv2buyprice":6627.85,"bakeryswapbuyprice":6730.43,"apeswapBuyPrice":6640.27,"uniswapv2sellprice":6612.97,"sushiswapv2sellprice":6608.39,"bakeryswapsellprice":6540.91,"apeswapsellprice":6603.76},{"block":11313927,"timestamp":1632850835,"swapAmountBNB":20,"uniswapv2buyprice":6647.09,"sushiswapv2buyprice":6632.4,"bakeryswapbuyprice":6730.43,"apeswapBuyPrice":6639.66,"uniswapv2sellprice":6613.51,"sushiswapv2sellprice":6612.92,"bakeryswapsellprice":6540.91,"apeswapsellprice":6603.15},{"block":11313898,"timestamp":1632850748,"swapAmountBNB":20,"uniswapv2buyprice":6646.53,"sushiswapv2buyprice":6627.85,"bakeryswapbuyprice":6730.43,"apeswapBuyPrice":6640.27,"uniswapv2sellprice":6612.96,"sushiswapv2sellprice":6608.39,"bakeryswapsellprice":6540.91,"apeswapsellprice":6603.76},{"block":11313928,"timestamp":1632850838,"swapAmountBNB":20,"uniswapv2buyprice":6647.1,"sushiswapv2buyprice":6632.29,"bakeryswapbuyprice":6730.43,"apeswapBuyPrice":6639.98,"uniswapv2sellprice":6613.53,"sushiswapv2sellprice":6612.82,"bakeryswapsellprice":6540.91,"apeswapsellprice":6603.47},{"block":11313899,"timestamp":1632850751,"swapAmountBNB":20,"uniswapv2buyprice":6646.54,"sushiswapv2buyprice":6627.85,"bakeryswapbuyprice":6730.43,"apeswapBuyPrice":6640.27,"uniswapv2sellprice":6612.97,"sushiswapv2sellprice":6608.39,"bakeryswapsellprice":6540.91,"apeswapsellprice":6603.76},{"block":11313929,"timestamp":1632850841,"swapAmountBNB":20,"uniswapv2buyprice":6647.1,"sushiswapv2buyprice":6635.72,"bakeryswapbuyprice":6730.43,"apeswapBuyPrice":6640.17,"uniswapv2sellprice":6613.53,"sushiswapv2sellprice":6616.24,"bakeryswapsellprice":6540.91,"apeswapsellprice":6603.66},{"block":11313929,"timestamp":1632850841,"swapAmountBNB":20,"uniswapv2buyprice":6647.1,"sushiswapv2buyprice":6635.72,"bakeryswapbuyprice":6730.43,"apeswapBuyPrice":6640.17,"uniswapv2sellprice":6613.53,"sushiswapv2sellprice":6616.24,"bakeryswapsellprice":6540.91,"apeswapsellprice":6603.66},{"block":11313900,"timestamp":1632850754,"swapAmountBNB":20,"uniswapv2buyprice":6646.46,"sushiswapv2buyprice":6627.85,"bakeryswapbuyprice":6730.43,"apeswapBuyPrice":6640.31,"uniswapv2sellprice":6612.89,"sushiswapv2sellprice":6608.39,"bakeryswapsellprice":6540.91,"apeswapsellprice":6603.8},{"block":11313930,"timestamp":1632850844,"swapAmountBNB":20,"uniswapv2buyprice":6647.1,"sushiswapv2buyprice":6635.72,"bakeryswapbuyprice":6730.43,"apeswapBuyPrice":6640.17,"uniswapv2sellprice":6613.53,"sushiswapv2sellprice":6616.24,"bakeryswapsellprice":6540.91,"apeswapsellprice":6603.66},{"block":11313930,"timestamp":1632850844,"swapAmountBNB":20,"uniswapv2buyprice":6647.1,"sushiswapv2buyprice":6635.72,"bakeryswapbuyprice":6730.43,"apeswapBuyPrice":6640.17,"uniswapv2sellprice":6613.53,"sushiswapv2sellprice":6616.24,"bakeryswapsellprice":6540.91,"apeswapsellprice":6603.66},{"block":11313901,"timestamp":1632850757,"swapAmountBNB":20,"uniswapv2buyprice":6646.33,"sushiswapv2buyprice":6627.85,"bakeryswapbuyprice":6730.43,"apeswapBuyPrice":6640.31,"uniswapv2sellprice":6612.75,"sushiswapv2sellprice":6608.39,"bakeryswapsellprice":6540.91,"apeswapsellprice":6603.8},{"block":11313902,"timestamp":1632850760,"swapAmountBNB":20,"uniswapv2buyprice":6646.35,"sushiswapv2buyprice":6622.9,"bakeryswapbuyprice":6730.43,"apeswapBuyPrice":6640.31,"uniswapv2sellprice":6612.78,"sushiswapv2sellprice":6603.46,"bakeryswapsellprice":6540.91,"apeswapsellprice":6603.8},{"block":11313931,"timestamp":1632850847,"swapAmountBNB":20,"uniswapv2buyprice":6647.05,"sushiswapv2buyprice":6634.75,"bakeryswapbuyprice":6730.43,"apeswapBuyPrice":6640.31,"uniswapv2sellprice":6613.48,"sushiswapv2sellprice":6615.27,"bakeryswapsellprice":6540.91,"apeswapsellprice":6603.79},{"block":11313931,"timestamp":1632850847,"swapAmountBNB":20,"uniswapv2buyprice":6647.05,"sushiswapv2buyprice":6634.75,"bakeryswapbuyprice":6730.43,"apeswapBuyPrice":6640.31,"uniswapv2sellprice":6613.48,"sushiswapv2sellprice":6615.27,"bakeryswapsellprice":6540.91,"apeswapsellprice":6603.79},{"block":11313932,"timestamp":1632850850,"swapAmountBNB":20,"uniswapv2buyprice":6647.04,"sushiswapv2buyprice":6634.75,"bakeryswapbuyprice":6730.43,"apeswapBuyPrice":6640.31,"uniswapv2sellprice":6613.46,"sushiswapv2sellprice":6615.27,"bakeryswapsellprice":6540.91,"apeswapsellprice":6603.79},{"block":11313932,"timestamp":1632850850,"swapAmountBNB":20,"uniswapv2buyprice":6647.04,"sushiswapv2buyprice":6634.75,"bakeryswapbuyprice":6730.43,"apeswapBuyPrice":6640.31,"uniswapv2sellprice":6613.46,"sushiswapv2sellprice":6615.27,"bakeryswapsellprice":6540.91,"apeswapsellprice":6603.79},{"block":11313903,"timestamp":1632850763,"swapAmountBNB":20,"uniswapv2buyprice":6646.29,"sushiswapv2buyprice":6623.14,"bakeryswapbuyprice":6730.43,"apeswapBuyPrice":6640.31,"uniswapv2sellprice":6612.72,"sushiswapv2sellprice":6603.71,"bakeryswapsellprice":6540.91,"apeswapsellprice":6603.8},{"block":11313933,"timestamp":1632850853,"swapAmountBNB":20,"uniswapv2buyprice":6647.12,"sushiswapv2buyprice":6634.21,"bakeryswapbuyprice":6730.43,"apeswapBuyPrice":6640.31,"uniswapv2sellprice":6613.55,"sushiswapv2sellprice":6614.73,"bakeryswapsellprice":6540.91,"apeswapsellprice":6603.79},{"block":11313904,"timestamp":1632850766,"swapAmountBNB":20,"uniswapv2buyprice":6646.29,"sushiswapv2buyprice":6627.91,"bakeryswapbuyprice":6730.43,"apeswapBuyPrice":6640.28,"uniswapv2sellprice":6612.72,"sushiswapv2sellprice":6608.45,"bakeryswapsellprice":6540.91,"apeswapsellprice":6603.77},{"block":11313934,"timestamp":1632850856,"swapAmountBNB":20,"uniswapv2buyprice":6647.12,"sushiswapv2buyprice":6634.21,"bakeryswapbuyprice":6730.43,"apeswapBuyPrice":6640.51,"uniswapv2sellprice":6613.54,"sushiswapv2sellprice":6614.73,"bakeryswapsellprice":6540.91,"apeswapsellprice":6603.79},{"block":11313905,"timestamp":1632850769,"swapAmountBNB":20,"uniswapv2buyprice":6646.29,"sushiswapv2buyprice":6627.91,"bakeryswapbuyprice":6730.43,"apeswapBuyPrice":6640.28,"uniswapv2sellprice":6612.71,"sushiswapv2sellprice":6608.45,"bakeryswapsellprice":6540.91,"apeswapsellprice":6603.77},{"block":11313935,"timestamp":1632850859,"swapAmountBNB":20,"uniswapv2buyprice":6647.13,"sushiswapv2buyprice":6637.64,"bakeryswapbuyprice":6730.43,"apeswapBuyPrice":6640.51,"uniswapv2sellprice":6613.55,"sushiswapv2sellprice":6618.16,"bakeryswapsellprice":6540.91,"apeswapsellprice":6603.99},{"block":11313936,"timestamp":1632850862,"swapAmountBNB":20,"uniswapv2buyprice":6647.13,"sushiswapv2buyprice":6637.64,"bakeryswapbuyprice":6730.43,"apeswapBuyPrice":6640.51,"uniswapv2sellprice":6613.55,"sushiswapv2sellprice":6618.16,"bakeryswapsellprice":6540.91,"apeswapsellprice":6603.99},{"block":11313906,"timestamp":1632850772,"swapAmountBNB":20,"uniswapv2buyprice":6646.26,"sushiswapv2buyprice":6631.34,"bakeryswapbuyprice":6730.43,"apeswapBuyPrice":6640.28,"uniswapv2sellprice":6612.69,"sushiswapv2sellprice":6611.87,"bakeryswapsellprice":6540.91,"apeswapsellprice":6603.77},{"block":11313907,"timestamp":1632850775,"swapAmountBNB":20,"uniswapv2buyprice":6646.25,"sushiswapv2buyprice":6631.34,"bakeryswapbuyprice":6730.43,"apeswapBuyPrice":6640.28,"uniswapv2sellprice":6612.68,"sushiswapv2sellprice":6611.87,"bakeryswapsellprice":6540.91,"apeswapsellprice":6603.77},{"block":11313937,"timestamp":1632850865,"swapAmountBNB":20,"uniswapv2buyprice":6647.15,"sushiswapv2buyprice":6637.64,"bakeryswapbuyprice":6730.43,"apeswapBuyPrice":6640.51,"uniswapv2sellprice":6613.58,"sushiswapv2sellprice":6618.16,"bakeryswapsellprice":6540.91,"apeswapsellprice":6603.99},{"block":11313908,"timestamp":1632850778,"swapAmountBNB":20,"uniswapv2buyprice":6646.2,"sushiswapv2buyprice":6635.32,"bakeryswapbuyprice":6730.43,"apeswapBuyPrice":6640.28,"uniswapv2sellprice":6612.63,"sushiswapv2sellprice":6611.87,"bakeryswapsellprice":6540.91,"apeswapsellprice":6603.77},{"block":11313938,"timestamp":1632850868,"swapAmountBNB":20,"uniswapv2buyprice":6647.14,"sushiswapv2buyprice":6637.64,"bakeryswapbuyprice":6730.43,"apeswapBuyPrice":6639.71,"uniswapv2sellprice":6613.56,"sushiswapv2sellprice":6618.16,"bakeryswapsellprice":6540.91,"apeswapsellprice":6603.2},{"block":11313909,"timestamp":1632850781,"swapAmountBNB":20,"uniswapv2buyprice":6646.19,"sushiswapv2buyprice":6635.32,"bakeryswapbuyprice":6730.43,"apeswapBuyPrice":6640.28,"uniswapv2sellprice":6612.62,"sushiswapv2sellprice":6615.83,"bakeryswapsellprice":6540.91,"apeswapsellprice":6603.77},{"block":11313910,"timestamp":1632850784,"swapAmountBNB":20,"uniswapv2buyprice":6646.01,"sushiswapv2buyprice":6635.32,"bakeryswapbuyprice":6730.43,"apeswapBuyPrice":6640.28,"uniswapv2sellprice":6612.44,"sushiswapv2sellprice":6615.83,"bakeryswapsellprice":6540.91,"apeswapsellprice":6603.77},{"block":11313939,"timestamp":1632850871,"swapAmountBNB":20,"uniswapv2buyprice":6646.97,"sushiswapv2buyprice":6637.64,"bakeryswapbuyprice":6730.43,"apeswapBuyPrice":6639.71,"uniswapv2sellprice":6613.39,"sushiswapv2sellprice":6618.16,"bakeryswapsellprice":6540.91,"apeswapsellprice":6603.2},{"block":11313940,"timestamp":1632850874,"swapAmountBNB":20,"uniswapv2buyprice":6646.98,"sushiswapv2buyprice":6637.68,"bakeryswapbuyprice":6730.43,"apeswapBuyPrice":6639.71,"uniswapv2sellprice":6613.41,"sushiswapv2sellprice":6618.19,"bakeryswapsellprice":6540.91,"apeswapsellprice":6603.2},{"block":11313911,"timestamp":1632850787,"swapAmountBNB":20,"uniswapv2buyprice":6645.98,"sushiswapv2buyprice":6635.41,"bakeryswapbuyprice":6730.43,"apeswapBuyPrice":6639.75,"uniswapv2sellprice":6612.41,"sushiswapv2sellprice":6615.93,"bakeryswapsellprice":6540.91,"apeswapsellprice":6603.24},{"block":11313912,"timestamp":1632850790,"swapAmountBNB":20,"uniswapv2buyprice":6645.98,"sushiswapv2buyprice":6635.41,"bakeryswapbuyprice":6730.43,"apeswapBuyPrice":6639.75,"uniswapv2sellprice":6612.41,"sushiswapv2sellprice":6615.93,"bakeryswapsellprice":6540.91,"apeswapsellprice":6603.24},{"block":11313941,"timestamp":1632850877,"swapAmountBNB":20,"uniswapv2buyprice":6646.99,"sushiswapv2buyprice":6641.11,"bakeryswapbuyprice":6730.43,"apeswapBuyPrice":6639.71,"uniswapv2sellprice":6613.41,"sushiswapv2sellprice":6621.61,"bakeryswapsellprice":6540.91,"apeswapsellprice":6603.2},{"block":11313913,"timestamp":1632850793,"swapAmountBNB":20,"uniswapv2buyprice":6646,"sushiswapv2buyprice":6635.41,"bakeryswapbuyprice":6730.43,"apeswapBuyPrice":6639.75,"uniswapv2sellprice":6612.43,"sushiswapv2sellprice":6615.93,"bakeryswapsellprice":6540.91,"apeswapsellprice":6603.24},{"block":11313942,"timestamp":1632850880,"swapAmountBNB":20,"uniswapv2buyprice":6646.99,"sushiswapv2buyprice":6640.71,"bakeryswapbuyprice":6730.43,"apeswapBuyPrice":6639.71,"uniswapv2sellprice":6613.41,"sushiswapv2sellprice":6621.22,"bakeryswapsellprice":6540.91,"apeswapsellprice":6603.2},{"block":11313943,"timestamp":1632850883,"swapAmountBNB":20,"uniswapv2buyprice":6646.98,"sushiswapv2buyprice":6640.71,"bakeryswapbuyprice":6730.43,"apeswapBuyPrice":6639.71,"uniswapv2sellprice":6613.4,"sushiswapv2sellprice":6621.22,"bakeryswapsellprice":6540.91,"apeswapsellprice":6603.2},{"block":11313914,"timestamp":1632850796,"swapAmountBNB":20,"uniswapv2buyprice":6646.03,"sushiswapv2buyprice":6635.73,"bakeryswapbuyprice":6730.43,"apeswapBuyPrice":6639.29,"uniswapv2sellprice":6612.46,"sushiswapv2sellprice":6616.25,"bakeryswapsellprice":6540.91,"apeswapsellprice":6602.78},{"block":11313944,"timestamp":1632850886,"swapAmountBNB":20,"uniswapv2buyprice":6646.98,"sushiswapv2buyprice":6640.71,"bakeryswapbuyprice":6730.43,"apeswapBuyPrice":6639.79,"uniswapv2sellprice":6613.4,"sushiswapv2sellprice":6621.22,"bakeryswapsellprice":6540.91,"apeswapsellprice":6603.28},{"block":11313915,"timestamp":1632850799,"swapAmountBNB":20,"uniswapv2buyprice":6646.15,"sushiswapv2buyprice":6635.73,"bakeryswapbuyprice":6730.43,"apeswapBuyPrice":6639.65,"uniswapv2sellprice":6612.58,"sushiswapv2sellprice":6616.25,"bakeryswapsellprice":6540.91,"apeswapsellprice":6603.14},{"block":11313945,"timestamp":1632850889,"swapAmountBNB":20,"uniswapv2buyprice":6646.98,"sushiswapv2buyprice":6640.71,"bakeryswapbuyprice":6730.43,"apeswapBuyPrice":6640.43,"uniswapv2sellprice":6613.41,"sushiswapv2sellprice":6621.22,"bakeryswapsellprice":6540.91,"apeswapsellprice":6603.92},{"block":11313946,"timestamp":1632850892,"swapAmountBNB":20,"uniswapv2buyprice":6646.99,"sushiswapv2buyprice":6640.71,"bakeryswapbuyprice":6730.43,"apeswapBuyPrice":6640.43,"uniswapv2sellprice":6613.41,"sushiswapv2sellprice":6621.22,"bakeryswapsellprice":6540.91,"apeswapsellprice":6603.92},{"block":11313916,"timestamp":1632850802,"swapAmountBNB":20,"uniswapv2buyprice":6646.21,"sushiswapv2buyprice":6632.36,"bakeryswapbuyprice":6730.43,"apeswapBuyPrice":6639.65,"uniswapv2sellprice":6612.64,"sushiswapv2sellprice":6612.89,"bakeryswapsellprice":6540.91,"apeswapsellprice":6603.14},{"block":11313947,"timestamp":1632850895,"swapAmountBNB":20,"uniswapv2buyprice":6647.03,"sushiswapv2buyprice":6644.15,"bakeryswapbuyprice":6730.43,"apeswapBuyPrice":6640.43,"uniswapv2sellprice":6613.45,"sushiswapv2sellprice":6624.64,"bakeryswapsellprice":6540.91,"apeswapsellprice":6603.92},{"block":11313917,"timestamp":1632850805,"swapAmountBNB":20,"uniswapv2buyprice":6646.8,"sushiswapv2buyprice":6632.36,"bakeryswapbuyprice":6730.43,"apeswapBuyPrice":6639.65,"uniswapv2sellprice":6613.22,"sushiswapv2sellprice":6612.89,"bakeryswapsellprice":6540.91,"apeswapsellprice":6603.14},{"block":11313948,"timestamp":1632850898,"swapAmountBNB":20,"uniswapv2buyprice":6647.03,"sushiswapv2buyprice":6644.29,"bakeryswapbuyprice":6730.43,"apeswapBuyPrice":6640.43,"uniswapv2sellprice":6613.46,"sushiswapv2sellprice":6624.78,"bakeryswapsellprice":6540.91,"apeswapsellprice":6603.92},{"block":11313918,"timestamp":1632850808,"swapAmountBNB":20,"uniswapv2buyprice":6646.81,"sushiswapv2buyprice":6632.36,"bakeryswapbuyprice":6730.43,"apeswapBuyPrice":6639.65,"uniswapv2sellprice":6613.23,"sushiswapv2sellprice":6612.89,"bakeryswapsellprice":6540.91,"apeswapsellprice":6603.14},{"block":11313949,"timestamp":1632850901,"swapAmountBNB":20,"uniswapv2buyprice":6647.01,"sushiswapv2buyprice":6644.29,"bakeryswapbuyprice":6730.43,"apeswapBuyPrice":6640.43,"uniswapv2sellprice":6613.44,"sushiswapv2sellprice":6624.78,"bakeryswapsellprice":6540.91,"apeswapsellprice":6603.92},{"block":11313919,"timestamp":1632850811,"swapAmountBNB":20,"uniswapv2buyprice":6646.87,"sushiswapv2buyprice":6632.31,"bakeryswapbuyprice":6730.43,"apeswapBuyPrice":6639.65,"uniswapv2sellprice":6613.29,"sushiswapv2sellprice":6612.84,"bakeryswapsellprice":6540.91,"apeswapsellprice":6603.14},{"block":11313950,"timestamp":1632850904,"swapAmountBNB":20,"uniswapv2buyprice":6646.99,"sushiswapv2buyprice":6644.29,"bakeryswapbuyprice":6730.43,"apeswapBuyPrice":6640.43,"uniswapv2sellprice":6613.41,"sushiswapv2sellprice":6624.78,"bakeryswapsellprice":6540.91,"apeswapsellprice":6603.92},{"block":11313920,"timestamp":1632850814,"swapAmountBNB":20,"uniswapv2buyprice":6646.86,"sushiswapv2buyprice":6632.31,"bakeryswapbuyprice":6730.43,"apeswapBuyPrice":6639.65,"uniswapv2sellprice":6613.29,"sushiswapv2sellprice":6612.84,"bakeryswapsellprice":6540.91,"apeswapsellprice":6603.14},{"block":11313951,"timestamp":1632850907,"swapAmountBNB":20,"uniswapv2buyprice":6646.98,"sushiswapv2buyprice":6644.29,"bakeryswapbuyprice":6730.43,"apeswapBuyPrice":6643.77,"uniswapv2sellprice":6613.4,"sushiswapv2sellprice":6624.78,"bakeryswapsellprice":6540.91,"apeswapsellprice":6607.24},{"block":11313921,"timestamp":1632850817,"swapAmountBNB":20,"uniswapv2buyprice":6646.94,"sushiswapv2buyprice":6632.31,"bakeryswapbuyprice":6730.43,"apeswapBuyPrice":6639.65,"uniswapv2sellprice":6613.37,"sushiswapv2sellprice":6612.84,"bakeryswapsellprice":6540.91,"apeswapsellprice":6603.14},{"block":11313952,"timestamp":1632850910,"swapAmountBNB":20,"uniswapv2buyprice":6646.98,"sushiswapv2buyprice":6644.29,"bakeryswapbuyprice":6730.43,"apeswapBuyPrice":6644.19,"uniswapv2sellprice":6613.4,"sushiswapv2sellprice":6624.78,"bakeryswapsellprice":6540.91,"apeswapsellprice":6607.65},{"block":11313922,"timestamp":1632850820,"swapAmountBNB":20,"uniswapv2buyprice":6646.94,"sushiswapv2buyprice":6632.44,"bakeryswapbuyprice":6730.43,"apeswapBuyPrice":6639.65,"uniswapv2sellprice":6613.36,"sushiswapv2sellprice":6612.97,"bakeryswapsellprice":6540.91,"apeswapsellprice":6603.14},{"block":11313953,"timestamp":1632850913,"swapAmountBNB":20,"uniswapv2buyprice":6645.98,"sushiswapv2buyprice":6644.29,"bakeryswapbuyprice":6730.43,"apeswapBuyPrice":6644.19,"uniswapv2sellprice":6612.41,"sushiswapv2sellprice":6624.78,"bakeryswapsellprice":6540.91,"apeswapsellprice":6607.65},{"block":11313923,"timestamp":1632850823,"swapAmountBNB":20,"uniswapv2buyprice":6647.11,"sushiswapv2buyprice":6632.4,"bakeryswapbuyprice":6730.43,"apeswapBuyPrice":6639.65,"uniswapv2sellprice":6613.53,"sushiswapv2sellprice":6612.92,"bakeryswapsellprice":6540.91,"apeswapsellprice":6603.14},{"block":11313954,"timestamp":1632850916,"swapAmountBNB":20,"uniswapv2buyprice":6645.97,"sushiswapv2buyprice":6644.29,"bakeryswapbuyprice":6730.43,"apeswapBuyPrice":6644.19,"uniswapv2sellprice":6612.4,"sushiswapv2sellprice":6624.78,"bakeryswapsellprice":6540.91,"apeswapsellprice":6607.65},{"block":11313924,"timestamp":1632850826,"swapAmountBNB":20,"uniswapv2buyprice":6647.08,"sushiswapv2buyprice":6632.4,"bakeryswapbuyprice":6730.43,"apeswapBuyPrice":6639.66,"uniswapv2sellprice":6613.5,"sushiswapv2sellprice":6612.92,"bakeryswapsellprice":6540.91,"apeswapsellprice":6603.15},{"block":11313955,"timestamp":1632850919,"swapAmountBNB":20,"uniswapv2buyprice":6646.05,"sushiswapv2buyprice":6644.29,"bakeryswapbuyprice":6730.43,"apeswapBuyPrice":6644.19,"uniswapv2sellprice":6612.48,"sushiswapv2sellprice":6624.78,"bakeryswapsellprice":6540.91,"apeswapsellprice":6607.65},{"block":11313956,"timestamp":1632850922,"swapAmountBNB":20,"uniswapv2buyprice":6646.13,"sushiswapv2buyprice":6644.29,"bakeryswapbuyprice":6730.43,"apeswapBuyPrice":6644.19,"uniswapv2sellprice":6612.56,"sushiswapv2sellprice":6624.78,"bakeryswapsellprice":6540.91,"apeswapsellprice":6607.65},{"block":11313925,"timestamp":1632850829,"swapAmountBNB":20,"uniswapv2buyprice":6647.09,"sushiswapv2buyprice":6632.4,"bakeryswapbuyprice":6730.43,"apeswapBuyPrice":6639.66,"uniswapv2sellprice":6613.51,"sushiswapv2sellprice":6612.92,"bakeryswapsellprice":6540.91,"apeswapsellprice":6603.15},{"block":11313926,"timestamp":1632850832,"swapAmountBNB":20,"uniswapv2buyprice":6647.09,"sushiswapv2buyprice":6632.4,"bakeryswapbuyprice":6730.43,"apeswapBuyPrice":6639.66,"uniswapv2sellprice":6613.51,"sushiswapv2sellprice":6612.92,"bakeryswapsellprice":6540.91,"apeswapsellprice":6603.15},{"block":11313957,"timestamp":1632850925,"swapAmountBNB":20,"uniswapv2buyprice":6646.18,"sushiswapv2buyprice":6644.05,"bakeryswapbuyprice":6730.43,"apeswapBuyPrice":6644.19,"uniswapv2sellprice":6612.6,"sushiswapv2sellprice":6624.54,"bakeryswapsellprice":6540.91,"apeswapsellprice":6607.65},{"block":11313927,"timestamp":1632850835,"swapAmountBNB":20,"uniswapv2buyprice":6647.09,"sushiswapv2buyprice":6632.4,"bakeryswapbuyprice":6730.43,"apeswapBuyPrice":6639.98,"uniswapv2sellprice":6613.51,"sushiswapv2sellprice":6612.92,"bakeryswapsellprice":6540.91,"apeswapsellprice":6603.47},{"block":11313958,"timestamp":1632850928,"swapAmountBNB":20,"uniswapv2buyprice":6646.03,"sushiswapv2buyprice":6641.21,"bakeryswapbuyprice":6730.43,"apeswapBuyPrice":6644.23,"uniswapv2sellprice":6612.46,"sushiswapv2sellprice":6621.71,"bakeryswapsellprice":6540.91,"apeswapsellprice":6607.7},{"block":11313928,"timestamp":1632850838,"swapAmountBNB":20,"uniswapv2buyprice":6647.1,"sushiswapv2buyprice":6632.29,"bakeryswapbuyprice":6730.43,"apeswapBuyPrice":6640.17,"uniswapv2sellprice":6613.53,"sushiswapv2sellprice":6612.82,"bakeryswapsellprice":6540.91,"apeswapsellprice":6603.66},{"block":11313959,"timestamp":1632850931,"swapAmountBNB":20,"uniswapv2buyprice":6646.01,"sushiswapv2buyprice":6641.27,"bakeryswapbuyprice":6730.43,"apeswapBuyPrice":6644.5,"uniswapv2sellprice":6612.44,"sushiswapv2sellprice":6621.76,"bakeryswapsellprice":6540.91,"apeswapsellprice":6607.96},{"block":11313929,"timestamp":1632850841,"swapAmountBNB":20,"uniswapv2buyprice":6647.1,"sushiswapv2buyprice":6635.72,"bakeryswapbuyprice":6730.43,"apeswapBuyPrice":6640.17,"uniswapv2sellprice":6613.53,"sushiswapv2sellprice":6616.24,"bakeryswapsellprice":6540.91,"apeswapsellprice":6603.66},{"block":11313960,"timestamp":1632850934,"swapAmountBNB":20,"uniswapv2buyprice":6646.01,"sushiswapv2buyprice":6641.27,"bakeryswapbuyprice":6730.43,"apeswapBuyPrice":6644.5,"uniswapv2sellprice":6612.44,"sushiswapv2sellprice":6621.76,"bakeryswapsellprice":6540.91,"apeswapsellprice":6607.96},{"block":11313961,"timestamp":1632850937,"swapAmountBNB":20,"uniswapv2buyprice":6646.01,"sushiswapv2buyprice":6641.27,"bakeryswapbuyprice":6730.43,"apeswapBuyPrice":6644.5,"uniswapv2sellprice":6612.44,"sushiswapv2sellprice":6621.76,"bakeryswapsellprice":6540.91,"apeswapsellprice":6607.96},{"block":11313930,"timestamp":1632850844,"swapAmountBNB":20,"uniswapv2buyprice":6647.1,"sushiswapv2buyprice":6635.72,"bakeryswapbuyprice":6730.43,"apeswapBuyPrice":6640.17,"uniswapv2sellprice":6613.53,"sushiswapv2sellprice":6616.24,"bakeryswapsellprice":6540.91,"apeswapsellprice":6603.66},{"block":11313931,"timestamp":1632850847,"swapAmountBNB":20,"uniswapv2buyprice":6647.05,"sushiswapv2buyprice":6635.85,"bakeryswapbuyprice":6730.43,"apeswapBuyPrice":6640.31,"uniswapv2sellprice":6613.48,"sushiswapv2sellprice":6616.37,"bakeryswapsellprice":6540.91,"apeswapsellprice":6603.79},{"block":11313962,"timestamp":1632850940,"swapAmountBNB":20,"uniswapv2buyprice":6645.98,"sushiswapv2buyprice":6642.63,"bakeryswapbuyprice":6730.43,"apeswapBuyPrice":6644.5,"uniswapv2sellprice":6612.41,"sushiswapv2sellprice":6623.13,"bakeryswapsellprice":6540.91,"apeswapsellprice":6607.96},{"block":11313932,"timestamp":1632850850,"swapAmountBNB":20,"uniswapv2buyprice":6647.04,"sushiswapv2buyprice":6634.75,"bakeryswapbuyprice":6730.43,"apeswapBuyPrice":6640.31,"uniswapv2sellprice":6613.46,"sushiswapv2sellprice":6615.27,"bakeryswapsellprice":6540.91,"apeswapsellprice":6603.79},{"block":11313963,"timestamp":1632850943,"swapAmountBNB":20,"uniswapv2buyprice":6646.02,"sushiswapv2buyprice":6640.76,"bakeryswapbuyprice":6730.43,"apeswapBuyPrice":6644.5,"uniswapv2sellprice":6612.45,"sushiswapv2sellprice":6621.26,"bakeryswapsellprice":6540.91,"apeswapsellprice":6607.96},{"block":11313933,"timestamp":1632850853,"swapAmountBNB":20,"uniswapv2buyprice":6647.12,"sushiswapv2buyprice":6634.21,"bakeryswapbuyprice":6730.43,"apeswapBuyPrice":6640.31,"uniswapv2sellprice":6613.55,"sushiswapv2sellprice":6614.73,"bakeryswapsellprice":6540.91,"apeswapsellprice":6603.79},{"block":11313964,"timestamp":1632850946,"swapAmountBNB":20,"uniswapv2buyprice":6646.04,"sushiswapv2buyprice":6640.76,"bakeryswapbuyprice":6730.43,"apeswapBuyPrice":6644.5,"uniswapv2sellprice":6612.47,"sushiswapv2sellprice":6621.26,"bakeryswapsellprice":6540.91,"apeswapsellprice":6607.96},{"block":11313934,"timestamp":1632850856,"swapAmountBNB":20,"uniswapv2buyprice":6647.12,"sushiswapv2buyprice":6634.21,"bakeryswapbuyprice":6730.43,"apeswapBuyPrice":6640.51,"uniswapv2sellprice":6613.54,"sushiswapv2sellprice":6614.73,"bakeryswapsellprice":6540.91,"apeswapsellprice":6603.79},{"block":11313965,"timestamp":1632850949,"swapAmountBNB":20,"uniswapv2buyprice":6646.06,"sushiswapv2buyprice":6640.76,"bakeryswapbuyprice":6730.43,"apeswapBuyPrice":6644.5,"uniswapv2sellprice":6612.48,"sushiswapv2sellprice":6621.26,"bakeryswapsellprice":6540.91,"apeswapsellprice":6607.96},{"block":11313935,"timestamp":1632850859,"swapAmountBNB":20,"uniswapv2buyprice":6647.13,"sushiswapv2buyprice":6637.64,"bakeryswapbuyprice":6730.43,"apeswapBuyPrice":6640.51,"uniswapv2sellprice":6613.55,"sushiswapv2sellprice":6618.16,"bakeryswapsellprice":6540.91,"apeswapsellprice":6603.99},{"block":11313966,"timestamp":1632850952,"swapAmountBNB":20,"uniswapv2buyprice":6646.06,"sushiswapv2buyprice":6639.07,"bakeryswapbuyprice":6730.43,"apeswapBuyPrice":6644.5,"uniswapv2sellprice":6612.48,"sushiswapv2sellprice":6619.58,"bakeryswapsellprice":6540.91,"apeswapsellprice":6607.96},{"block":11313936,"timestamp":1632850862,"swapAmountBNB":20,"uniswapv2buyprice":6647.13,"sushiswapv2buyprice":6637.64,"bakeryswapbuyprice":6730.43,"apeswapBuyPrice":6640.51,"uniswapv2sellprice":6613.55,"sushiswapv2sellprice":6618.16,"bakeryswapsellprice":6540.91,"apeswapsellprice":6603.99},{"block":11313967,"timestamp":1632850955,"swapAmountBNB":20,"uniswapv2buyprice":6646.06,"sushiswapv2buyprice":6639.07,"bakeryswapbuyprice":6730.43,"apeswapBuyPrice":6644.5,"uniswapv2sellprice":6612.48,"sushiswapv2sellprice":6619.58,"bakeryswapsellprice":6540.91,"apeswapsellprice":6607.96},{"block":11313937,"timestamp":1632850865,"swapAmountBNB":20,"uniswapv2buyprice":6647.15,"sushiswapv2buyprice":6637.64,"bakeryswapbuyprice":6730.43,"apeswapBuyPrice":6640.43,"uniswapv2sellprice":6613.58,"sushiswapv2sellprice":6618.16,"bakeryswapsellprice":6540.91,"apeswapsellprice":6603.91}]}