{"table":[{"block":11315894,"timestamp":1632856797,"swapAmountBNB":20,"uniswapv2buyprice":6721.38,"sushiswapv2buyprice":6710.86,"bakeryswapbuyprice":6798.44,"apeswapBuyPrice":6725.18,"uniswapv2sellprice":6687.42,"sushiswapv2sellprice":6690.92,"bakeryswapsellprice":6606.26,"apeswapsellprice":6688.13},{"block":11315895,"timestamp":1632856800,"swapAmountBNB":20,"uniswapv2buyprice":6721.53,"sushiswapv2buyprice":6710.86,"bakeryswapbuyprice":6798.44,"apeswapBuyPrice":6725.18,"uniswapv2sellprice":6687.57,"sushiswapv2sellprice":6690.92,"bakeryswapsellprice":6606.26,"apeswapsellprice":6688.13},{"block":11315896,"timestamp":1632856805,"swapAmountBNB":20,"uniswapv2buyprice":6721.53,"sushiswapv2buyprice":6711.11,"bakeryswapbuyprice":6798.44,"apeswapBuyPrice":6725.18,"uniswapv2sellprice":6687.57,"sushiswapv2sellprice":6691.17,"bakeryswapsellprice":6606.26,"apeswapsellprice":6688.13},{"block":11315897,"timestamp":1632856808,"swapAmountBNB":20,"uniswapv2buyprice":6721.11,"sushiswapv2buyprice":6711.11,"bakeryswapbuyprice":6798.44,"apeswapBuyPrice":6725.18,"uniswapv2sellprice":6687.15,"sushiswapv2sellprice":6691.17,"bakeryswapsellprice":6606.26,"apeswapsellprice":6688.13},{"block":11315898,"timestamp":1632856811,"swapAmountBNB":20,"uniswapv2buyprice":6721.16,"sushiswapv2buyprice":6711.93,"bakeryswapbuyprice":6798.44,"apeswapBuyPrice":6723.9,"uniswapv2sellprice":6687.21,"sushiswapv2sellprice":6691.98,"bakeryswapsellprice":6606.26,"apeswapsellprice":6686.86},{"block":11315899,"timestamp":1632856814,"swapAmountBNB":20,"uniswapv2buyprice":6721.26,"sushiswapv2buyprice":6711.93,"bakeryswapbuyprice":6798.44,"apeswapBuyPrice":6723.9,"uniswapv2sellprice":6687.3,"sushiswapv2sellprice":6691.98,"bakeryswapsellprice":6606.26,"apeswapsellprice":6686.86},{"block":11315900,"timestamp":1632856817,"swapAmountBNB":20,"uniswapv2buyprice":6721.26,"sushiswapv2buyprice":6710.96,"bakeryswapbuyprice":6798.44,"apeswapBuyPrice":6723.87,"uniswapv2sellprice":6687.3,"sushiswapv2sellprice":6691.02,"bakeryswapsellprice":6606.26,"apeswapsellprice":6686.84},{"block":11315901,"timestamp":1632856820,"swapAmountBNB":20,"uniswapv2buyprice":6721.2,"sushiswapv2buyprice":6710.96,"bakeryswapbuyprice":6798.44,"apeswapBuyPrice":6723.87,"uniswapv2sellprice":6687.25,"sushiswapv2sellprice":6691.02,"bakeryswapsellprice":6606.26,"apeswapsellprice":6686.84},{"block":11315902,"timestamp":1632856823,"swapAmountBNB":20,"uniswapv2buyprice":6722.01,"sushiswapv2buyprice":6710.96,"bakeryswapbuyprice":6798.44,"apeswapBuyPrice":6723.87,"uniswapv2sellprice":6688.05,"sushiswapv2sellprice":6691.02,"bakeryswapsellprice":6606.26,"apeswapsellprice":6686.84},{"block":11315903,"timestamp":1632856828,"swapAmountBNB":20,"uniswapv2buyprice":6722.08,"sushiswapv2buyprice":6708.6,"bakeryswapbuyprice":6798.44,"apeswapBuyPrice":6723.72,"uniswapv2sellprice":6688.12,"sushiswapv2sellprice":6687.21,"bakeryswapsellprice":6606.26,"apeswapsellprice":6686.68},{"block":11315904,"timestamp":1632856831,"swapAmountBNB":20,"uniswapv2buyprice":6722.44,"sushiswapv2buyprice":6708.6,"bakeryswapbuyprice":6798.44,"apeswapBuyPrice":6723.72,"uniswapv2sellprice":6688.48,"sushiswapv2sellprice":6688.67,"bakeryswapsellprice":6606.26,"apeswapsellprice":6686.68},{"block":11315905,"timestamp":1632856834,"swapAmountBNB":20,"uniswapv2buyprice":6722.29,"sushiswapv2buyprice":6708.6,"bakeryswapbuyprice":6798.44,"apeswapBuyPrice":6723.82,"uniswapv2sellprice":6688.33,"sushiswapv2sellprice":6688.67,"bakeryswapsellprice":6606.26,"apeswapsellprice":6686.79},{"block":11315906,"timestamp":1632856840,"swapAmountBNB":20,"uniswapv2buyprice":6722.29,"sushiswapv2buyprice":6708.6,"bakeryswapbuyprice":6798.44,"apeswapBuyPrice":6723.82,"uniswapv2sellprice":6688.33,"sushiswapv2sellprice":6688.67,"bakeryswapsellprice":6606.26,"apeswapsellprice":6686.79},{"block":11315907,"timestamp":1632856843,"swapAmountBNB":20,"uniswapv2buyprice":6722.3,"sushiswapv2buyprice":6708.27,"bakeryswapbuyprice":6798.44,"apeswapBuyPrice":6723.82,"uniswapv2sellprice":6688.34,"sushiswapv2sellprice":6688.34,"bakeryswapsellprice":6606.26,"apeswapsellprice":6686.79},{"block":11315908,"timestamp":1632856846,"swapAmountBNB":20,"uniswapv2buyprice":6722.3,"sushiswapv2buyprice":6708.27,"bakeryswapbuyprice":6798.44,"apeswapBuyPrice":6723.82,"uniswapv2sellprice":6688.35,"sushiswapv2sellprice":6688.34,"bakeryswapsellprice":6606.26,"apeswapsellprice":6686.79},{"block":11315909,"timestamp":1632856849,"swapAmountBNB":20,"uniswapv2buyprice":6722.29,"sushiswapv2buyprice":6708.27,"bakeryswapbuyprice":6799.14,"apeswapBuyPrice":6723.82,"uniswapv2sellprice":6688.34,"sushiswapv2sellprice":6688.34,"bakeryswapsellprice":6606.93,"apeswapsellprice":6686.79},{"block":11315910,"timestamp":1632856852,"swapAmountBNB":20,"uniswapv2buyprice":6722.28,"sushiswapv2buyprice":6708.27,"bakeryswapbuyprice":6799.14,"apeswapBuyPrice":6723.82,"uniswapv2sellprice":6688.32,"sushiswapv2sellprice":6688.34,"bakeryswapsellprice":6606.93,"apeswapsellprice":6686.79},{"block":11315911,"timestamp":1632856855,"swapAmountBNB":20,"uniswapv2buyprice":6722.28,"sushiswapv2buyprice":6708.27,"bakeryswapbuyprice":6799.14,"apeswapBuyPrice":6723.82,"uniswapv2sellprice":6688.33,"sushiswapv2sellprice":6688.34,"bakeryswapsellprice":6606.93,"apeswapsellprice":6686.79},{"block":11315912,"timestamp":1632856861,"swapAmountBNB":20,"uniswapv2buyprice":6722.29,"sushiswapv2buyprice":6708.27,"bakeryswapbuyprice":6799.14,"apeswapBuyPrice":6723.82,"uniswapv2sellprice":6688.33,"sushiswapv2sellprice":6688.34,"bakeryswapsellprice":6606.93,"apeswapsellprice":6686.79},{"block":11315913,"timestamp":1632856864,"swapAmountBNB":20,"uniswapv2buyprice":6722.27,"sushiswapv2buyprice":6708.03,"bakeryswapbuyprice":6799.14,"apeswapBuyPrice":6723.75,"uniswapv2sellprice":6688.31,"sushiswapv2sellprice":6688.1,"bakeryswapsellprice":6606.93,"apeswapsellprice":6686.71},{"block":11315914,"timestamp":1632856867,"swapAmountBNB":20,"uniswapv2buyprice":6722.28,"sushiswapv2buyprice":6708.03,"bakeryswapbuyprice":6799.14,"apeswapBuyPrice":6723.75,"uniswapv2sellprice":6688.32,"sushiswapv2sellprice":6688.1,"bakeryswapsellprice":6606.93,"apeswapsellprice":6686.71},{"block":11315915,"timestamp":1632856870,"swapAmountBNB":20,"uniswapv2buyprice":6722.28,"sushiswapv2buyprice":6708.03,"bakeryswapbuyprice":6799.14,"apeswapBuyPrice":6723.62,"uniswapv2sellprice":6688.32,"sushiswapv2sellprice":6688.1,"bakeryswapsellprice":6606.93,"apeswapsellprice":6686.58},{"block":11315916,"timestamp":1632856873,"swapAmountBNB":20,"uniswapv2buyprice":6722.33,"sushiswapv2buyprice":6708.03,"bakeryswapbuyprice":6799.14,"apeswapBuyPrice":6723.62,"uniswapv2sellprice":6688.38,"sushiswapv2sellprice":6688.1,"bakeryswapsellprice":6606.93,"apeswapsellprice":6686.58},{"block":11315917,"timestamp":1632856878,"swapAmountBNB":20,"uniswapv2buyprice":6722.34,"sushiswapv2buyprice":6708.03,"bakeryswapbuyprice":6799.14,"apeswapBuyPrice":6723.62,"uniswapv2sellprice":6688.38,"sushiswapv2sellprice":6688.1,"bakeryswapsellprice":6606.93,"apeswapsellprice":6686.58},{"block":11315918,"timestamp":1632856881,"swapAmountBNB":20,"uniswapv2buyprice":6722.34,"sushiswapv2buyprice":6707.98,"bakeryswapbuyprice":6799.14,"apeswapBuyPrice":6723.55,"uniswapv2sellprice":6688.36,"sushiswapv2sellprice":6688.05,"bakeryswapsellprice":6606.93,"apeswapsellprice":6686.52},{"block":11315919,"timestamp":1632856884,"swapAmountBNB":20,"uniswapv2buyprice":6722.32,"sushiswapv2buyprice":6707.93,"bakeryswapbuyprice":6799.14,"apeswapBuyPrice":6723.55,"uniswapv2sellprice":6688.38,"sushiswapv2sellprice":6688.05,"bakeryswapsellprice":6606.93,"apeswapsellprice":6686.52},{"block":11315920,"timestamp":1632856887,"swapAmountBNB":20,"uniswapv2buyprice":6722.33,"sushiswapv2buyprice":6707.93,"bakeryswapbuyprice":6799.14,"apeswapBuyPrice":6723.55,"uniswapv2sellprice":6688.36,"sushiswapv2sellprice":6688,"bakeryswapsellprice":6606.93,"apeswapsellprice":6686.52},{"block":11315921,"timestamp":1632856890,"swapAmountBNB":20,"uniswapv2buyprice":6722.31,"sushiswapv2buyprice":6707.93,"bakeryswapbuyprice":6799.14,"apeswapBuyPrice":6723.55,"uniswapv2sellprice":6688.37,"sushiswapv2sellprice":6688,"bakeryswapsellprice":6606.93,"apeswapsellprice":6686.52},{"block":11315923,"timestamp":1632856896,"swapAmountBNB":20,"uniswapv2buyprice":6722.31,"sushiswapv2buyprice":6707.93,"bakeryswapbuyprice":6799.14,"apeswapBuyPrice":6723.55,"uniswapv2sellprice":6688.35,"sushiswapv2sellprice":6688,"bakeryswapsellprice":6606.93,"apeswapsellprice":6686.52},{"block":11315924,"timestamp":1632856899,"swapAmountBNB":20,"uniswapv2buyprice":6722.31,"sushiswapv2buyprice":6707.93,"bakeryswapbuyprice":6799.14,"apeswapBuyPrice":6723.55,"uniswapv2sellprice":6688.35,"sushiswapv2sellprice":6688,"bakeryswapsellprice":6606.93,"apeswapsellprice":6686.52},{"block":11315925,"timestamp":1632856902,"swapAmountBNB":20,"uniswapv2buyprice":6722.31,"sushiswapv2buyprice":6707.93,"bakeryswapbuyprice":6799.14,"apeswapBuyPrice":6721.75,"uniswapv2sellprice":6688.35,"sushiswapv2sellprice":6688,"bakeryswapsellprice":6606.93,"apeswapsellprice":6684.73},{"block":11315926,"timestamp":1632856907,"swapAmountBNB":20,"uniswapv2buyprice":6721.74,"sushiswapv2buyprice":6711.99,"bakeryswapbuyprice":6799.14,"apeswapBuyPrice":6721.75,"uniswapv2sellprice":6687.79,"sushiswapv2sellprice":6692.04,"bakeryswapsellprice":6606.93,"apeswapsellprice":6684.73},{"block":11315927,"timestamp":1632856910,"swapAmountBNB":20,"uniswapv2buyprice":6721.91,"sushiswapv2buyprice":6711.85,"bakeryswapbuyprice":6799.14,"apeswapBuyPrice":6721.75,"uniswapv2sellprice":6687.95,"sushiswapv2sellprice":6691.9,"bakeryswapsellprice":6606.93,"apeswapsellprice":6684.73},{"block":11315928,"timestamp":1632856918,"swapAmountBNB":20,"uniswapv2buyprice":6721.95,"sushiswapv2buyprice":6711.85,"bakeryswapbuyprice":6799.14,"apeswapBuyPrice":6721.75,"uniswapv2sellprice":6688,"sushiswapv2sellprice":6691.9,"bakeryswapsellprice":6606.93,"apeswapsellprice":6684.73},{"block":11315929,"timestamp":1632856921,"swapAmountBNB":20,"uniswapv2buyprice":6722.33,"sushiswapv2buyprice":6712.17,"bakeryswapbuyprice":6799.14,"apeswapBuyPrice":6721.75,"uniswapv2sellprice":6688.37,"sushiswapv2sellprice":6692.23,"bakeryswapsellprice":6606.93,"apeswapsellprice":6684.73},{"block":11315930,"timestamp":1632856924,"swapAmountBNB":20,"uniswapv2buyprice":6722.32,"sushiswapv2buyprice":6709.35,"bakeryswapbuyprice":6799.14,"apeswapBuyPrice":6721.75,"uniswapv2sellprice":6688.37,"sushiswapv2sellprice":6689.42,"bakeryswapsellprice":6606.93,"apeswapsellprice":6684.73},{"block":11315931,"timestamp":1632856927,"swapAmountBNB":20,"uniswapv2buyprice":6722.32,"sushiswapv2buyprice":6709.35,"bakeryswapbuyprice":6799.14,"apeswapBuyPrice":6721.75,"uniswapv2sellprice":6688.37,"sushiswapv2sellprice":6689.42,"bakeryswapsellprice":6606.93,"apeswapsellprice":6684.73},{"block":11315932,"timestamp":1632856930,"swapAmountBNB":20,"uniswapv2buyprice":6722.15,"sushiswapv2buyprice":6709.35,"bakeryswapbuyprice":6799.14,"apeswapBuyPrice":6721.75,"uniswapv2sellprice":6688.2,"sushiswapv2sellprice":6689.42,"bakeryswapsellprice":6606.93,"apeswapsellprice":6684.73},{"block":11315933,"timestamp":1632856933,"swapAmountBNB":20,"uniswapv2buyprice":6722.27,"sushiswapv2buyprice":6709.35,"bakeryswapbuyprice":6799.14,"apeswapBuyPrice":6721.75,"uniswapv2sellprice":6688.31,"sushiswapv2sellprice":6689.42,"bakeryswapsellprice":6606.93,"apeswapsellprice":6684.73},{"block":11315934,"timestamp":1632856936,"swapAmountBNB":20,"uniswapv2buyprice":6722.24,"sushiswapv2buyprice":6707.98,"bakeryswapbuyprice":6799.14,"apeswapBuyPrice":6721.75,"uniswapv2sellprice":6688.28,"sushiswapv2sellprice":6688.05,"bakeryswapsellprice":6606.93,"apeswapsellprice":6684.73},{"block":11315935,"timestamp":1632856939,"swapAmountBNB":20,"uniswapv2buyprice":6722.34,"sushiswapv2buyprice":6708.22,"bakeryswapbuyprice":6799.14,"apeswapBuyPrice":6721.75,"uniswapv2sellprice":6688.38,"sushiswapv2sellprice":6688.29,"bakeryswapsellprice":6606.93,"apeswapsellprice":6684.73},{"block":11315936,"timestamp":1632856943,"swapAmountBNB":20,"uniswapv2buyprice":6722.33,"sushiswapv2buyprice":6708.22,"bakeryswapbuyprice":6799.14,"apeswapBuyPrice":6721.75,"uniswapv2sellprice":6688.37,"sushiswapv2sellprice":6688.29,"bakeryswapsellprice":6606.93,"apeswapsellprice":6684.73},{"block":11315937,"timestamp":1632856946,"swapAmountBNB":20,"uniswapv2buyprice":6722.32,"sushiswapv2buyprice":6705.65,"bakeryswapbuyprice":6799.14,"apeswapBuyPrice":6721.75,"uniswapv2sellprice":6688.36,"sushiswapv2sellprice":6685.72,"bakeryswapsellprice":6606.93,"apeswapsellprice":6684.73},{"block":11315938,"timestamp":1632856949,"swapAmountBNB":20,"uniswapv2buyprice":6722.31,"sushiswapv2buyprice":6705.65,"bakeryswapbuyprice":6799.14,"apeswapBuyPrice":6721.75,"uniswapv2sellprice":6688.35,"sushiswapv2sellprice":6685.72,"bakeryswapsellprice":6606.93,"apeswapsellprice":6684.73},{"block":11315939,"timestamp":1632856952,"swapAmountBNB":20,"uniswapv2buyprice":6722.31,"sushiswapv2buyprice":6705.65,"bakeryswapbuyprice":6799.14,"apeswapBuyPrice":6721.75,"uniswapv2sellprice":6688.35,"sushiswapv2sellprice":6685.72,"bakeryswapsellprice":6606.93,"apeswapsellprice":6684.73},{"block":11315940,"timestamp":1632856955,"swapAmountBNB":20,"uniswapv2buyprice":6722.48,"sushiswapv2buyprice":6705.65,"bakeryswapbuyprice":6799.14,"apeswapBuyPrice":6721.75,"uniswapv2sellprice":6688.52,"sushiswapv2sellprice":6685.72,"bakeryswapsellprice":6606.93,"apeswapsellprice":6684.73},{"block":11315941,"timestamp":1632856958,"swapAmountBNB":20,"uniswapv2buyprice":6722.48,"sushiswapv2buyprice":6705.65,"bakeryswapbuyprice":6799.14,"apeswapBuyPrice":6722.28,"uniswapv2sellprice":6688.52,"sushiswapv2sellprice":6685.72,"bakeryswapsellprice":6606.93,"apeswapsellprice":6684.73},{"block":11315942,"timestamp":1632856961,"swapAmountBNB":20,"uniswapv2buyprice":6722.48,"sushiswapv2buyprice":6705.65,"bakeryswapbuyprice":6799.14,"apeswapBuyPrice":6722.28,"uniswapv2sellprice":6688.52,"sushiswapv2sellprice":6685.72,"bakeryswapsellprice":6606.93,"apeswapsellprice":6685.25},{"block":11315943,"timestamp":1632856964,"swapAmountBNB":20,"uniswapv2buyprice":6722.18,"sushiswapv2buyprice":6705.65,"bakeryswapbuyprice":6799.14,"apeswapBuyPrice":6722.28,"uniswapv2sellprice":6688.22,"sushiswapv2sellprice":6685.72,"bakeryswapsellprice":6606.93,"apeswapsellprice":6685.25},{"block":11315944,"timestamp":1632856967,"swapAmountBNB":20,"uniswapv2buyprice":6721.05,"sushiswapv2buyprice":6705.65,"bakeryswapbuyprice":6799.14,"apeswapBuyPrice":6722.28,"uniswapv2sellprice":6687.1,"sushiswapv2sellprice":6685.72,"bakeryswapsellprice":6606.93,"apeswapsellprice":6685.25},{"block":11315945,"timestamp":1632856970,"swapAmountBNB":20,"uniswapv2buyprice":6721.05,"sushiswapv2buyprice":6705.65,"bakeryswapbuyprice":6799.14,"apeswapBuyPrice":6722.28,"uniswapv2sellprice":6687.1,"sushiswapv2sellprice":6685.72,"bakeryswapsellprice":6606.93,"apeswapsellprice":6685.25},{"block":11315946,"timestamp":1632856975,"swapAmountBNB":20,"uniswapv2buyprice":6721.05,"sushiswapv2buyprice":6705.65,"bakeryswapbuyprice":6799.14,"apeswapBuyPrice":6722.07,"uniswapv2sellprice":6687.1,"sushiswapv2sellprice":6685.72,"bakeryswapsellprice":6606.93,"apeswapsellprice":6685.04},{"block":11315947,"timestamp":1632856978,"swapAmountBNB":20,"uniswapv2buyprice":6720.98,"sushiswapv2buyprice":6705.65,"bakeryswapbuyprice":6799.14,"apeswapBuyPrice":6722.07,"uniswapv2sellprice":6687.03,"sushiswapv2sellprice":6685.72,"bakeryswapsellprice":6606.93,"apeswapsellprice":6685.04},{"block":11315948,"timestamp":1632856981,"swapAmountBNB":20,"uniswapv2buyprice":6720.66,"sushiswapv2buyprice":6706.18,"bakeryswapbuyprice":6799.14,"apeswapBuyPrice":6722.07,"uniswapv2sellprice":6687.03,"sushiswapv2sellprice":6686.26,"bakeryswapsellprice":6606.93,"apeswapsellprice":6685.04},{"block":11315949,"timestamp":1632856984,"swapAmountBNB":20,"uniswapv2buyprice":6720.66,"sushiswapv2buyprice":6706.18,"bakeryswapbuyprice":6799.14,"apeswapBuyPrice":6722.07,"uniswapv2sellprice":6686.71,"sushiswapv2sellprice":6686.26,"bakeryswapsellprice":6606.93,"apeswapsellprice":6685.04},{"block":11315950,"timestamp":1632856987,"swapAmountBNB":20,"uniswapv2buyprice":6720.66,"sushiswapv2buyprice":6706.43,"bakeryswapbuyprice":6799.14,"apeswapBuyPrice":6722.07,"uniswapv2sellprice":6686.71,"sushiswapv2sellprice":6686.5,"bakeryswapsellprice":6606.93,"apeswapsellprice":6685.04},{"block":11315951,"timestamp":1632856993,"swapAmountBNB":20,"uniswapv2buyprice":6720.67,"sushiswapv2buyprice":6710.61,"bakeryswapbuyprice":6799.14,"apeswapBuyPrice":6722.07,"uniswapv2sellprice":6686.72,"sushiswapv2sellprice":6690.67,"bakeryswapsellprice":6606.93,"apeswapsellprice":6685.04},{"block":11315952,"timestamp":1632856996,"swapAmountBNB":20,"uniswapv2buyprice":6720.66,"sushiswapv2buyprice":6710.61,"bakeryswapbuyprice":6799.14,"apeswapBuyPrice":6722.07,"uniswapv2sellprice":6686.71,"sushiswapv2sellprice":6690.67,"bakeryswapsellprice":6606.93,"apeswapsellprice":6685.04},{"block":11315953,"timestamp":1632856999,"swapAmountBNB":20,"uniswapv2buyprice":6720.65,"sushiswapv2buyprice":6710.63,"bakeryswapbuyprice":6799.14,"apeswapBuyPrice":6722.07,"uniswapv2sellprice":6686.7,"sushiswapv2sellprice":6690.69,"bakeryswapsellprice":6606.93,"apeswapsellprice":6685.04},{"block":11315954,"timestamp":1632857002,"swapAmountBNB":20,"uniswapv2buyprice":6720.56,"sushiswapv2buyprice":6710.63,"bakeryswapbuyprice":6799.14,"apeswapBuyPrice":6721.98,"uniswapv2sellprice":6686.62,"sushiswapv2sellprice":6690.69,"bakeryswapsellprice":6606.93,"apeswapsellprice":6684.96},{"block":11315955,"timestamp":1632857005,"swapAmountBNB":20,"uniswapv2buyprice":6720.68,"sushiswapv2buyprice":6710.63,"bakeryswapbuyprice":6799.14,"apeswapBuyPrice":6723,"uniswapv2sellprice":6686.73,"sushiswapv2sellprice":6690.69,"bakeryswapsellprice":6606.93,"apeswapsellprice":6685.97},{"block":11315956,"timestamp":1632857008,"swapAmountBNB":20,"uniswapv2buyprice":6720.72,"sushiswapv2buyprice":6710.63,"bakeryswapbuyprice":6799.14,"apeswapBuyPrice":6723,"uniswapv2sellprice":6686.77,"sushiswapv2sellprice":6690.69,"bakeryswapsellprice":6606.93,"apeswapsellprice":6685.97},{"block":11315957,"timestamp":1632857011,"swapAmountBNB":20,"uniswapv2buyprice":6720.72,"sushiswapv2buyprice":6710.63,"bakeryswapbuyprice":6799.14,"apeswapBuyPrice":6723,"uniswapv2sellprice":6686.77,"sushiswapv2sellprice":6690.69,"bakeryswapsellprice":6606.93,"apeswapsellprice":6685.97},{"block":11315958,"timestamp":1632857014,"swapAmountBNB":20,"uniswapv2buyprice":6720.74,"sushiswapv2buyprice":6707.03,"bakeryswapbuyprice":6799.14,"apeswapBuyPrice":6723,"uniswapv2sellprice":6686.79,"sushiswapv2sellprice":6687.1,"bakeryswapsellprice":6606.93,"apeswapsellprice":6685.97},{"block":11315959,"timestamp":1632857017,"swapAmountBNB":20,"uniswapv2buyprice":6720.71,"sushiswapv2buyprice":6707.03,"bakeryswapbuyprice":6799.37,"apeswapBuyPrice":6723,"uniswapv2sellprice":6686.76,"sushiswapv2sellprice":6687.1,"bakeryswapsellprice":6607.15,"apeswapsellprice":6685.97},{"block":11315960,"timestamp":1632857020,"swapAmountBNB":20,"uniswapv2buyprice":6720.59,"sushiswapv2buyprice":6707.03,"bakeryswapbuyprice":6799.37,"apeswapBuyPrice":6723,"uniswapv2sellprice":6686.64,"sushiswapv2sellprice":6687.1,"bakeryswapsellprice":6607.15,"apeswapsellprice":6685.97},{"block":11315961,"timestamp":1632857023,"swapAmountBNB":20,"uniswapv2buyprice":6720.5,"sushiswapv2buyprice":6707.22,"bakeryswapbuyprice":6799.37,"apeswapBuyPrice":6723,"uniswapv2sellprice":6686.56,"sushiswapv2sellprice":6687.3,"bakeryswapsellprice":6607.15,"apeswapsellprice":6685.97},{"block":11315962,"timestamp":1632857026,"swapAmountBNB":20,"uniswapv2buyprice":6720.51,"sushiswapv2buyprice":6707.22,"bakeryswapbuyprice":6799.37,"apeswapBuyPrice":6723,"uniswapv2sellprice":6686.56,"sushiswapv2sellprice":6687.3,"bakeryswapsellprice":6607.15,"apeswapsellprice":6685.97},{"block":11315963,"timestamp":1632857029,"swapAmountBNB":20,"uniswapv2buyprice":6720.51,"sushiswapv2buyprice":6707.54,"bakeryswapbuyprice":6799.37,"apeswapBuyPrice":6723,"uniswapv2sellprice":6686.56,"sushiswapv2sellprice":6687.61,"bakeryswapsellprice":6607.15,"apeswapsellprice":6685.97},{"block":11315964,"timestamp":1632857032,"swapAmountBNB":20,"uniswapv2buyprice":6720.72,"sushiswapv2buyprice":6707.54,"bakeryswapbuyprice":6799.37,"apeswapBuyPrice":6723.16,"uniswapv2sellprice":6686.62,"sushiswapv2sellprice":6687.61,"bakeryswapsellprice":6607.15,"apeswapsellprice":6686.12},{"block":11315965,"timestamp":1632857035,"swapAmountBNB":20,"uniswapv2buyprice":6720.72,"sushiswapv2buyprice":6707.54,"bakeryswapbuyprice":6799.37,"apeswapBuyPrice":6723.16,"uniswapv2sellprice":6686.77,"sushiswapv2sellprice":6687.61,"bakeryswapsellprice":6607.15,"apeswapsellprice":6686.12},{"block":11315966,"timestamp":1632857038,"swapAmountBNB":20,"uniswapv2buyprice":6720.72,"sushiswapv2buyprice":6707.54,"bakeryswapbuyprice":6799.37,"apeswapBuyPrice":6722.71,"uniswapv2sellprice":6686.77,"sushiswapv2sellprice":6687.61,"bakeryswapsellprice":6607.15,"apeswapsellprice":6685.68},{"block":11315967,"timestamp":1632857041,"swapAmountBNB":20,"uniswapv2buyprice":6720.66,"sushiswapv2buyprice":6707.54,"bakeryswapbuyprice":6799.37,"apeswapBuyPrice":6722.71,"uniswapv2sellprice":6686.71,"sushiswapv2sellprice":6687.61,"bakeryswapsellprice":6607.15,"apeswapsellprice":6685.68},{"block":11315968,"timestamp":1632857044,"swapAmountBNB":20,"uniswapv2buyprice":6720.49,"sushiswapv2buyprice":6707.54,"bakeryswapbuyprice":6799.37,"apeswapBuyPrice":6722.71,"uniswapv2sellprice":6686.54,"sushiswapv2sellprice":6687.61,"bakeryswapsellprice":6607.15,"apeswapsellprice":6685.68},{"block":11315969,"timestamp":1632857047,"swapAmountBNB":20,"uniswapv2buyprice":6720.56,"sushiswapv2buyprice":6707.54,"bakeryswapbuyprice":6799.37,"apeswapBuyPrice":6722.71,"uniswapv2sellprice":6686.62,"sushiswapv2sellprice":6687.61,"bakeryswapsellprice":6607.15,"apeswapsellprice":6685.68},{"block":11315970,"timestamp":1632857050,"swapAmountBNB":20,"uniswapv2buyprice":6720.56,"sushiswapv2buyprice":6707.54,"bakeryswapbuyprice":6799.37,"apeswapBuyPrice":6722.71,"uniswapv2sellprice":6686.61,"sushiswapv2sellprice":6687.61,"bakeryswapsellprice":6607.15,"apeswapsellprice":6685.68},{"block":11315971,"timestamp":1632857053,"swapAmountBNB":20,"uniswapv2buyprice":6720.61,"sushiswapv2buyprice":6707.54,"bakeryswapbuyprice":6799.52,"apeswapBuyPrice":6722.71,"uniswapv2sellprice":6686.66,"sushiswapv2sellprice":6687.61,"bakeryswapsellprice":6607.29,"apeswapsellprice":6685.68},{"block":11315972,"timestamp":1632857056,"swapAmountBNB":20,"uniswapv2buyprice":6720.53,"sushiswapv2buyprice":6705.76,"bakeryswapbuyprice":6799.52,"apeswapBuyPrice":6722.71,"uniswapv2sellprice":6686.58,"sushiswapv2sellprice":6687.61,"bakeryswapsellprice":6607.29,"apeswapsellprice":6685.68},{"block":11315973,"timestamp":1632857059,"swapAmountBNB":20,"uniswapv2buyprice":6720.5,"sushiswapv2buyprice":6705.76,"bakeryswapbuyprice":6799.52,"apeswapBuyPrice":6722.71,"uniswapv2sellprice":6686.55,"sushiswapv2sellprice":6685.84,"bakeryswapsellprice":6607.29,"apeswapsellprice":6685.68},{"block":11315974,"timestamp":1632857062,"swapAmountBNB":20,"uniswapv2buyprice":6720.51,"sushiswapv2buyprice":6705.65,"bakeryswapbuyprice":6799.52,"apeswapBuyPrice":6722.71,"uniswapv2sellprice":6686.56,"sushiswapv2sellprice":6685.73,"bakeryswapsellprice":6607.29,"apeswapsellprice":6685.68},{"block":11315975,"timestamp":1632857065,"swapAmountBNB":20,"uniswapv2buyprice":6720.51,"sushiswapv2buyprice":6705.65,"bakeryswapbuyprice":6799.52,"apeswapBuyPrice":6722.71,"uniswapv2sellprice":6686.56,"sushiswapv2sellprice":6685.73,"bakeryswapsellprice":6607.29,"apeswapsellprice":6685.68},{"block":11315976,"timestamp":1632857068,"swapAmountBNB":20,"uniswapv2buyprice":6720.51,"sushiswapv2buyprice":6709.44,"bakeryswapbuyprice":6799.52,"apeswapBuyPrice":6722.69,"uniswapv2sellprice":6686.56,"sushiswapv2sellprice":6689.5,"bakeryswapsellprice":6607.29,"apeswapsellprice":6685.66},{"block":11315977,"timestamp":1632857071,"swapAmountBNB":20,"uniswapv2buyprice":6720.45,"sushiswapv2buyprice":6709.44,"bakeryswapbuyprice":6799.52,"apeswapBuyPrice":6722.6,"uniswapv2sellprice":6686.5,"sushiswapv2sellprice":6689.5,"bakeryswapsellprice":6607.29,"apeswapsellprice":6685.66},{"block":11315978,"timestamp":1632857074,"swapAmountBNB":20,"uniswapv2buyprice":6720.45,"sushiswapv2buyprice":6709.44,"bakeryswapbuyprice":6799.52,"apeswapBuyPrice":6722.6,"uniswapv2sellprice":6686.5,"sushiswapv2sellprice":6689.5,"bakeryswapsellprice":6607.29,"apeswapsellprice":6685.57},{"block":11315979,"timestamp":1632857077,"swapAmountBNB":20,"uniswapv2buyprice":6720.62,"sushiswapv2buyprice":6709.44,"bakeryswapbuyprice":6799.52,"apeswapBuyPrice":6722.6,"uniswapv2sellprice":6686.67,"sushiswapv2sellprice":6689.5,"bakeryswapsellprice":6607.29,"apeswapsellprice":6685.57},{"block":11315980,"timestamp":1632857080,"swapAmountBNB":20,"uniswapv2buyprice":6720.62,"sushiswapv2buyprice":6709.44,"bakeryswapbuyprice":6799.52,"apeswapBuyPrice":6722.6,"uniswapv2sellprice":6686.67,"sushiswapv2sellprice":6689.5,"bakeryswapsellprice":6607.29,"apeswapsellprice":6685.57},{"block":11315981,"timestamp":1632857083,"swapAmountBNB":20,"uniswapv2buyprice":6720.64,"sushiswapv2buyprice":6709.44,"bakeryswapbuyprice":6799.52,"apeswapBuyPrice":6722.6,"uniswapv2sellprice":6686.69,"sushiswapv2sellprice":6689.5,"bakeryswapsellprice":6607.29,"apeswapsellprice":6685.57},{"block":11315982,"timestamp":1632857086,"swapAmountBNB":20,"uniswapv2buyprice":6720.67,"sushiswapv2buyprice":6709.44,"bakeryswapbuyprice":6799.52,"apeswapBuyPrice":6723.06,"uniswapv2sellprice":6686.72,"sushiswapv2sellprice":6689.5,"bakeryswapsellprice":6607.29,"apeswapsellprice":6686.03},{"block":11315983,"timestamp":1632857089,"swapAmountBNB":20,"uniswapv2buyprice":6720.77,"sushiswapv2buyprice":6709.44,"bakeryswapbuyprice":6799.52,"apeswapBuyPrice":6723.06,"uniswapv2sellprice":6686.72,"sushiswapv2sellprice":6689.5,"bakeryswapsellprice":6607.29,"apeswapsellprice":6686.03},{"block":11315984,"timestamp":1632857092,"swapAmountBNB":20,"uniswapv2buyprice":6720.77,"sushiswapv2buyprice":6709.44,"bakeryswapbuyprice":6799.52,"apeswapBuyPrice":6723.06,"uniswapv2sellprice":6686.82,"sushiswapv2sellprice":6689.5,"bakeryswapsellprice":6607.29,"apeswapsellprice":6686.03},{"block":11315985,"timestamp":1632857095,"swapAmountBNB":20,"uniswapv2buyprice":6720.7,"sushiswapv2buyprice":6709.06,"bakeryswapbuyprice":6799.52,"apeswapBuyPrice":6721.91,"uniswapv2sellprice":6686.75,"sushiswapv2sellprice":6689.13,"bakeryswapsellprice":6607.29,"apeswapsellprice":6684.88},{"block":11315986,"timestamp":1632857098,"swapAmountBNB":20,"uniswapv2buyprice":6720.61,"sushiswapv2buyprice":6709.06,"bakeryswapbuyprice":6799.52,"apeswapBuyPrice":6721.91,"uniswapv2sellprice":6686.66,"sushiswapv2sellprice":6689.13,"bakeryswapsellprice":6607.29,"apeswapsellprice":6684.88},{"block":11315987,"timestamp":1632857101,"swapAmountBNB":20,"uniswapv2buyprice":6720.67,"sushiswapv2buyprice":6709.06,"bakeryswapbuyprice":6799.52,"apeswapBuyPrice":6721.91,"uniswapv2sellprice":6686.72,"sushiswapv2sellprice":6689.13,"bakeryswapsellprice":6607.29,"apeswapsellprice":6684.88},{"block":11315988,"timestamp":1632857104,"swapAmountBNB":20,"uniswapv2buyprice":6720.35,"sushiswapv2buyprice":6709.06,"bakeryswapbuyprice":6799.52,"apeswapBuyPrice":6721.91,"uniswapv2sellprice":6686.4,"sushiswapv2sellprice":6689.13,"bakeryswapsellprice":6607.29,"apeswapsellprice":6684.88},{"block":11315989,"timestamp":1632857107,"swapAmountBNB":20,"uniswapv2buyprice":6720.35,"sushiswapv2buyprice":6709.07,"bakeryswapbuyprice":6799.52,"apeswapBuyPrice":6721.91,"uniswapv2sellprice":6686.4,"sushiswapv2sellprice":6689.13,"bakeryswapsellprice":6607.29,"apeswapsellprice":6684.88},{"block":11315990,"timestamp":1632857110,"swapAmountBNB":20,"uniswapv2buyprice":6720.35,"sushiswapv2buyprice":6709.07,"bakeryswapbuyprice":6799.52,"apeswapBuyPrice":6721.91,"uniswapv2sellprice":6686.4,"sushiswapv2sellprice":6689.13,"bakeryswapsellprice":6607.29,"apeswapsellprice":6684.88},{"block":11315991,"timestamp":1632857113,"swapAmountBNB":20,"uniswapv2buyprice":6720.28,"sushiswapv2buyprice":6709.07,"bakeryswapbuyprice":6799.52,"apeswapBuyPrice":6721.91,"uniswapv2sellprice":6686.33,"sushiswapv2sellprice":6689.13,"bakeryswapsellprice":6607.29,"apeswapsellprice":6684.88},{"block":11315992,"timestamp":1632857116,"swapAmountBNB":20,"uniswapv2buyprice":6720.28,"sushiswapv2buyprice":6709.07,"bakeryswapbuyprice":6799.52,"apeswapBuyPrice":6721.95,"uniswapv2sellprice":6686.33,"sushiswapv2sellprice":6689.13,"bakeryswapsellprice":6607.29,"apeswapsellprice":6684.92},{"block":11315993,"timestamp":1632857119,"swapAmountBNB":20,"uniswapv2buyprice":6720.24,"sushiswapv2buyprice":6709.07,"bakeryswapbuyprice":6799.52,"apeswapBuyPrice":6721.95,"uniswapv2sellprice":6686.33,"sushiswapv2sellprice":6689.13,"bakeryswapsellprice":6607.29,"apeswapsellprice":6684.92},{"block":11315994,"timestamp":1632857122,"swapAmountBNB":20,"uniswapv2buyprice":6720.24,"sushiswapv2buyprice":6709.07,"bakeryswapbuyprice":6799.52,"apeswapBuyPrice":6721.95,"uniswapv2sellprice":6686.29,"sushiswapv2sellprice":6689.13,"bakeryswapsellprice":6607.29,"apeswapsellprice":6684.92},{"block":11315995,"timestamp":1632857125,"swapAmountBNB":20,"uniswapv2buyprice":6720.23,"sushiswapv2buyprice":6709.07,"bakeryswapbuyprice":6799.52,"apeswapBuyPrice":6721.95,"uniswapv2sellprice":6686.28,"sushiswapv2sellprice":6689.13,"bakeryswapsellprice":6607.29,"apeswapsellprice":6684.92},{"block":11315996,"timestamp":1632857128,"swapAmountBNB":20,"uniswapv2buyprice":6720.23,"sushiswapv2buyprice":6709.07,"bakeryswapbuyprice":6799.52,"apeswapBuyPrice":6721.95,"uniswapv2sellprice":6686.28,"sushiswapv2sellprice":6689.13,"bakeryswapsellprice":6607.29,"apeswapsellprice":6684.92},{"block":11315997,"timestamp":1632857131,"swapAmountBNB":20,"uniswapv2buyprice":6720.23,"sushiswapv2buyprice":6709.07,"bakeryswapbuyprice":6799.52,"apeswapBuyPrice":6721.93,"uniswapv2sellprice":6686.28,"sushiswapv2sellprice":6689.13,"bakeryswapsellprice":6607.29,"apeswapsellprice":6684.91},{"block":11315998,"timestamp":1632857134,"swapAmountBNB":20,"uniswapv2buyprice":6720.1,"sushiswapv2buyprice":6709.61,"bakeryswapbuyprice":6799.52,"apeswapBuyPrice":6721.91,"uniswapv2sellprice":6686.3,"sushiswapv2sellprice":6690,"bakeryswapsellprice":6607.29,"apeswapsellprice":6684.88},{"block":11315998,"timestamp":1632857135,"swapAmountBNB":20,"uniswapv2buyprice":6720.2,"sushiswapv2buyprice":6709.61,"bakeryswapbuyprice":6799.52,"apeswapBuyPrice":6721.91,"uniswapv2sellprice":6686.29,"sushiswapv2sellprice":6690,"bakeryswapsellprice":6607.29,"apeswapsellprice":6684.88},{"block":11315999,"timestamp":1632857137,"swapAmountBNB":20,"uniswapv2buyprice":6720.52,"sushiswapv2buyprice":6709.61,"bakeryswapbuyprice":6799.52,"apeswapBuyPrice":6721.91,"uniswapv2sellprice":6686.15,"sushiswapv2sellprice":6689.67,"bakeryswapsellprice":6607.29,"apeswapsellprice":6684.88},{"block":11316001,"timestamp":1632857143,"swapAmountBNB":20,"uniswapv2buyprice":6720.51,"sushiswapv2buyprice":6709.61,"bakeryswapbuyprice":6799.52,"apeswapBuyPrice":6721.91,"uniswapv2sellprice":6686.57,"sushiswapv2sellprice":6689.67,"bakeryswapsellprice":6607.29,"apeswapsellprice":6684.88},{"block":11316002,"timestamp":1632857146,"swapAmountBNB":20,"uniswapv2buyprice":6720.51,"sushiswapv2buyprice":6709.61,"bakeryswapbuyprice":6799.52,"apeswapBuyPrice":6721.91,"uniswapv2sellprice":6686.57,"sushiswapv2sellprice":6689.67,"bakeryswapsellprice":6607.29,"apeswapsellprice":6684.88},{"block":11316000,"timestamp":1632857140,"swapAmountBNB":20,"uniswapv2buyprice":6720.51,"sushiswapv2buyprice":6709.61,"bakeryswapbuyprice":6799.52,"apeswapBuyPrice":6721.91,"uniswapv2sellprice":6686.57,"sushiswapv2sellprice":6689.67,"bakeryswapsellprice":6607.29,"apeswapsellprice":6684.88},{"block":11316005,"timestamp":1632857155,"swapAmountBNB":20,"uniswapv2buyprice":6720.51,"sushiswapv2buyprice":6709.61,"bakeryswapbuyprice":6799.52,"apeswapBuyPrice":6721.91,"uniswapv2sellprice":6686.56,"sushiswapv2sellprice":6689.67,"bakeryswapsellprice":6607.29,"apeswapsellprice":6684.88},{"block":11316003,"timestamp":1632857149,"swapAmountBNB":20,"uniswapv2buyprice":6720.51,"sushiswapv2buyprice":6709.61,"bakeryswapbuyprice":6799.52,"apeswapBuyPrice":6721.91,"uniswapv2sellprice":6686.56,"sushiswapv2sellprice":6689.67,"bakeryswapsellprice":6607.29,"apeswapsellprice":6684.88},{"block":11316004,"timestamp":1632857152,"swapAmountBNB":20,"uniswapv2buyprice":6720.51,"sushiswapv2buyprice":6709.61,"bakeryswapbuyprice":6799.52,"apeswapBuyPrice":6721.91,"uniswapv2sellprice":6686.56,"sushiswapv2sellprice":6689.67,"bakeryswapsellprice":6607.29,"apeswapsellprice":6684.88},{"block":11316006,"timestamp":1632857158,"swapAmountBNB":20,"uniswapv2buyprice":6720.51,"sushiswapv2buyprice":6709.61,"bakeryswapbuyprice":6799.52,"apeswapBuyPrice":6721.9,"uniswapv2sellprice":6686.56,"sushiswapv2sellprice":6689.67,"bakeryswapsellprice":6607.29,"apeswapsellprice":6684.88},{"block":11316007,"timestamp":1632857161,"swapAmountBNB":20,"uniswapv2buyprice":6720.52,"sushiswapv2buyprice":6709.71,"bakeryswapbuyprice":6799.52,"apeswapBuyPrice":6721.9,"uniswapv2sellprice":6686.57,"sushiswapv2sellprice":6689.67,"bakeryswapsellprice":6607.29,"apeswapsellprice":6684.87},{"block":11316008,"timestamp":1632857164,"swapAmountBNB":20,"uniswapv2buyprice":6720.44,"sushiswapv2buyprice":6709.71,"bakeryswapbuyprice":6799.52,"apeswapBuyPrice":6721.9,"uniswapv2sellprice":6686.57,"sushiswapv2sellprice":6689.77,"bakeryswapsellprice":6607.29,"apeswapsellprice":6684.87},{"block":11316009,"timestamp":1632857167,"swapAmountBNB":20,"uniswapv2buyprice":6720.44,"sushiswapv2buyprice":6709.71,"bakeryswapbuyprice":6799.52,"apeswapBuyPrice":6721.9,"uniswapv2sellprice":6686.49,"sushiswapv2sellprice":6689.77,"bakeryswapsellprice":6607.29,"apeswapsellprice":6684.87},{"block":11316010,"timestamp":1632857170,"swapAmountBNB":20,"uniswapv2buyprice":6720.51,"sushiswapv2buyprice":6710.03,"bakeryswapbuyprice":6799.52,"apeswapBuyPrice":6721.89,"uniswapv2sellprice":6686.51,"sushiswapv2sellprice":6690.09,"bakeryswapsellprice":6607.29,"apeswapsellprice":6684.87},{"block":11316011,"timestamp":1632857173,"swapAmountBNB":20,"uniswapv2buyprice":6720.51,"sushiswapv2buyprice":6710.03,"bakeryswapbuyprice":6799.52,"apeswapBuyPrice":6721.89,"uniswapv2sellprice":6686.51,"sushiswapv2sellprice":6690.09,"bakeryswapsellprice":6607.29,"apeswapsellprice":6684.87},{"block":11316012,"timestamp":1632857176,"swapAmountBNB":20,"uniswapv2buyprice":6720.51,"sushiswapv2buyprice":6710.03,"bakeryswapbuyprice":6799.52,"apeswapBuyPrice":6721.89,"uniswapv2sellprice":6686.56,"sushiswapv2sellprice":6690.09,"bakeryswapsellprice":6607.29,"apeswapsellprice":6684.87},{"block":11316013,"timestamp":1632857179,"swapAmountBNB":20,"uniswapv2buyprice":6720.65,"sushiswapv2buyprice":6709.93,"bakeryswapbuyprice":6799.52,"apeswapBuyPrice":6721.81,"uniswapv2sellprice":6686.7,"sushiswapv2sellprice":6690,"bakeryswapsellprice":6607.29,"apeswapsellprice":6684.78},{"block":11316014,"timestamp":1632857182,"swapAmountBNB":20,"uniswapv2buyprice":6720.65,"sushiswapv2buyprice":6709.93,"bakeryswapbuyprice":6799.52,"apeswapBuyPrice":6721.81,"uniswapv2sellprice":6686.7,"sushiswapv2sellprice":6690,"bakeryswapsellprice":6607.29,"apeswapsellprice":6684.78},{"block":11316015,"timestamp":1632857185,"swapAmountBNB":20,"uniswapv2buyprice":6720.51,"sushiswapv2buyprice":6709.93,"bakeryswapbuyprice":6799.52,"apeswapBuyPrice":6721.81,"uniswapv2sellprice":6686.56,"sushiswapv2sellprice":6690,"bakeryswapsellprice":6607.29,"apeswapsellprice":6684.78},{"block":11316017,"timestamp":1632857191,"swapAmountBNB":20,"uniswapv2buyprice":6720.51,"sushiswapv2buyprice":6709.93,"bakeryswapbuyprice":6799.52,"apeswapBuyPrice":6721.81,"uniswapv2sellprice":6686.56,"sushiswapv2sellprice":6690,"bakeryswapsellprice":6607.29,"apeswapsellprice":6684.78},{"block":11316016,"timestamp":1632857188,"swapAmountBNB":20,"uniswapv2buyprice":6720.51,"sushiswapv2buyprice":6709.93,"bakeryswapbuyprice":6799.52,"apeswapBuyPrice":6721.81,"uniswapv2sellprice":6686.56,"sushiswapv2sellprice":6690,"bakeryswapsellprice":6607.29,"apeswapsellprice":6684.78},{"block":11316019,"timestamp":1632857197,"swapAmountBNB":20,"uniswapv2buyprice":6720.47,"sushiswapv2buyprice":6709.93,"bakeryswapbuyprice":6799.52,"apeswapBuyPrice":6721.81,"uniswapv2sellprice":6686.52,"sushiswapv2sellprice":6690,"bakeryswapsellprice":6607.29,"apeswapsellprice":6684.78},{"block":11316018,"timestamp":1632857194,"swapAmountBNB":20,"uniswapv2buyprice":6720.47,"sushiswapv2buyprice":6709.93,"bakeryswapbuyprice":6799.52,"apeswapBuyPrice":6721.81,"uniswapv2sellprice":6686.52,"sushiswapv2sellprice":6690,"bakeryswapsellprice":6607.29,"apeswapsellprice":6684.78},{"block":11316020,"timestamp":1632857200,"swapAmountBNB":20,"uniswapv2buyprice":6720.91,"sushiswapv2buyprice":6711.52,"bakeryswapbuyprice":6799.52,"apeswapBuyPrice":6721.81,"uniswapv2sellprice":6687.01,"sushiswapv2sellprice":6687.99,"bakeryswapsellprice":6607.29,"apeswapsellprice":6684.78},{"block":11316021,"timestamp":1632857203,"swapAmountBNB":20,"uniswapv2buyprice":6720.91,"sushiswapv2buyprice":6711.52,"bakeryswapbuyprice":6799.52,"apeswapBuyPrice":6721.81,"uniswapv2sellprice":6686.96,"sushiswapv2sellprice":6691.58,"bakeryswapsellprice":6607.29,"apeswapsellprice":6684.78},{"block":11316023,"timestamp":1632857209,"swapAmountBNB":20,"uniswapv2buyprice":6720.84,"sushiswapv2buyprice":6712.27,"bakeryswapbuyprice":6799.52,"apeswapBuyPrice":6721.81,"uniswapv2sellprice":6686.89,"sushiswapv2sellprice":6691.58,"bakeryswapsellprice":6607.29,"apeswapsellprice":6684.78},{"block":11316024,"timestamp":1632857212,"swapAmountBNB":20,"uniswapv2buyprice":6720.84,"sushiswapv2buyprice":6712.27,"bakeryswapbuyprice":6799.52,"apeswapBuyPrice":6721.81,"uniswapv2sellprice":6686.89,"sushiswapv2sellprice":6692.33,"bakeryswapsellprice":6607.29,"apeswapsellprice":6684.78},{"block":11316025,"timestamp":1632857215,"swapAmountBNB":20,"uniswapv2buyprice":6720.84,"sushiswapv2buyprice":6712.27,"bakeryswapbuyprice":6799.52,"apeswapBuyPrice":6721.81,"uniswapv2sellprice":6686.89,"sushiswapv2sellprice":6692.33,"bakeryswapsellprice":6607.29,"apeswapsellprice":6684.78},{"block":11316026,"timestamp":1632857218,"swapAmountBNB":20,"uniswapv2buyprice":6720.84,"sushiswapv2buyprice":6710.27,"bakeryswapbuyprice":6799.52,"apeswapBuyPrice":6721.81,"uniswapv2sellprice":6686.89,"sushiswapv2sellprice":6690.33,"bakeryswapsellprice":6607.29,"apeswapsellprice":6684.78},{"block":11316027,"timestamp":1632857221,"swapAmountBNB":20,"uniswapv2buyprice":6722.01,"sushiswapv2buyprice":6710.27,"bakeryswapbuyprice":6799.52,"apeswapBuyPrice":6722.03,"uniswapv2sellprice":6688.05,"sushiswapv2sellprice":6690.33,"bakeryswapsellprice":6607.29,"apeswapsellprice":6685},{"block":11316028,"timestamp":1632857224,"swapAmountBNB":20,"uniswapv2buyprice":6721.93,"sushiswapv2buyprice":6709.33,"bakeryswapbuyprice":6799.52,"apeswapBuyPrice":6722.03,"uniswapv2sellprice":6687.97,"sushiswapv2sellprice":6689.39,"bakeryswapsellprice":6607.29,"apeswapsellprice":6685},{"block":11316029,"timestamp":1632857227,"swapAmountBNB":20,"uniswapv2buyprice":6721.93,"sushiswapv2buyprice":6709.33,"bakeryswapbuyprice":6799.52,"apeswapBuyPrice":6722.03,"uniswapv2sellprice":6687.97,"sushiswapv2sellprice":6689.39,"bakeryswapsellprice":6607.29,"apeswapsellprice":6685},{"block":11316030,"timestamp":1632857230,"swapAmountBNB":20,"uniswapv2buyprice":6721.96,"sushiswapv2buyprice":6707.99,"bakeryswapbuyprice":6799.52,"apeswapBuyPrice":6722.03,"uniswapv2sellprice":6688,"sushiswapv2sellprice":6688.06,"bakeryswapsellprice":6607.29,"apeswapsellprice":6685},{"block":11316031,"timestamp":1632857233,"swapAmountBNB":20,"uniswapv2buyprice":6721.96,"sushiswapv2buyprice":6707.99,"bakeryswapbuyprice":6799.52,"apeswapBuyPrice":6722.03,"uniswapv2sellprice":6688.01,"sushiswapv2sellprice":6688.06,"bakeryswapsellprice":6607.29,"apeswapsellprice":6685},{"block":11316032,"timestamp":1632857236,"swapAmountBNB":20,"uniswapv2buyprice":6722.12,"sushiswapv2buyprice":6710.69,"bakeryswapbuyprice":6799.52,"apeswapBuyPrice":6722.03,"uniswapv2sellprice":6688.17,"sushiswapv2sellprice":6688.06,"bakeryswapsellprice":6607.29,"apeswapsellprice":6685},{"block":11316033,"timestamp":1632857239,"swapAmountBNB":20,"uniswapv2buyprice":6722.71,"sushiswapv2buyprice":6710.69,"bakeryswapbuyprice":6799.52,"apeswapBuyPrice":6722.03,"uniswapv2sellprice":6688.75,"sushiswapv2sellprice":6690.75,"bakeryswapsellprice":6607.29,"apeswapsellprice":6685},{"block":11316034,"timestamp":1632857242,"swapAmountBNB":20,"uniswapv2buyprice":6722.81,"sushiswapv2buyprice":6710.69,"bakeryswapbuyprice":6799.52,"apeswapBuyPrice":6722.03,"uniswapv2sellprice":6688.85,"sushiswapv2sellprice":6690.75,"bakeryswapsellprice":6607.29,"apeswapsellprice":6685},{"block":11316035,"timestamp":1632857245,"swapAmountBNB":20,"uniswapv2buyprice":6722.74,"sushiswapv2buyprice":6710.69,"bakeryswapbuyprice":6799.52,"apeswapBuyPrice":6722.03,"uniswapv2sellprice":6688.78,"sushiswapv2sellprice":6690.75,"bakeryswapsellprice":6607.29,"apeswapsellprice":6685},{"block":11316036,"timestamp":1632857248,"swapAmountBNB":20,"uniswapv2buyprice":6722.66,"sushiswapv2buyprice":6711.84,"bakeryswapbuyprice":6799.52,"apeswapBuyPrice":6722.03,"uniswapv2sellprice":6688.7,"sushiswapv2sellprice":6691.95,"bakeryswapsellprice":6607.29,"apeswapsellprice":6685},{"block":11316037,"timestamp":1632857251,"swapAmountBNB":20,"uniswapv2buyprice":6722.6,"sushiswapv2buyprice":6712.74,"bakeryswapbuyprice":6799.52,"apeswapBuyPrice":6722.03,"uniswapv2sellprice":6688.63,"sushiswapv2sellprice":6692.79,"bakeryswapsellprice":6607.29,"apeswapsellprice":6685},{"block":11316038,"timestamp":1632857254,"swapAmountBNB":20,"uniswapv2buyprice":6722.6,"sushiswapv2buyprice":6712.74,"bakeryswapbuyprice":6799.52,"apeswapBuyPrice":6722.03,"uniswapv2sellprice":6688.64,"sushiswapv2sellprice":6692.79,"bakeryswapsellprice":6607.29,"apeswapsellprice":6685},{"block":11316039,"timestamp":1632857257,"swapAmountBNB":20,"uniswapv2buyprice":6722.67,"sushiswapv2buyprice":6712.74,"bakeryswapbuyprice":6799.52,"apeswapBuyPrice":6722.03,"uniswapv2sellprice":6688.64,"sushiswapv2sellprice":6692.79,"bakeryswapsellprice":6607.29,"apeswapsellprice":6685},{"block":11316040,"timestamp":1632857260,"swapAmountBNB":20,"uniswapv2buyprice":6722.67,"sushiswapv2buyprice":6712.74,"bakeryswapbuyprice":6799.52,"apeswapBuyPrice":6722.03,"uniswapv2sellprice":6688.71,"sushiswapv2sellprice":6692.79,"bakeryswapsellprice":6607.29,"apeswapsellprice":6685},{"block":11316041,"timestamp":1632857263,"swapAmountBNB":20,"uniswapv2buyprice":6722.7,"sushiswapv2buyprice":6712.74,"bakeryswapbuyprice":6799.52,"apeswapBuyPrice":6722.04,"uniswapv2sellprice":6688.79,"sushiswapv2sellprice":6692.79,"bakeryswapsellprice":6607.29,"apeswapsellprice":6685.01},{"block":11316042,"timestamp":1632857266,"swapAmountBNB":20,"uniswapv2buyprice":6722.67,"sushiswapv2buyprice":6712.74,"bakeryswapbuyprice":6799.52,"apeswapBuyPrice":6722.04,"uniswapv2sellprice":6688.74,"sushiswapv2sellprice":6692.79,"bakeryswapsellprice":6607.29,"apeswapsellprice":6685.01},{"block":11316043,"timestamp":1632857269,"swapAmountBNB":20,"uniswapv2buyprice":6722.68,"sushiswapv2buyprice":6712.74,"bakeryswapbuyprice":6799.52,"apeswapBuyPrice":6722.04,"uniswapv2sellprice":6688.72,"sushiswapv2sellprice":6692.79,"bakeryswapsellprice":6607.29,"apeswapsellprice":6685.01},{"block":11316044,"timestamp":1632857272,"swapAmountBNB":20,"uniswapv2buyprice":6722.68,"sushiswapv2buyprice":6712.74,"bakeryswapbuyprice":6799.52,"apeswapBuyPrice":6722.04,"uniswapv2sellprice":6688.72,"sushiswapv2sellprice":6692.79,"bakeryswapsellprice":6607.29,"apeswapsellprice":6685.01},{"block":11316045,"timestamp":1632857275,"swapAmountBNB":20,"uniswapv2buyprice":6722.68,"sushiswapv2buyprice":6713.07,"bakeryswapbuyprice":6799.52,"apeswapBuyPrice":6722.04,"uniswapv2sellprice":6688.72,"sushiswapv2sellprice":6692.79,"bakeryswapsellprice":6607.29,"apeswapsellprice":6685.01},{"block":11316046,"timestamp":1632857278,"swapAmountBNB":20,"uniswapv2buyprice":6721.89,"sushiswapv2buyprice":6713.07,"bakeryswapbuyprice":6799.52,"apeswapBuyPrice":6722.04,"uniswapv2sellprice":6687.97,"sushiswapv2sellprice":6693.12,"bakeryswapsellprice":6607.29,"apeswapsellprice":6685.01},{"block":11316047,"timestamp":1632857281,"swapAmountBNB":20,"uniswapv2buyprice":6721.89,"sushiswapv2buyprice":6713.07,"bakeryswapbuyprice":6799.52,"apeswapBuyPrice":6722.04,"uniswapv2sellprice":6687.93,"sushiswapv2sellprice":6693.12,"bakeryswapsellprice":6607.29,"apeswapsellprice":6685.01},{"block":11316048,"timestamp":1632857284,"swapAmountBNB":20,"uniswapv2buyprice":6721.88,"sushiswapv2buyprice":6713.07,"bakeryswapbuyprice":6799.52,"apeswapBuyPrice":6722.04,"uniswapv2sellprice":6687.93,"sushiswapv2sellprice":6693.12,"bakeryswapsellprice":6607.29,"apeswapsellprice":6685.01},{"block":11316049,"timestamp":1632857287,"swapAmountBNB":20,"uniswapv2buyprice":6721.9,"sushiswapv2buyprice":6711.99,"bakeryswapbuyprice":6799.52,"apeswapBuyPrice":6722.04,"uniswapv2sellprice":6687.92,"sushiswapv2sellprice":6692.05,"bakeryswapsellprice":6607.29,"apeswapsellprice":6685.01},{"block":11316050,"timestamp":1632857290,"swapAmountBNB":20,"uniswapv2buyprice":6721.9,"sushiswapv2buyprice":6711.99,"bakeryswapbuyprice":6799.52,"apeswapBuyPrice":6722.04,"uniswapv2sellprice":6687.95,"sushiswapv2sellprice":6692.05,"bakeryswapsellprice":6607.29,"apeswapsellprice":6685.01},{"block":11316051,"timestamp":1632857293,"swapAmountBNB":20,"uniswapv2buyprice":6721.95,"sushiswapv2buyprice":6718.8,"bakeryswapbuyprice":6799.52,"apeswapBuyPrice":6722.02,"uniswapv2sellprice":6688,"sushiswapv2sellprice":6698.83,"bakeryswapsellprice":6607.29,"apeswapsellprice":6685},{"block":11316052,"timestamp":1632857296,"swapAmountBNB":20,"uniswapv2buyprice":6721.78,"sushiswapv2buyprice":6718.8,"bakeryswapbuyprice":6799.52,"apeswapBuyPrice":6722.02,"uniswapv2sellprice":6687.75,"sushiswapv2sellprice":6698.83,"bakeryswapsellprice":6607.29,"apeswapsellprice":6685},{"block":11316053,"timestamp":1632857299,"swapAmountBNB":20,"uniswapv2buyprice":6721.78,"sushiswapv2buyprice":6718.8,"bakeryswapbuyprice":6799.52,"apeswapBuyPrice":6722.02,"uniswapv2sellprice":6687.75,"sushiswapv2sellprice":6698.83,"bakeryswapsellprice":6607.29,"apeswapsellprice":6685},{"block":11316056,"timestamp":1632857308,"swapAmountBNB":20,"uniswapv2buyprice":6721.78,"sushiswapv2buyprice":6715.12,"bakeryswapbuyprice":6799.52,"apeswapBuyPrice":6722.02,"uniswapv2sellprice":6687.82,"sushiswapv2sellprice":6695.17,"bakeryswapsellprice":6607.29,"apeswapsellprice":6685},{"block":11316057,"timestamp":1632857311,"swapAmountBNB":20,"uniswapv2buyprice":6721.75,"sushiswapv2buyprice":6715.12,"bakeryswapbuyprice":6799.52,"apeswapBuyPrice":6722.02,"uniswapv2sellprice":6687.82,"sushiswapv2sellprice":6695.17,"bakeryswapsellprice":6607.29,"apeswapsellprice":6685},{"block":11316059,"timestamp":1632857317,"swapAmountBNB":20,"uniswapv2buyprice":6721.53,"sushiswapv2buyprice":6715.12,"bakeryswapbuyprice":6799.52,"apeswapBuyPrice":6722.02,"uniswapv2sellprice":6687.57,"sushiswapv2sellprice":6695.17,"bakeryswapsellprice":6607.29,"apeswapsellprice":6685},{"block":11316060,"timestamp":1632857320,"swapAmountBNB":20,"uniswapv2buyprice":6721.61,"sushiswapv2buyprice":6715.12,"bakeryswapbuyprice":6799.52,"apeswapBuyPrice":6722.02,"uniswapv2sellprice":6687.57,"sushiswapv2sellprice":6695.17,"bakeryswapsellprice":6607.29,"apeswapsellprice":6685},{"block":11316061,"timestamp":1632857323,"swapAmountBNB":20,"uniswapv2buyprice":6721.69,"sushiswapv2buyprice":6715.12,"bakeryswapbuyprice":6799.52,"apeswapBuyPrice":6722.02,"uniswapv2sellprice":6687.66,"sushiswapv2sellprice":6695.17,"bakeryswapsellprice":6607.29,"apeswapsellprice":6685},{"block":11316063,"timestamp":1632857329,"swapAmountBNB":20,"uniswapv2buyprice":6721.69,"sushiswapv2buyprice":6715.12,"bakeryswapbuyprice":6799.52,"apeswapBuyPrice":6721.84,"uniswapv2sellprice":6687.73,"sushiswapv2sellprice":6695.17,"bakeryswapsellprice":6607.29,"apeswapsellprice":6685},{"block":11316062,"timestamp":1632857326,"swapAmountBNB":20,"uniswapv2buyprice":6721.69,"sushiswapv2buyprice":6715.12,"bakeryswapbuyprice":6799.52,"apeswapBuyPrice":6721.84,"uniswapv2sellprice":6687.73,"sushiswapv2sellprice":6695.17,"bakeryswapsellprice":6607.29,"apeswapsellprice":6685},{"block":11316064,"timestamp":1632857332,"swapAmountBNB":20,"uniswapv2buyprice":6721.94,"sushiswapv2buyprice":6715.12,"bakeryswapbuyprice":6799.52,"apeswapBuyPrice":6721.84,"uniswapv2sellprice":6687.99,"sushiswapv2sellprice":6695.17,"bakeryswapsellprice":6607.29,"apeswapsellprice":6684.82}]}