{"table":[{"block":11422207,"timestamp":1633179116,"swapAmountBNB":20,"uniswapv2buyprice":8502.84,"sushiswapv2buyprice":8503.12,"bakeryswapbuyprice":8634.89,"apeswapBuyPrice":8508.06,"uniswapv2sellprice":8459.63,"sushiswapv2sellprice":8473.39,"bakeryswapsellprice":8345.97,"apeswapsellprice":8450.06},{"block":11422208,"timestamp":1633179119,"swapAmountBNB":20,"uniswapv2buyprice":8502.56,"sushiswapv2buyprice":8503.12,"bakeryswapbuyprice":8634.89,"apeswapBuyPrice":8508.06,"uniswapv2sellprice":8459.35,"sushiswapv2sellprice":8473.39,"bakeryswapsellprice":8345.97,"apeswapsellprice":8450.06},{"block":11422209,"timestamp":1633179122,"swapAmountBNB":20,"uniswapv2buyprice":8502.62,"sushiswapv2buyprice":8503.12,"bakeryswapbuyprice":8634.89,"apeswapBuyPrice":8508.06,"uniswapv2sellprice":8459.41,"sushiswapv2sellprice":8473.39,"bakeryswapsellprice":8345.97,"apeswapsellprice":8450.06},{"block":11422210,"timestamp":1633179125,"swapAmountBNB":20,"uniswapv2buyprice":8502.64,"sushiswapv2buyprice":8503.12,"bakeryswapbuyprice":8634.89,"apeswapBuyPrice":8508.06,"uniswapv2sellprice":8459.42,"sushiswapv2sellprice":8473.39,"bakeryswapsellprice":8345.97,"apeswapsellprice":8450.06},{"block":11422211,"timestamp":1633179128,"swapAmountBNB":20,"uniswapv2buyprice":8502.63,"sushiswapv2buyprice":8503.12,"bakeryswapbuyprice":8634.89,"apeswapBuyPrice":8508.06,"uniswapv2sellprice":8459.42,"sushiswapv2sellprice":8473.39,"bakeryswapsellprice":8345.97,"apeswapsellprice":8450.06},{"block":11422212,"timestamp":1633179131,"swapAmountBNB":20,"uniswapv2buyprice":8502.67,"sushiswapv2buyprice":8503.12,"bakeryswapbuyprice":8634.89,"apeswapBuyPrice":8508.06,"uniswapv2sellprice":8459.45,"sushiswapv2sellprice":8473.39,"bakeryswapsellprice":8345.97,"apeswapsellprice":8450.06},{"block":11422213,"timestamp":1633179134,"swapAmountBNB":20,"uniswapv2buyprice":8502.67,"sushiswapv2buyprice":8503.12,"bakeryswapbuyprice":8634.89,"apeswapBuyPrice":8508.06,"uniswapv2sellprice":8459.45,"sushiswapv2sellprice":8473.39,"bakeryswapsellprice":8345.97,"apeswapsellprice":8450.06},{"block":11422214,"timestamp":1633179137,"swapAmountBNB":20,"uniswapv2buyprice":8502.64,"sushiswapv2buyprice":8503.12,"bakeryswapbuyprice":8634.89,"apeswapBuyPrice":8508.06,"uniswapv2sellprice":8459.42,"sushiswapv2sellprice":8473.39,"bakeryswapsellprice":8345.97,"apeswapsellprice":8450.06},{"block":11422215,"timestamp":1633179140,"swapAmountBNB":20,"uniswapv2buyprice":8502.63,"sushiswapv2buyprice":8503.12,"bakeryswapbuyprice":8634.89,"apeswapBuyPrice":8508.06,"uniswapv2sellprice":8459.41,"sushiswapv2sellprice":8473.39,"bakeryswapsellprice":8345.97,"apeswapsellprice":8450.06},{"block":11422216,"timestamp":1633179143,"swapAmountBNB":20,"uniswapv2buyprice":8502.63,"sushiswapv2buyprice":8503.12,"bakeryswapbuyprice":8634.89,"apeswapBuyPrice":8508.09,"uniswapv2sellprice":8459.41,"sushiswapv2sellprice":8473.39,"bakeryswapsellprice":8345.97,"apeswapsellprice":8450.06},{"block":11422217,"timestamp":1633179146,"swapAmountBNB":20,"uniswapv2buyprice":8502.5,"sushiswapv2buyprice":8503.12,"bakeryswapbuyprice":8634.89,"apeswapBuyPrice":8508.09,"uniswapv2sellprice":8459.29,"sushiswapv2sellprice":8473.39,"bakeryswapsellprice":8345.97,"apeswapsellprice":8450.09},{"block":11422218,"timestamp":1633179149,"swapAmountBNB":20,"uniswapv2buyprice":8502.82,"sushiswapv2buyprice":8503.05,"bakeryswapbuyprice":8634.89,"apeswapBuyPrice":8508.09,"uniswapv2sellprice":8459.6,"sushiswapv2sellprice":8473.32,"bakeryswapsellprice":8345.97,"apeswapsellprice":8450.09},{"block":11422219,"timestamp":1633179152,"swapAmountBNB":20,"uniswapv2buyprice":8502.82,"sushiswapv2buyprice":8503.05,"bakeryswapbuyprice":8634.89,"apeswapBuyPrice":8508.09,"uniswapv2sellprice":8459.6,"sushiswapv2sellprice":8473.32,"bakeryswapsellprice":8345.97,"apeswapsellprice":8450.09},{"block":11422220,"timestamp":1633179155,"swapAmountBNB":20,"uniswapv2buyprice":8502.81,"sushiswapv2buyprice":8496.67,"bakeryswapbuyprice":8634.89,"apeswapBuyPrice":8508.09,"uniswapv2sellprice":8459.59,"sushiswapv2sellprice":8466.98,"bakeryswapsellprice":8345.97,"apeswapsellprice":8450.09},{"block":11422221,"timestamp":1633179158,"swapAmountBNB":20,"uniswapv2buyprice":8502.84,"sushiswapv2buyprice":8496.67,"bakeryswapbuyprice":8634.89,"apeswapBuyPrice":8508.12,"uniswapv2sellprice":8459.63,"sushiswapv2sellprice":8466.98,"bakeryswapsellprice":8345.97,"apeswapsellprice":8450.12},{"block":11422222,"timestamp":1633179161,"swapAmountBNB":20,"uniswapv2buyprice":8502.83,"sushiswapv2buyprice":8497.69,"bakeryswapbuyprice":8634.89,"apeswapBuyPrice":8505.68,"uniswapv2sellprice":8459.61,"sushiswapv2sellprice":8467.99,"bakeryswapsellprice":8345.97,"apeswapsellprice":8447.7},{"block":11422223,"timestamp":1633179164,"swapAmountBNB":20,"uniswapv2buyprice":8502.78,"sushiswapv2buyprice":8497.69,"bakeryswapbuyprice":8634.89,"apeswapBuyPrice":8505.68,"uniswapv2sellprice":8459.57,"sushiswapv2sellprice":8467.99,"bakeryswapsellprice":8345.97,"apeswapsellprice":8447.7},{"block":11422224,"timestamp":1633179167,"swapAmountBNB":20,"uniswapv2buyprice":8502.77,"sushiswapv2buyprice":8497.69,"bakeryswapbuyprice":8634.89,"apeswapBuyPrice":8506.34,"uniswapv2sellprice":8459.55,"sushiswapv2sellprice":8467.99,"bakeryswapsellprice":8345.97,"apeswapsellprice":8448.36},{"block":11422225,"timestamp":1633179170,"swapAmountBNB":20,"uniswapv2buyprice":8502.77,"sushiswapv2buyprice":8509.98,"bakeryswapbuyprice":8634.89,"apeswapBuyPrice":8506.34,"uniswapv2sellprice":8459.55,"sushiswapv2sellprice":8480.23,"bakeryswapsellprice":8345.97,"apeswapsellprice":8448.36},{"block":11422226,"timestamp":1633179173,"swapAmountBNB":20,"uniswapv2buyprice":8503.04,"sushiswapv2buyprice":8509.98,"bakeryswapbuyprice":8634.89,"apeswapBuyPrice":8506.34,"uniswapv2sellprice":8459.82,"sushiswapv2sellprice":8480.23,"bakeryswapsellprice":8345.97,"apeswapsellprice":8448.36},{"block":11422227,"timestamp":1633179176,"swapAmountBNB":20,"uniswapv2buyprice":8503.03,"sushiswapv2buyprice":8509.98,"bakeryswapbuyprice":8634.89,"apeswapBuyPrice":8506.34,"uniswapv2sellprice":8459.81,"sushiswapv2sellprice":8480.23,"bakeryswapsellprice":8345.97,"apeswapsellprice":8448.36},{"block":11422228,"timestamp":1633179179,"swapAmountBNB":20,"uniswapv2buyprice":8502.97,"sushiswapv2buyprice":8509.36,"bakeryswapbuyprice":8634.89,"apeswapBuyPrice":8506.34,"uniswapv2sellprice":8459.75,"sushiswapv2sellprice":8479.61,"bakeryswapsellprice":8345.97,"apeswapsellprice":8448.36},{"block":11422229,"timestamp":1633179182,"swapAmountBNB":20,"uniswapv2buyprice":8502.93,"sushiswapv2buyprice":8509.36,"bakeryswapbuyprice":8634.89,"apeswapBuyPrice":8506.34,"uniswapv2sellprice":8459.71,"sushiswapv2sellprice":8479.61,"bakeryswapsellprice":8345.97,"apeswapsellprice":8448.36},{"block":11422230,"timestamp":1633179185,"swapAmountBNB":20,"uniswapv2buyprice":8502.87,"sushiswapv2buyprice":8509.36,"bakeryswapbuyprice":8634.89,"apeswapBuyPrice":8506.34,"uniswapv2sellprice":8459.65,"sushiswapv2sellprice":8479.61,"bakeryswapsellprice":8345.97,"apeswapsellprice":8448.36},{"block":11422231,"timestamp":1633179188,"swapAmountBNB":20,"uniswapv2buyprice":8502.86,"sushiswapv2buyprice":8509.36,"bakeryswapbuyprice":8634.89,"apeswapBuyPrice":8506.34,"uniswapv2sellprice":8459.64,"sushiswapv2sellprice":8479.61,"bakeryswapsellprice":8345.97,"apeswapsellprice":8448.36},{"block":11422232,"timestamp":1633179191,"swapAmountBNB":20,"uniswapv2buyprice":8502.86,"sushiswapv2buyprice":8509.36,"bakeryswapbuyprice":8634.89,"apeswapBuyPrice":8506.34,"uniswapv2sellprice":8459.64,"sushiswapv2sellprice":8479.61,"bakeryswapsellprice":8345.97,"apeswapsellprice":8448.36},{"block":11422233,"timestamp":1633179194,"swapAmountBNB":20,"uniswapv2buyprice":8502.99,"sushiswapv2buyprice":8509.36,"bakeryswapbuyprice":8634.89,"apeswapBuyPrice":8510.22,"uniswapv2sellprice":8459.77,"sushiswapv2sellprice":8479.61,"bakeryswapsellprice":8345.97,"apeswapsellprice":8452.2},{"block":11422234,"timestamp":1633179197,"swapAmountBNB":20,"uniswapv2buyprice":8502.97,"sushiswapv2buyprice":8509.36,"bakeryswapbuyprice":8634.89,"apeswapBuyPrice":8510.22,"uniswapv2sellprice":8459.75,"sushiswapv2sellprice":8479.61,"bakeryswapsellprice":8345.97,"apeswapsellprice":8452.2},{"block":11422235,"timestamp":1633179200,"swapAmountBNB":20,"uniswapv2buyprice":8502.99,"sushiswapv2buyprice":8507.83,"bakeryswapbuyprice":8634.89,"apeswapBuyPrice":8512.03,"uniswapv2sellprice":8459.77,"sushiswapv2sellprice":8478.08,"bakeryswapsellprice":8345.97,"apeswapsellprice":8454},{"block":11422236,"timestamp":1633179203,"swapAmountBNB":20,"uniswapv2buyprice":8502.94,"sushiswapv2buyprice":8507.83,"bakeryswapbuyprice":8634.89,"apeswapBuyPrice":8512.03,"uniswapv2sellprice":8459.72,"sushiswapv2sellprice":8478.08,"bakeryswapsellprice":8345.97,"apeswapsellprice":8454},{"block":11422237,"timestamp":1633179206,"swapAmountBNB":20,"uniswapv2buyprice":8502.91,"sushiswapv2buyprice":8507.83,"bakeryswapbuyprice":8634.89,"apeswapBuyPrice":8512.03,"uniswapv2sellprice":8459.69,"sushiswapv2sellprice":8478.08,"bakeryswapsellprice":8345.97,"apeswapsellprice":8454},{"block":11422238,"timestamp":1633179209,"swapAmountBNB":20,"uniswapv2buyprice":8502.89,"sushiswapv2buyprice":8507.83,"bakeryswapbuyprice":8634.89,"apeswapBuyPrice":8512.03,"uniswapv2sellprice":8459.67,"sushiswapv2sellprice":8478.08,"bakeryswapsellprice":8345.97,"apeswapsellprice":8454},{"block":11422239,"timestamp":1633179212,"swapAmountBNB":20,"uniswapv2buyprice":8502.4,"sushiswapv2buyprice":8507.83,"bakeryswapbuyprice":8634.89,"apeswapBuyPrice":8512.03,"uniswapv2sellprice":8459.19,"sushiswapv2sellprice":8478.08,"bakeryswapsellprice":8345.97,"apeswapsellprice":8454},{"block":11422240,"timestamp":1633179215,"swapAmountBNB":20,"uniswapv2buyprice":8502.41,"sushiswapv2buyprice":8507.83,"bakeryswapbuyprice":8634.89,"apeswapBuyPrice":8512.03,"uniswapv2sellprice":8459.2,"sushiswapv2sellprice":8478.08,"bakeryswapsellprice":8345.97,"apeswapsellprice":8454},{"block":11422241,"timestamp":1633179218,"swapAmountBNB":20,"uniswapv2buyprice":8502.38,"sushiswapv2buyprice":8507.72,"bakeryswapbuyprice":8634.89,"apeswapBuyPrice":8512.05,"uniswapv2sellprice":8459.16,"sushiswapv2sellprice":8477.97,"bakeryswapsellprice":8345.97,"apeswapsellprice":8454.01},{"block":11422242,"timestamp":1633179221,"swapAmountBNB":20,"uniswapv2buyprice":8502.39,"sushiswapv2buyprice":8503.65,"bakeryswapbuyprice":8634.89,"apeswapBuyPrice":8512.05,"uniswapv2sellprice":8459.18,"sushiswapv2sellprice":8473.93,"bakeryswapsellprice":8345.97,"apeswapsellprice":8454.01},{"block":11422243,"timestamp":1633179224,"swapAmountBNB":20,"uniswapv2buyprice":8502.45,"sushiswapv2buyprice":8503.64,"bakeryswapbuyprice":8634.89,"apeswapBuyPrice":8513.26,"uniswapv2sellprice":8459.23,"sushiswapv2sellprice":8473.91,"bakeryswapsellprice":8345.97,"apeswapsellprice":8455.22},{"block":11422244,"timestamp":1633179227,"swapAmountBNB":20,"uniswapv2buyprice":8502.45,"sushiswapv2buyprice":8503.64,"bakeryswapbuyprice":8634.89,"apeswapBuyPrice":8513.26,"uniswapv2sellprice":8459.23,"sushiswapv2sellprice":8473.91,"bakeryswapsellprice":8345.97,"apeswapsellprice":8455.22},{"block":11422245,"timestamp":1633179230,"swapAmountBNB":20,"uniswapv2buyprice":8502.63,"sushiswapv2buyprice":8503.63,"bakeryswapbuyprice":8635.04,"apeswapBuyPrice":8513.37,"uniswapv2sellprice":8459.41,"sushiswapv2sellprice":8473.91,"bakeryswapsellprice":8346.11,"apeswapsellprice":8455.33},{"block":11422246,"timestamp":1633179233,"swapAmountBNB":20,"uniswapv2buyprice":8502.71,"sushiswapv2buyprice":8503.63,"bakeryswapbuyprice":8635.04,"apeswapBuyPrice":8513.37,"uniswapv2sellprice":8459.49,"sushiswapv2sellprice":8473.91,"bakeryswapsellprice":8346.11,"apeswapsellprice":8455.33},{"block":11422247,"timestamp":1633179236,"swapAmountBNB":20,"uniswapv2buyprice":8502.79,"sushiswapv2buyprice":8510.75,"bakeryswapbuyprice":8635.04,"apeswapBuyPrice":8513.37,"uniswapv2sellprice":8459.57,"sushiswapv2sellprice":8481,"bakeryswapsellprice":8346.11,"apeswapsellprice":8455.33},{"block":11422248,"timestamp":1633179239,"swapAmountBNB":20,"uniswapv2buyprice":8502.78,"sushiswapv2buyprice":8510.75,"bakeryswapbuyprice":8635.04,"apeswapBuyPrice":8513.89,"uniswapv2sellprice":8459.57,"sushiswapv2sellprice":8481,"bakeryswapsellprice":8346.11,"apeswapsellprice":8455.85},{"block":11422249,"timestamp":1633179242,"swapAmountBNB":20,"uniswapv2buyprice":8502.78,"sushiswapv2buyprice":8510.75,"bakeryswapbuyprice":8635.04,"apeswapBuyPrice":8513.89,"uniswapv2sellprice":8459.57,"sushiswapv2sellprice":8481,"bakeryswapsellprice":8346.11,"apeswapsellprice":8455.85},{"block":11422250,"timestamp":1633179245,"swapAmountBNB":20,"uniswapv2buyprice":8502.93,"sushiswapv2buyprice":8510.5,"bakeryswapbuyprice":8635.04,"apeswapBuyPrice":8513.89,"uniswapv2sellprice":8459.71,"sushiswapv2sellprice":8480.74,"bakeryswapsellprice":8346.11,"apeswapsellprice":8455.85},{"block":11422251,"timestamp":1633179248,"swapAmountBNB":20,"uniswapv2buyprice":8502.75,"sushiswapv2buyprice":8510.5,"bakeryswapbuyprice":8635.04,"apeswapBuyPrice":8513.89,"uniswapv2sellprice":8459.53,"sushiswapv2sellprice":8480.74,"bakeryswapsellprice":8346.11,"apeswapsellprice":8455.85},{"block":11422252,"timestamp":1633179251,"swapAmountBNB":20,"uniswapv2buyprice":8502.07,"sushiswapv2buyprice":8510.5,"bakeryswapbuyprice":8635.04,"apeswapBuyPrice":8513.89,"uniswapv2sellprice":8458.86,"sushiswapv2sellprice":8480.74,"bakeryswapsellprice":8346.11,"apeswapsellprice":8455.85},{"block":11422253,"timestamp":1633179254,"swapAmountBNB":20,"uniswapv2buyprice":8502.04,"sushiswapv2buyprice":8510.5,"bakeryswapbuyprice":8635.04,"apeswapBuyPrice":8513.89,"uniswapv2sellprice":8458.82,"sushiswapv2sellprice":8480.74,"bakeryswapsellprice":8346.11,"apeswapsellprice":8455.85},{"block":11422254,"timestamp":1633179257,"swapAmountBNB":20,"uniswapv2buyprice":8502.03,"sushiswapv2buyprice":8510.5,"bakeryswapbuyprice":8635.04,"apeswapBuyPrice":8513.73,"uniswapv2sellprice":8458.82,"sushiswapv2sellprice":8480.74,"bakeryswapsellprice":8346.11,"apeswapsellprice":8455.68},{"block":11422255,"timestamp":1633179260,"swapAmountBNB":20,"uniswapv2buyprice":8502.07,"sushiswapv2buyprice":8510.5,"bakeryswapbuyprice":8635.04,"apeswapBuyPrice":8513.73,"uniswapv2sellprice":8458.86,"sushiswapv2sellprice":8480.74,"bakeryswapsellprice":8346.11,"apeswapsellprice":8455.68},{"block":11422256,"timestamp":1633179263,"swapAmountBNB":20,"uniswapv2buyprice":8502.1,"sushiswapv2buyprice":8508.93,"bakeryswapbuyprice":8635.04,"apeswapBuyPrice":8513.73,"uniswapv2sellprice":8458.88,"sushiswapv2sellprice":8479.18,"bakeryswapsellprice":8346.11,"apeswapsellprice":8455.68},{"block":11422257,"timestamp":1633179266,"swapAmountBNB":20,"uniswapv2buyprice":8502.13,"sushiswapv2buyprice":8508.93,"bakeryswapbuyprice":8635.04,"apeswapBuyPrice":8512.82,"uniswapv2sellprice":8458.91,"sushiswapv2sellprice":8479.18,"bakeryswapsellprice":8346.11,"apeswapsellprice":8454.78},{"block":11422258,"timestamp":1633179269,"swapAmountBNB":20,"uniswapv2buyprice":8502.12,"sushiswapv2buyprice":8508.29,"bakeryswapbuyprice":8635.04,"apeswapBuyPrice":8512.82,"uniswapv2sellprice":8458.91,"sushiswapv2sellprice":8478.54,"bakeryswapsellprice":8346.11,"apeswapsellprice":8454.78},{"block":11422259,"timestamp":1633179272,"swapAmountBNB":20,"uniswapv2buyprice":8504.31,"sushiswapv2buyprice":8508.29,"bakeryswapbuyprice":8635.04,"apeswapBuyPrice":8512.82,"uniswapv2sellprice":8461.09,"sushiswapv2sellprice":8478.54,"bakeryswapsellprice":8346.11,"apeswapsellprice":8454.78},{"block":11422260,"timestamp":1633179275,"swapAmountBNB":20,"uniswapv2buyprice":8504.53,"sushiswapv2buyprice":8508.29,"bakeryswapbuyprice":8635.04,"apeswapBuyPrice":8512.82,"uniswapv2sellprice":8461.3,"sushiswapv2sellprice":8478.54,"bakeryswapsellprice":8346.11,"apeswapsellprice":8454.78},{"block":11422261,"timestamp":1633179278,"swapAmountBNB":20,"uniswapv2buyprice":8504.54,"sushiswapv2buyprice":8508.29,"bakeryswapbuyprice":8635.04,"apeswapBuyPrice":8512.82,"uniswapv2sellprice":8461.31,"sushiswapv2sellprice":8478.54,"bakeryswapsellprice":8346.11,"apeswapsellprice":8454.78},{"block":11422262,"timestamp":1633179281,"swapAmountBNB":20,"uniswapv2buyprice":8504.32,"sushiswapv2buyprice":8508.13,"bakeryswapbuyprice":8635.04,"apeswapBuyPrice":8512.82,"uniswapv2sellprice":8461.1,"sushiswapv2sellprice":8478.39,"bakeryswapsellprice":8346.11,"apeswapsellprice":8454.78},{"block":11422263,"timestamp":1633179284,"swapAmountBNB":20,"uniswapv2buyprice":8504.22,"sushiswapv2buyprice":8508.13,"bakeryswapbuyprice":8635.04,"apeswapBuyPrice":8512.82,"uniswapv2sellprice":8461,"sushiswapv2sellprice":8478.39,"bakeryswapsellprice":8346.11,"apeswapsellprice":8454.78},{"block":11422264,"timestamp":1633179287,"swapAmountBNB":20,"uniswapv2buyprice":8504.1,"sushiswapv2buyprice":8506.77,"bakeryswapbuyprice":8635.04,"apeswapBuyPrice":8512.83,"uniswapv2sellprice":8460.88,"sushiswapv2sellprice":8477.03,"bakeryswapsellprice":8346.11,"apeswapsellprice":8454.79},{"block":11422265,"timestamp":1633179290,"swapAmountBNB":20,"uniswapv2buyprice":8504.1,"sushiswapv2buyprice":8505.86,"bakeryswapbuyprice":8635.04,"apeswapBuyPrice":8512.83,"uniswapv2sellprice":8460.88,"sushiswapv2sellprice":8476.13,"bakeryswapsellprice":8346.11,"apeswapsellprice":8454.79},{"block":11422266,"timestamp":1633179293,"swapAmountBNB":20,"uniswapv2buyprice":8504.07,"sushiswapv2buyprice":8505.86,"bakeryswapbuyprice":8635.04,"apeswapBuyPrice":8512.83,"uniswapv2sellprice":8460.84,"sushiswapv2sellprice":8476.13,"bakeryswapsellprice":8346.11,"apeswapsellprice":8454.79},{"block":11422267,"timestamp":1633179296,"swapAmountBNB":20,"uniswapv2buyprice":8504.32,"sushiswapv2buyprice":8505.86,"bakeryswapbuyprice":8635.04,"apeswapBuyPrice":8512.83,"uniswapv2sellprice":8461.1,"sushiswapv2sellprice":8476.13,"bakeryswapsellprice":8346.11,"apeswapsellprice":8454.79},{"block":11422268,"timestamp":1633179299,"swapAmountBNB":20,"uniswapv2buyprice":8504.33,"sushiswapv2buyprice":8505.86,"bakeryswapbuyprice":8635.04,"apeswapBuyPrice":8512.83,"uniswapv2sellprice":8461.1,"sushiswapv2sellprice":8476.13,"bakeryswapsellprice":8346.11,"apeswapsellprice":8454.79},{"block":11422269,"timestamp":1633179302,"swapAmountBNB":20,"uniswapv2buyprice":8504.27,"sushiswapv2buyprice":8502.14,"bakeryswapbuyprice":8635.04,"apeswapBuyPrice":8512.83,"uniswapv2sellprice":8461.04,"sushiswapv2sellprice":8472.42,"bakeryswapsellprice":8346.11,"apeswapsellprice":8454.79},{"block":11422270,"timestamp":1633179305,"swapAmountBNB":20,"uniswapv2buyprice":8504.23,"sushiswapv2buyprice":8504.69,"bakeryswapbuyprice":8635.04,"apeswapBuyPrice":8512.83,"uniswapv2sellprice":8461.01,"sushiswapv2sellprice":8474.95,"bakeryswapsellprice":8346.11,"apeswapsellprice":8454.79},{"block":11422271,"timestamp":1633179308,"swapAmountBNB":20,"uniswapv2buyprice":8504.25,"sushiswapv2buyprice":8504.69,"bakeryswapbuyprice":8635.04,"apeswapBuyPrice":8512.83,"uniswapv2sellprice":8461.02,"sushiswapv2sellprice":8474.95,"bakeryswapsellprice":8346.11,"apeswapsellprice":8454.79},{"block":11422272,"timestamp":1633179311,"swapAmountBNB":20,"uniswapv2buyprice":8505.06,"sushiswapv2buyprice":8504.69,"bakeryswapbuyprice":8635.04,"apeswapBuyPrice":8512.83,"uniswapv2sellprice":8461.83,"sushiswapv2sellprice":8474.95,"bakeryswapsellprice":8346.11,"apeswapsellprice":8454.79},{"block":11422273,"timestamp":1633179314,"swapAmountBNB":20,"uniswapv2buyprice":8505.07,"sushiswapv2buyprice":8497.67,"bakeryswapbuyprice":8635.04,"apeswapBuyPrice":8512.83,"uniswapv2sellprice":8461.84,"sushiswapv2sellprice":8467.97,"bakeryswapsellprice":8346.11,"apeswapsellprice":8454.79},{"block":11422274,"timestamp":1633179317,"swapAmountBNB":20,"uniswapv2buyprice":8505.07,"sushiswapv2buyprice":8497.67,"bakeryswapbuyprice":8635.04,"apeswapBuyPrice":8512.83,"uniswapv2sellprice":8461.84,"sushiswapv2sellprice":8467.97,"bakeryswapsellprice":8346.11,"apeswapsellprice":8454.79},{"block":11422275,"timestamp":1633179320,"swapAmountBNB":20,"uniswapv2buyprice":8504.97,"sushiswapv2buyprice":8497.38,"bakeryswapbuyprice":8635.04,"apeswapBuyPrice":8512.83,"uniswapv2sellprice":8461.74,"sushiswapv2sellprice":8467.68,"bakeryswapsellprice":8346.11,"apeswapsellprice":8454.79},{"block":11422276,"timestamp":1633179323,"swapAmountBNB":20,"uniswapv2buyprice":8504.94,"sushiswapv2buyprice":8490.28,"bakeryswapbuyprice":8635.04,"apeswapBuyPrice":8512.83,"uniswapv2sellprice":8461.71,"sushiswapv2sellprice":8460.61,"bakeryswapsellprice":8346.11,"apeswapsellprice":8454.79},{"block":11422277,"timestamp":1633179326,"swapAmountBNB":20,"uniswapv2buyprice":8504.95,"sushiswapv2buyprice":8485.3,"bakeryswapbuyprice":8635.04,"apeswapBuyPrice":8512.83,"uniswapv2sellprice":8461.72,"sushiswapv2sellprice":8455.65,"bakeryswapsellprice":8346.11,"apeswapsellprice":8454.79},{"block":11422278,"timestamp":1633179329,"swapAmountBNB":20,"uniswapv2buyprice":8504.96,"sushiswapv2buyprice":8483.7,"bakeryswapbuyprice":8635.04,"apeswapBuyPrice":8512.83,"uniswapv2sellprice":8461.73,"sushiswapv2sellprice":8454.06,"bakeryswapsellprice":8346.11,"apeswapsellprice":8454.79},{"block":11422279,"timestamp":1633179332,"swapAmountBNB":20,"uniswapv2buyprice":8504.92,"sushiswapv2buyprice":8485.3,"bakeryswapbuyprice":8635.04,"apeswapBuyPrice":8512.83,"uniswapv2sellprice":8461.69,"sushiswapv2sellprice":8455.65,"bakeryswapsellprice":8346.11,"apeswapsellprice":8454.79},{"block":11422280,"timestamp":1633179335,"swapAmountBNB":20,"uniswapv2buyprice":8504.85,"sushiswapv2buyprice":8486,"bakeryswapbuyprice":8635.04,"apeswapBuyPrice":8512.83,"uniswapv2sellprice":8461.62,"sushiswapv2sellprice":8456.35,"bakeryswapsellprice":8346.11,"apeswapsellprice":8454.79},{"block":11422281,"timestamp":1633179338,"swapAmountBNB":20,"uniswapv2buyprice":8504.57,"sushiswapv2buyprice":8486,"bakeryswapbuyprice":8635.04,"apeswapBuyPrice":8512.83,"uniswapv2sellprice":8461.34,"sushiswapv2sellprice":8456.35,"bakeryswapsellprice":8346.11,"apeswapsellprice":8454.79},{"block":11422282,"timestamp":1633179341,"swapAmountBNB":20,"uniswapv2buyprice":8504.52,"sushiswapv2buyprice":8486,"bakeryswapbuyprice":8635.04,"apeswapBuyPrice":8512.83,"uniswapv2sellprice":8461.29,"sushiswapv2sellprice":8456.35,"bakeryswapsellprice":8346.11,"apeswapsellprice":8454.79},{"block":11422283,"timestamp":1633179344,"swapAmountBNB":20,"uniswapv2buyprice":8504.16,"sushiswapv2buyprice":8486,"bakeryswapbuyprice":8635.04,"apeswapBuyPrice":8513.25,"uniswapv2sellprice":8460.94,"sushiswapv2sellprice":8456.35,"bakeryswapsellprice":8346.11,"apeswapsellprice":8455.21},{"block":11422284,"timestamp":1633179347,"swapAmountBNB":20,"uniswapv2buyprice":8503.91,"sushiswapv2buyprice":8486,"bakeryswapbuyprice":8635.04,"apeswapBuyPrice":8513.25,"uniswapv2sellprice":8460.68,"sushiswapv2sellprice":8456.35,"bakeryswapsellprice":8346.11,"apeswapsellprice":8455.21},{"block":11422285,"timestamp":1633179350,"swapAmountBNB":20,"uniswapv2buyprice":8503.91,"sushiswapv2buyprice":8486,"bakeryswapbuyprice":8635.04,"apeswapBuyPrice":8513.25,"uniswapv2sellprice":8460.69,"sushiswapv2sellprice":8456.35,"bakeryswapsellprice":8346.11,"apeswapsellprice":8455.21},{"block":11422286,"timestamp":1633179353,"swapAmountBNB":20,"uniswapv2buyprice":8503.87,"sushiswapv2buyprice":8486.96,"bakeryswapbuyprice":8635.04,"apeswapBuyPrice":8513.25,"uniswapv2sellprice":8460.64,"sushiswapv2sellprice":8457.31,"bakeryswapsellprice":8346.11,"apeswapsellprice":8455.21},{"block":11422287,"timestamp":1633179356,"swapAmountBNB":20,"uniswapv2buyprice":8503.88,"sushiswapv2buyprice":8492.77,"bakeryswapbuyprice":8635.04,"apeswapBuyPrice":8513.25,"uniswapv2sellprice":8460.66,"sushiswapv2sellprice":8463.09,"bakeryswapsellprice":8346.11,"apeswapsellprice":8455.21},{"block":11422288,"timestamp":1633179359,"swapAmountBNB":20,"uniswapv2buyprice":8503.88,"sushiswapv2buyprice":8492.77,"bakeryswapbuyprice":8635.04,"apeswapBuyPrice":8513.25,"uniswapv2sellprice":8460.66,"sushiswapv2sellprice":8463.09,"bakeryswapsellprice":8346.11,"apeswapsellprice":8455.21},{"block":11422289,"timestamp":1633179362,"swapAmountBNB":20,"uniswapv2buyprice":8503.88,"sushiswapv2buyprice":8493.09,"bakeryswapbuyprice":8635.04,"apeswapBuyPrice":8513.25,"uniswapv2sellprice":8460.66,"sushiswapv2sellprice":8463.41,"bakeryswapsellprice":8346.11,"apeswapsellprice":8455.21},{"block":11422289,"timestamp":1633179363,"swapAmountBNB":20,"uniswapv2buyprice":8503.88,"sushiswapv2buyprice":8493.09,"bakeryswapbuyprice":8635.04,"apeswapBuyPrice":8513.25,"uniswapv2sellprice":8460.66,"sushiswapv2sellprice":8463.41,"bakeryswapsellprice":8346.11,"apeswapsellprice":8455.21},{"block":11422290,"timestamp":1633179365,"swapAmountBNB":20,"uniswapv2buyprice":8504.28,"sushiswapv2buyprice":8493.34,"bakeryswapbuyprice":8635.04,"apeswapBuyPrice":8513.25,"uniswapv2sellprice":8461.06,"sushiswapv2sellprice":8463.66,"bakeryswapsellprice":8346.11,"apeswapsellprice":8455.21},{"block":11422291,"timestamp":1633179368,"swapAmountBNB":20,"uniswapv2buyprice":8504.18,"sushiswapv2buyprice":8493.34,"bakeryswapbuyprice":8635.04,"apeswapBuyPrice":8513.25,"uniswapv2sellprice":8460.96,"sushiswapv2sellprice":8463.66,"bakeryswapsellprice":8346.11,"apeswapsellprice":8455.21},{"block":11422292,"timestamp":1633179371,"swapAmountBNB":20,"uniswapv2buyprice":8504.18,"sushiswapv2buyprice":8493.34,"bakeryswapbuyprice":8635.04,"apeswapBuyPrice":8513.25,"uniswapv2sellprice":8460.96,"sushiswapv2sellprice":8463.66,"bakeryswapsellprice":8346.11,"apeswapsellprice":8455.21},{"block":11422293,"timestamp":1633179374,"swapAmountBNB":20,"uniswapv2buyprice":8504.13,"sushiswapv2buyprice":8493.86,"bakeryswapbuyprice":8635.04,"apeswapBuyPrice":8513.25,"uniswapv2sellprice":8460.9,"sushiswapv2sellprice":8464.18,"bakeryswapsellprice":8346.11,"apeswapsellprice":8455.21},{"block":11422294,"timestamp":1633179377,"swapAmountBNB":20,"uniswapv2buyprice":8504.13,"sushiswapv2buyprice":8493.86,"bakeryswapbuyprice":8635.04,"apeswapBuyPrice":8513.25,"uniswapv2sellprice":8460.9,"sushiswapv2sellprice":8464.18,"bakeryswapsellprice":8346.11,"apeswapsellprice":8455.21},{"block":11422295,"timestamp":1633179380,"swapAmountBNB":20,"uniswapv2buyprice":8504.18,"sushiswapv2buyprice":8492.69,"bakeryswapbuyprice":8635.04,"apeswapBuyPrice":8513.25,"uniswapv2sellprice":8460.96,"sushiswapv2sellprice":8464.18,"bakeryswapsellprice":8346.11,"apeswapsellprice":8455.21},{"block":11422296,"timestamp":1633179383,"swapAmountBNB":20,"uniswapv2buyprice":8502.6,"sushiswapv2buyprice":8492.69,"bakeryswapbuyprice":8635.04,"apeswapBuyPrice":8513.25,"uniswapv2sellprice":8459.39,"sushiswapv2sellprice":8463.01,"bakeryswapsellprice":8346.11,"apeswapsellprice":8455.21},{"block":11422297,"timestamp":1633179386,"swapAmountBNB":20,"uniswapv2buyprice":8502.8,"sushiswapv2buyprice":8492.69,"bakeryswapbuyprice":8635.04,"apeswapBuyPrice":8513.25,"uniswapv2sellprice":8459.58,"sushiswapv2sellprice":8463.01,"bakeryswapsellprice":8346.11,"apeswapsellprice":8455.21},{"block":11422298,"timestamp":1633179389,"swapAmountBNB":20,"uniswapv2buyprice":8502.99,"sushiswapv2buyprice":8492.97,"bakeryswapbuyprice":8635.04,"apeswapBuyPrice":8513.25,"uniswapv2sellprice":8459.77,"sushiswapv2sellprice":8463.29,"bakeryswapsellprice":8346.11,"apeswapsellprice":8455.21},{"block":11422299,"timestamp":1633179392,"swapAmountBNB":20,"uniswapv2buyprice":8502.98,"sushiswapv2buyprice":8492.97,"bakeryswapbuyprice":8635.04,"apeswapBuyPrice":8513.25,"uniswapv2sellprice":8459.76,"sushiswapv2sellprice":8463.29,"bakeryswapsellprice":8346.11,"apeswapsellprice":8455.21},{"block":11422300,"timestamp":1633179395,"swapAmountBNB":20,"uniswapv2buyprice":8502.98,"sushiswapv2buyprice":8492.97,"bakeryswapbuyprice":8635.04,"apeswapBuyPrice":8508.13,"uniswapv2sellprice":8459.76,"sushiswapv2sellprice":8463.29,"bakeryswapsellprice":8346.11,"apeswapsellprice":8450.13},{"block":11422301,"timestamp":1633179398,"swapAmountBNB":20,"uniswapv2buyprice":8502.93,"sushiswapv2buyprice":8493.01,"bakeryswapbuyprice":8635.04,"apeswapBuyPrice":8508.65,"uniswapv2sellprice":8459.71,"sushiswapv2sellprice":8463.33,"bakeryswapsellprice":8346.11,"apeswapsellprice":8450.64},{"block":11422302,"timestamp":1633179401,"swapAmountBNB":20,"uniswapv2buyprice":8502.87,"sushiswapv2buyprice":8493.01,"bakeryswapbuyprice":8635.04,"apeswapBuyPrice":8508.65,"uniswapv2sellprice":8459.65,"sushiswapv2sellprice":8463.33,"bakeryswapsellprice":8346.11,"apeswapsellprice":8450.64},{"block":11422303,"timestamp":1633179404,"swapAmountBNB":20,"uniswapv2buyprice":8502.13,"sushiswapv2buyprice":8493.01,"bakeryswapbuyprice":8635.04,"apeswapBuyPrice":8508.65,"uniswapv2sellprice":8458.92,"sushiswapv2sellprice":8463.33,"bakeryswapsellprice":8346.11,"apeswapsellprice":8450.64},{"block":11422304,"timestamp":1633179407,"swapAmountBNB":20,"uniswapv2buyprice":8502.06,"sushiswapv2buyprice":8493.22,"bakeryswapbuyprice":8635.04,"apeswapBuyPrice":8508.65,"uniswapv2sellprice":8458.84,"sushiswapv2sellprice":8463.53,"bakeryswapsellprice":8346.11,"apeswapsellprice":8450.64},{"block":11422305,"timestamp":1633179410,"swapAmountBNB":20,"uniswapv2buyprice":8501.94,"sushiswapv2buyprice":8488.76,"bakeryswapbuyprice":8635.04,"apeswapBuyPrice":8508.67,"uniswapv2sellprice":8458.72,"sushiswapv2sellprice":8459.1,"bakeryswapsellprice":8346.11,"apeswapsellprice":8450.66},{"block":11422306,"timestamp":1633179413,"swapAmountBNB":20,"uniswapv2buyprice":8502.08,"sushiswapv2buyprice":8488.76,"bakeryswapbuyprice":8635.04,"apeswapBuyPrice":8508.67,"uniswapv2sellprice":8458.87,"sushiswapv2sellprice":8459.1,"bakeryswapsellprice":8346.11,"apeswapsellprice":8450.66},{"block":11422307,"timestamp":1633179416,"swapAmountBNB":20,"uniswapv2buyprice":8502.06,"sushiswapv2buyprice":8487.8,"bakeryswapbuyprice":8635.04,"apeswapBuyPrice":8508.67,"uniswapv2sellprice":8458.85,"sushiswapv2sellprice":8458.14,"bakeryswapsellprice":8346.11,"apeswapsellprice":8450.66},{"block":11422308,"timestamp":1633179419,"swapAmountBNB":20,"uniswapv2buyprice":8502.06,"sushiswapv2buyprice":8487.8,"bakeryswapbuyprice":8635.04,"apeswapBuyPrice":8508.67,"uniswapv2sellprice":8458.84,"sushiswapv2sellprice":8458.14,"bakeryswapsellprice":8346.11,"apeswapsellprice":8450.66},{"block":11422309,"timestamp":1633179422,"swapAmountBNB":20,"uniswapv2buyprice":8502.05,"sushiswapv2buyprice":8487.8,"bakeryswapbuyprice":8635.04,"apeswapBuyPrice":8508.67,"uniswapv2sellprice":8458.84,"sushiswapv2sellprice":8458.14,"bakeryswapsellprice":8346.11,"apeswapsellprice":8450.66},{"block":11422310,"timestamp":1633179425,"swapAmountBNB":20,"uniswapv2buyprice":8502,"sushiswapv2buyprice":8487.8,"bakeryswapbuyprice":8635.04,"apeswapBuyPrice":8508.67,"uniswapv2sellprice":8458.78,"sushiswapv2sellprice":8458.14,"bakeryswapsellprice":8346.11,"apeswapsellprice":8450.66},{"block":11422311,"timestamp":1633179428,"swapAmountBNB":20,"uniswapv2buyprice":8501.99,"sushiswapv2buyprice":8487.8,"bakeryswapbuyprice":8635.04,"apeswapBuyPrice":8508.67,"uniswapv2sellprice":8458.77,"sushiswapv2sellprice":8458.14,"bakeryswapsellprice":8346.11,"apeswapsellprice":8450.66},{"block":11422312,"timestamp":1633179431,"swapAmountBNB":20,"uniswapv2buyprice":8501.94,"sushiswapv2buyprice":8487.8,"bakeryswapbuyprice":8635.04,"apeswapBuyPrice":8508.67,"uniswapv2sellprice":8458.72,"sushiswapv2sellprice":8458.14,"bakeryswapsellprice":8346.11,"apeswapsellprice":8450.66},{"block":11422313,"timestamp":1633179434,"swapAmountBNB":20,"uniswapv2buyprice":8501.91,"sushiswapv2buyprice":8488.12,"bakeryswapbuyprice":8635.04,"apeswapBuyPrice":8508.67,"uniswapv2sellprice":8458.7,"sushiswapv2sellprice":8458.46,"bakeryswapsellprice":8346.11,"apeswapsellprice":8450.66},{"block":11422314,"timestamp":1633179437,"swapAmountBNB":20,"uniswapv2buyprice":8501.87,"sushiswapv2buyprice":8486.58,"bakeryswapbuyprice":8635.04,"apeswapBuyPrice":8508.67,"uniswapv2sellprice":8458.66,"sushiswapv2sellprice":8456.93,"bakeryswapsellprice":8346.11,"apeswapsellprice":8450.66},{"block":11422315,"timestamp":1633179440,"swapAmountBNB":20,"uniswapv2buyprice":8501.73,"sushiswapv2buyprice":8486.58,"bakeryswapbuyprice":8635.04,"apeswapBuyPrice":8508.67,"uniswapv2sellprice":8458.52,"sushiswapv2sellprice":8456.93,"bakeryswapsellprice":8346.11,"apeswapsellprice":8450.66},{"block":11422316,"timestamp":1633179443,"swapAmountBNB":20,"uniswapv2buyprice":8501.56,"sushiswapv2buyprice":8486.58,"bakeryswapbuyprice":8635.04,"apeswapBuyPrice":8508.67,"uniswapv2sellprice":8458.34,"sushiswapv2sellprice":8456.93,"bakeryswapsellprice":8346.11,"apeswapsellprice":8450.66},{"block":11422317,"timestamp":1633179446,"swapAmountBNB":20,"uniswapv2buyprice":8501.54,"sushiswapv2buyprice":8486.58,"bakeryswapbuyprice":8635.04,"apeswapBuyPrice":8508.67,"uniswapv2sellprice":8458.33,"sushiswapv2sellprice":8456.93,"bakeryswapsellprice":8346.11,"apeswapsellprice":8450.66},{"block":11422318,"timestamp":1633179449,"swapAmountBNB":20,"uniswapv2buyprice":8500.53,"sushiswapv2buyprice":8486.71,"bakeryswapbuyprice":8635.04,"apeswapBuyPrice":8508.67,"uniswapv2sellprice":8457.33,"sushiswapv2sellprice":8457.05,"bakeryswapsellprice":8346.11,"apeswapsellprice":8450.66},{"block":11422319,"timestamp":1633179452,"swapAmountBNB":20,"uniswapv2buyprice":8500.56,"sushiswapv2buyprice":8486.71,"bakeryswapbuyprice":8635.04,"apeswapBuyPrice":8508.67,"uniswapv2sellprice":8457.35,"sushiswapv2sellprice":8457.05,"bakeryswapsellprice":8346.11,"apeswapsellprice":8450.66},{"block":11422320,"timestamp":1633179455,"swapAmountBNB":20,"uniswapv2buyprice":8500.5,"sushiswapv2buyprice":8486.71,"bakeryswapbuyprice":8635.04,"apeswapBuyPrice":8508.67,"uniswapv2sellprice":8457.29,"sushiswapv2sellprice":8457.05,"bakeryswapsellprice":8346.11,"apeswapsellprice":8450.66},{"block":11422321,"timestamp":1633179458,"swapAmountBNB":20,"uniswapv2buyprice":8500.45,"sushiswapv2buyprice":8486.71,"bakeryswapbuyprice":8635.04,"apeswapBuyPrice":8508.67,"uniswapv2sellprice":8457.25,"sushiswapv2sellprice":8457.05,"bakeryswapsellprice":8346.11,"apeswapsellprice":8450.66},{"block":11422322,"timestamp":1633179461,"swapAmountBNB":20,"uniswapv2buyprice":8500.45,"sushiswapv2buyprice":8486.71,"bakeryswapbuyprice":8635.04,"apeswapBuyPrice":8508.67,"uniswapv2sellprice":8457.24,"sushiswapv2sellprice":8457.05,"bakeryswapsellprice":8346.11,"apeswapsellprice":8450.66},{"block":11422323,"timestamp":1633179464,"swapAmountBNB":20,"uniswapv2buyprice":8500.49,"sushiswapv2buyprice":8486.71,"bakeryswapbuyprice":8635.04,"apeswapBuyPrice":8508.67,"uniswapv2sellprice":8457.28,"sushiswapv2sellprice":8457.05,"bakeryswapsellprice":8346.11,"apeswapsellprice":8450.66},{"block":11422324,"timestamp":1633179467,"swapAmountBNB":20,"uniswapv2buyprice":8500.58,"sushiswapv2buyprice":8486.71,"bakeryswapbuyprice":8635.04,"apeswapBuyPrice":8508.67,"uniswapv2sellprice":8457.38,"sushiswapv2sellprice":8457.05,"bakeryswapsellprice":8346.11,"apeswapsellprice":8450.66},{"block":11422325,"timestamp":1633179470,"swapAmountBNB":20,"uniswapv2buyprice":8500.24,"sushiswapv2buyprice":8486.71,"bakeryswapbuyprice":8635.04,"apeswapBuyPrice":8508.67,"uniswapv2sellprice":8457.03,"sushiswapv2sellprice":8457.05,"bakeryswapsellprice":8346.11,"apeswapsellprice":8450.66},{"block":11422326,"timestamp":1633179473,"swapAmountBNB":20,"uniswapv2buyprice":8500.24,"sushiswapv2buyprice":8486.71,"bakeryswapbuyprice":8635.04,"apeswapBuyPrice":8508.67,"uniswapv2sellprice":8457.03,"sushiswapv2sellprice":8457.05,"bakeryswapsellprice":8346.11,"apeswapsellprice":8450.66},{"block":11422327,"timestamp":1633179476,"swapAmountBNB":20,"uniswapv2buyprice":8500.02,"sushiswapv2buyprice":8486.71,"bakeryswapbuyprice":8635.04,"apeswapBuyPrice":8508.67,"uniswapv2sellprice":8456.82,"sushiswapv2sellprice":8457.05,"bakeryswapsellprice":8346.11,"apeswapsellprice":8450.66},{"block":11422328,"timestamp":1633179479,"swapAmountBNB":20,"uniswapv2buyprice":8500.01,"sushiswapv2buyprice":8486.71,"bakeryswapbuyprice":8635.04,"apeswapBuyPrice":8508.67,"uniswapv2sellprice":8456.8,"sushiswapv2sellprice":8457.05,"bakeryswapsellprice":8346.11,"apeswapsellprice":8450.66},{"block":11422329,"timestamp":1633179483,"swapAmountBNB":20,"uniswapv2buyprice":8499.99,"sushiswapv2buyprice":8487.66,"bakeryswapbuyprice":8635.04,"apeswapBuyPrice":8508.67,"uniswapv2sellprice":8456.79,"sushiswapv2sellprice":8458,"bakeryswapsellprice":8346.11,"apeswapsellprice":8450.66},{"block":11422329,"timestamp":1633179482,"swapAmountBNB":20,"uniswapv2buyprice":8500,"sushiswapv2buyprice":8487.66,"bakeryswapbuyprice":8635.04,"apeswapBuyPrice":8508.67,"uniswapv2sellprice":8456.8,"sushiswapv2sellprice":8458,"bakeryswapsellprice":8346.11,"apeswapsellprice":8450.66},{"block":11422330,"timestamp":1633179485,"swapAmountBNB":20,"uniswapv2buyprice":8500,"sushiswapv2buyprice":8480.67,"bakeryswapbuyprice":8635.04,"apeswapBuyPrice":8508.67,"uniswapv2sellprice":8456.8,"sushiswapv2sellprice":8458,"bakeryswapsellprice":8346.11,"apeswapsellprice":8450.66},{"block":11422331,"timestamp":1633179488,"swapAmountBNB":20,"uniswapv2buyprice":8499.84,"sushiswapv2buyprice":8482.37,"bakeryswapbuyprice":8635.04,"apeswapBuyPrice":8508.67,"uniswapv2sellprice":8456.64,"sushiswapv2sellprice":8452.73,"bakeryswapsellprice":8346.11,"apeswapsellprice":8450.66},{"block":11422332,"timestamp":1633179491,"swapAmountBNB":20,"uniswapv2buyprice":8499.84,"sushiswapv2buyprice":8482.37,"bakeryswapbuyprice":8635.04,"apeswapBuyPrice":8508.67,"uniswapv2sellprice":8456.64,"sushiswapv2sellprice":8452.73,"bakeryswapsellprice":8346.11,"apeswapsellprice":8450.66},{"block":11422333,"timestamp":1633179494,"swapAmountBNB":20,"uniswapv2buyprice":8499.79,"sushiswapv2buyprice":8482.37,"bakeryswapbuyprice":8635.04,"apeswapBuyPrice":8508.67,"uniswapv2sellprice":8456.59,"sushiswapv2sellprice":8452.73,"bakeryswapsellprice":8346.11,"apeswapsellprice":8450.66},{"block":11422334,"timestamp":1633179497,"swapAmountBNB":20,"uniswapv2buyprice":8499.73,"sushiswapv2buyprice":8482.37,"bakeryswapbuyprice":8635.04,"apeswapBuyPrice":8508.67,"uniswapv2sellprice":8456.53,"sushiswapv2sellprice":8452.73,"bakeryswapsellprice":8346.11,"apeswapsellprice":8450.66},{"block":11422335,"timestamp":1633179500,"swapAmountBNB":20,"uniswapv2buyprice":8499.74,"sushiswapv2buyprice":8485.35,"bakeryswapbuyprice":8635.04,"apeswapBuyPrice":8509.07,"uniswapv2sellprice":8456.54,"sushiswapv2sellprice":8455.7,"bakeryswapsellprice":8346.11,"apeswapsellprice":8451.06},{"block":11422336,"timestamp":1633179503,"swapAmountBNB":20,"uniswapv2buyprice":8499.75,"sushiswapv2buyprice":8485.35,"bakeryswapbuyprice":8635.04,"apeswapBuyPrice":8509.91,"uniswapv2sellprice":8456.55,"sushiswapv2sellprice":8455.7,"bakeryswapsellprice":8346.11,"apeswapsellprice":8451.06},{"block":11422337,"timestamp":1633179506,"swapAmountBNB":20,"uniswapv2buyprice":8499.7,"sushiswapv2buyprice":8485.35,"bakeryswapbuyprice":8635.04,"apeswapBuyPrice":8509.34,"uniswapv2sellprice":8456.5,"sushiswapv2sellprice":8455.7,"bakeryswapsellprice":8346.11,"apeswapsellprice":8451.9},{"block":11422338,"timestamp":1633179509,"swapAmountBNB":20,"uniswapv2buyprice":8499.99,"sushiswapv2buyprice":8485.35,"bakeryswapbuyprice":8635.04,"apeswapBuyPrice":8509.34,"uniswapv2sellprice":8456.79,"sushiswapv2sellprice":8455.7,"bakeryswapsellprice":8346.11,"apeswapsellprice":8451.33},{"block":11422339,"timestamp":1633179512,"swapAmountBNB":20,"uniswapv2buyprice":8500.03,"sushiswapv2buyprice":8485.35,"bakeryswapbuyprice":8635.04,"apeswapBuyPrice":8509.34,"uniswapv2sellprice":8456.83,"sushiswapv2sellprice":8455.7,"bakeryswapsellprice":8346.11,"apeswapsellprice":8451.33},{"block":11422340,"timestamp":1633179515,"swapAmountBNB":20,"uniswapv2buyprice":8500.01,"sushiswapv2buyprice":8486.77,"bakeryswapbuyprice":8635.04,"apeswapBuyPrice":8509.34,"uniswapv2sellprice":8456.81,"sushiswapv2sellprice":8457.12,"bakeryswapsellprice":8346.11,"apeswapsellprice":8451.33},{"block":11422341,"timestamp":1633179518,"swapAmountBNB":20,"uniswapv2buyprice":8500.03,"sushiswapv2buyprice":8488.02,"bakeryswapbuyprice":8635.04,"apeswapBuyPrice":8509.34,"uniswapv2sellprice":8456.82,"sushiswapv2sellprice":8458.36,"bakeryswapsellprice":8346.11,"apeswapsellprice":8451.33},{"block":11422342,"timestamp":1633179521,"swapAmountBNB":20,"uniswapv2buyprice":8500.21,"sushiswapv2buyprice":8488.02,"bakeryswapbuyprice":8635.04,"apeswapBuyPrice":8509.34,"uniswapv2sellprice":8457.01,"sushiswapv2sellprice":8458.36,"bakeryswapsellprice":8346.11,"apeswapsellprice":8451.33},{"block":11422343,"timestamp":1633179524,"swapAmountBNB":20,"uniswapv2buyprice":8498.33,"sushiswapv2buyprice":8489.2,"bakeryswapbuyprice":8635.04,"apeswapBuyPrice":8509.34,"uniswapv2sellprice":8455.14,"sushiswapv2sellprice":8459.54,"bakeryswapsellprice":8346.11,"apeswapsellprice":8451.33},{"block":11422344,"timestamp":1633179527,"swapAmountBNB":20,"uniswapv2buyprice":8498.36,"sushiswapv2buyprice":8489.2,"bakeryswapbuyprice":8635.04,"apeswapBuyPrice":8509.34,"uniswapv2sellprice":8455.16,"sushiswapv2sellprice":8459.54,"bakeryswapsellprice":8346.11,"apeswapsellprice":8451.33},{"block":11422345,"timestamp":1633179530,"swapAmountBNB":20,"uniswapv2buyprice":8498.24,"sushiswapv2buyprice":8489.2,"bakeryswapbuyprice":8635.04,"apeswapBuyPrice":8509.34,"uniswapv2sellprice":8455.04,"sushiswapv2sellprice":8459.54,"bakeryswapsellprice":8346.11,"apeswapsellprice":8451.33},{"block":11422346,"timestamp":1633179533,"swapAmountBNB":20,"uniswapv2buyprice":8498.29,"sushiswapv2buyprice":8489.2,"bakeryswapbuyprice":8635.04,"apeswapBuyPrice":8509.25,"uniswapv2sellprice":8455.09,"sushiswapv2sellprice":8459.54,"bakeryswapsellprice":8346.11,"apeswapsellprice":8451.25},{"block":11422347,"timestamp":1633179536,"swapAmountBNB":20,"uniswapv2buyprice":8498.3,"sushiswapv2buyprice":8486.65,"bakeryswapbuyprice":8635.04,"apeswapBuyPrice":8509.25,"uniswapv2sellprice":8455.11,"sushiswapv2sellprice":8457,"bakeryswapsellprice":8346.11,"apeswapsellprice":8451.25},{"block":11422348,"timestamp":1633179539,"swapAmountBNB":20,"uniswapv2buyprice":8498.26,"sushiswapv2buyprice":8486.65,"bakeryswapbuyprice":8635.04,"apeswapBuyPrice":8509.25,"uniswapv2sellprice":8455.07,"sushiswapv2sellprice":8457,"bakeryswapsellprice":8346.11,"apeswapsellprice":8451.25},{"block":11422349,"timestamp":1633179542,"swapAmountBNB":20,"uniswapv2buyprice":8498.26,"sushiswapv2buyprice":8489.95,"bakeryswapbuyprice":8635.04,"apeswapBuyPrice":8509.25,"uniswapv2sellprice":8455.06,"sushiswapv2sellprice":8460.28,"bakeryswapsellprice":8346.11,"apeswapsellprice":8451.25},{"block":11422350,"timestamp":1633179545,"swapAmountBNB":20,"uniswapv2buyprice":8496.84,"sushiswapv2buyprice":8489.95,"bakeryswapbuyprice":8635.04,"apeswapBuyPrice":8509.25,"uniswapv2sellprice":8453.65,"sushiswapv2sellprice":8460.28,"bakeryswapsellprice":8346.11,"apeswapsellprice":8451.25},{"block":11422351,"timestamp":1633179548,"swapAmountBNB":20,"uniswapv2buyprice":8497.42,"sushiswapv2buyprice":8490.24,"bakeryswapbuyprice":8635.04,"apeswapBuyPrice":8508.89,"uniswapv2sellprice":8454.23,"sushiswapv2sellprice":8460.57,"bakeryswapsellprice":8346.11,"apeswapsellprice":8451.25},{"block":11422352,"timestamp":1633179551,"swapAmountBNB":20,"uniswapv2buyprice":8497.16,"sushiswapv2buyprice":8490.36,"bakeryswapbuyprice":8635.04,"apeswapBuyPrice":8508.89,"uniswapv2sellprice":8453.97,"sushiswapv2sellprice":8460.69,"bakeryswapsellprice":8346.11,"apeswapsellprice":8450.89},{"block":11422353,"timestamp":1633179554,"swapAmountBNB":20,"uniswapv2buyprice":8497.15,"sushiswapv2buyprice":8490.36,"bakeryswapbuyprice":8635.04,"apeswapBuyPrice":8508.89,"uniswapv2sellprice":8453.97,"sushiswapv2sellprice":8460.69,"bakeryswapsellprice":8346.11,"apeswapsellprice":8450.89},{"block":11422354,"timestamp":1633179557,"swapAmountBNB":20,"uniswapv2buyprice":8496.77,"sushiswapv2buyprice":8490.36,"bakeryswapbuyprice":8635.04,"apeswapBuyPrice":8505.19,"uniswapv2sellprice":8453.59,"sushiswapv2sellprice":8460.69,"bakeryswapsellprice":8346.11,"apeswapsellprice":8447.21},{"block":11422355,"timestamp":1633179560,"swapAmountBNB":20,"uniswapv2buyprice":8496.61,"sushiswapv2buyprice":8490.36,"bakeryswapbuyprice":8635.04,"apeswapBuyPrice":8505.2,"uniswapv2sellprice":8453.42,"sushiswapv2sellprice":8460.69,"bakeryswapsellprice":8346.11,"apeswapsellprice":8447.23},{"block":11422356,"timestamp":1633179563,"swapAmountBNB":20,"uniswapv2buyprice":8495.67,"sushiswapv2buyprice":8490.36,"bakeryswapbuyprice":8635.04,"apeswapBuyPrice":8505.2,"uniswapv2sellprice":8452.49,"sushiswapv2sellprice":8460.69,"bakeryswapsellprice":8346.11,"apeswapsellprice":8447.23},{"block":11422357,"timestamp":1633179566,"swapAmountBNB":20,"uniswapv2buyprice":8494.78,"sushiswapv2buyprice":8490.36,"bakeryswapbuyprice":8635.04,"apeswapBuyPrice":8505.2,"uniswapv2sellprice":8451.6,"sushiswapv2sellprice":8460.69,"bakeryswapsellprice":8346.11,"apeswapsellprice":8447.23},{"block":11422358,"timestamp":1633179569,"swapAmountBNB":20,"uniswapv2buyprice":8494.68,"sushiswapv2buyprice":8490.36,"bakeryswapbuyprice":8635.04,"apeswapBuyPrice":8505.08,"uniswapv2sellprice":8451.51,"sushiswapv2sellprice":8460.69,"bakeryswapsellprice":8346.11,"apeswapsellprice":8447.11},{"block":11422359,"timestamp":1633179572,"swapAmountBNB":20,"uniswapv2buyprice":8494.66,"sushiswapv2buyprice":8490.36,"bakeryswapbuyprice":8635.04,"apeswapBuyPrice":8505.08,"uniswapv2sellprice":8451.49,"sushiswapv2sellprice":8460.69,"bakeryswapsellprice":8346.11,"apeswapsellprice":8447.11},{"block":11422360,"timestamp":1633179575,"swapAmountBNB":20,"uniswapv2buyprice":8494.64,"sushiswapv2buyprice":8489.73,"bakeryswapbuyprice":8635.04,"apeswapBuyPrice":8505.08,"uniswapv2sellprice":8451.46,"sushiswapv2sellprice":8460.06,"bakeryswapsellprice":8346.11,"apeswapsellprice":8447.11},{"block":11422361,"timestamp":1633179578,"swapAmountBNB":20,"uniswapv2buyprice":8494.63,"sushiswapv2buyprice":8489.57,"bakeryswapbuyprice":8635.04,"apeswapBuyPrice":8505.08,"uniswapv2sellprice":8451.45,"sushiswapv2sellprice":8459.91,"bakeryswapsellprice":8346.11,"apeswapsellprice":8447.11},{"block":11422362,"timestamp":1633179581,"swapAmountBNB":20,"uniswapv2buyprice":8494.64,"sushiswapv2buyprice":8489.57,"bakeryswapbuyprice":8635.04,"apeswapBuyPrice":8505.08,"uniswapv2sellprice":8451.47,"sushiswapv2sellprice":8459.91,"bakeryswapsellprice":8346.11,"apeswapsellprice":8447.11},{"block":11422363,"timestamp":1633179584,"swapAmountBNB":20,"uniswapv2buyprice":8494.62,"sushiswapv2buyprice":8489.57,"bakeryswapbuyprice":8635.04,"apeswapBuyPrice":8505.08,"uniswapv2sellprice":8451.44,"sushiswapv2sellprice":8459.91,"bakeryswapsellprice":8346.11,"apeswapsellprice":8447.11},{"block":11422364,"timestamp":1633179587,"swapAmountBNB":20,"uniswapv2buyprice":8494.62,"sushiswapv2buyprice":8488.54,"bakeryswapbuyprice":8635.04,"apeswapBuyPrice":8505.08,"uniswapv2sellprice":8451.45,"sushiswapv2sellprice":8458.88,"bakeryswapsellprice":8346.11,"apeswapsellprice":8447.11},{"block":11422365,"timestamp":1633179590,"swapAmountBNB":20,"uniswapv2buyprice":8494.28,"sushiswapv2buyprice":8488.54,"bakeryswapbuyprice":8635.04,"apeswapBuyPrice":8505.08,"uniswapv2sellprice":8451.11,"sushiswapv2sellprice":8458.88,"bakeryswapsellprice":8346.11,"apeswapsellprice":8447.11},{"block":11422366,"timestamp":1633179593,"swapAmountBNB":20,"uniswapv2buyprice":8494.55,"sushiswapv2buyprice":8488.54,"bakeryswapbuyprice":8635.04,"apeswapBuyPrice":8505.08,"uniswapv2sellprice":8451.37,"sushiswapv2sellprice":8458.88,"bakeryswapsellprice":8346.11,"apeswapsellprice":8447.11}]}