{"table":[{"block":11047646,"timestamp":1632046181,"swapAmountBNB":20,"uniswapv2buyprice":8260.76,"sushiswapv2buyprice":8244.14,"bakeryswapbuyprice":8351.6,"apeswapBuyPrice":8258.65,"uniswapv2sellprice":8218.95,"sushiswapv2sellprice":8219.5,"bakeryswapsellprice":8138.99,"apeswapsellprice":8213.69},{"block":11047647,"timestamp":1632046184,"swapAmountBNB":20,"uniswapv2buyprice":8260.81,"sushiswapv2buyprice":8244.14,"bakeryswapbuyprice":8351.6,"apeswapBuyPrice":8258.65,"uniswapv2sellprice":8219.01,"sushiswapv2sellprice":8219.5,"bakeryswapsellprice":8138.99,"apeswapsellprice":8213.69},{"block":11047648,"timestamp":1632046189,"swapAmountBNB":20,"uniswapv2buyprice":8260.82,"sushiswapv2buyprice":8244.57,"bakeryswapbuyprice":8351.6,"apeswapBuyPrice":8258.65,"uniswapv2sellprice":8219.02,"sushiswapv2sellprice":8219.94,"bakeryswapsellprice":8138.99,"apeswapsellprice":8213.69},{"block":11047649,"timestamp":1632046193,"swapAmountBNB":20,"uniswapv2buyprice":8260.81,"sushiswapv2buyprice":8244.57,"bakeryswapbuyprice":8351.6,"apeswapBuyPrice":8258.65,"uniswapv2sellprice":8219.01,"sushiswapv2sellprice":8219.94,"bakeryswapsellprice":8138.99,"apeswapsellprice":8213.69},{"block":11047650,"timestamp":1632046196,"swapAmountBNB":20,"uniswapv2buyprice":8260.69,"sushiswapv2buyprice":8244.57,"bakeryswapbuyprice":8351.6,"apeswapBuyPrice":8258.65,"uniswapv2sellprice":8218.89,"sushiswapv2sellprice":8219.94,"bakeryswapsellprice":8138.99,"apeswapsellprice":8213.69},{"block":11047651,"timestamp":1632046199,"swapAmountBNB":20,"uniswapv2buyprice":8260.7,"sushiswapv2buyprice":8244.57,"bakeryswapbuyprice":8351.6,"apeswapBuyPrice":8258.65,"uniswapv2sellprice":8218.9,"sushiswapv2sellprice":8219.94,"bakeryswapsellprice":8138.99,"apeswapsellprice":8213.69},{"block":11047652,"timestamp":1632046202,"swapAmountBNB":20,"uniswapv2buyprice":8260.71,"sushiswapv2buyprice":8244.57,"bakeryswapbuyprice":8351.6,"apeswapBuyPrice":8258.65,"uniswapv2sellprice":8218.9,"sushiswapv2sellprice":8219.94,"bakeryswapsellprice":8138.99,"apeswapsellprice":8213.69},{"block":11047653,"timestamp":1632046211,"swapAmountBNB":20,"uniswapv2buyprice":8260.7,"sushiswapv2buyprice":8245.24,"bakeryswapbuyprice":8351.6,"apeswapBuyPrice":8258.65,"uniswapv2sellprice":8218.89,"sushiswapv2sellprice":8220.6,"bakeryswapsellprice":8138.99,"apeswapsellprice":8213.69},{"block":11047654,"timestamp":1632046214,"swapAmountBNB":20,"uniswapv2buyprice":8260.78,"sushiswapv2buyprice":8245.47,"bakeryswapbuyprice":8351.6,"apeswapBuyPrice":8258.65,"uniswapv2sellprice":8218.98,"sushiswapv2sellprice":8220.83,"bakeryswapsellprice":8138.99,"apeswapsellprice":8213.69},{"block":11047655,"timestamp":1632046219,"swapAmountBNB":20,"uniswapv2buyprice":8260.78,"sushiswapv2buyprice":8245.47,"bakeryswapbuyprice":8351.6,"apeswapBuyPrice":8258.65,"uniswapv2sellprice":8218.98,"sushiswapv2sellprice":8220.83,"bakeryswapsellprice":8138.99,"apeswapsellprice":8213.69},{"block":11047828,"timestamp":1632046849,"swapAmountBNB":20,"uniswapv2buyprice":8253.33,"sushiswapv2buyprice":8228.05,"bakeryswapbuyprice":8343.97,"apeswapBuyPrice":8252.08,"uniswapv2sellprice":8211.56,"sushiswapv2sellprice":8203.47,"bakeryswapsellprice":8131.63,"apeswapsellprice":8207.15},{"block":11047867,"timestamp":1632046984,"swapAmountBNB":20,"uniswapv2buyprice":8249.88,"sushiswapv2buyprice":8229.43,"bakeryswapbuyprice":8341.59,"apeswapBuyPrice":8245.23,"uniswapv2sellprice":8208.13,"sushiswapv2sellprice":8204.85,"bakeryswapsellprice":8129.33,"apeswapsellprice":8200.35},{"block":11047868,"timestamp":1632046987,"swapAmountBNB":20,"uniswapv2buyprice":8249.89,"sushiswapv2buyprice":8229.47,"bakeryswapbuyprice":8341.59,"apeswapBuyPrice":8245.23,"uniswapv2sellprice":8208.14,"sushiswapv2sellprice":8204.89,"bakeryswapsellprice":8129.33,"apeswapsellprice":8200.35},{"block":11047869,"timestamp":1632046990,"swapAmountBNB":20,"uniswapv2buyprice":8250.04,"sushiswapv2buyprice":8229.47,"bakeryswapbuyprice":8341.59,"apeswapBuyPrice":8245.23,"uniswapv2sellprice":8208.29,"sushiswapv2sellprice":8204.89,"bakeryswapsellprice":8129.33,"apeswapsellprice":8200.35},{"block":11047870,"timestamp":1632046993,"swapAmountBNB":20,"uniswapv2buyprice":8249.99,"sushiswapv2buyprice":8229.27,"bakeryswapbuyprice":8340.55,"apeswapBuyPrice":8245.23,"uniswapv2sellprice":8208.24,"sushiswapv2sellprice":8204.69,"bakeryswapsellprice":8128.33,"apeswapsellprice":8200.35},{"block":11047871,"timestamp":1632046997,"swapAmountBNB":20,"uniswapv2buyprice":8250.15,"sushiswapv2buyprice":8229.27,"bakeryswapbuyprice":8363.72,"apeswapBuyPrice":8245.21,"uniswapv2sellprice":8208.4,"sushiswapv2sellprice":8204.69,"bakeryswapsellprice":8150.68,"apeswapsellprice":8200.32},{"block":11047872,"timestamp":1632047001,"swapAmountBNB":20,"uniswapv2buyprice":8250.12,"sushiswapv2buyprice":8228.97,"bakeryswapbuyprice":8362.71,"apeswapBuyPrice":8245.21,"uniswapv2sellprice":8208.37,"sushiswapv2sellprice":8204.39,"bakeryswapsellprice":8149.71,"apeswapsellprice":8200.32},{"block":11047873,"timestamp":1632047004,"swapAmountBNB":20,"uniswapv2buyprice":8249.78,"sushiswapv2buyprice":8228.97,"bakeryswapbuyprice":8362.71,"apeswapBuyPrice":8245.21,"uniswapv2sellprice":8208.03,"sushiswapv2sellprice":8204.39,"bakeryswapsellprice":8149.71,"apeswapsellprice":8200.32},{"block":11047874,"timestamp":1632047007,"swapAmountBNB":20,"uniswapv2buyprice":8249.7,"sushiswapv2buyprice":8228.97,"bakeryswapbuyprice":8362.71,"apeswapBuyPrice":8245.21,"uniswapv2sellprice":8207.95,"sushiswapv2sellprice":8204.39,"bakeryswapsellprice":8149.71,"apeswapsellprice":8200.32},{"block":11047875,"timestamp":1632047013,"swapAmountBNB":20,"uniswapv2buyprice":8249.7,"sushiswapv2buyprice":8228.97,"bakeryswapbuyprice":8359.9,"apeswapBuyPrice":8245.21,"uniswapv2sellprice":8207.95,"sushiswapv2sellprice":8204.39,"bakeryswapsellprice":8147,"apeswapsellprice":8200.32},{"block":11047876,"timestamp":1632047018,"swapAmountBNB":20,"uniswapv2buyprice":8249.46,"sushiswapv2buyprice":8228.97,"bakeryswapbuyprice":8356.68,"apeswapBuyPrice":8245.21,"uniswapv2sellprice":8207.71,"sushiswapv2sellprice":8204.39,"bakeryswapsellprice":8143.89,"apeswapsellprice":8200.32},{"block":11047876,"timestamp":1632047018,"swapAmountBNB":20,"uniswapv2buyprice":8249.46,"sushiswapv2buyprice":8228.97,"bakeryswapbuyprice":8356.68,"apeswapBuyPrice":8245.21,"uniswapv2sellprice":8207.71,"sushiswapv2sellprice":8204.39,"bakeryswapsellprice":8143.89,"apeswapsellprice":8200.32},{"block":11047877,"timestamp":1632047021,"swapAmountBNB":20,"uniswapv2buyprice":8249.34,"sushiswapv2buyprice":8224.53,"bakeryswapbuyprice":8343.57,"apeswapBuyPrice":8245.21,"uniswapv2sellprice":8207.59,"sushiswapv2sellprice":8199.97,"bakeryswapsellprice":8131.24,"apeswapsellprice":8200.32},{"block":11047878,"timestamp":1632047024,"swapAmountBNB":20,"uniswapv2buyprice":8249.35,"sushiswapv2buyprice":8224.53,"bakeryswapbuyprice":8343.57,"apeswapBuyPrice":8245.21,"uniswapv2sellprice":8207.61,"sushiswapv2sellprice":8199.97,"bakeryswapsellprice":8131.24,"apeswapsellprice":8200.32},{"block":11047879,"timestamp":1632047027,"swapAmountBNB":20,"uniswapv2buyprice":8249.35,"sushiswapv2buyprice":8224.53,"bakeryswapbuyprice":8343.57,"apeswapBuyPrice":8245.21,"uniswapv2sellprice":8207.6,"sushiswapv2sellprice":8199.97,"bakeryswapsellprice":8131.24,"apeswapsellprice":8200.32},{"block":11047880,"timestamp":1632047030,"swapAmountBNB":20,"uniswapv2buyprice":8249.34,"sushiswapv2buyprice":8224.53,"bakeryswapbuyprice":8327.02,"apeswapBuyPrice":8245.21,"uniswapv2sellprice":8207.59,"sushiswapv2sellprice":8199.97,"bakeryswapsellprice":8115.27,"apeswapsellprice":8200.32},{"block":11047881,"timestamp":1632047033,"swapAmountBNB":20,"uniswapv2buyprice":8249.32,"sushiswapv2buyprice":8224.53,"bakeryswapbuyprice":8327.02,"apeswapBuyPrice":8245.21,"uniswapv2sellprice":8207.57,"sushiswapv2sellprice":8199.97,"bakeryswapsellprice":8115.27,"apeswapsellprice":8200.32},{"block":11047882,"timestamp":1632047036,"swapAmountBNB":20,"uniswapv2buyprice":8249.23,"sushiswapv2buyprice":8224.53,"bakeryswapbuyprice":8327.02,"apeswapBuyPrice":8245.21,"uniswapv2sellprice":8207.48,"sushiswapv2sellprice":8199.97,"bakeryswapsellprice":8115.27,"apeswapsellprice":8200.32},{"block":11047883,"timestamp":1632047039,"swapAmountBNB":20,"uniswapv2buyprice":8249.16,"sushiswapv2buyprice":8224.53,"bakeryswapbuyprice":8327.02,"apeswapBuyPrice":8245.21,"uniswapv2sellprice":8207.41,"sushiswapv2sellprice":8199.97,"bakeryswapsellprice":8115.27,"apeswapsellprice":8200.32},{"block":11047884,"timestamp":1632047042,"swapAmountBNB":20,"uniswapv2buyprice":8249.15,"sushiswapv2buyprice":8224.53,"bakeryswapbuyprice":8327.02,"apeswapBuyPrice":8245.23,"uniswapv2sellprice":8207.4,"sushiswapv2sellprice":8199.97,"bakeryswapsellprice":8115.27,"apeswapsellprice":8200.35},{"block":11047885,"timestamp":1632047045,"swapAmountBNB":20,"uniswapv2buyprice":8249.15,"sushiswapv2buyprice":8224.53,"bakeryswapbuyprice":8327.02,"apeswapBuyPrice":8245.23,"uniswapv2sellprice":8207.41,"sushiswapv2sellprice":8199.97,"bakeryswapsellprice":8115.27,"apeswapsellprice":8200.35},{"block":11047886,"timestamp":1632047048,"swapAmountBNB":20,"uniswapv2buyprice":8249.2,"sushiswapv2buyprice":8224.53,"bakeryswapbuyprice":8327.02,"apeswapBuyPrice":8245.23,"uniswapv2sellprice":8207.46,"sushiswapv2sellprice":8199.97,"bakeryswapsellprice":8115.27,"apeswapsellprice":8200.35},{"block":11047887,"timestamp":1632047051,"swapAmountBNB":20,"uniswapv2buyprice":8249.18,"sushiswapv2buyprice":8224.53,"bakeryswapbuyprice":8327.02,"apeswapBuyPrice":8245.23,"uniswapv2sellprice":8207.44,"sushiswapv2sellprice":8199.97,"bakeryswapsellprice":8115.27,"apeswapsellprice":8200.35},{"block":11047888,"timestamp":1632047054,"swapAmountBNB":20,"uniswapv2buyprice":8249.17,"sushiswapv2buyprice":8224.53,"bakeryswapbuyprice":8327.02,"apeswapBuyPrice":8245.23,"uniswapv2sellprice":8207.43,"sushiswapv2sellprice":8199.97,"bakeryswapsellprice":8115.27,"apeswapsellprice":8200.35},{"block":11047889,"timestamp":1632047057,"swapAmountBNB":20,"uniswapv2buyprice":8249.17,"sushiswapv2buyprice":8224.53,"bakeryswapbuyprice":8327.02,"apeswapBuyPrice":8245.23,"uniswapv2sellprice":8207.43,"sushiswapv2sellprice":8199.97,"bakeryswapsellprice":8115.27,"apeswapsellprice":8200.35},{"block":11047890,"timestamp":1632047060,"swapAmountBNB":20,"uniswapv2buyprice":8249.38,"sushiswapv2buyprice":8224.53,"bakeryswapbuyprice":8327.02,"apeswapBuyPrice":8245.38,"uniswapv2sellprice":8207.63,"sushiswapv2sellprice":8199.97,"bakeryswapsellprice":8115.27,"apeswapsellprice":8200.49},{"block":11047891,"timestamp":1632047063,"swapAmountBNB":20,"uniswapv2buyprice":8249.38,"sushiswapv2buyprice":8224.53,"bakeryswapbuyprice":8327.02,"apeswapBuyPrice":8245.38,"uniswapv2sellprice":8207.63,"sushiswapv2sellprice":8199.97,"bakeryswapsellprice":8115.27,"apeswapsellprice":8200.49},{"block":11047892,"timestamp":1632047068,"swapAmountBNB":20,"uniswapv2buyprice":8249.35,"sushiswapv2buyprice":8224.53,"bakeryswapbuyprice":8327.02,"apeswapBuyPrice":8245.38,"uniswapv2sellprice":8207.61,"sushiswapv2sellprice":8199.97,"bakeryswapsellprice":8115.27,"apeswapsellprice":8200.49},{"block":11047893,"timestamp":1632047071,"swapAmountBNB":20,"uniswapv2buyprice":8249.35,"sushiswapv2buyprice":8224.53,"bakeryswapbuyprice":8327.02,"apeswapBuyPrice":8245.38,"uniswapv2sellprice":8207.61,"sushiswapv2sellprice":8199.97,"bakeryswapsellprice":8115.27,"apeswapsellprice":8200.49},{"block":11047721,"timestamp":1632046456,"swapAmountBNB":20,"uniswapv2buyprice":8258.91,"sushiswapv2buyprice":8241,"bakeryswapbuyprice":8351.6,"apeswapBuyPrice":8257.46,"uniswapv2sellprice":8217.11,"sushiswapv2sellprice":8216.38,"bakeryswapsellprice":8138.99,"apeswapsellprice":8212.51},{"block":11047894,"timestamp":1632047074,"swapAmountBNB":20,"uniswapv2buyprice":8249.46,"sushiswapv2buyprice":8224.53,"bakeryswapbuyprice":8327.02,"apeswapBuyPrice":8245.38,"uniswapv2sellprice":8207.71,"sushiswapv2sellprice":8199.97,"bakeryswapsellprice":8115.27,"apeswapsellprice":8200.49},{"block":11047895,"timestamp":1632047077,"swapAmountBNB":20,"uniswapv2buyprice":8249.46,"sushiswapv2buyprice":8224.53,"bakeryswapbuyprice":8327.02,"apeswapBuyPrice":8245.38,"uniswapv2sellprice":8207.72,"sushiswapv2sellprice":8199.97,"bakeryswapsellprice":8115.27,"apeswapsellprice":8200.49},{"block":11047722,"timestamp":1632046459,"swapAmountBNB":20,"uniswapv2buyprice":8258.91,"sushiswapv2buyprice":8241,"bakeryswapbuyprice":8351.6,"apeswapBuyPrice":8257.46,"uniswapv2sellprice":8217.11,"sushiswapv2sellprice":8216.38,"bakeryswapsellprice":8138.99,"apeswapsellprice":8212.51},{"block":11047896,"timestamp":1632047080,"swapAmountBNB":20,"uniswapv2buyprice":8249.44,"sushiswapv2buyprice":8224.53,"bakeryswapbuyprice":8327.02,"apeswapBuyPrice":8245.38,"uniswapv2sellprice":8207.7,"sushiswapv2sellprice":8199.97,"bakeryswapsellprice":8115.27,"apeswapsellprice":8200.49},{"block":11047723,"timestamp":1632046466,"swapAmountBNB":20,"uniswapv2buyprice":8258.88,"sushiswapv2buyprice":8241,"bakeryswapbuyprice":8351.6,"apeswapBuyPrice":8257.46,"uniswapv2sellprice":8217.08,"sushiswapv2sellprice":8216.38,"bakeryswapsellprice":8138.99,"apeswapsellprice":8212.51},{"block":11047897,"timestamp":1632047083,"swapAmountBNB":20,"uniswapv2buyprice":8249.44,"sushiswapv2buyprice":8224.59,"bakeryswapbuyprice":8327.02,"apeswapBuyPrice":8245.41,"uniswapv2sellprice":8207.69,"sushiswapv2sellprice":8200.03,"bakeryswapsellprice":8115.27,"apeswapsellprice":8200.52},{"block":11047724,"timestamp":1632046472,"swapAmountBNB":20,"uniswapv2buyprice":8258.78,"sushiswapv2buyprice":8241,"bakeryswapbuyprice":8351.6,"apeswapBuyPrice":8257.55,"uniswapv2sellprice":8216.98,"sushiswapv2sellprice":8216.38,"bakeryswapsellprice":8138.99,"apeswapsellprice":8212.59},{"block":11047898,"timestamp":1632047086,"swapAmountBNB":20,"uniswapv2buyprice":8249.28,"sushiswapv2buyprice":8224.59,"bakeryswapbuyprice":8327.02,"apeswapBuyPrice":8245.41,"uniswapv2sellprice":8207.53,"sushiswapv2sellprice":8200.03,"bakeryswapsellprice":8115.27,"apeswapsellprice":8200.52},{"block":11047899,"timestamp":1632047089,"swapAmountBNB":20,"uniswapv2buyprice":8249,"sushiswapv2buyprice":8224.59,"bakeryswapbuyprice":8327.02,"apeswapBuyPrice":8245.41,"uniswapv2sellprice":8207.26,"sushiswapv2sellprice":8200.03,"bakeryswapsellprice":8115.27,"apeswapsellprice":8200.52},{"block":11047725,"timestamp":1632046475,"swapAmountBNB":20,"uniswapv2buyprice":8258.84,"sushiswapv2buyprice":8241,"bakeryswapbuyprice":8351.6,"apeswapBuyPrice":8257.55,"uniswapv2sellprice":8217.05,"sushiswapv2sellprice":8216.38,"bakeryswapsellprice":8138.99,"apeswapsellprice":8212.59},{"block":11047900,"timestamp":1632047092,"swapAmountBNB":20,"uniswapv2buyprice":8248.89,"sushiswapv2buyprice":8224.59,"bakeryswapbuyprice":8327.02,"apeswapBuyPrice":8245.41,"uniswapv2sellprice":8207.15,"sushiswapv2sellprice":8200.03,"bakeryswapsellprice":8115.27,"apeswapsellprice":8200.52},{"block":11047726,"timestamp":1632046480,"swapAmountBNB":20,"uniswapv2buyprice":8258.84,"sushiswapv2buyprice":8241,"bakeryswapbuyprice":8351.6,"apeswapBuyPrice":8257.55,"uniswapv2sellprice":8217.05,"sushiswapv2sellprice":8216.38,"bakeryswapsellprice":8138.99,"apeswapsellprice":8212.59},{"block":11047901,"timestamp":1632047096,"swapAmountBNB":20,"uniswapv2buyprice":8248.9,"sushiswapv2buyprice":8224.59,"bakeryswapbuyprice":8327.02,"apeswapBuyPrice":8245.41,"uniswapv2sellprice":8207.16,"sushiswapv2sellprice":8200.03,"bakeryswapsellprice":8115.27,"apeswapsellprice":8200.52},{"block":11047727,"timestamp":1632046483,"swapAmountBNB":20,"uniswapv2buyprice":8258.55,"sushiswapv2buyprice":8241.55,"bakeryswapbuyprice":8351.6,"apeswapBuyPrice":8257.55,"uniswapv2sellprice":8216.75,"sushiswapv2sellprice":8216.93,"bakeryswapsellprice":8138.99,"apeswapsellprice":8212.59},{"block":11047902,"timestamp":1632047099,"swapAmountBNB":20,"uniswapv2buyprice":8248.9,"sushiswapv2buyprice":8224.59,"bakeryswapbuyprice":8327.21,"apeswapBuyPrice":8245.41,"uniswapv2sellprice":8207.16,"sushiswapv2sellprice":8200.03,"bakeryswapsellprice":8115.45,"apeswapsellprice":8200.52},{"block":11047728,"timestamp":1632046486,"swapAmountBNB":20,"uniswapv2buyprice":8258.85,"sushiswapv2buyprice":8241.55,"bakeryswapbuyprice":8351.6,"apeswapBuyPrice":8257.55,"uniswapv2sellprice":8217.06,"sushiswapv2sellprice":8216.93,"bakeryswapsellprice":8138.99,"apeswapsellprice":8212.59},{"block":11047903,"timestamp":1632047104,"swapAmountBNB":20,"uniswapv2buyprice":8248.89,"sushiswapv2buyprice":8224.59,"bakeryswapbuyprice":8327.21,"apeswapBuyPrice":8245.41,"uniswapv2sellprice":8207.14,"sushiswapv2sellprice":8200.03,"bakeryswapsellprice":8115.45,"apeswapsellprice":8200.52},{"block":11047729,"timestamp":1632046489,"swapAmountBNB":20,"uniswapv2buyprice":8258.87,"sushiswapv2buyprice":8241.55,"bakeryswapbuyprice":8351.6,"apeswapBuyPrice":8257.55,"uniswapv2sellprice":8217.08,"sushiswapv2sellprice":8216.93,"bakeryswapsellprice":8138.99,"apeswapsellprice":8212.59},{"block":11047730,"timestamp":1632046495,"swapAmountBNB":20,"uniswapv2buyprice":8258.88,"sushiswapv2buyprice":8241.55,"bakeryswapbuyprice":8351.6,"apeswapBuyPrice":8257.55,"uniswapv2sellprice":8217.08,"sushiswapv2sellprice":8216.93,"bakeryswapsellprice":8138.99,"apeswapsellprice":8212.59},{"block":11047904,"timestamp":1632047107,"swapAmountBNB":20,"uniswapv2buyprice":8248.74,"sushiswapv2buyprice":8224.59,"bakeryswapbuyprice":8327.21,"apeswapBuyPrice":8245.41,"uniswapv2sellprice":8207,"sushiswapv2sellprice":8200.03,"bakeryswapsellprice":8115.45,"apeswapsellprice":8200.52},{"block":11047905,"timestamp":1632047110,"swapAmountBNB":20,"uniswapv2buyprice":8248.77,"sushiswapv2buyprice":8224.59,"bakeryswapbuyprice":8327.21,"apeswapBuyPrice":8245.41,"uniswapv2sellprice":8207.02,"sushiswapv2sellprice":8200.03,"bakeryswapsellprice":8115.45,"apeswapsellprice":8200.52},{"block":11047731,"timestamp":1632046498,"swapAmountBNB":20,"uniswapv2buyprice":8258.84,"sushiswapv2buyprice":8241.62,"bakeryswapbuyprice":8351.6,"apeswapBuyPrice":8257.55,"uniswapv2sellprice":8217.05,"sushiswapv2sellprice":8217,"bakeryswapsellprice":8138.99,"apeswapsellprice":8212.59},{"block":11047906,"timestamp":1632047113,"swapAmountBNB":20,"uniswapv2buyprice":8248.78,"sushiswapv2buyprice":8224.59,"bakeryswapbuyprice":8327.21,"apeswapBuyPrice":8245.48,"uniswapv2sellprice":8207.04,"sushiswapv2sellprice":8200.03,"bakeryswapsellprice":8115.45,"apeswapsellprice":8200.59},{"block":11047907,"timestamp":1632047116,"swapAmountBNB":20,"uniswapv2buyprice":8248.76,"sushiswapv2buyprice":8224.59,"bakeryswapbuyprice":8327.21,"apeswapBuyPrice":8245.48,"uniswapv2sellprice":8207.02,"sushiswapv2sellprice":8200.03,"bakeryswapsellprice":8115.45,"apeswapsellprice":8200.59},{"block":11047732,"timestamp":1632046501,"swapAmountBNB":20,"uniswapv2buyprice":8258.65,"sushiswapv2buyprice":8237.13,"bakeryswapbuyprice":8351.6,"apeswapBuyPrice":8257.55,"uniswapv2sellprice":8216.86,"sushiswapv2sellprice":8212.52,"bakeryswapsellprice":8138.99,"apeswapsellprice":8212.59},{"block":11047733,"timestamp":1632046504,"swapAmountBNB":20,"uniswapv2buyprice":8258.59,"sushiswapv2buyprice":8237.13,"bakeryswapbuyprice":8351.6,"apeswapBuyPrice":8257.55,"uniswapv2sellprice":8216.8,"sushiswapv2sellprice":8212.52,"bakeryswapsellprice":8138.99,"apeswapsellprice":8212.59},{"block":11047908,"timestamp":1632047119,"swapAmountBNB":20,"uniswapv2buyprice":8248.93,"sushiswapv2buyprice":8224.59,"bakeryswapbuyprice":8327.21,"apeswapBuyPrice":8245.48,"uniswapv2sellprice":8207.18,"sushiswapv2sellprice":8200.03,"bakeryswapsellprice":8115.45,"apeswapsellprice":8200.59},{"block":11047734,"timestamp":1632046507,"swapAmountBNB":20,"uniswapv2buyprice":8258.6,"sushiswapv2buyprice":8232.64,"bakeryswapbuyprice":8351.6,"apeswapBuyPrice":8257.55,"uniswapv2sellprice":8216.8,"sushiswapv2sellprice":8208.05,"bakeryswapsellprice":8138.99,"apeswapsellprice":8212.59},{"block":11047909,"timestamp":1632047124,"swapAmountBNB":20,"uniswapv2buyprice":8248.93,"sushiswapv2buyprice":8224.59,"bakeryswapbuyprice":8327.21,"apeswapBuyPrice":8245.48,"uniswapv2sellprice":8207.18,"sushiswapv2sellprice":8200.03,"bakeryswapsellprice":8115.45,"apeswapsellprice":8200.59},{"block":11047739,"timestamp":1632046527,"swapAmountBNB":20,"uniswapv2buyprice":8257.36,"sushiswapv2buyprice":8232.64,"bakeryswapbuyprice":8351.6,"apeswapBuyPrice":8257.55,"uniswapv2sellprice":8215.57,"sushiswapv2sellprice":8208.05,"bakeryswapsellprice":8138.99,"apeswapsellprice":8212.59},{"block":11047740,"timestamp":1632046530,"swapAmountBNB":20,"uniswapv2buyprice":8257.36,"sushiswapv2buyprice":8232.64,"bakeryswapbuyprice":8351.6,"apeswapBuyPrice":8257.55,"uniswapv2sellprice":8215.57,"sushiswapv2sellprice":8208.05,"bakeryswapsellprice":8138.99,"apeswapsellprice":8212.59},{"block":11047741,"timestamp":1632046533,"swapAmountBNB":20,"uniswapv2buyprice":8257.38,"sushiswapv2buyprice":8232.64,"bakeryswapbuyprice":8351.6,"apeswapBuyPrice":8255.74,"uniswapv2sellprice":8215.59,"sushiswapv2sellprice":8208.05,"bakeryswapsellprice":8138.99,"apeswapsellprice":8210.8},{"block":11047742,"timestamp":1632046537,"swapAmountBNB":20,"uniswapv2buyprice":8256.66,"sushiswapv2buyprice":8232.64,"bakeryswapbuyprice":8351.6,"apeswapBuyPrice":8255.74,"uniswapv2sellprice":8214.88,"sushiswapv2sellprice":8208.05,"bakeryswapsellprice":8138.99,"apeswapsellprice":8210.8},{"block":11047925,"timestamp":1632047176,"swapAmountBNB":20,"uniswapv2buyprice":8245.37,"sushiswapv2buyprice":8224.92,"bakeryswapbuyprice":8327.59,"apeswapBuyPrice":8245.51,"uniswapv2sellprice":8203.64,"sushiswapv2sellprice":8200.35,"bakeryswapsellprice":8115.82,"apeswapsellprice":8200.62},{"block":11047926,"timestamp":1632047179,"swapAmountBNB":20,"uniswapv2buyprice":8245.37,"sushiswapv2buyprice":8224.92,"bakeryswapbuyprice":8327.59,"apeswapBuyPrice":8245.51,"uniswapv2sellprice":8203.64,"sushiswapv2sellprice":8200.35,"bakeryswapsellprice":8115.82,"apeswapsellprice":8200.62}]}