{"table":[{"block":11047699,"timestamp":1632046370,"swapAmountBNB":20,"uniswapv2buyprice":8260.89,"sushiswapv2buyprice":8244.25,"bakeryswapbuyprice":8351.6,"apeswapBuyPrice":8257.74,"uniswapv2sellprice":8219.09,"sushiswapv2sellprice":8219.62,"bakeryswapsellprice":8138.99,"apeswapsellprice":8212.78},{"block":11047700,"timestamp":1632046375,"swapAmountBNB":20,"uniswapv2buyprice":8259.69,"sushiswapv2buyprice":8244.25,"bakeryswapbuyprice":8351.6,"apeswapBuyPrice":8257.74,"uniswapv2sellprice":8217.89,"sushiswapv2sellprice":8219.62,"bakeryswapsellprice":8138.99,"apeswapsellprice":8212.78},{"block":11047701,"timestamp":1632046378,"swapAmountBNB":20,"uniswapv2buyprice":8259.63,"sushiswapv2buyprice":8244.25,"bakeryswapbuyprice":8351.6,"apeswapBuyPrice":8257.72,"uniswapv2sellprice":8217.83,"sushiswapv2sellprice":8219.62,"bakeryswapsellprice":8138.99,"apeswapsellprice":8212.76},{"block":11047702,"timestamp":1632046384,"swapAmountBNB":20,"uniswapv2buyprice":8259.57,"sushiswapv2buyprice":8244.41,"bakeryswapbuyprice":8351.6,"apeswapBuyPrice":8257.72,"uniswapv2sellprice":8217.77,"sushiswapv2sellprice":8219.78,"bakeryswapsellprice":8138.99,"apeswapsellprice":8212.76},{"block":11047593,"timestamp":1632045983,"swapAmountBNB":20,"uniswapv2buyprice":8260.33,"sushiswapv2buyprice":8253.56,"bakeryswapbuyprice":8351.6,"apeswapBuyPrice":8263.52,"uniswapv2sellprice":8218.53,"sushiswapv2sellprice":8228.9,"bakeryswapsellprice":8138.99,"apeswapsellprice":8218.53},{"block":11047594,"timestamp":1632045986,"swapAmountBNB":20,"uniswapv2buyprice":8260.31,"sushiswapv2buyprice":8253.56,"bakeryswapbuyprice":8351.6,"apeswapBuyPrice":8263.52,"uniswapv2sellprice":8218.51,"sushiswapv2sellprice":8228.9,"bakeryswapsellprice":8138.99,"apeswapsellprice":8218.53},{"block":11047595,"timestamp":1632045989,"swapAmountBNB":20,"uniswapv2buyprice":8260.32,"sushiswapv2buyprice":8253.52,"bakeryswapbuyprice":8351.6,"apeswapBuyPrice":8263.52,"uniswapv2sellprice":8218.52,"sushiswapv2sellprice":8228.85,"bakeryswapsellprice":8138.99,"apeswapsellprice":8218.53},{"block":11047596,"timestamp":1632045993,"swapAmountBNB":20,"uniswapv2buyprice":8260.31,"sushiswapv2buyprice":8253.52,"bakeryswapbuyprice":8351.6,"apeswapBuyPrice":8263.52,"uniswapv2sellprice":8218.51,"sushiswapv2sellprice":8228.85,"bakeryswapsellprice":8138.99,"apeswapsellprice":8218.53},{"block":11047597,"timestamp":1632045996,"swapAmountBNB":20,"uniswapv2buyprice":8260.22,"sushiswapv2buyprice":8253.52,"bakeryswapbuyprice":8351.6,"apeswapBuyPrice":8263.49,"uniswapv2sellprice":8218.42,"sushiswapv2sellprice":8228.85,"bakeryswapsellprice":8138.99,"apeswapsellprice":8218.49},{"block":11047598,"timestamp":1632046003,"swapAmountBNB":20,"uniswapv2buyprice":8260.22,"sushiswapv2buyprice":8253.52,"bakeryswapbuyprice":8351.6,"apeswapBuyPrice":8263.49,"uniswapv2sellprice":8218.42,"sushiswapv2sellprice":8228.85,"bakeryswapsellprice":8138.99,"apeswapsellprice":8218.49},{"block":11047599,"timestamp":1632046006,"swapAmountBNB":20,"uniswapv2buyprice":8260.2,"sushiswapv2buyprice":8253.52,"bakeryswapbuyprice":8351.6,"apeswapBuyPrice":8263.49,"uniswapv2sellprice":8218.4,"sushiswapv2sellprice":8228.85,"bakeryswapsellprice":8138.99,"apeswapsellprice":8218.49},{"block":11047600,"timestamp":1632046009,"swapAmountBNB":20,"uniswapv2buyprice":8260.18,"sushiswapv2buyprice":8253.52,"bakeryswapbuyprice":8351.6,"apeswapBuyPrice":8263.48,"uniswapv2sellprice":8218.38,"sushiswapv2sellprice":8228.85,"bakeryswapsellprice":8138.99,"apeswapsellprice":8218.49},{"block":11047601,"timestamp":1632046012,"swapAmountBNB":20,"uniswapv2buyprice":8260.19,"sushiswapv2buyprice":8253.52,"bakeryswapbuyprice":8351.6,"apeswapBuyPrice":8263.48,"uniswapv2sellprice":8218.39,"sushiswapv2sellprice":8228.85,"bakeryswapsellprice":8138.99,"apeswapsellprice":8218.49},{"block":11047602,"timestamp":1632046015,"swapAmountBNB":20,"uniswapv2buyprice":8260.12,"sushiswapv2buyprice":8257.53,"bakeryswapbuyprice":8351.6,"apeswapBuyPrice":8263.48,"uniswapv2sellprice":8218.32,"sushiswapv2sellprice":8232.85,"bakeryswapsellprice":8138.99,"apeswapsellprice":8218.49},{"block":11047603,"timestamp":1632046019,"swapAmountBNB":20,"uniswapv2buyprice":8260.12,"sushiswapv2buyprice":8257.53,"bakeryswapbuyprice":8351.6,"apeswapBuyPrice":8263.48,"uniswapv2sellprice":8218.33,"sushiswapv2sellprice":8232.85,"bakeryswapsellprice":8138.99,"apeswapsellprice":8218.49},{"block":11047604,"timestamp":1632046025,"swapAmountBNB":20,"uniswapv2buyprice":8260.26,"sushiswapv2buyprice":8257.53,"bakeryswapbuyprice":8351.6,"apeswapBuyPrice":8263.48,"uniswapv2sellprice":8218.46,"sushiswapv2sellprice":8232.85,"bakeryswapsellprice":8138.99,"apeswapsellprice":8218.49},{"block":11047605,"timestamp":1632046028,"swapAmountBNB":20,"uniswapv2buyprice":8260.27,"sushiswapv2buyprice":8257.45,"bakeryswapbuyprice":8351.6,"apeswapBuyPrice":8263.48,"uniswapv2sellprice":8218.47,"sushiswapv2sellprice":8232.77,"bakeryswapsellprice":8138.99,"apeswapsellprice":8218.49},{"block":11047606,"timestamp":1632046031,"swapAmountBNB":20,"uniswapv2buyprice":8260.21,"sushiswapv2buyprice":8257.17,"bakeryswapbuyprice":8351.6,"apeswapBuyPrice":8263.48,"uniswapv2sellprice":8218.41,"sushiswapv2sellprice":8232.49,"bakeryswapsellprice":8138.99,"apeswapsellprice":8218.49},{"block":11047607,"timestamp":1632046034,"swapAmountBNB":20,"uniswapv2buyprice":8260.47,"sushiswapv2buyprice":8257.15,"bakeryswapbuyprice":8351.6,"apeswapBuyPrice":8263.48,"uniswapv2sellprice":8218.67,"sushiswapv2sellprice":8232.47,"bakeryswapsellprice":8138.99,"apeswapsellprice":8218.49},{"block":11047608,"timestamp":1632046037,"swapAmountBNB":20,"uniswapv2buyprice":8260.36,"sushiswapv2buyprice":8257.15,"bakeryswapbuyprice":8351.6,"apeswapBuyPrice":8263.48,"uniswapv2sellprice":8218.56,"sushiswapv2sellprice":8232.47,"bakeryswapsellprice":8138.99,"apeswapsellprice":8218.49},{"block":11047609,"timestamp":1632046040,"swapAmountBNB":20,"uniswapv2buyprice":8260.37,"sushiswapv2buyprice":8257.15,"bakeryswapbuyprice":8351.6,"apeswapBuyPrice":8263.48,"uniswapv2sellprice":8218.57,"sushiswapv2sellprice":8232.47,"bakeryswapsellprice":8138.99,"apeswapsellprice":8218.49},{"block":11047610,"timestamp":1632046046,"swapAmountBNB":20,"uniswapv2buyprice":8260.37,"sushiswapv2buyprice":8257.15,"bakeryswapbuyprice":8351.6,"apeswapBuyPrice":8263.46,"uniswapv2sellprice":8218.57,"sushiswapv2sellprice":8232.47,"bakeryswapsellprice":8138.99,"apeswapsellprice":8218.46},{"block":11047625,"timestamp":1632046102,"swapAmountBNB":20,"uniswapv2buyprice":8259.99,"sushiswapv2buyprice":8254.04,"bakeryswapbuyprice":8351.6,"apeswapBuyPrice":8263.38,"uniswapv2sellprice":8218.19,"sushiswapv2sellprice":8229.37,"bakeryswapsellprice":8138.99,"apeswapsellprice":8218.39},{"block":11047626,"timestamp":1632046106,"swapAmountBNB":20,"uniswapv2buyprice":8260.02,"sushiswapv2buyprice":8254.08,"bakeryswapbuyprice":8351.6,"apeswapBuyPrice":8263.38,"uniswapv2sellprice":8218.22,"sushiswapv2sellprice":8229.41,"bakeryswapsellprice":8138.99,"apeswapsellprice":8218.39},{"block":11047627,"timestamp":1632046111,"swapAmountBNB":20,"uniswapv2buyprice":8260.09,"sushiswapv2buyprice":8254.08,"bakeryswapbuyprice":8351.6,"apeswapBuyPrice":8263.38,"uniswapv2sellprice":8218.29,"sushiswapv2sellprice":8229.41,"bakeryswapsellprice":8138.99,"apeswapsellprice":8218.39},{"block":11047628,"timestamp":1632046114,"swapAmountBNB":20,"uniswapv2buyprice":8260,"sushiswapv2buyprice":8254.08,"bakeryswapbuyprice":8351.6,"apeswapBuyPrice":8262.79,"uniswapv2sellprice":8218.2,"sushiswapv2sellprice":8229.41,"bakeryswapsellprice":8138.99,"apeswapsellprice":8217.8},{"block":11047629,"timestamp":1632046117,"swapAmountBNB":20,"uniswapv2buyprice":8260.03,"sushiswapv2buyprice":8254.08,"bakeryswapbuyprice":8351.6,"apeswapBuyPrice":8262.79,"uniswapv2sellprice":8218.23,"sushiswapv2sellprice":8229.41,"bakeryswapsellprice":8138.99,"apeswapsellprice":8217.8},{"block":11047630,"timestamp":1632046120,"swapAmountBNB":20,"uniswapv2buyprice":8259.98,"sushiswapv2buyprice":8254.18,"bakeryswapbuyprice":8351.6,"apeswapBuyPrice":8262.79,"uniswapv2sellprice":8218.18,"sushiswapv2sellprice":8229.51,"bakeryswapsellprice":8138.99,"apeswapsellprice":8217.8},{"block":11047631,"timestamp":1632046123,"swapAmountBNB":20,"uniswapv2buyprice":8259.98,"sushiswapv2buyprice":8254.18,"bakeryswapbuyprice":8351.6,"apeswapBuyPrice":8262.79,"uniswapv2sellprice":8218.18,"sushiswapv2sellprice":8229.51,"bakeryswapsellprice":8138.99,"apeswapsellprice":8217.8},{"block":11047632,"timestamp":1632046130,"swapAmountBNB":20,"uniswapv2buyprice":8260.04,"sushiswapv2buyprice":8254.18,"bakeryswapbuyprice":8351.6,"apeswapBuyPrice":8262.79,"uniswapv2sellprice":8218.24,"sushiswapv2sellprice":8229.51,"bakeryswapsellprice":8138.99,"apeswapsellprice":8217.8},{"block":11047633,"timestamp":1632046133,"swapAmountBNB":20,"uniswapv2buyprice":8260.11,"sushiswapv2buyprice":8255.67,"bakeryswapbuyprice":8351.6,"apeswapBuyPrice":8262.6,"uniswapv2sellprice":8218.31,"sushiswapv2sellprice":8231,"bakeryswapsellprice":8138.99,"apeswapsellprice":8217.61},{"block":11047634,"timestamp":1632046136,"swapAmountBNB":20,"uniswapv2buyprice":8260.12,"sushiswapv2buyprice":8250.76,"bakeryswapbuyprice":8351.6,"apeswapBuyPrice":8262.95,"uniswapv2sellprice":8218.32,"sushiswapv2sellprice":8226.11,"bakeryswapsellprice":8138.99,"apeswapsellprice":8217.96},{"block":11047635,"timestamp":1632046141,"swapAmountBNB":20,"uniswapv2buyprice":8260.12,"sushiswapv2buyprice":8250.76,"bakeryswapbuyprice":8351.6,"apeswapBuyPrice":8262.95,"uniswapv2sellprice":8218.32,"sushiswapv2sellprice":8226.11,"bakeryswapsellprice":8138.99,"apeswapsellprice":8217.96},{"block":11047636,"timestamp":1632046145,"swapAmountBNB":20,"uniswapv2buyprice":8260.03,"sushiswapv2buyprice":8250.66,"bakeryswapbuyprice":8351.6,"apeswapBuyPrice":8262.95,"uniswapv2sellprice":8218.23,"sushiswapv2sellprice":8226,"bakeryswapsellprice":8138.99,"apeswapsellprice":8217.96},{"block":11047637,"timestamp":1632046150,"swapAmountBNB":20,"uniswapv2buyprice":8260.04,"sushiswapv2buyprice":8250.63,"bakeryswapbuyprice":8351.6,"apeswapBuyPrice":8258.65,"uniswapv2sellprice":8218.24,"sushiswapv2sellprice":8225.98,"bakeryswapsellprice":8138.99,"apeswapsellprice":8213.69},{"block":11047638,"timestamp":1632046155,"swapAmountBNB":20,"uniswapv2buyprice":8260.03,"sushiswapv2buyprice":8250.63,"bakeryswapbuyprice":8351.6,"apeswapBuyPrice":8258.65,"uniswapv2sellprice":8218.23,"sushiswapv2sellprice":8225.98,"bakeryswapsellprice":8138.99,"apeswapsellprice":8213.69},{"block":11047639,"timestamp":1632046158,"swapAmountBNB":20,"uniswapv2buyprice":8260,"sushiswapv2buyprice":8250.63,"bakeryswapbuyprice":8351.6,"apeswapBuyPrice":8258.65,"uniswapv2sellprice":8218.2,"sushiswapv2sellprice":8225.98,"bakeryswapsellprice":8138.99,"apeswapsellprice":8213.69},{"block":11047640,"timestamp":1632046163,"swapAmountBNB":20,"uniswapv2buyprice":8259.99,"sushiswapv2buyprice":8250.63,"bakeryswapbuyprice":8351.6,"apeswapBuyPrice":8258.65,"uniswapv2sellprice":8218.19,"sushiswapv2sellprice":8225.98,"bakeryswapsellprice":8138.99,"apeswapsellprice":8213.69},{"block":11047641,"timestamp":1632046166,"swapAmountBNB":20,"uniswapv2buyprice":8260.1,"sushiswapv2buyprice":8249.44,"bakeryswapbuyprice":8351.6,"apeswapBuyPrice":8258.65,"uniswapv2sellprice":8218.3,"sushiswapv2sellprice":8224.78,"bakeryswapsellprice":8138.99,"apeswapsellprice":8213.69},{"block":11047642,"timestamp":1632046169,"swapAmountBNB":20,"uniswapv2buyprice":8260.11,"sushiswapv2buyprice":8249.44,"bakeryswapbuyprice":8351.6,"apeswapBuyPrice":8258.65,"uniswapv2sellprice":8218.3,"sushiswapv2sellprice":8224.78,"bakeryswapsellprice":8138.99,"apeswapsellprice":8213.69},{"block":11047644,"timestamp":1632046175,"swapAmountBNB":20,"uniswapv2buyprice":8260.04,"sushiswapv2buyprice":8245.11,"bakeryswapbuyprice":8351.6,"apeswapBuyPrice":8258.65,"uniswapv2sellprice":8218.24,"sushiswapv2sellprice":8220.47,"bakeryswapsellprice":8138.99,"apeswapsellprice":8213.69},{"block":11047645,"timestamp":1632046178,"swapAmountBNB":20,"uniswapv2buyprice":8260.01,"sushiswapv2buyprice":8245.11,"bakeryswapbuyprice":8351.6,"apeswapBuyPrice":8258.65,"uniswapv2sellprice":8218.21,"sushiswapv2sellprice":8220.47,"bakeryswapsellprice":8138.99,"apeswapsellprice":8213.69}]}