{"table":[{"block":11314797,"timestamp":1632853466,"swapAmountBNB":20,"uniswapv2buyprice":6651.36,"sushiswapv2buyprice":6656.37,"bakeryswapbuyprice":6716.21,"apeswapBuyPrice":6651.18,"uniswapv2sellprice":6617.75,"sushiswapv2sellprice":6636.64,"bakeryswapsellprice":6527.24,"apeswapsellprice":6614.6},{"block":11314798,"timestamp":1632853469,"swapAmountBNB":20,"uniswapv2buyprice":6649.5,"sushiswapv2buyprice":6656.37,"bakeryswapbuyprice":6716.21,"apeswapBuyPrice":6651.18,"uniswapv2sellprice":6617.76,"sushiswapv2sellprice":6636.64,"bakeryswapsellprice":6527.24,"apeswapsellprice":6614.6},{"block":11314801,"timestamp":1632853478,"swapAmountBNB":20,"uniswapv2buyprice":6649.5,"sushiswapv2buyprice":6656.37,"bakeryswapbuyprice":6716.21,"apeswapBuyPrice":6651.18,"uniswapv2sellprice":6615.91,"sushiswapv2sellprice":6636.64,"bakeryswapsellprice":6527.24,"apeswapsellprice":6614.6},{"block":11314803,"timestamp":1632853485,"swapAmountBNB":20,"uniswapv2buyprice":6649.5,"sushiswapv2buyprice":6656.37,"bakeryswapbuyprice":6716.21,"apeswapBuyPrice":6651.18,"uniswapv2sellprice":6615.91,"sushiswapv2sellprice":6636.64,"bakeryswapsellprice":6527.24,"apeswapsellprice":6614.6},{"block":11314804,"timestamp":1632853488,"swapAmountBNB":20,"uniswapv2buyprice":6649.59,"sushiswapv2buyprice":6656.37,"bakeryswapbuyprice":6719.25,"apeswapBuyPrice":6651.04,"uniswapv2sellprice":6616,"sushiswapv2sellprice":6636.64,"bakeryswapsellprice":6530.17,"apeswapsellprice":6614.46},{"block":11314805,"timestamp":1632853491,"swapAmountBNB":20,"uniswapv2buyprice":6649.5,"sushiswapv2buyprice":6656.37,"bakeryswapbuyprice":6719.25,"apeswapBuyPrice":6651.03,"uniswapv2sellprice":6615.97,"sushiswapv2sellprice":6636.64,"bakeryswapsellprice":6530.17,"apeswapsellprice":6614.45},{"block":11314806,"timestamp":1632853494,"swapAmountBNB":20,"uniswapv2buyprice":6649.5,"sushiswapv2buyprice":6656.37,"bakeryswapbuyprice":6719.25,"apeswapBuyPrice":6651.03,"uniswapv2sellprice":6615.91,"sushiswapv2sellprice":6636.64,"bakeryswapsellprice":6530.17,"apeswapsellprice":6614.45},{"block":11314807,"timestamp":1632853497,"swapAmountBNB":20,"uniswapv2buyprice":6649.5,"sushiswapv2buyprice":6656.37,"bakeryswapbuyprice":6719.25,"apeswapBuyPrice":6651.03,"uniswapv2sellprice":6615.91,"sushiswapv2sellprice":6636.64,"bakeryswapsellprice":6530.17,"apeswapsellprice":6614.45},{"block":11314809,"timestamp":1632853503,"swapAmountBNB":20,"uniswapv2buyprice":6649.5,"sushiswapv2buyprice":6656.37,"bakeryswapbuyprice":6719.25,"apeswapBuyPrice":6650.08,"uniswapv2sellprice":6615.91,"sushiswapv2sellprice":6636.64,"bakeryswapsellprice":6530.17,"apeswapsellprice":6614.45},{"block":11314810,"timestamp":1632853506,"swapAmountBNB":20,"uniswapv2buyprice":6649.83,"sushiswapv2buyprice":6656.37,"bakeryswapbuyprice":6719.16,"apeswapBuyPrice":6653.06,"uniswapv2sellprice":6616.24,"sushiswapv2sellprice":6636.64,"bakeryswapsellprice":6530.08,"apeswapsellprice":6616.46},{"block":11314811,"timestamp":1632853510,"swapAmountBNB":20,"uniswapv2buyprice":6650.32,"sushiswapv2buyprice":6657.95,"bakeryswapbuyprice":6719.16,"apeswapBuyPrice":6653.06,"uniswapv2sellprice":6616.24,"sushiswapv2sellprice":6636.64,"bakeryswapsellprice":6530.08,"apeswapsellprice":6616.46},{"block":11314812,"timestamp":1632853513,"swapAmountBNB":20,"uniswapv2buyprice":6650.91,"sushiswapv2buyprice":6657.95,"bakeryswapbuyprice":6719.16,"apeswapBuyPrice":6653.06,"uniswapv2sellprice":6617.96,"sushiswapv2sellprice":6638.22,"bakeryswapsellprice":6530.08,"apeswapsellprice":6616.46},{"block":11314813,"timestamp":1632853519,"swapAmountBNB":20,"uniswapv2buyprice":6650.91,"sushiswapv2buyprice":6657.95,"bakeryswapbuyprice":6719.16,"apeswapBuyPrice":6653.06,"uniswapv2sellprice":6617.31,"sushiswapv2sellprice":6638.22,"bakeryswapsellprice":6530.08,"apeswapsellprice":6616.46},{"block":11314816,"timestamp":1632853528,"swapAmountBNB":20,"uniswapv2buyprice":6650.86,"sushiswapv2buyprice":6657.95,"bakeryswapbuyprice":6719.16,"apeswapBuyPrice":6653.06,"uniswapv2sellprice":6617.31,"sushiswapv2sellprice":6638.22,"bakeryswapsellprice":6530.08,"apeswapsellprice":6616.46},{"block":11314814,"timestamp":1632853522,"swapAmountBNB":20,"uniswapv2buyprice":6650.86,"sushiswapv2buyprice":6657.95,"bakeryswapbuyprice":6719.16,"apeswapBuyPrice":6653.06,"uniswapv2sellprice":6617.31,"sushiswapv2sellprice":6638.22,"bakeryswapsellprice":6530.08,"apeswapsellprice":6616.46},{"block":11314815,"timestamp":1632853525,"swapAmountBNB":20,"uniswapv2buyprice":6650.86,"sushiswapv2buyprice":6657.95,"bakeryswapbuyprice":6719.16,"apeswapBuyPrice":6653.06,"uniswapv2sellprice":6617.31,"sushiswapv2sellprice":6638.22,"bakeryswapsellprice":6530.08,"apeswapsellprice":6616.46},{"block":11314818,"timestamp":1632853534,"swapAmountBNB":20,"uniswapv2buyprice":6651.15,"sushiswapv2buyprice":6657.95,"bakeryswapbuyprice":6719.16,"apeswapBuyPrice":6653.06,"uniswapv2sellprice":6617.31,"sushiswapv2sellprice":6638.22,"bakeryswapsellprice":6530.08,"apeswapsellprice":6616.46},{"block":11314817,"timestamp":1632853531,"swapAmountBNB":20,"uniswapv2buyprice":6651.15,"sushiswapv2buyprice":6657.95,"bakeryswapbuyprice":6719.16,"apeswapBuyPrice":6653.06,"uniswapv2sellprice":6617.31,"sushiswapv2sellprice":6638.22,"bakeryswapsellprice":6530.08,"apeswapsellprice":6616.46},{"block":11314819,"timestamp":1632853537,"swapAmountBNB":20,"uniswapv2buyprice":6651.15,"sushiswapv2buyprice":6657.95,"bakeryswapbuyprice":6719.16,"apeswapBuyPrice":6653.06,"uniswapv2sellprice":6617.56,"sushiswapv2sellprice":6638.22,"bakeryswapsellprice":6530.08,"apeswapsellprice":6616.46},{"block":11314820,"timestamp":1632853540,"swapAmountBNB":20,"uniswapv2buyprice":6651.15,"sushiswapv2buyprice":6657.95,"bakeryswapbuyprice":6719.16,"apeswapBuyPrice":6653.06,"uniswapv2sellprice":6617.56,"sushiswapv2sellprice":6638.22,"bakeryswapsellprice":6530.08,"apeswapsellprice":6616.46},{"block":11314821,"timestamp":1632853543,"swapAmountBNB":20,"uniswapv2buyprice":6651.02,"sushiswapv2buyprice":6657.95,"bakeryswapbuyprice":6719.16,"apeswapBuyPrice":6652.3,"uniswapv2sellprice":6617.42,"sushiswapv2sellprice":6638.22,"bakeryswapsellprice":6530.08,"apeswapsellprice":6615.71},{"block":11314822,"timestamp":1632853546,"swapAmountBNB":20,"uniswapv2buyprice":6650.9,"sushiswapv2buyprice":6657.95,"bakeryswapbuyprice":6719.16,"apeswapBuyPrice":6652.3,"uniswapv2sellprice":6617.3,"sushiswapv2sellprice":6638.22,"bakeryswapsellprice":6530.08,"apeswapsellprice":6615.71},{"block":11314823,"timestamp":1632853549,"swapAmountBNB":20,"uniswapv2buyprice":6650.77,"sushiswapv2buyprice":6657.16,"bakeryswapbuyprice":6719.16,"apeswapBuyPrice":6652.3,"uniswapv2sellprice":6617.18,"sushiswapv2sellprice":6637.43,"bakeryswapsellprice":6530.08,"apeswapsellprice":6615.71},{"block":11314824,"timestamp":1632853552,"swapAmountBNB":20,"uniswapv2buyprice":6650.78,"sushiswapv2buyprice":6657.16,"bakeryswapbuyprice":6719.16,"apeswapBuyPrice":6652.3,"uniswapv2sellprice":6617.19,"sushiswapv2sellprice":6637.43,"bakeryswapsellprice":6530.08,"apeswapsellprice":6615.71},{"block":11314825,"timestamp":1632853555,"swapAmountBNB":20,"uniswapv2buyprice":6650.82,"sushiswapv2buyprice":6648.21,"bakeryswapbuyprice":6719.16,"apeswapBuyPrice":6652.3,"uniswapv2sellprice":6617.22,"sushiswapv2sellprice":6628.51,"bakeryswapsellprice":6530.08,"apeswapsellprice":6615.71},{"block":11314826,"timestamp":1632853558,"swapAmountBNB":20,"uniswapv2buyprice":6650.82,"sushiswapv2buyprice":6651.75,"bakeryswapbuyprice":6719.16,"apeswapBuyPrice":6652.3,"uniswapv2sellprice":6617.22,"sushiswapv2sellprice":6628.51,"bakeryswapsellprice":6530.08,"apeswapsellprice":6615.71},{"block":11314827,"timestamp":1632853561,"swapAmountBNB":20,"uniswapv2buyprice":6650.81,"sushiswapv2buyprice":6651.75,"bakeryswapbuyprice":6719.16,"apeswapBuyPrice":6652.3,"uniswapv2sellprice":6617.21,"sushiswapv2sellprice":6632.04,"bakeryswapsellprice":6530.08,"apeswapsellprice":6615.71},{"block":11314828,"timestamp":1632853564,"swapAmountBNB":20,"uniswapv2buyprice":6650.76,"sushiswapv2buyprice":6655.29,"bakeryswapbuyprice":6719.16,"apeswapBuyPrice":6651.92,"uniswapv2sellprice":6617.16,"sushiswapv2sellprice":6635.57,"bakeryswapsellprice":6530.08,"apeswapsellprice":6615.33},{"block":11314829,"timestamp":1632853567,"swapAmountBNB":20,"uniswapv2buyprice":6650.76,"sushiswapv2buyprice":6655.29,"bakeryswapbuyprice":6719.16,"apeswapBuyPrice":6651.92,"uniswapv2sellprice":6617.16,"sushiswapv2sellprice":6635.57,"bakeryswapsellprice":6530.08,"apeswapsellprice":6615.33},{"block":11314830,"timestamp":1632853570,"swapAmountBNB":20,"uniswapv2buyprice":6650.76,"sushiswapv2buyprice":6655.29,"bakeryswapbuyprice":6719.16,"apeswapBuyPrice":6651.92,"uniswapv2sellprice":6617.16,"sushiswapv2sellprice":6635.57,"bakeryswapsellprice":6530.08,"apeswapsellprice":6615.33},{"block":11314831,"timestamp":1632853573,"swapAmountBNB":20,"uniswapv2buyprice":6650.98,"sushiswapv2buyprice":6655.29,"bakeryswapbuyprice":6719.16,"apeswapBuyPrice":6651.92,"uniswapv2sellprice":6617.39,"sushiswapv2sellprice":6635.57,"bakeryswapsellprice":6530.08,"apeswapsellprice":6615.33},{"block":11314832,"timestamp":1632853576,"swapAmountBNB":20,"uniswapv2buyprice":6652.6,"sushiswapv2buyprice":6655.29,"bakeryswapbuyprice":6719.16,"apeswapBuyPrice":6651.92,"uniswapv2sellprice":6618.99,"sushiswapv2sellprice":6635.57,"bakeryswapsellprice":6530.08,"apeswapsellprice":6615.33},{"block":11314833,"timestamp":1632853579,"swapAmountBNB":20,"uniswapv2buyprice":6652.59,"sushiswapv2buyprice":6655.29,"bakeryswapbuyprice":6719.16,"apeswapBuyPrice":6651.92,"uniswapv2sellprice":6618.99,"sushiswapv2sellprice":6635.57,"bakeryswapsellprice":6530.08,"apeswapsellprice":6615.33},{"block":11314834,"timestamp":1632853582,"swapAmountBNB":20,"uniswapv2buyprice":6652.56,"sushiswapv2buyprice":6655.29,"bakeryswapbuyprice":6719.16,"apeswapBuyPrice":6651.92,"uniswapv2sellprice":6618.95,"sushiswapv2sellprice":6635.57,"bakeryswapsellprice":6530.08,"apeswapsellprice":6615.33},{"block":11314835,"timestamp":1632853585,"swapAmountBNB":20,"uniswapv2buyprice":6652.55,"sushiswapv2buyprice":6647.36,"bakeryswapbuyprice":6719.16,"apeswapBuyPrice":6651.92,"uniswapv2sellprice":6618.95,"sushiswapv2sellprice":6627.66,"bakeryswapsellprice":6530.08,"apeswapsellprice":6615.33},{"block":11314836,"timestamp":1632853588,"swapAmountBNB":20,"uniswapv2buyprice":6652.52,"sushiswapv2buyprice":6647.36,"bakeryswapbuyprice":6719.16,"apeswapBuyPrice":6651.92,"uniswapv2sellprice":6618.92,"sushiswapv2sellprice":6627.66,"bakeryswapsellprice":6530.08,"apeswapsellprice":6615.33},{"block":11314837,"timestamp":1632853591,"swapAmountBNB":20,"uniswapv2buyprice":6652.24,"sushiswapv2buyprice":6650.9,"bakeryswapbuyprice":6719.16,"apeswapBuyPrice":6651.92,"uniswapv2sellprice":6618.64,"sushiswapv2sellprice":6631.19,"bakeryswapsellprice":6530.08,"apeswapsellprice":6615.33},{"block":11314838,"timestamp":1632853594,"swapAmountBNB":20,"uniswapv2buyprice":6652.23,"sushiswapv2buyprice":6654.44,"bakeryswapbuyprice":6719.16,"apeswapBuyPrice":6651.92,"uniswapv2sellprice":6618.63,"sushiswapv2sellprice":6634.72,"bakeryswapsellprice":6530.08,"apeswapsellprice":6615.33},{"block":11314839,"timestamp":1632853597,"swapAmountBNB":20,"uniswapv2buyprice":6652.26,"sushiswapv2buyprice":6654.44,"bakeryswapbuyprice":6723.76,"apeswapBuyPrice":6653.36,"uniswapv2sellprice":6618.65,"sushiswapv2sellprice":6634.72,"bakeryswapsellprice":6530.08,"apeswapsellprice":6616.76},{"block":11314840,"timestamp":1632853600,"swapAmountBNB":20,"uniswapv2buyprice":6652.25,"sushiswapv2buyprice":6657.98,"bakeryswapbuyprice":6723.76,"apeswapBuyPrice":6653.36,"uniswapv2sellprice":6618.64,"sushiswapv2sellprice":6634.72,"bakeryswapsellprice":6534.5,"apeswapsellprice":6616.76},{"block":11314841,"timestamp":1632853603,"swapAmountBNB":20,"uniswapv2buyprice":6652.23,"sushiswapv2buyprice":6657.98,"bakeryswapbuyprice":6723.76,"apeswapBuyPrice":6653.36,"uniswapv2sellprice":6618.62,"sushiswapv2sellprice":6638.25,"bakeryswapsellprice":6534.5,"apeswapsellprice":6616.76},{"block":11314842,"timestamp":1632853606,"swapAmountBNB":20,"uniswapv2buyprice":6652.22,"sushiswapv2buyprice":6657.98,"bakeryswapbuyprice":6723.76,"apeswapBuyPrice":6653.36,"uniswapv2sellprice":6618.62,"sushiswapv2sellprice":6638.25,"bakeryswapsellprice":6534.5,"apeswapsellprice":6616.76},{"block":11314843,"timestamp":1632853609,"swapAmountBNB":20,"uniswapv2buyprice":6652.27,"sushiswapv2buyprice":6657.8,"bakeryswapbuyprice":6723.76,"apeswapBuyPrice":6653.36,"uniswapv2sellprice":6618.67,"sushiswapv2sellprice":6638.07,"bakeryswapsellprice":6534.5,"apeswapsellprice":6616.76},{"block":11314844,"timestamp":1632853612,"swapAmountBNB":20,"uniswapv2buyprice":6653.49,"sushiswapv2buyprice":6657.8,"bakeryswapbuyprice":6723.76,"apeswapBuyPrice":6656.48,"uniswapv2sellprice":6619.3,"sushiswapv2sellprice":6638.07,"bakeryswapsellprice":6534.5,"apeswapsellprice":6616.76},{"block":11314845,"timestamp":1632853615,"swapAmountBNB":20,"uniswapv2buyprice":6653.49,"sushiswapv2buyprice":6657.8,"bakeryswapbuyprice":6723.76,"apeswapBuyPrice":6656.48,"uniswapv2sellprice":6619.88,"sushiswapv2sellprice":6638.07,"bakeryswapsellprice":6534.5,"apeswapsellprice":6619.87},{"block":11314846,"timestamp":1632853618,"swapAmountBNB":20,"uniswapv2buyprice":6653.44,"sushiswapv2buyprice":6657.8,"bakeryswapbuyprice":6723.76,"apeswapBuyPrice":6656.48,"uniswapv2sellprice":6619.83,"sushiswapv2sellprice":6638.07,"bakeryswapsellprice":6534.5,"apeswapsellprice":6619.87},{"block":11314847,"timestamp":1632853621,"swapAmountBNB":20,"uniswapv2buyprice":6653.44,"sushiswapv2buyprice":6657.8,"bakeryswapbuyprice":6723.76,"apeswapBuyPrice":6656.48,"uniswapv2sellprice":6619.83,"sushiswapv2sellprice":6638.07,"bakeryswapsellprice":6534.5,"apeswapsellprice":6619.87},{"block":11314848,"timestamp":1632853624,"swapAmountBNB":20,"uniswapv2buyprice":6653.45,"sushiswapv2buyprice":6657.8,"bakeryswapbuyprice":6723.76,"apeswapBuyPrice":6656.48,"uniswapv2sellprice":6619.84,"sushiswapv2sellprice":6638.07,"bakeryswapsellprice":6534.5,"apeswapsellprice":6619.87},{"block":11314849,"timestamp":1632853627,"swapAmountBNB":20,"uniswapv2buyprice":6653.45,"sushiswapv2buyprice":6657.8,"bakeryswapbuyprice":6723.76,"apeswapBuyPrice":6656.48,"uniswapv2sellprice":6619.84,"sushiswapv2sellprice":6638.07,"bakeryswapsellprice":6534.5,"apeswapsellprice":6619.87},{"block":11314850,"timestamp":1632853630,"swapAmountBNB":20,"uniswapv2buyprice":6653.48,"sushiswapv2buyprice":6657.8,"bakeryswapbuyprice":6723.76,"apeswapBuyPrice":6656.48,"uniswapv2sellprice":6619.87,"sushiswapv2sellprice":6638.07,"bakeryswapsellprice":6534.5,"apeswapsellprice":6619.87},{"block":11314851,"timestamp":1632853633,"swapAmountBNB":20,"uniswapv2buyprice":6653.49,"sushiswapv2buyprice":6657.8,"bakeryswapbuyprice":6723.76,"apeswapBuyPrice":6656.48,"uniswapv2sellprice":6619.88,"sushiswapv2sellprice":6638.07,"bakeryswapsellprice":6534.5,"apeswapsellprice":6619.87},{"block":11314852,"timestamp":1632853636,"swapAmountBNB":20,"uniswapv2buyprice":6653.68,"sushiswapv2buyprice":6657.8,"bakeryswapbuyprice":6723.76,"apeswapBuyPrice":6656.48,"uniswapv2sellprice":6620.07,"sushiswapv2sellprice":6638.07,"bakeryswapsellprice":6534.5,"apeswapsellprice":6619.87},{"block":11314853,"timestamp":1632853639,"swapAmountBNB":20,"uniswapv2buyprice":6653.68,"sushiswapv2buyprice":6657.8,"bakeryswapbuyprice":6723.76,"apeswapBuyPrice":6656.48,"uniswapv2sellprice":6620.07,"sushiswapv2sellprice":6638.07,"bakeryswapsellprice":6534.5,"apeswapsellprice":6619.87},{"block":11314854,"timestamp":1632853642,"swapAmountBNB":20,"uniswapv2buyprice":6653.75,"sushiswapv2buyprice":6657.8,"bakeryswapbuyprice":6723.76,"apeswapBuyPrice":6656.48,"uniswapv2sellprice":6620.14,"sushiswapv2sellprice":6638.07,"bakeryswapsellprice":6534.5,"apeswapsellprice":6619.87},{"block":11314855,"timestamp":1632853645,"swapAmountBNB":20,"uniswapv2buyprice":6653.67,"sushiswapv2buyprice":6657.79,"bakeryswapbuyprice":6723.76,"apeswapBuyPrice":6656.48,"uniswapv2sellprice":6620.06,"sushiswapv2sellprice":6638.07,"bakeryswapsellprice":6534.5,"apeswapsellprice":6619.87},{"block":11314856,"timestamp":1632853648,"swapAmountBNB":20,"uniswapv2buyprice":6653.36,"sushiswapv2buyprice":6657.38,"bakeryswapbuyprice":6723.76,"apeswapBuyPrice":6656.48,"uniswapv2sellprice":6619.75,"sushiswapv2sellprice":6637.65,"bakeryswapsellprice":6534.5,"apeswapsellprice":6619.87},{"block":11314857,"timestamp":1632853651,"swapAmountBNB":20,"uniswapv2buyprice":6653.21,"sushiswapv2buyprice":6657.38,"bakeryswapbuyprice":6723.76,"apeswapBuyPrice":6656.48,"uniswapv2sellprice":6619.6,"sushiswapv2sellprice":6637.65,"bakeryswapsellprice":6534.5,"apeswapsellprice":6619.87},{"block":11314858,"timestamp":1632853654,"swapAmountBNB":20,"uniswapv2buyprice":6653.14,"sushiswapv2buyprice":6657.38,"bakeryswapbuyprice":6723.76,"apeswapBuyPrice":6656.48,"uniswapv2sellprice":6619.54,"sushiswapv2sellprice":6637.65,"bakeryswapsellprice":6534.5,"apeswapsellprice":6619.87},{"block":11314859,"timestamp":1632853657,"swapAmountBNB":20,"uniswapv2buyprice":6653.28,"sushiswapv2buyprice":6660.93,"bakeryswapbuyprice":6723.76,"apeswapBuyPrice":6656.46,"uniswapv2sellprice":6619.67,"sushiswapv2sellprice":6641.19,"bakeryswapsellprice":6534.5,"apeswapsellprice":6619.84},{"block":11314860,"timestamp":1632853660,"swapAmountBNB":20,"uniswapv2buyprice":6653.28,"sushiswapv2buyprice":6660.93,"bakeryswapbuyprice":6723.76,"apeswapBuyPrice":6656.46,"uniswapv2sellprice":6619.67,"sushiswapv2sellprice":6641.19,"bakeryswapsellprice":6534.5,"apeswapsellprice":6619.84},{"block":11314861,"timestamp":1632853663,"swapAmountBNB":20,"uniswapv2buyprice":6653.28,"sushiswapv2buyprice":6660.75,"bakeryswapbuyprice":6723.76,"apeswapBuyPrice":6656.47,"uniswapv2sellprice":6619.67,"sushiswapv2sellprice":6641.01,"bakeryswapsellprice":6534.5,"apeswapsellprice":6619.84},{"block":11314862,"timestamp":1632853666,"swapAmountBNB":20,"uniswapv2buyprice":6653.11,"sushiswapv2buyprice":6660.75,"bakeryswapbuyprice":6723.76,"apeswapBuyPrice":6656.47,"uniswapv2sellprice":6619.5,"sushiswapv2sellprice":6641.01,"bakeryswapsellprice":6534.5,"apeswapsellprice":6619.86},{"block":11314863,"timestamp":1632853669,"swapAmountBNB":20,"uniswapv2buyprice":6653.12,"sushiswapv2buyprice":6660.75,"bakeryswapbuyprice":6723.76,"apeswapBuyPrice":6656.47,"uniswapv2sellprice":6619.51,"sushiswapv2sellprice":6641.01,"bakeryswapsellprice":6534.5,"apeswapsellprice":6619.86},{"block":11314864,"timestamp":1632853672,"swapAmountBNB":20,"uniswapv2buyprice":6652.76,"sushiswapv2buyprice":6660.75,"bakeryswapbuyprice":6723.76,"apeswapBuyPrice":6656.47,"uniswapv2sellprice":6619.16,"sushiswapv2sellprice":6641.01,"bakeryswapsellprice":6534.5,"apeswapsellprice":6619.86},{"block":11314865,"timestamp":1632853675,"swapAmountBNB":20,"uniswapv2buyprice":6652.72,"sushiswapv2buyprice":6660.75,"bakeryswapbuyprice":6723.76,"apeswapBuyPrice":6656.47,"uniswapv2sellprice":6619.12,"sushiswapv2sellprice":6641.01,"bakeryswapsellprice":6534.5,"apeswapsellprice":6619.86},{"block":11314866,"timestamp":1632853678,"swapAmountBNB":20,"uniswapv2buyprice":6652.65,"sushiswapv2buyprice":6660.75,"bakeryswapbuyprice":6723.76,"apeswapBuyPrice":6656.47,"uniswapv2sellprice":6619.05,"sushiswapv2sellprice":6641.01,"bakeryswapsellprice":6534.5,"apeswapsellprice":6619.86},{"block":11314867,"timestamp":1632853681,"swapAmountBNB":20,"uniswapv2buyprice":6652.63,"sushiswapv2buyprice":6660.75,"bakeryswapbuyprice":6723.76,"apeswapBuyPrice":6656.47,"uniswapv2sellprice":6619.03,"sushiswapv2sellprice":6641.01,"bakeryswapsellprice":6534.5,"apeswapsellprice":6619.86},{"block":11314868,"timestamp":1632853684,"swapAmountBNB":20,"uniswapv2buyprice":6652.67,"sushiswapv2buyprice":6660.75,"bakeryswapbuyprice":6723.76,"apeswapBuyPrice":6656.47,"uniswapv2sellprice":6619.06,"sushiswapv2sellprice":6641.01,"bakeryswapsellprice":6534.5,"apeswapsellprice":6619.86},{"block":11314869,"timestamp":1632853687,"swapAmountBNB":20,"uniswapv2buyprice":6652.69,"sushiswapv2buyprice":6660.75,"bakeryswapbuyprice":6723.76,"apeswapBuyPrice":6656.47,"uniswapv2sellprice":6619.09,"sushiswapv2sellprice":6641.01,"bakeryswapsellprice":6534.5,"apeswapsellprice":6619.86},{"block":11314870,"timestamp":1632853690,"swapAmountBNB":20,"uniswapv2buyprice":6652.69,"sushiswapv2buyprice":6659.67,"bakeryswapbuyprice":6723.76,"apeswapBuyPrice":6656.47,"uniswapv2sellprice":6619.09,"sushiswapv2sellprice":6639.94,"bakeryswapsellprice":6534.5,"apeswapsellprice":6619.86},{"block":11314871,"timestamp":1632853693,"swapAmountBNB":20,"uniswapv2buyprice":6652.6,"sushiswapv2buyprice":6659.67,"bakeryswapbuyprice":6723.76,"apeswapBuyPrice":6656.47,"uniswapv2sellprice":6618.99,"sushiswapv2sellprice":6639.94,"bakeryswapsellprice":6534.5,"apeswapsellprice":6619.86},{"block":11314872,"timestamp":1632853696,"swapAmountBNB":20,"uniswapv2buyprice":6652.6,"sushiswapv2buyprice":6659.67,"bakeryswapbuyprice":6723.76,"apeswapBuyPrice":6656.47,"uniswapv2sellprice":6618.99,"sushiswapv2sellprice":6639.94,"bakeryswapsellprice":6534.5,"apeswapsellprice":6619.86},{"block":11314873,"timestamp":1632853699,"swapAmountBNB":20,"uniswapv2buyprice":6652.71,"sushiswapv2buyprice":6659.38,"bakeryswapbuyprice":6723.76,"apeswapBuyPrice":6656.47,"uniswapv2sellprice":6619.11,"sushiswapv2sellprice":6639.64,"bakeryswapsellprice":6534.5,"apeswapsellprice":6619.86},{"block":11314874,"timestamp":1632853702,"swapAmountBNB":20,"uniswapv2buyprice":6652.72,"sushiswapv2buyprice":6659.38,"bakeryswapbuyprice":6723.76,"apeswapBuyPrice":6656.47,"uniswapv2sellprice":6619.11,"sushiswapv2sellprice":6639.64,"bakeryswapsellprice":6534.5,"apeswapsellprice":6619.86},{"block":11314875,"timestamp":1632853705,"swapAmountBNB":20,"uniswapv2buyprice":6652.72,"sushiswapv2buyprice":6659.38,"bakeryswapbuyprice":6723.76,"apeswapBuyPrice":6654.98,"uniswapv2sellprice":6619.12,"sushiswapv2sellprice":6639.64,"bakeryswapsellprice":6534.5,"apeswapsellprice":6618.38},{"block":11314876,"timestamp":1632853708,"swapAmountBNB":20,"uniswapv2buyprice":6652.96,"sushiswapv2buyprice":6659.38,"bakeryswapbuyprice":6723.76,"apeswapBuyPrice":6654.98,"uniswapv2sellprice":6619.36,"sushiswapv2sellprice":6639.64,"bakeryswapsellprice":6534.5,"apeswapsellprice":6618.38},{"block":11314877,"timestamp":1632853711,"swapAmountBNB":20,"uniswapv2buyprice":6653.08,"sushiswapv2buyprice":6662.92,"bakeryswapbuyprice":6723.76,"apeswapBuyPrice":6654.98,"uniswapv2sellprice":6619.48,"sushiswapv2sellprice":6643.18,"bakeryswapsellprice":6534.5,"apeswapsellprice":6618.38},{"block":11314878,"timestamp":1632853714,"swapAmountBNB":20,"uniswapv2buyprice":6653.09,"sushiswapv2buyprice":6662.28,"bakeryswapbuyprice":6723.76,"apeswapBuyPrice":6654.98,"uniswapv2sellprice":6619.48,"sushiswapv2sellprice":6642.54,"bakeryswapsellprice":6534.5,"apeswapsellprice":6618.38},{"block":11314879,"timestamp":1632853717,"swapAmountBNB":20,"uniswapv2buyprice":6653.14,"sushiswapv2buyprice":6662.28,"bakeryswapbuyprice":6723.76,"apeswapBuyPrice":6654.98,"uniswapv2sellprice":6619.53,"sushiswapv2sellprice":6642.54,"bakeryswapsellprice":6534.5,"apeswapsellprice":6618.38},{"block":11314880,"timestamp":1632853720,"swapAmountBNB":20,"uniswapv2buyprice":6653.16,"sushiswapv2buyprice":6662.28,"bakeryswapbuyprice":6723.76,"apeswapBuyPrice":6654.98,"uniswapv2sellprice":6619.55,"sushiswapv2sellprice":6642.54,"bakeryswapsellprice":6534.5,"apeswapsellprice":6618.38},{"block":11314881,"timestamp":1632853723,"swapAmountBNB":20,"uniswapv2buyprice":6653.25,"sushiswapv2buyprice":6662.28,"bakeryswapbuyprice":6723.76,"apeswapBuyPrice":6654.98,"uniswapv2sellprice":6619.64,"sushiswapv2sellprice":6642.54,"bakeryswapsellprice":6534.5,"apeswapsellprice":6618.38},{"block":11314882,"timestamp":1632853726,"swapAmountBNB":20,"uniswapv2buyprice":6653.27,"sushiswapv2buyprice":6662.28,"bakeryswapbuyprice":6723.76,"apeswapBuyPrice":6654.98,"uniswapv2sellprice":6619.66,"sushiswapv2sellprice":6642.54,"bakeryswapsellprice":6534.5,"apeswapsellprice":6618.38},{"block":11314883,"timestamp":1632853729,"swapAmountBNB":20,"uniswapv2buyprice":6653.44,"sushiswapv2buyprice":6662.28,"bakeryswapbuyprice":6723.76,"apeswapBuyPrice":6654.83,"uniswapv2sellprice":6619.83,"sushiswapv2sellprice":6642.54,"bakeryswapsellprice":6534.5,"apeswapsellprice":6618.22},{"block":11314884,"timestamp":1632853732,"swapAmountBNB":20,"uniswapv2buyprice":6653.33,"sushiswapv2buyprice":6662.28,"bakeryswapbuyprice":6723.76,"apeswapBuyPrice":6654.83,"uniswapv2sellprice":6619.72,"sushiswapv2sellprice":6642.54,"bakeryswapsellprice":6534.5,"apeswapsellprice":6618.22},{"block":11314885,"timestamp":1632853735,"swapAmountBNB":20,"uniswapv2buyprice":6653.34,"sushiswapv2buyprice":6662.28,"bakeryswapbuyprice":6723.76,"apeswapBuyPrice":6654.83,"uniswapv2sellprice":6619.73,"sushiswapv2sellprice":6642.54,"bakeryswapsellprice":6534.5,"apeswapsellprice":6618.22},{"block":11314886,"timestamp":1632853738,"swapAmountBNB":20,"uniswapv2buyprice":6653.3,"sushiswapv2buyprice":6662.28,"bakeryswapbuyprice":6723.76,"apeswapBuyPrice":6654.83,"uniswapv2sellprice":6619.69,"sushiswapv2sellprice":6642.54,"bakeryswapsellprice":6534.5,"apeswapsellprice":6618.22},{"block":11314887,"timestamp":1632853741,"swapAmountBNB":20,"uniswapv2buyprice":6653.33,"sushiswapv2buyprice":6662.27,"bakeryswapbuyprice":6723.76,"apeswapBuyPrice":6654.83,"uniswapv2sellprice":6619.72,"sushiswapv2sellprice":6642.53,"bakeryswapsellprice":6534.5,"apeswapsellprice":6618.22},{"block":11314888,"timestamp":1632853744,"swapAmountBNB":20,"uniswapv2buyprice":6653.3,"sushiswapv2buyprice":6662.27,"bakeryswapbuyprice":6723.76,"apeswapBuyPrice":6654.83,"uniswapv2sellprice":6619.7,"sushiswapv2sellprice":6642.53,"bakeryswapsellprice":6534.5,"apeswapsellprice":6618.22},{"block":11314889,"timestamp":1632853747,"swapAmountBNB":20,"uniswapv2buyprice":6653.29,"sushiswapv2buyprice":6662.27,"bakeryswapbuyprice":6723.76,"apeswapBuyPrice":6654.83,"uniswapv2sellprice":6619.68,"sushiswapv2sellprice":6642.53,"bakeryswapsellprice":6534.5,"apeswapsellprice":6618.22},{"block":11314890,"timestamp":1632853750,"swapAmountBNB":20,"uniswapv2buyprice":6653.29,"sushiswapv2buyprice":6662.27,"bakeryswapbuyprice":6723.76,"apeswapBuyPrice":6654.83,"uniswapv2sellprice":6619.68,"sushiswapv2sellprice":6642.53,"bakeryswapsellprice":6534.5,"apeswapsellprice":6618.22},{"block":11314891,"timestamp":1632853753,"swapAmountBNB":20,"uniswapv2buyprice":6653.29,"sushiswapv2buyprice":6661.9,"bakeryswapbuyprice":6725.78,"apeswapBuyPrice":6654.83,"uniswapv2sellprice":6619.68,"sushiswapv2sellprice":6642.16,"bakeryswapsellprice":6536.44,"apeswapsellprice":6618.22},{"block":11314892,"timestamp":1632853756,"swapAmountBNB":20,"uniswapv2buyprice":6653.29,"sushiswapv2buyprice":6661.8,"bakeryswapbuyprice":6725.78,"apeswapBuyPrice":6654.83,"uniswapv2sellprice":6619.68,"sushiswapv2sellprice":6642.06,"bakeryswapsellprice":6536.44,"apeswapsellprice":6618.22},{"block":11314893,"timestamp":1632853759,"swapAmountBNB":20,"uniswapv2buyprice":6652.95,"sushiswapv2buyprice":6661.66,"bakeryswapbuyprice":6725.78,"apeswapBuyPrice":6654.83,"uniswapv2sellprice":6619.34,"sushiswapv2sellprice":6641.92,"bakeryswapsellprice":6536.44,"apeswapsellprice":6618.22},{"block":11314894,"timestamp":1632853762,"swapAmountBNB":20,"uniswapv2buyprice":6653.25,"sushiswapv2buyprice":6661.66,"bakeryswapbuyprice":6725.78,"apeswapBuyPrice":6654.83,"uniswapv2sellprice":6619.64,"sushiswapv2sellprice":6641.92,"bakeryswapsellprice":6536.44,"apeswapsellprice":6618.22},{"block":11314895,"timestamp":1632853765,"swapAmountBNB":20,"uniswapv2buyprice":6653.26,"sushiswapv2buyprice":6661.66,"bakeryswapbuyprice":6725.78,"apeswapBuyPrice":6655.03,"uniswapv2sellprice":6619.65,"sushiswapv2sellprice":6641.92,"bakeryswapsellprice":6536.44,"apeswapsellprice":6618.42},{"block":11314896,"timestamp":1632853768,"swapAmountBNB":20,"uniswapv2buyprice":6653.23,"sushiswapv2buyprice":6661.66,"bakeryswapbuyprice":6725.78,"apeswapBuyPrice":6655.03,"uniswapv2sellprice":6619.62,"sushiswapv2sellprice":6641.92,"bakeryswapsellprice":6536.44,"apeswapsellprice":6618.42},{"block":11314897,"timestamp":1632853771,"swapAmountBNB":20,"uniswapv2buyprice":6653.23,"sushiswapv2buyprice":6661.56,"bakeryswapbuyprice":6725.78,"apeswapBuyPrice":6655.03,"uniswapv2sellprice":6619.62,"sushiswapv2sellprice":6641.82,"bakeryswapsellprice":6536.44,"apeswapsellprice":6618.42},{"block":11314898,"timestamp":1632853774,"swapAmountBNB":20,"uniswapv2buyprice":6653.23,"sushiswapv2buyprice":6661.56,"bakeryswapbuyprice":6725.78,"apeswapBuyPrice":6655.03,"uniswapv2sellprice":6619.62,"sushiswapv2sellprice":6641.82,"bakeryswapsellprice":6536.44,"apeswapsellprice":6618.42},{"block":11314899,"timestamp":1632853777,"swapAmountBNB":20,"uniswapv2buyprice":6653.23,"sushiswapv2buyprice":6661.57,"bakeryswapbuyprice":6725.78,"apeswapBuyPrice":6655.03,"uniswapv2sellprice":6619.62,"sushiswapv2sellprice":6641.82,"bakeryswapsellprice":6536.44,"apeswapsellprice":6618.42},{"block":11314900,"timestamp":1632853780,"swapAmountBNB":20,"uniswapv2buyprice":6653.23,"sushiswapv2buyprice":6661.57,"bakeryswapbuyprice":6725.78,"apeswapBuyPrice":6655.03,"uniswapv2sellprice":6619.62,"sushiswapv2sellprice":6641.83,"bakeryswapsellprice":6536.44,"apeswapsellprice":6618.42},{"block":11314901,"timestamp":1632853783,"swapAmountBNB":20,"uniswapv2buyprice":6653.27,"sushiswapv2buyprice":6661.57,"bakeryswapbuyprice":6725.78,"apeswapBuyPrice":6655.03,"uniswapv2sellprice":6619.66,"sushiswapv2sellprice":6641.83,"bakeryswapsellprice":6536.44,"apeswapsellprice":6618.42},{"block":11314902,"timestamp":1632853786,"swapAmountBNB":20,"uniswapv2buyprice":6653.26,"sushiswapv2buyprice":6661.57,"bakeryswapbuyprice":6725.78,"apeswapBuyPrice":6655.03,"uniswapv2sellprice":6619.65,"sushiswapv2sellprice":6641.83,"bakeryswapsellprice":6536.44,"apeswapsellprice":6618.42},{"block":11314903,"timestamp":1632853789,"swapAmountBNB":20,"uniswapv2buyprice":6653.11,"sushiswapv2buyprice":6660.51,"bakeryswapbuyprice":6725.78,"apeswapBuyPrice":6655.03,"uniswapv2sellprice":6619.5,"sushiswapv2sellprice":6640.78,"bakeryswapsellprice":6536.44,"apeswapsellprice":6618.42},{"block":11314904,"timestamp":1632853792,"swapAmountBNB":20,"uniswapv2buyprice":6653.12,"sushiswapv2buyprice":6660.48,"bakeryswapbuyprice":6725.78,"apeswapBuyPrice":6657.3,"uniswapv2sellprice":6619.51,"sushiswapv2sellprice":6640.74,"bakeryswapsellprice":6536.44,"apeswapsellprice":6620.68},{"block":11314905,"timestamp":1632853795,"swapAmountBNB":20,"uniswapv2buyprice":6653.07,"sushiswapv2buyprice":6663.86,"bakeryswapbuyprice":6725.78,"apeswapBuyPrice":6657.3,"uniswapv2sellprice":6619.46,"sushiswapv2sellprice":6644.11,"bakeryswapsellprice":6536.44,"apeswapsellprice":6620.68},{"block":11314906,"timestamp":1632853798,"swapAmountBNB":20,"uniswapv2buyprice":6653.31,"sushiswapv2buyprice":6662.97,"bakeryswapbuyprice":6725.78,"apeswapBuyPrice":6659.57,"uniswapv2sellprice":6619.71,"sushiswapv2sellprice":6643.22,"bakeryswapsellprice":6536.44,"apeswapsellprice":6620.68},{"block":11314907,"timestamp":1632853801,"swapAmountBNB":20,"uniswapv2buyprice":6653.31,"sushiswapv2buyprice":6662.97,"bakeryswapbuyprice":6725.78,"apeswapBuyPrice":6659.57,"uniswapv2sellprice":6619.71,"sushiswapv2sellprice":6643.22,"bakeryswapsellprice":6536.44,"apeswapsellprice":6622.94},{"block":11314908,"timestamp":1632853804,"swapAmountBNB":20,"uniswapv2buyprice":6653.5,"sushiswapv2buyprice":6662.91,"bakeryswapbuyprice":6725.78,"apeswapBuyPrice":6659.57,"uniswapv2sellprice":6619.89,"sushiswapv2sellprice":6643.17,"bakeryswapsellprice":6536.44,"apeswapsellprice":6622.94},{"block":11314909,"timestamp":1632853807,"swapAmountBNB":20,"uniswapv2buyprice":6654.61,"sushiswapv2buyprice":6662.91,"bakeryswapbuyprice":6725.78,"apeswapBuyPrice":6659.57,"uniswapv2sellprice":6621,"sushiswapv2sellprice":6643.17,"bakeryswapsellprice":6536.44,"apeswapsellprice":6622.94},{"block":11314910,"timestamp":1632853810,"swapAmountBNB":20,"uniswapv2buyprice":6654.53,"sushiswapv2buyprice":6662.52,"bakeryswapbuyprice":6725.78,"apeswapBuyPrice":6659.57,"uniswapv2sellprice":6620.92,"sushiswapv2sellprice":6642.77,"bakeryswapsellprice":6536.44,"apeswapsellprice":6622.94},{"block":11314911,"timestamp":1632853813,"swapAmountBNB":20,"uniswapv2buyprice":6654.54,"sushiswapv2buyprice":6662.52,"bakeryswapbuyprice":6725.78,"apeswapBuyPrice":6659.57,"uniswapv2sellprice":6620.92,"sushiswapv2sellprice":6642.77,"bakeryswapsellprice":6536.44,"apeswapsellprice":6622.94},{"block":11314912,"timestamp":1632853816,"swapAmountBNB":20,"uniswapv2buyprice":6654.5,"sushiswapv2buyprice":6662.52,"bakeryswapbuyprice":6725.78,"apeswapBuyPrice":6659.57,"uniswapv2sellprice":6620.89,"sushiswapv2sellprice":6642.77,"bakeryswapsellprice":6536.44,"apeswapsellprice":6622.94},{"block":11314913,"timestamp":1632853819,"swapAmountBNB":20,"uniswapv2buyprice":6654.41,"sushiswapv2buyprice":6662.52,"bakeryswapbuyprice":6725.78,"apeswapBuyPrice":6659.57,"uniswapv2sellprice":6620.8,"sushiswapv2sellprice":6642.77,"bakeryswapsellprice":6536.44,"apeswapsellprice":6622.94},{"block":11314914,"timestamp":1632853822,"swapAmountBNB":20,"uniswapv2buyprice":6653.64,"sushiswapv2buyprice":6662.52,"bakeryswapbuyprice":6725.78,"apeswapBuyPrice":6659.57,"uniswapv2sellprice":6620.03,"sushiswapv2sellprice":6642.77,"bakeryswapsellprice":6536.44,"apeswapsellprice":6622.94},{"block":11314915,"timestamp":1632853825,"swapAmountBNB":20,"uniswapv2buyprice":6653.6,"sushiswapv2buyprice":6662.53,"bakeryswapbuyprice":6725.78,"apeswapBuyPrice":6659.57,"uniswapv2sellprice":6619.99,"sushiswapv2sellprice":6642.76,"bakeryswapsellprice":6536.44,"apeswapsellprice":6622.94},{"block":11314916,"timestamp":1632853828,"swapAmountBNB":20,"uniswapv2buyprice":6654.07,"sushiswapv2buyprice":6662.53,"bakeryswapbuyprice":6725.78,"apeswapBuyPrice":6659.57,"uniswapv2sellprice":6620.45,"sushiswapv2sellprice":6642.76,"bakeryswapsellprice":6536.44,"apeswapsellprice":6622.94},{"block":11314917,"timestamp":1632853831,"swapAmountBNB":20,"uniswapv2buyprice":6654.08,"sushiswapv2buyprice":6661.82,"bakeryswapbuyprice":6725.78,"apeswapBuyPrice":6659.57,"uniswapv2sellprice":6620.47,"sushiswapv2sellprice":6642.05,"bakeryswapsellprice":6536.44,"apeswapsellprice":6622.94},{"block":11314918,"timestamp":1632853834,"swapAmountBNB":20,"uniswapv2buyprice":6653.96,"sushiswapv2buyprice":6661.64,"bakeryswapbuyprice":6725.78,"apeswapBuyPrice":6659.57,"uniswapv2sellprice":6620.35,"sushiswapv2sellprice":6641.87,"bakeryswapsellprice":6536.44,"apeswapsellprice":6622.94},{"block":11314919,"timestamp":1632853837,"swapAmountBNB":20,"uniswapv2buyprice":6653.96,"sushiswapv2buyprice":6661.52,"bakeryswapbuyprice":6725.78,"apeswapBuyPrice":6659.57,"uniswapv2sellprice":6620.35,"sushiswapv2sellprice":6641.75,"bakeryswapsellprice":6536.44,"apeswapsellprice":6622.94},{"block":11314920,"timestamp":1632853840,"swapAmountBNB":20,"uniswapv2buyprice":6653.97,"sushiswapv2buyprice":6661.52,"bakeryswapbuyprice":6729.51,"apeswapBuyPrice":6659.62,"uniswapv2sellprice":6620.36,"sushiswapv2sellprice":6641.75,"bakeryswapsellprice":6540.02,"apeswapsellprice":6622.98},{"block":11314921,"timestamp":1632853843,"swapAmountBNB":20,"uniswapv2buyprice":6653.99,"sushiswapv2buyprice":6661.52,"bakeryswapbuyprice":6729.51,"apeswapBuyPrice":6659.62,"uniswapv2sellprice":6620.38,"sushiswapv2sellprice":6641.75,"bakeryswapsellprice":6540.02,"apeswapsellprice":6622.98},{"block":11314922,"timestamp":1632853846,"swapAmountBNB":20,"uniswapv2buyprice":6654.26,"sushiswapv2buyprice":6661.52,"bakeryswapbuyprice":6729.51,"apeswapBuyPrice":6659.62,"uniswapv2sellprice":6620.65,"sushiswapv2sellprice":6641.75,"bakeryswapsellprice":6540.02,"apeswapsellprice":6622.98},{"block":11314923,"timestamp":1632853849,"swapAmountBNB":20,"uniswapv2buyprice":6654.15,"sushiswapv2buyprice":6661.52,"bakeryswapbuyprice":6743.65,"apeswapBuyPrice":6659.62,"uniswapv2sellprice":6620.54,"sushiswapv2sellprice":6641.75,"bakeryswapsellprice":6553.62,"apeswapsellprice":6622.98},{"block":11314924,"timestamp":1632853852,"swapAmountBNB":20,"uniswapv2buyprice":6654.12,"sushiswapv2buyprice":6661.49,"bakeryswapbuyprice":6743.65,"apeswapBuyPrice":6659.7,"uniswapv2sellprice":6620.51,"sushiswapv2sellprice":6641.75,"bakeryswapsellprice":6553.62,"apeswapsellprice":6623.07},{"block":11314925,"timestamp":1632853855,"swapAmountBNB":20,"uniswapv2buyprice":6654.12,"sushiswapv2buyprice":6661.49,"bakeryswapbuyprice":6743.65,"apeswapBuyPrice":6659.7,"uniswapv2sellprice":6620.5,"sushiswapv2sellprice":6641.72,"bakeryswapsellprice":6553.62,"apeswapsellprice":6623.07},{"block":11314926,"timestamp":1632853858,"swapAmountBNB":20,"uniswapv2buyprice":6654.1,"sushiswapv2buyprice":6657.93,"bakeryswapbuyprice":6743.65,"apeswapBuyPrice":6659.7,"uniswapv2sellprice":6620.49,"sushiswapv2sellprice":6638.18,"bakeryswapsellprice":6553.62,"apeswapsellprice":6623.07},{"block":11314927,"timestamp":1632853861,"swapAmountBNB":20,"uniswapv2buyprice":6654.02,"sushiswapv2buyprice":6657.42,"bakeryswapbuyprice":6743.65,"apeswapBuyPrice":6659.7,"uniswapv2sellprice":6620.4,"sushiswapv2sellprice":6637.66,"bakeryswapsellprice":6553.62,"apeswapsellprice":6623.07},{"block":11314928,"timestamp":1632853864,"swapAmountBNB":20,"uniswapv2buyprice":6653.54,"sushiswapv2buyprice":6657.42,"bakeryswapbuyprice":6743.65,"apeswapBuyPrice":6659.7,"uniswapv2sellprice":6619.93,"sushiswapv2sellprice":6637.66,"bakeryswapsellprice":6553.62,"apeswapsellprice":6623.07},{"block":11314929,"timestamp":1632853867,"swapAmountBNB":20,"uniswapv2buyprice":6653.57,"sushiswapv2buyprice":6657.35,"bakeryswapbuyprice":6743.65,"apeswapBuyPrice":6659.7,"uniswapv2sellprice":6619.96,"sushiswapv2sellprice":6637.6,"bakeryswapsellprice":6553.62,"apeswapsellprice":6623.07},{"block":11314930,"timestamp":1632853870,"swapAmountBNB":20,"uniswapv2buyprice":6653.58,"sushiswapv2buyprice":6657.35,"bakeryswapbuyprice":6743.65,"apeswapBuyPrice":6659.7,"uniswapv2sellprice":6619.97,"sushiswapv2sellprice":6637.6,"bakeryswapsellprice":6553.62,"apeswapsellprice":6623.07},{"block":11314931,"timestamp":1632853873,"swapAmountBNB":20,"uniswapv2buyprice":6653.6,"sushiswapv2buyprice":6657.35,"bakeryswapbuyprice":6743.65,"apeswapBuyPrice":6659.7,"uniswapv2sellprice":6619.99,"sushiswapv2sellprice":6637.59,"bakeryswapsellprice":6553.62,"apeswapsellprice":6623.07},{"block":11314932,"timestamp":1632853876,"swapAmountBNB":20,"uniswapv2buyprice":6653.68,"sushiswapv2buyprice":6657.35,"bakeryswapbuyprice":6743.65,"apeswapBuyPrice":6659.7,"uniswapv2sellprice":6620.07,"sushiswapv2sellprice":6637.59,"bakeryswapsellprice":6553.62,"apeswapsellprice":6623.07},{"block":11314933,"timestamp":1632853879,"swapAmountBNB":20,"uniswapv2buyprice":6653.67,"sushiswapv2buyprice":6657.35,"bakeryswapbuyprice":6743.65,"apeswapBuyPrice":6659.7,"uniswapv2sellprice":6620.06,"sushiswapv2sellprice":6637.59,"bakeryswapsellprice":6553.62,"apeswapsellprice":6623.07},{"block":11314934,"timestamp":1632853882,"swapAmountBNB":20,"uniswapv2buyprice":6653.68,"sushiswapv2buyprice":6652.77,"bakeryswapbuyprice":6743.65,"apeswapBuyPrice":6659.7,"uniswapv2sellprice":6620.07,"sushiswapv2sellprice":6633.03,"bakeryswapsellprice":6553.62,"apeswapsellprice":6623.07},{"block":11314935,"timestamp":1632853885,"swapAmountBNB":20,"uniswapv2buyprice":6653.7,"sushiswapv2buyprice":6652.77,"bakeryswapbuyprice":6743.65,"apeswapBuyPrice":6659.62,"uniswapv2sellprice":6620.09,"sushiswapv2sellprice":6633.03,"bakeryswapsellprice":6553.62,"apeswapsellprice":6622.98},{"block":11314936,"timestamp":1632853888,"swapAmountBNB":20,"uniswapv2buyprice":6653.7,"sushiswapv2buyprice":6652.7,"bakeryswapbuyprice":6743.65,"apeswapBuyPrice":6659.62,"uniswapv2sellprice":6620.09,"sushiswapv2sellprice":6632.96,"bakeryswapsellprice":6553.62,"apeswapsellprice":6622.98},{"block":11314937,"timestamp":1632853891,"swapAmountBNB":20,"uniswapv2buyprice":6653.87,"sushiswapv2buyprice":6654.4,"bakeryswapbuyprice":6743.65,"apeswapBuyPrice":6659.62,"uniswapv2sellprice":6620.26,"sushiswapv2sellprice":6634.65,"bakeryswapsellprice":6553.62,"apeswapsellprice":6622.98},{"block":11314938,"timestamp":1632853894,"swapAmountBNB":20,"uniswapv2buyprice":6653.87,"sushiswapv2buyprice":6654.4,"bakeryswapbuyprice":6743.65,"apeswapBuyPrice":6659.7,"uniswapv2sellprice":6620.26,"sushiswapv2sellprice":6634.65,"bakeryswapsellprice":6553.62,"apeswapsellprice":6623.06},{"block":11314939,"timestamp":1632853897,"swapAmountBNB":20,"uniswapv2buyprice":6653.87,"sushiswapv2buyprice":6657.96,"bakeryswapbuyprice":6743.65,"apeswapBuyPrice":6659.7,"uniswapv2sellprice":6620.26,"sushiswapv2sellprice":6638.2,"bakeryswapsellprice":6553.62,"apeswapsellprice":6623.06},{"block":11314940,"timestamp":1632853900,"swapAmountBNB":20,"uniswapv2buyprice":6653.91,"sushiswapv2buyprice":6657.96,"bakeryswapbuyprice":6743.65,"apeswapBuyPrice":6659.7,"uniswapv2sellprice":6620.3,"sushiswapv2sellprice":6638.2,"bakeryswapsellprice":6553.62,"apeswapsellprice":6623.06},{"block":11314941,"timestamp":1632853903,"swapAmountBNB":20,"uniswapv2buyprice":6654.02,"sushiswapv2buyprice":6653.48,"bakeryswapbuyprice":6743.65,"apeswapBuyPrice":6659.7,"uniswapv2sellprice":6620.41,"sushiswapv2sellprice":6633.73,"bakeryswapsellprice":6553.62,"apeswapsellprice":6623.06}]}