{"table":[{"block":11422951,"timestamp":1633181397,"swapAmountBNB":5,"uniswapv2buyprice":2123.78,"sushiswapv2buyprice":2119.49,"bakeryswapbuyprice":2133.62,"apeswapBuyPrice":2123.8,"uniswapv2sellprice":2113.12,"sushiswapv2sellprice":2114.46,"bakeryswapsellprice":2106.04,"apeswapsellprice":2113.81},{"block":11422952,"timestamp":1633181400,"swapAmountBNB":5,"uniswapv2buyprice":2123.94,"sushiswapv2buyprice":2119.6,"bakeryswapbuyprice":2133.62,"apeswapBuyPrice":2123.78,"uniswapv2sellprice":2113.28,"sushiswapv2sellprice":2114.57,"bakeryswapsellprice":2106.04,"apeswapsellprice":2113.79},{"block":11422953,"timestamp":1633181403,"swapAmountBNB":5,"uniswapv2buyprice":2123.94,"sushiswapv2buyprice":2119.6,"bakeryswapbuyprice":2133.62,"apeswapBuyPrice":2123.59,"uniswapv2sellprice":2113.28,"sushiswapv2sellprice":2114.57,"bakeryswapsellprice":2106.04,"apeswapsellprice":2113.61},{"block":11422954,"timestamp":1633181406,"swapAmountBNB":5,"uniswapv2buyprice":2124.07,"sushiswapv2buyprice":2119.6,"bakeryswapbuyprice":2133.62,"apeswapBuyPrice":2123.59,"uniswapv2sellprice":2113.42,"sushiswapv2sellprice":2114.57,"bakeryswapsellprice":2106.04,"apeswapsellprice":2113.61},{"block":11422955,"timestamp":1633181409,"swapAmountBNB":5,"uniswapv2buyprice":2124.04,"sushiswapv2buyprice":2120.07,"bakeryswapbuyprice":2133.62,"apeswapBuyPrice":2123.52,"uniswapv2sellprice":2113.38,"sushiswapv2sellprice":2115.04,"bakeryswapsellprice":2106.04,"apeswapsellprice":2113.54},{"block":11422956,"timestamp":1633181412,"swapAmountBNB":5,"uniswapv2buyprice":2124.02,"sushiswapv2buyprice":2120.07,"bakeryswapbuyprice":2133.62,"apeswapBuyPrice":2122.6,"uniswapv2sellprice":2113.37,"sushiswapv2sellprice":2115.04,"bakeryswapsellprice":2106.04,"apeswapsellprice":2112.62},{"block":11422957,"timestamp":1633181415,"swapAmountBNB":5,"uniswapv2buyprice":2124,"sushiswapv2buyprice":2120.4,"bakeryswapbuyprice":2133.62,"apeswapBuyPrice":2122.6,"uniswapv2sellprice":2113.35,"sushiswapv2sellprice":2115.37,"bakeryswapsellprice":2106.04,"apeswapsellprice":2112.62},{"block":11422958,"timestamp":1633181418,"swapAmountBNB":5,"uniswapv2buyprice":2124.03,"sushiswapv2buyprice":2120.4,"bakeryswapbuyprice":2133.62,"apeswapBuyPrice":2122.57,"uniswapv2sellprice":2113.37,"sushiswapv2sellprice":2115.37,"bakeryswapsellprice":2106.04,"apeswapsellprice":2112.61},{"block":11422959,"timestamp":1633181421,"swapAmountBNB":5,"uniswapv2buyprice":2124.03,"sushiswapv2buyprice":2120.4,"bakeryswapbuyprice":2133.62,"apeswapBuyPrice":2122.57,"uniswapv2sellprice":2113.37,"sushiswapv2sellprice":2115.37,"bakeryswapsellprice":2106.04,"apeswapsellprice":2112.59},{"block":11422960,"timestamp":1633181424,"swapAmountBNB":5,"uniswapv2buyprice":2124.03,"sushiswapv2buyprice":2119.13,"bakeryswapbuyprice":2133.62,"apeswapBuyPrice":2122.57,"uniswapv2sellprice":2113.38,"sushiswapv2sellprice":2114.1,"bakeryswapsellprice":2106.04,"apeswapsellprice":2112.59},{"block":11422961,"timestamp":1633181427,"swapAmountBNB":5,"uniswapv2buyprice":2124.76,"sushiswapv2buyprice":2119.51,"bakeryswapbuyprice":2133.62,"apeswapBuyPrice":2122.57,"uniswapv2sellprice":2114.1,"sushiswapv2sellprice":2114.48,"bakeryswapsellprice":2106.04,"apeswapsellprice":2112.59},{"block":11422962,"timestamp":1633181430,"swapAmountBNB":5,"uniswapv2buyprice":2124.75,"sushiswapv2buyprice":2119.68,"bakeryswapbuyprice":2133.62,"apeswapBuyPrice":2122.57,"uniswapv2sellprice":2114.09,"sushiswapv2sellprice":2114.65,"bakeryswapsellprice":2106.04,"apeswapsellprice":2112.59},{"block":11422963,"timestamp":1633181433,"swapAmountBNB":5,"uniswapv2buyprice":2124.75,"sushiswapv2buyprice":2119.68,"bakeryswapbuyprice":2133.62,"apeswapBuyPrice":2122.57,"uniswapv2sellprice":2114.1,"sushiswapv2sellprice":2114.65,"bakeryswapsellprice":2106.04,"apeswapsellprice":2112.59},{"block":11422964,"timestamp":1633181436,"swapAmountBNB":5,"uniswapv2buyprice":2124.71,"sushiswapv2buyprice":2119.68,"bakeryswapbuyprice":2133.62,"apeswapBuyPrice":2122.6,"uniswapv2sellprice":2114.05,"sushiswapv2sellprice":2114.65,"bakeryswapsellprice":2106.04,"apeswapsellprice":2112.63},{"block":11422965,"timestamp":1633181439,"swapAmountBNB":5,"uniswapv2buyprice":2124.67,"sushiswapv2buyprice":2120.31,"bakeryswapbuyprice":2133.62,"apeswapBuyPrice":2122.6,"uniswapv2sellprice":2114.01,"sushiswapv2sellprice":2115.28,"bakeryswapsellprice":2106.04,"apeswapsellprice":2112.63},{"block":11422966,"timestamp":1633181442,"swapAmountBNB":5,"uniswapv2buyprice":2124.63,"sushiswapv2buyprice":2119.68,"bakeryswapbuyprice":2133.62,"apeswapBuyPrice":2122.6,"uniswapv2sellprice":2113.97,"sushiswapv2sellprice":2114.65,"bakeryswapsellprice":2106.04,"apeswapsellprice":2112.62},{"block":11422967,"timestamp":1633181445,"swapAmountBNB":5,"uniswapv2buyprice":2124.66,"sushiswapv2buyprice":2119.68,"bakeryswapbuyprice":2133.62,"apeswapBuyPrice":2122.6,"uniswapv2sellprice":2114,"sushiswapv2sellprice":2114.65,"bakeryswapsellprice":2106.04,"apeswapsellprice":2112.62},{"block":11422968,"timestamp":1633181448,"swapAmountBNB":5,"uniswapv2buyprice":2124.65,"sushiswapv2buyprice":2119.67,"bakeryswapbuyprice":2133.62,"apeswapBuyPrice":2122.6,"uniswapv2sellprice":2113.99,"sushiswapv2sellprice":2114.64,"bakeryswapsellprice":2106.04,"apeswapsellprice":2112.62},{"block":11422969,"timestamp":1633181451,"swapAmountBNB":5,"uniswapv2buyprice":2124.65,"sushiswapv2buyprice":2119.67,"bakeryswapbuyprice":2133.62,"apeswapBuyPrice":2122.6,"uniswapv2sellprice":2114,"sushiswapv2sellprice":2114.64,"bakeryswapsellprice":2106.04,"apeswapsellprice":2112.62},{"block":11422970,"timestamp":1633181454,"swapAmountBNB":5,"uniswapv2buyprice":2124.07,"sushiswapv2buyprice":2119.68,"bakeryswapbuyprice":2133.62,"apeswapBuyPrice":2122.6,"uniswapv2sellprice":2113.41,"sushiswapv2sellprice":2114.65,"bakeryswapsellprice":2106.04,"apeswapsellprice":2112.62},{"block":11422971,"timestamp":1633181457,"swapAmountBNB":5,"uniswapv2buyprice":2124.06,"sushiswapv2buyprice":2119.68,"bakeryswapbuyprice":2133.62,"apeswapBuyPrice":2122.6,"uniswapv2sellprice":2113.41,"sushiswapv2sellprice":2114.65,"bakeryswapsellprice":2106.04,"apeswapsellprice":2112.62},{"block":11422972,"timestamp":1633181460,"swapAmountBNB":5,"uniswapv2buyprice":2124.08,"sushiswapv2buyprice":2119.21,"bakeryswapbuyprice":2133.62,"apeswapBuyPrice":2122.6,"uniswapv2sellprice":2113.43,"sushiswapv2sellprice":2114.18,"bakeryswapsellprice":2106.04,"apeswapsellprice":2112.62},{"block":11422973,"timestamp":1633181463,"swapAmountBNB":5,"uniswapv2buyprice":2124.07,"sushiswapv2buyprice":2118.46,"bakeryswapbuyprice":2133.62,"apeswapBuyPrice":2122.6,"uniswapv2sellprice":2113.42,"sushiswapv2sellprice":2113.43,"bakeryswapsellprice":2106.04,"apeswapsellprice":2112.62},{"block":11422974,"timestamp":1633181466,"swapAmountBNB":5,"uniswapv2buyprice":2124.06,"sushiswapv2buyprice":2118.46,"bakeryswapbuyprice":2133.62,"apeswapBuyPrice":2122.6,"uniswapv2sellprice":2113.41,"sushiswapv2sellprice":2113.43,"bakeryswapsellprice":2106.04,"apeswapsellprice":2112.62},{"block":11422975,"timestamp":1633181469,"swapAmountBNB":5,"uniswapv2buyprice":2124.07,"sushiswapv2buyprice":2118.46,"bakeryswapbuyprice":2133.62,"apeswapBuyPrice":2122.6,"uniswapv2sellprice":2113.42,"sushiswapv2sellprice":2113.43,"bakeryswapsellprice":2106.04,"apeswapsellprice":2112.62},{"block":11422976,"timestamp":1633181472,"swapAmountBNB":5,"uniswapv2buyprice":2124.05,"sushiswapv2buyprice":2118.46,"bakeryswapbuyprice":2133.62,"apeswapBuyPrice":2122.6,"uniswapv2sellprice":2113.4,"sushiswapv2sellprice":2113.43,"bakeryswapsellprice":2106.04,"apeswapsellprice":2112.62},{"block":11422977,"timestamp":1633181475,"swapAmountBNB":5,"uniswapv2buyprice":2124.28,"sushiswapv2buyprice":2118.46,"bakeryswapbuyprice":2133.62,"apeswapBuyPrice":2122.6,"uniswapv2sellprice":2113.63,"sushiswapv2sellprice":2113.43,"bakeryswapsellprice":2106.04,"apeswapsellprice":2112.62},{"block":11422978,"timestamp":1633181478,"swapAmountBNB":5,"uniswapv2buyprice":2124.25,"sushiswapv2buyprice":2118.46,"bakeryswapbuyprice":2133.62,"apeswapBuyPrice":2122.6,"uniswapv2sellprice":2113.6,"sushiswapv2sellprice":2113.43,"bakeryswapsellprice":2106.04,"apeswapsellprice":2112.62},{"block":11422979,"timestamp":1633181481,"swapAmountBNB":5,"uniswapv2buyprice":2124.24,"sushiswapv2buyprice":2118.46,"bakeryswapbuyprice":2133.62,"apeswapBuyPrice":2122.6,"uniswapv2sellprice":2113.58,"sushiswapv2sellprice":2113.43,"bakeryswapsellprice":2106.04,"apeswapsellprice":2112.62},{"block":11422980,"timestamp":1633181484,"swapAmountBNB":5,"uniswapv2buyprice":2124.19,"sushiswapv2buyprice":2119.73,"bakeryswapbuyprice":2133.62,"apeswapBuyPrice":2122.6,"uniswapv2sellprice":2113.54,"sushiswapv2sellprice":2114.7,"bakeryswapsellprice":2106.04,"apeswapsellprice":2112.62},{"block":11422981,"timestamp":1633181487,"swapAmountBNB":5,"uniswapv2buyprice":2124.17,"sushiswapv2buyprice":2119.73,"bakeryswapbuyprice":2133.62,"apeswapBuyPrice":2122.6,"uniswapv2sellprice":2113.52,"sushiswapv2sellprice":2114.7,"bakeryswapsellprice":2106.04,"apeswapsellprice":2112.62},{"block":11422982,"timestamp":1633181490,"swapAmountBNB":5,"uniswapv2buyprice":2124.16,"sushiswapv2buyprice":2120.12,"bakeryswapbuyprice":2133.62,"apeswapBuyPrice":2122.6,"uniswapv2sellprice":2113.5,"sushiswapv2sellprice":2115.09,"bakeryswapsellprice":2106.04,"apeswapsellprice":2112.62},{"block":11422983,"timestamp":1633181493,"swapAmountBNB":5,"uniswapv2buyprice":2124.16,"sushiswapv2buyprice":2120.73,"bakeryswapbuyprice":2133.62,"apeswapBuyPrice":2122.6,"uniswapv2sellprice":2113.51,"sushiswapv2sellprice":2115.7,"bakeryswapsellprice":2106.04,"apeswapsellprice":2112.62},{"block":11422984,"timestamp":1633181496,"swapAmountBNB":5,"uniswapv2buyprice":2124.16,"sushiswapv2buyprice":2120.73,"bakeryswapbuyprice":2133.62,"apeswapBuyPrice":2122.53,"uniswapv2sellprice":2113.51,"sushiswapv2sellprice":2115.7,"bakeryswapsellprice":2106.04,"apeswapsellprice":2112.62},{"block":11422985,"timestamp":1633181499,"swapAmountBNB":5,"uniswapv2buyprice":2124.14,"sushiswapv2buyprice":2120.87,"bakeryswapbuyprice":2133.62,"apeswapBuyPrice":2122.53,"uniswapv2sellprice":2113.49,"sushiswapv2sellprice":2115.83,"bakeryswapsellprice":2106.04,"apeswapsellprice":2112.55},{"block":11422986,"timestamp":1633181502,"swapAmountBNB":5,"uniswapv2buyprice":2124.13,"sushiswapv2buyprice":2121.03,"bakeryswapbuyprice":2133.62,"apeswapBuyPrice":2122.53,"uniswapv2sellprice":2113.48,"sushiswapv2sellprice":2116,"bakeryswapsellprice":2106.04,"apeswapsellprice":2112.55},{"block":11422987,"timestamp":1633181505,"swapAmountBNB":5,"uniswapv2buyprice":2124.04,"sushiswapv2buyprice":2121.03,"bakeryswapbuyprice":2133.62,"apeswapBuyPrice":2122.53,"uniswapv2sellprice":2113.39,"sushiswapv2sellprice":2116,"bakeryswapsellprice":2106.04,"apeswapsellprice":2112.55},{"block":11422988,"timestamp":1633181508,"swapAmountBNB":5,"uniswapv2buyprice":2124.09,"sushiswapv2buyprice":2121.03,"bakeryswapbuyprice":2133.62,"apeswapBuyPrice":2122.5,"uniswapv2sellprice":2113.43,"sushiswapv2sellprice":2116,"bakeryswapsellprice":2106.04,"apeswapsellprice":2112.52},{"block":11422989,"timestamp":1633181511,"swapAmountBNB":5,"uniswapv2buyprice":2124.04,"sushiswapv2buyprice":2121.03,"bakeryswapbuyprice":2133.62,"apeswapBuyPrice":2122.5,"uniswapv2sellprice":2113.38,"sushiswapv2sellprice":2116,"bakeryswapsellprice":2106.04,"apeswapsellprice":2112.52},{"block":11422990,"timestamp":1633181514,"swapAmountBNB":5,"uniswapv2buyprice":2124.06,"sushiswapv2buyprice":2121.03,"bakeryswapbuyprice":2133.62,"apeswapBuyPrice":2122.56,"uniswapv2sellprice":2113.4,"sushiswapv2sellprice":2116,"bakeryswapsellprice":2106.04,"apeswapsellprice":2112.58},{"block":11422991,"timestamp":1633181517,"swapAmountBNB":5,"uniswapv2buyprice":2124.07,"sushiswapv2buyprice":2120.81,"bakeryswapbuyprice":2133.62,"apeswapBuyPrice":2122.56,"uniswapv2sellprice":2113.4,"sushiswapv2sellprice":2115.78,"bakeryswapsellprice":2106.04,"apeswapsellprice":2112.58},{"block":11422992,"timestamp":1633181520,"swapAmountBNB":5,"uniswapv2buyprice":2124.07,"sushiswapv2buyprice":2120.81,"bakeryswapbuyprice":2133.62,"apeswapBuyPrice":2122.56,"uniswapv2sellprice":2113.41,"sushiswapv2sellprice":2115.78,"bakeryswapsellprice":2106.04,"apeswapsellprice":2112.58},{"block":11422993,"timestamp":1633181523,"swapAmountBNB":5,"uniswapv2buyprice":2124.03,"sushiswapv2buyprice":2119.11,"bakeryswapbuyprice":2133.62,"apeswapBuyPrice":2122.56,"uniswapv2sellprice":2113.38,"sushiswapv2sellprice":2114.08,"bakeryswapsellprice":2106.04,"apeswapsellprice":2112.58},{"block":11422994,"timestamp":1633181526,"swapAmountBNB":5,"uniswapv2buyprice":2123.91,"sushiswapv2buyprice":2119.11,"bakeryswapbuyprice":2133.62,"apeswapBuyPrice":2122.56,"uniswapv2sellprice":2113.26,"sushiswapv2sellprice":2114.08,"bakeryswapsellprice":2106.04,"apeswapsellprice":2112.58},{"block":11422995,"timestamp":1633181529,"swapAmountBNB":5,"uniswapv2buyprice":2123.91,"sushiswapv2buyprice":2119.15,"bakeryswapbuyprice":2133.62,"apeswapBuyPrice":2122.56,"uniswapv2sellprice":2113.26,"sushiswapv2sellprice":2114.12,"bakeryswapsellprice":2106.04,"apeswapsellprice":2112.58},{"block":11422996,"timestamp":1633181532,"swapAmountBNB":5,"uniswapv2buyprice":2123.91,"sushiswapv2buyprice":2119.15,"bakeryswapbuyprice":2133.62,"apeswapBuyPrice":2122.56,"uniswapv2sellprice":2113.26,"sushiswapv2sellprice":2114.12,"bakeryswapsellprice":2106.04,"apeswapsellprice":2112.58},{"block":11422997,"timestamp":1633181535,"swapAmountBNB":5,"uniswapv2buyprice":2123.86,"sushiswapv2buyprice":2119.15,"bakeryswapbuyprice":2133.62,"apeswapBuyPrice":2122.56,"uniswapv2sellprice":2113.21,"sushiswapv2sellprice":2114.12,"bakeryswapsellprice":2106.04,"apeswapsellprice":2112.58},{"block":11422998,"timestamp":1633181538,"swapAmountBNB":5,"uniswapv2buyprice":2123.86,"sushiswapv2buyprice":2119.15,"bakeryswapbuyprice":2133.62,"apeswapBuyPrice":2122.56,"uniswapv2sellprice":2113.21,"sushiswapv2sellprice":2114.12,"bakeryswapsellprice":2106.04,"apeswapsellprice":2112.58},{"block":11422999,"timestamp":1633181541,"swapAmountBNB":5,"uniswapv2buyprice":2123.87,"sushiswapv2buyprice":2119.36,"bakeryswapbuyprice":2133.62,"apeswapBuyPrice":2122.62,"uniswapv2sellprice":2113.21,"sushiswapv2sellprice":2114.33,"bakeryswapsellprice":2106.04,"apeswapsellprice":2112.64},{"block":11423000,"timestamp":1633181544,"swapAmountBNB":5,"uniswapv2buyprice":2123.74,"sushiswapv2buyprice":2119.33,"bakeryswapbuyprice":2133.62,"apeswapBuyPrice":2122.62,"uniswapv2sellprice":2113.08,"sushiswapv2sellprice":2114.3,"bakeryswapsellprice":2106.04,"apeswapsellprice":2112.64},{"block":11423001,"timestamp":1633181547,"swapAmountBNB":5,"uniswapv2buyprice":2124.32,"sushiswapv2buyprice":2119.33,"bakeryswapbuyprice":2133.62,"apeswapBuyPrice":2122.62,"uniswapv2sellprice":2113.66,"sushiswapv2sellprice":2114.3,"bakeryswapsellprice":2106.04,"apeswapsellprice":2112.64},{"block":11423002,"timestamp":1633181550,"swapAmountBNB":5,"uniswapv2buyprice":2124.36,"sushiswapv2buyprice":2119.7,"bakeryswapbuyprice":2133.62,"apeswapBuyPrice":2122.62,"uniswapv2sellprice":2113.7,"sushiswapv2sellprice":2114.67,"bakeryswapsellprice":2106.04,"apeswapsellprice":2112.64},{"block":11423003,"timestamp":1633181553,"swapAmountBNB":5,"uniswapv2buyprice":2124.35,"sushiswapv2buyprice":2119.75,"bakeryswapbuyprice":2133.62,"apeswapBuyPrice":2122.59,"uniswapv2sellprice":2113.69,"sushiswapv2sellprice":2114.72,"bakeryswapsellprice":2106.04,"apeswapsellprice":2112.61},{"block":11423004,"timestamp":1633181556,"swapAmountBNB":5,"uniswapv2buyprice":2124.25,"sushiswapv2buyprice":2119.78,"bakeryswapbuyprice":2133.62,"apeswapBuyPrice":2122.59,"uniswapv2sellprice":2113.6,"sushiswapv2sellprice":2114.75,"bakeryswapsellprice":2106.04,"apeswapsellprice":2112.61},{"block":11423005,"timestamp":1633181559,"swapAmountBNB":5,"uniswapv2buyprice":2124.26,"sushiswapv2buyprice":2119.78,"bakeryswapbuyprice":2133.62,"apeswapBuyPrice":2122.59,"uniswapv2sellprice":2113.61,"sushiswapv2sellprice":2114.75,"bakeryswapsellprice":2106.04,"apeswapsellprice":2112.61},{"block":11423006,"timestamp":1633181562,"swapAmountBNB":5,"uniswapv2buyprice":2124.27,"sushiswapv2buyprice":2119.81,"bakeryswapbuyprice":2133.62,"apeswapBuyPrice":2122.59,"uniswapv2sellprice":2113.61,"sushiswapv2sellprice":2114.78,"bakeryswapsellprice":2106.04,"apeswapsellprice":2112.61},{"block":11423007,"timestamp":1633181565,"swapAmountBNB":5,"uniswapv2buyprice":2124.29,"sushiswapv2buyprice":2119.34,"bakeryswapbuyprice":2133.62,"apeswapBuyPrice":2122.59,"uniswapv2sellprice":2113.64,"sushiswapv2sellprice":2114.31,"bakeryswapsellprice":2106.04,"apeswapsellprice":2112.61},{"block":11423008,"timestamp":1633181568,"swapAmountBNB":5,"uniswapv2buyprice":2124.32,"sushiswapv2buyprice":2119.35,"bakeryswapbuyprice":2133.62,"apeswapBuyPrice":2122.62,"uniswapv2sellprice":2113.66,"sushiswapv2sellprice":2114.32,"bakeryswapsellprice":2106.04,"apeswapsellprice":2112.64},{"block":11423009,"timestamp":1633181571,"swapAmountBNB":5,"uniswapv2buyprice":2124.32,"sushiswapv2buyprice":2119.35,"bakeryswapbuyprice":2133.62,"apeswapBuyPrice":2122.62,"uniswapv2sellprice":2113.66,"sushiswapv2sellprice":2114.32,"bakeryswapsellprice":2106.04,"apeswapsellprice":2112.64},{"block":11423010,"timestamp":1633181574,"swapAmountBNB":5,"uniswapv2buyprice":2124.34,"sushiswapv2buyprice":2119.35,"bakeryswapbuyprice":2133.62,"apeswapBuyPrice":2122.62,"uniswapv2sellprice":2113.68,"sushiswapv2sellprice":2114.32,"bakeryswapsellprice":2106.04,"apeswapsellprice":2112.64},{"block":11423011,"timestamp":1633181577,"swapAmountBNB":5,"uniswapv2buyprice":2124.34,"sushiswapv2buyprice":2119.37,"bakeryswapbuyprice":2133.62,"apeswapBuyPrice":2122.62,"uniswapv2sellprice":2113.69,"sushiswapv2sellprice":2114.34,"bakeryswapsellprice":2106.04,"apeswapsellprice":2112.64},{"block":11423012,"timestamp":1633181580,"swapAmountBNB":5,"uniswapv2buyprice":2124.34,"sushiswapv2buyprice":2119.37,"bakeryswapbuyprice":2133.62,"apeswapBuyPrice":2122.62,"uniswapv2sellprice":2113.69,"sushiswapv2sellprice":2114.34,"bakeryswapsellprice":2106.04,"apeswapsellprice":2112.64},{"block":11423013,"timestamp":1633181583,"swapAmountBNB":5,"uniswapv2buyprice":2124.38,"sushiswapv2buyprice":2119.37,"bakeryswapbuyprice":2133.62,"apeswapBuyPrice":2122.62,"uniswapv2sellprice":2113.72,"sushiswapv2sellprice":2114.34,"bakeryswapsellprice":2106.04,"apeswapsellprice":2112.64},{"block":11423014,"timestamp":1633181586,"swapAmountBNB":5,"uniswapv2buyprice":2124.4,"sushiswapv2buyprice":2119.37,"bakeryswapbuyprice":2133.62,"apeswapBuyPrice":2122.62,"uniswapv2sellprice":2113.74,"sushiswapv2sellprice":2114.34,"bakeryswapsellprice":2106.04,"apeswapsellprice":2112.64},{"block":11423015,"timestamp":1633181589,"swapAmountBNB":5,"uniswapv2buyprice":2124.32,"sushiswapv2buyprice":2118.99,"bakeryswapbuyprice":2133.62,"apeswapBuyPrice":2122.62,"uniswapv2sellprice":2113.67,"sushiswapv2sellprice":2114.34,"bakeryswapsellprice":2106.04,"apeswapsellprice":2112.64},{"block":11423016,"timestamp":1633181592,"swapAmountBNB":5,"uniswapv2buyprice":2124.32,"sushiswapv2buyprice":2118.99,"bakeryswapbuyprice":2133.62,"apeswapBuyPrice":2122.62,"uniswapv2sellprice":2113.67,"sushiswapv2sellprice":2113.96,"bakeryswapsellprice":2106.04,"apeswapsellprice":2112.64},{"block":11423017,"timestamp":1633181595,"swapAmountBNB":5,"uniswapv2buyprice":2124.35,"sushiswapv2buyprice":2118.99,"bakeryswapbuyprice":2133.62,"apeswapBuyPrice":2122.62,"uniswapv2sellprice":2113.69,"sushiswapv2sellprice":2113.96,"bakeryswapsellprice":2106.04,"apeswapsellprice":2112.64},{"block":11423018,"timestamp":1633181598,"swapAmountBNB":5,"uniswapv2buyprice":2124.35,"sushiswapv2buyprice":2118.87,"bakeryswapbuyprice":2133.62,"apeswapBuyPrice":2122.62,"uniswapv2sellprice":2113.7,"sushiswapv2sellprice":2113.84,"bakeryswapsellprice":2106.04,"apeswapsellprice":2112.64},{"block":11423019,"timestamp":1633181601,"swapAmountBNB":5,"uniswapv2buyprice":2124.35,"sushiswapv2buyprice":2118.87,"bakeryswapbuyprice":2133.62,"apeswapBuyPrice":2122.62,"uniswapv2sellprice":2113.7,"sushiswapv2sellprice":2113.85,"bakeryswapsellprice":2106.04,"apeswapsellprice":2112.64},{"block":11423020,"timestamp":1633181604,"swapAmountBNB":5,"uniswapv2buyprice":2124.38,"sushiswapv2buyprice":2119.08,"bakeryswapbuyprice":2133.62,"apeswapBuyPrice":2122.62,"uniswapv2sellprice":2113.72,"sushiswapv2sellprice":2114.06,"bakeryswapsellprice":2106.04,"apeswapsellprice":2112.64},{"block":11423021,"timestamp":1633181607,"swapAmountBNB":5,"uniswapv2buyprice":2124.37,"sushiswapv2buyprice":2119.56,"bakeryswapbuyprice":2133.62,"apeswapBuyPrice":2122.7,"uniswapv2sellprice":2113.72,"sushiswapv2sellprice":2114.53,"bakeryswapsellprice":2106.04,"apeswapsellprice":2112.72},{"block":11423022,"timestamp":1633181610,"swapAmountBNB":5,"uniswapv2buyprice":2124.37,"sushiswapv2buyprice":2119.56,"bakeryswapbuyprice":2133.62,"apeswapBuyPrice":2122.7,"uniswapv2sellprice":2113.71,"sushiswapv2sellprice":2114.53,"bakeryswapsellprice":2106.04,"apeswapsellprice":2112.72},{"block":11423023,"timestamp":1633181613,"swapAmountBNB":5,"uniswapv2buyprice":2124.36,"sushiswapv2buyprice":2119.56,"bakeryswapbuyprice":2133.62,"apeswapBuyPrice":2122.7,"uniswapv2sellprice":2113.71,"sushiswapv2sellprice":2114.53,"bakeryswapsellprice":2106.04,"apeswapsellprice":2112.72},{"block":11423024,"timestamp":1633181616,"swapAmountBNB":5,"uniswapv2buyprice":2124.41,"sushiswapv2buyprice":2119.56,"bakeryswapbuyprice":2133.62,"apeswapBuyPrice":2122.7,"uniswapv2sellprice":2113.75,"sushiswapv2sellprice":2114.53,"bakeryswapsellprice":2106.04,"apeswapsellprice":2112.72},{"block":11423025,"timestamp":1633181619,"swapAmountBNB":5,"uniswapv2buyprice":2124.46,"sushiswapv2buyprice":2121.32,"bakeryswapbuyprice":2133.62,"apeswapBuyPrice":2122.7,"uniswapv2sellprice":2113.81,"sushiswapv2sellprice":2116.28,"bakeryswapsellprice":2106.04,"apeswapsellprice":2112.72},{"block":11423026,"timestamp":1633181622,"swapAmountBNB":5,"uniswapv2buyprice":2124.43,"sushiswapv2buyprice":2121.83,"bakeryswapbuyprice":2133.62,"apeswapBuyPrice":2122.7,"uniswapv2sellprice":2113.78,"sushiswapv2sellprice":2116.79,"bakeryswapsellprice":2106.04,"apeswapsellprice":2112.72},{"block":11423027,"timestamp":1633181625,"swapAmountBNB":5,"uniswapv2buyprice":2124.3,"sushiswapv2buyprice":2121.83,"bakeryswapbuyprice":2133.62,"apeswapBuyPrice":2122.91,"uniswapv2sellprice":2113.64,"sushiswapv2sellprice":2116.79,"bakeryswapsellprice":2106.04,"apeswapsellprice":2112.93},{"block":11423028,"timestamp":1633181628,"swapAmountBNB":5,"uniswapv2buyprice":2124.3,"sushiswapv2buyprice":2122.2,"bakeryswapbuyprice":2133.62,"apeswapBuyPrice":2122.91,"uniswapv2sellprice":2113.64,"sushiswapv2sellprice":2117.17,"bakeryswapsellprice":2106.04,"apeswapsellprice":2112.93},{"block":11423029,"timestamp":1633181631,"swapAmountBNB":5,"uniswapv2buyprice":2124.26,"sushiswapv2buyprice":2122.21,"bakeryswapbuyprice":2133.62,"apeswapBuyPrice":2123.26,"uniswapv2sellprice":2113.6,"sushiswapv2sellprice":2117.17,"bakeryswapsellprice":2106.04,"apeswapsellprice":2113.28},{"block":11423030,"timestamp":1633181635,"swapAmountBNB":5,"uniswapv2buyprice":2124.24,"sushiswapv2buyprice":2122.21,"bakeryswapbuyprice":2133.62,"apeswapBuyPrice":2123.26,"uniswapv2sellprice":2113.59,"sushiswapv2sellprice":2117.17,"bakeryswapsellprice":2106.04,"apeswapsellprice":2113.28},{"block":11423030,"timestamp":1633181634,"swapAmountBNB":5,"uniswapv2buyprice":2124.24,"sushiswapv2buyprice":2122.21,"bakeryswapbuyprice":2133.62,"apeswapBuyPrice":2123.26,"uniswapv2sellprice":2113.59,"sushiswapv2sellprice":2117.17,"bakeryswapsellprice":2106.04,"apeswapsellprice":2113.28},{"block":11423031,"timestamp":1633181637,"swapAmountBNB":5,"uniswapv2buyprice":2124.24,"sushiswapv2buyprice":2122.19,"bakeryswapbuyprice":2133.62,"apeswapBuyPrice":2123.26,"uniswapv2sellprice":2113.59,"sushiswapv2sellprice":2117.16,"bakeryswapsellprice":2106.04,"apeswapsellprice":2113.28},{"block":11423032,"timestamp":1633181640,"swapAmountBNB":5,"uniswapv2buyprice":2124.23,"sushiswapv2buyprice":2122.19,"bakeryswapbuyprice":2133.62,"apeswapBuyPrice":2123.26,"uniswapv2sellprice":2113.58,"sushiswapv2sellprice":2117.16,"bakeryswapsellprice":2106.04,"apeswapsellprice":2113.28},{"block":11423033,"timestamp":1633181643,"swapAmountBNB":5,"uniswapv2buyprice":2124.22,"sushiswapv2buyprice":2121.07,"bakeryswapbuyprice":2133.62,"apeswapBuyPrice":2128.61,"uniswapv2sellprice":2113.57,"sushiswapv2sellprice":2116.03,"bakeryswapsellprice":2106.04,"apeswapsellprice":2118.6},{"block":11423034,"timestamp":1633181646,"swapAmountBNB":5,"uniswapv2buyprice":2124.22,"sushiswapv2buyprice":2121.2,"bakeryswapbuyprice":2133.62,"apeswapBuyPrice":2128.61,"uniswapv2sellprice":2113.56,"sushiswapv2sellprice":2116.16,"bakeryswapsellprice":2106.04,"apeswapsellprice":2118.6},{"block":11423035,"timestamp":1633181649,"swapAmountBNB":5,"uniswapv2buyprice":2124.12,"sushiswapv2buyprice":2121.2,"bakeryswapbuyprice":2133.62,"apeswapBuyPrice":2128.61,"uniswapv2sellprice":2113.47,"sushiswapv2sellprice":2116.16,"bakeryswapsellprice":2106.04,"apeswapsellprice":2118.6},{"block":11423036,"timestamp":1633181652,"swapAmountBNB":5,"uniswapv2buyprice":2124.15,"sushiswapv2buyprice":2121.2,"bakeryswapbuyprice":2133.62,"apeswapBuyPrice":2128.61,"uniswapv2sellprice":2113.49,"sushiswapv2sellprice":2116.16,"bakeryswapsellprice":2106.04,"apeswapsellprice":2118.6},{"block":11423037,"timestamp":1633181655,"swapAmountBNB":5,"uniswapv2buyprice":2124.17,"sushiswapv2buyprice":2121.2,"bakeryswapbuyprice":2133.62,"apeswapBuyPrice":2128.61,"uniswapv2sellprice":2113.52,"sushiswapv2sellprice":2116.16,"bakeryswapsellprice":2106.04,"apeswapsellprice":2118.6},{"block":11423038,"timestamp":1633181658,"swapAmountBNB":5,"uniswapv2buyprice":2124.22,"sushiswapv2buyprice":2121.2,"bakeryswapbuyprice":2133.62,"apeswapBuyPrice":2128.61,"uniswapv2sellprice":2113.56,"sushiswapv2sellprice":2116.16,"bakeryswapsellprice":2106.04,"apeswapsellprice":2118.6},{"block":11423039,"timestamp":1633181661,"swapAmountBNB":5,"uniswapv2buyprice":2124.14,"sushiswapv2buyprice":2121.2,"bakeryswapbuyprice":2133.62,"apeswapBuyPrice":2128.61,"uniswapv2sellprice":2113.48,"sushiswapv2sellprice":2116.16,"bakeryswapsellprice":2106.04,"apeswapsellprice":2118.6},{"block":11423040,"timestamp":1633181664,"swapAmountBNB":5,"uniswapv2buyprice":2124.13,"sushiswapv2buyprice":2121.2,"bakeryswapbuyprice":2133.62,"apeswapBuyPrice":2128.61,"uniswapv2sellprice":2113.47,"sushiswapv2sellprice":2116.16,"bakeryswapsellprice":2106.04,"apeswapsellprice":2118.6},{"block":11423041,"timestamp":1633181667,"swapAmountBNB":5,"uniswapv2buyprice":2124.13,"sushiswapv2buyprice":2121.2,"bakeryswapbuyprice":2133.62,"apeswapBuyPrice":2126.19,"uniswapv2sellprice":2113.47,"sushiswapv2sellprice":2116.16,"bakeryswapsellprice":2106.04,"apeswapsellprice":2116.38},{"block":11423044,"timestamp":1633181676,"swapAmountBNB":5,"uniswapv2buyprice":2124.17,"sushiswapv2buyprice":2121.35,"bakeryswapbuyprice":2133.62,"apeswapBuyPrice":2124.08,"uniswapv2sellprice":2113.51,"sushiswapv2sellprice":2116.32,"bakeryswapsellprice":2106.04,"apeswapsellprice":2114.1},{"block":11423042,"timestamp":1633181670,"swapAmountBNB":5,"uniswapv2buyprice":2124.17,"sushiswapv2buyprice":2121.35,"bakeryswapbuyprice":2133.62,"apeswapBuyPrice":2124.08,"uniswapv2sellprice":2113.51,"sushiswapv2sellprice":2116.32,"bakeryswapsellprice":2106.04,"apeswapsellprice":2114.1},{"block":11423045,"timestamp":1633181679,"swapAmountBNB":5,"uniswapv2buyprice":2124.17,"sushiswapv2buyprice":2121.35,"bakeryswapbuyprice":2133.62,"apeswapBuyPrice":2124.08,"uniswapv2sellprice":2113.52,"sushiswapv2sellprice":2116.32,"bakeryswapsellprice":2106.04,"apeswapsellprice":2114.09},{"block":11423046,"timestamp":1633181682,"swapAmountBNB":5,"uniswapv2buyprice":2124.34,"sushiswapv2buyprice":2121.35,"bakeryswapbuyprice":2133.62,"apeswapBuyPrice":2123.75,"uniswapv2sellprice":2113.68,"sushiswapv2sellprice":2116.32,"bakeryswapsellprice":2106.04,"apeswapsellprice":2114.09},{"block":11423047,"timestamp":1633181685,"swapAmountBNB":5,"uniswapv2buyprice":2124.31,"sushiswapv2buyprice":2121.35,"bakeryswapbuyprice":2133.62,"apeswapBuyPrice":2123.75,"uniswapv2sellprice":2113.65,"sushiswapv2sellprice":2116.32,"bakeryswapsellprice":2106.04,"apeswapsellprice":2113.77},{"block":11423048,"timestamp":1633181688,"swapAmountBNB":5,"uniswapv2buyprice":2124.29,"sushiswapv2buyprice":2121.35,"bakeryswapbuyprice":2133.62,"apeswapBuyPrice":2123.75,"uniswapv2sellprice":2113.63,"sushiswapv2sellprice":2116.32,"bakeryswapsellprice":2106.04,"apeswapsellprice":2113.77},{"block":11423049,"timestamp":1633181691,"swapAmountBNB":5,"uniswapv2buyprice":2124.29,"sushiswapv2buyprice":2121.36,"bakeryswapbuyprice":2133.62,"apeswapBuyPrice":2123.75,"uniswapv2sellprice":2113.63,"sushiswapv2sellprice":2116.33,"bakeryswapsellprice":2106.04,"apeswapsellprice":2113.77},{"block":11423050,"timestamp":1633181694,"swapAmountBNB":5,"uniswapv2buyprice":2124.29,"sushiswapv2buyprice":2122.45,"bakeryswapbuyprice":2133.62,"apeswapBuyPrice":2123.37,"uniswapv2sellprice":2113.63,"sushiswapv2sellprice":2117.52,"bakeryswapsellprice":2106.04,"apeswapsellprice":2113.39},{"block":11423051,"timestamp":1633181697,"swapAmountBNB":5,"uniswapv2buyprice":2124.29,"sushiswapv2buyprice":2122.45,"bakeryswapbuyprice":2133.62,"apeswapBuyPrice":2123.37,"uniswapv2sellprice":2113.63,"sushiswapv2sellprice":2117.41,"bakeryswapsellprice":2106.04,"apeswapsellprice":2113.39},{"block":11423052,"timestamp":1633181700,"swapAmountBNB":5,"uniswapv2buyprice":2124.44,"sushiswapv2buyprice":2122.45,"bakeryswapbuyprice":2133.62,"apeswapBuyPrice":2122.06,"uniswapv2sellprice":2113.79,"sushiswapv2sellprice":2117.41,"bakeryswapsellprice":2106.04,"apeswapsellprice":2112.08},{"block":11423053,"timestamp":1633181703,"swapAmountBNB":5,"uniswapv2buyprice":2124.48,"sushiswapv2buyprice":2122.5,"bakeryswapbuyprice":2133.62,"apeswapBuyPrice":2122.06,"uniswapv2sellprice":2113.82,"sushiswapv2sellprice":2117.46,"bakeryswapsellprice":2106.04,"apeswapsellprice":2112.08},{"block":11423054,"timestamp":1633181706,"swapAmountBNB":5,"uniswapv2buyprice":2124.47,"sushiswapv2buyprice":2121.24,"bakeryswapbuyprice":2133.62,"apeswapBuyPrice":2122.06,"uniswapv2sellprice":2113.82,"sushiswapv2sellprice":2117.46,"bakeryswapsellprice":2106.04,"apeswapsellprice":2112.08},{"block":11423055,"timestamp":1633181709,"swapAmountBNB":5,"uniswapv2buyprice":2124.47,"sushiswapv2buyprice":2121.24,"bakeryswapbuyprice":2133.62,"apeswapBuyPrice":2122.06,"uniswapv2sellprice":2113.81,"sushiswapv2sellprice":2116.2,"bakeryswapsellprice":2106.04,"apeswapsellprice":2112.08},{"block":11423056,"timestamp":1633181712,"swapAmountBNB":5,"uniswapv2buyprice":2124.56,"sushiswapv2buyprice":2121.59,"bakeryswapbuyprice":2133.62,"apeswapBuyPrice":2122.06,"uniswapv2sellprice":2113.9,"sushiswapv2sellprice":2116.55,"bakeryswapsellprice":2106.04,"apeswapsellprice":2112.08},{"block":11423057,"timestamp":1633181715,"swapAmountBNB":5,"uniswapv2buyprice":2124.56,"sushiswapv2buyprice":2121.59,"bakeryswapbuyprice":2133.62,"apeswapBuyPrice":2122.06,"uniswapv2sellprice":2113.9,"sushiswapv2sellprice":2116.55,"bakeryswapsellprice":2106.04,"apeswapsellprice":2112.08},{"block":11423058,"timestamp":1633181718,"swapAmountBNB":5,"uniswapv2buyprice":2124.63,"sushiswapv2buyprice":2121.7,"bakeryswapbuyprice":2133.62,"apeswapBuyPrice":2122.06,"uniswapv2sellprice":2113.98,"sushiswapv2sellprice":2116.66,"bakeryswapsellprice":2106.04,"apeswapsellprice":2112.08},{"block":11423059,"timestamp":1633181721,"swapAmountBNB":5,"uniswapv2buyprice":2124.61,"sushiswapv2buyprice":2121.54,"bakeryswapbuyprice":2133.62,"apeswapBuyPrice":2121.92,"uniswapv2sellprice":2113.96,"sushiswapv2sellprice":2116.5,"bakeryswapsellprice":2106.04,"apeswapsellprice":2111.94},{"block":11423060,"timestamp":1633181724,"swapAmountBNB":5,"uniswapv2buyprice":2124.64,"sushiswapv2buyprice":2121.07,"bakeryswapbuyprice":2133.62,"apeswapBuyPrice":2121.92,"uniswapv2sellprice":2113.98,"sushiswapv2sellprice":2116.03,"bakeryswapsellprice":2106.04,"apeswapsellprice":2111.94},{"block":11423061,"timestamp":1633181727,"swapAmountBNB":5,"uniswapv2buyprice":2124.63,"sushiswapv2buyprice":2120.87,"bakeryswapbuyprice":2133.62,"apeswapBuyPrice":2121.84,"uniswapv2sellprice":2113.98,"sushiswapv2sellprice":2115.83,"bakeryswapsellprice":2106.04,"apeswapsellprice":2111.86},{"block":11423062,"timestamp":1633181730,"swapAmountBNB":5,"uniswapv2buyprice":2124.66,"sushiswapv2buyprice":2120.35,"bakeryswapbuyprice":2133.62,"apeswapBuyPrice":2121.84,"uniswapv2sellprice":2114,"sushiswapv2sellprice":2115.31,"bakeryswapsellprice":2106.04,"apeswapsellprice":2111.86},{"block":11423063,"timestamp":1633181733,"swapAmountBNB":5,"uniswapv2buyprice":2124.59,"sushiswapv2buyprice":2120.35,"bakeryswapbuyprice":2133.62,"apeswapBuyPrice":2121.84,"uniswapv2sellprice":2113.93,"sushiswapv2sellprice":2115.31,"bakeryswapsellprice":2106.04,"apeswapsellprice":2111.86},{"block":11423064,"timestamp":1633181736,"swapAmountBNB":5,"uniswapv2buyprice":2124.59,"sushiswapv2buyprice":2120.35,"bakeryswapbuyprice":2133.62,"apeswapBuyPrice":2121.84,"uniswapv2sellprice":2113.93,"sushiswapv2sellprice":2115.31,"bakeryswapsellprice":2106.04,"apeswapsellprice":2111.86},{"block":11423065,"timestamp":1633181739,"swapAmountBNB":5,"uniswapv2buyprice":2124.56,"sushiswapv2buyprice":2120.35,"bakeryswapbuyprice":2133.62,"apeswapBuyPrice":2121.94,"uniswapv2sellprice":2113.91,"sushiswapv2sellprice":2115.31,"bakeryswapsellprice":2106.04,"apeswapsellprice":2111.97},{"block":11423066,"timestamp":1633181742,"swapAmountBNB":5,"uniswapv2buyprice":2124.56,"sushiswapv2buyprice":2120.35,"bakeryswapbuyprice":2133.62,"apeswapBuyPrice":2121.94,"uniswapv2sellprice":2113.9,"sushiswapv2sellprice":2115.31,"bakeryswapsellprice":2106.04,"apeswapsellprice":2111.97},{"block":11423067,"timestamp":1633181745,"swapAmountBNB":5,"uniswapv2buyprice":2124.54,"sushiswapv2buyprice":2120.35,"bakeryswapbuyprice":2133.62,"apeswapBuyPrice":2121.94,"uniswapv2sellprice":2113.88,"sushiswapv2sellprice":2115.31,"bakeryswapsellprice":2106.04,"apeswapsellprice":2111.97},{"block":11423068,"timestamp":1633181748,"swapAmountBNB":5,"uniswapv2buyprice":2124.54,"sushiswapv2buyprice":2120.35,"bakeryswapbuyprice":2133.62,"apeswapBuyPrice":2121.94,"uniswapv2sellprice":2113.88,"sushiswapv2sellprice":2115.31,"bakeryswapsellprice":2106.04,"apeswapsellprice":2111.97},{"block":11423069,"timestamp":1633181751,"swapAmountBNB":5,"uniswapv2buyprice":2124.53,"sushiswapv2buyprice":2120.82,"bakeryswapbuyprice":2133.62,"apeswapBuyPrice":2121.94,"uniswapv2sellprice":2113.88,"sushiswapv2sellprice":2115.79,"bakeryswapsellprice":2106.04,"apeswapsellprice":2111.97},{"block":11423070,"timestamp":1633181754,"swapAmountBNB":5,"uniswapv2buyprice":2124.63,"sushiswapv2buyprice":2120.82,"bakeryswapbuyprice":2133.62,"apeswapBuyPrice":2121.96,"uniswapv2sellprice":2113.97,"sushiswapv2sellprice":2115.79,"bakeryswapsellprice":2106.04,"apeswapsellprice":2111.98},{"block":11423071,"timestamp":1633181757,"swapAmountBNB":5,"uniswapv2buyprice":2124.62,"sushiswapv2buyprice":2120.82,"bakeryswapbuyprice":2133.62,"apeswapBuyPrice":2121.96,"uniswapv2sellprice":2113.96,"sushiswapv2sellprice":2115.79,"bakeryswapsellprice":2106.04,"apeswapsellprice":2111.98},{"block":11423072,"timestamp":1633181760,"swapAmountBNB":5,"uniswapv2buyprice":2124.64,"sushiswapv2buyprice":2120.82,"bakeryswapbuyprice":2133.62,"apeswapBuyPrice":2121.96,"uniswapv2sellprice":2113.98,"sushiswapv2sellprice":2115.79,"bakeryswapsellprice":2106.04,"apeswapsellprice":2111.98},{"block":11423073,"timestamp":1633181763,"swapAmountBNB":5,"uniswapv2buyprice":2124.42,"sushiswapv2buyprice":2120.82,"bakeryswapbuyprice":2133.62,"apeswapBuyPrice":2121.96,"uniswapv2sellprice":2113.77,"sushiswapv2sellprice":2115.79,"bakeryswapsellprice":2106.04,"apeswapsellprice":2111.98},{"block":11423074,"timestamp":1633181766,"swapAmountBNB":5,"uniswapv2buyprice":2124.37,"sushiswapv2buyprice":2120.82,"bakeryswapbuyprice":2133.62,"apeswapBuyPrice":2121.96,"uniswapv2sellprice":2113.72,"sushiswapv2sellprice":2115.79,"bakeryswapsellprice":2106.04,"apeswapsellprice":2111.98},{"block":11423075,"timestamp":1633181769,"swapAmountBNB":5,"uniswapv2buyprice":2124.36,"sushiswapv2buyprice":2122.53,"bakeryswapbuyprice":2133.62,"apeswapBuyPrice":2121.96,"uniswapv2sellprice":2113.7,"sushiswapv2sellprice":2117.49,"bakeryswapsellprice":2106.04,"apeswapsellprice":2111.98},{"block":11423076,"timestamp":1633181772,"swapAmountBNB":5,"uniswapv2buyprice":2124.33,"sushiswapv2buyprice":2122.15,"bakeryswapbuyprice":2133.62,"apeswapBuyPrice":2121.96,"uniswapv2sellprice":2113.67,"sushiswapv2sellprice":2117.11,"bakeryswapsellprice":2106.04,"apeswapsellprice":2111.98},{"block":11423077,"timestamp":1633181775,"swapAmountBNB":5,"uniswapv2buyprice":2124.42,"sushiswapv2buyprice":2120.4,"bakeryswapbuyprice":2133.62,"apeswapBuyPrice":2121.96,"uniswapv2sellprice":2113.77,"sushiswapv2sellprice":2115.37,"bakeryswapsellprice":2106.04,"apeswapsellprice":2111.98},{"block":11423078,"timestamp":1633181778,"swapAmountBNB":5,"uniswapv2buyprice":2124.4,"sushiswapv2buyprice":2120.26,"bakeryswapbuyprice":2133.62,"apeswapBuyPrice":2121.96,"uniswapv2sellprice":2113.74,"sushiswapv2sellprice":2115.23,"bakeryswapsellprice":2106.04,"apeswapsellprice":2111.98},{"block":11423079,"timestamp":1633181781,"swapAmountBNB":5,"uniswapv2buyprice":2124.4,"sushiswapv2buyprice":2120.53,"bakeryswapbuyprice":2133.62,"apeswapBuyPrice":2121.96,"uniswapv2sellprice":2113.75,"sushiswapv2sellprice":2115.5,"bakeryswapsellprice":2106.04,"apeswapsellprice":2111.98},{"block":11423080,"timestamp":1633181784,"swapAmountBNB":5,"uniswapv2buyprice":2124.33,"sushiswapv2buyprice":2120.53,"bakeryswapbuyprice":2133.62,"apeswapBuyPrice":2121.96,"uniswapv2sellprice":2113.68,"sushiswapv2sellprice":2115.5,"bakeryswapsellprice":2106.04,"apeswapsellprice":2111.98},{"block":11423081,"timestamp":1633181787,"swapAmountBNB":5,"uniswapv2buyprice":2124.32,"sushiswapv2buyprice":2119.43,"bakeryswapbuyprice":2133.62,"apeswapBuyPrice":2121.96,"uniswapv2sellprice":2113.67,"sushiswapv2sellprice":2114.41,"bakeryswapsellprice":2106.04,"apeswapsellprice":2111.98},{"block":11423082,"timestamp":1633181790,"swapAmountBNB":5,"uniswapv2buyprice":2124.28,"sushiswapv2buyprice":2119.43,"bakeryswapbuyprice":2133.62,"apeswapBuyPrice":2121.96,"uniswapv2sellprice":2113.62,"sushiswapv2sellprice":2114.41,"bakeryswapsellprice":2106.04,"apeswapsellprice":2111.98},{"block":11423083,"timestamp":1633181793,"swapAmountBNB":5,"uniswapv2buyprice":2124.28,"sushiswapv2buyprice":2119.43,"bakeryswapbuyprice":2133.62,"apeswapBuyPrice":2121.96,"uniswapv2sellprice":2113.62,"sushiswapv2sellprice":2114.41,"bakeryswapsellprice":2106.04,"apeswapsellprice":2111.98},{"block":11423084,"timestamp":1633181796,"swapAmountBNB":5,"uniswapv2buyprice":2124.25,"sushiswapv2buyprice":2118.85,"bakeryswapbuyprice":2133.62,"apeswapBuyPrice":2121.96,"uniswapv2sellprice":2113.59,"sushiswapv2sellprice":2113.82,"bakeryswapsellprice":2106.04,"apeswapsellprice":2111.98},{"block":11423085,"timestamp":1633181799,"swapAmountBNB":5,"uniswapv2buyprice":2124.2,"sushiswapv2buyprice":2118.85,"bakeryswapbuyprice":2133.62,"apeswapBuyPrice":2122.16,"uniswapv2sellprice":2113.55,"sushiswapv2sellprice":2113.82,"bakeryswapsellprice":2106.04,"apeswapsellprice":2112.18},{"block":11423086,"timestamp":1633181802,"swapAmountBNB":5,"uniswapv2buyprice":2124.2,"sushiswapv2buyprice":2118.38,"bakeryswapbuyprice":2133.62,"apeswapBuyPrice":2122.16,"uniswapv2sellprice":2113.55,"sushiswapv2sellprice":2113.35,"bakeryswapsellprice":2106.04,"apeswapsellprice":2112.18},{"block":11423087,"timestamp":1633181805,"swapAmountBNB":5,"uniswapv2buyprice":2124.25,"sushiswapv2buyprice":2118.38,"bakeryswapbuyprice":2133.62,"apeswapBuyPrice":2120.78,"uniswapv2sellprice":2113.6,"sushiswapv2sellprice":2113.35,"bakeryswapsellprice":2106.04,"apeswapsellprice":2110.81},{"block":11423088,"timestamp":1633181808,"swapAmountBNB":5,"uniswapv2buyprice":2124.22,"sushiswapv2buyprice":2120.5,"bakeryswapbuyprice":2133.62,"apeswapBuyPrice":2120.78,"uniswapv2sellprice":2113.57,"sushiswapv2sellprice":2115.47,"bakeryswapsellprice":2106.04,"apeswapsellprice":2110.81},{"block":11423089,"timestamp":1633181811,"swapAmountBNB":5,"uniswapv2buyprice":2124.21,"sushiswapv2buyprice":2121.17,"bakeryswapbuyprice":2133.62,"apeswapBuyPrice":2120.78,"uniswapv2sellprice":2113.55,"sushiswapv2sellprice":2116.13,"bakeryswapsellprice":2106.04,"apeswapsellprice":2110.81},{"block":11423090,"timestamp":1633181814,"swapAmountBNB":5,"uniswapv2buyprice":2124.2,"sushiswapv2buyprice":2118.04,"bakeryswapbuyprice":2133.62,"apeswapBuyPrice":2120.78,"uniswapv2sellprice":2113.54,"sushiswapv2sellprice":2113.01,"bakeryswapsellprice":2106.04,"apeswapsellprice":2110.81},{"block":11423091,"timestamp":1633181817,"swapAmountBNB":5,"uniswapv2buyprice":2124.19,"sushiswapv2buyprice":2118.93,"bakeryswapbuyprice":2133.62,"apeswapBuyPrice":2120.78,"uniswapv2sellprice":2113.54,"sushiswapv2sellprice":2113.9,"bakeryswapsellprice":2106.04,"apeswapsellprice":2110.81},{"block":11423092,"timestamp":1633181820,"swapAmountBNB":5,"uniswapv2buyprice":2124.19,"sushiswapv2buyprice":2121.12,"bakeryswapbuyprice":2133.62,"apeswapBuyPrice":2120.78,"uniswapv2sellprice":2113.53,"sushiswapv2sellprice":2115.86,"bakeryswapsellprice":2106.04,"apeswapsellprice":2110.81},{"block":11423093,"timestamp":1633181823,"swapAmountBNB":5,"uniswapv2buyprice":2124.19,"sushiswapv2buyprice":2121.12,"bakeryswapbuyprice":2133.62,"apeswapBuyPrice":2120.78,"uniswapv2sellprice":2113.54,"sushiswapv2sellprice":2116.08,"bakeryswapsellprice":2106.04,"apeswapsellprice":2110.81},{"block":11423094,"timestamp":1633181826,"swapAmountBNB":5,"uniswapv2buyprice":2124.18,"sushiswapv2buyprice":2121.12,"bakeryswapbuyprice":2133.62,"apeswapBuyPrice":2120.78,"uniswapv2sellprice":2113.52,"sushiswapv2sellprice":2116.09,"bakeryswapsellprice":2106.04,"apeswapsellprice":2110.81},{"block":11423095,"timestamp":1633181829,"swapAmountBNB":5,"uniswapv2buyprice":2124.17,"sushiswapv2buyprice":2121.12,"bakeryswapbuyprice":2133.62,"apeswapBuyPrice":2121.13,"uniswapv2sellprice":2113.51,"sushiswapv2sellprice":2116.09,"bakeryswapsellprice":2106.04,"apeswapsellprice":2111.16},{"block":11423096,"timestamp":1633181832,"swapAmountBNB":5,"uniswapv2buyprice":2124.17,"sushiswapv2buyprice":2121.12,"bakeryswapbuyprice":2133.62,"apeswapBuyPrice":2122.03,"uniswapv2sellprice":2113.52,"sushiswapv2sellprice":2116.09,"bakeryswapsellprice":2106.04,"apeswapsellprice":2112.05},{"block":11423097,"timestamp":1633181835,"swapAmountBNB":5,"uniswapv2buyprice":2124.22,"sushiswapv2buyprice":2121.12,"bakeryswapbuyprice":2133.62,"apeswapBuyPrice":2122.03,"uniswapv2sellprice":2113.56,"sushiswapv2sellprice":2116.09,"bakeryswapsellprice":2106.04,"apeswapsellprice":2112.05},{"block":11423098,"timestamp":1633181838,"swapAmountBNB":5,"uniswapv2buyprice":2124.25,"sushiswapv2buyprice":2121.12,"bakeryswapbuyprice":2128.1,"apeswapBuyPrice":2122.05,"uniswapv2sellprice":2113.59,"sushiswapv2sellprice":2116.09,"bakeryswapsellprice":2106.04,"apeswapsellprice":2112.08},{"block":11423099,"timestamp":1633181841,"swapAmountBNB":5,"uniswapv2buyprice":2124.24,"sushiswapv2buyprice":2121.12,"bakeryswapbuyprice":2128.1,"apeswapBuyPrice":2122.12,"uniswapv2sellprice":2113.58,"sushiswapv2sellprice":2116.09,"bakeryswapsellprice":2100.61,"apeswapsellprice":2112.08},{"block":11423100,"timestamp":1633181844,"swapAmountBNB":5,"uniswapv2buyprice":2124.23,"sushiswapv2buyprice":2121.12,"bakeryswapbuyprice":2128.1,"apeswapBuyPrice":2122.12,"uniswapv2sellprice":2113.57,"sushiswapv2sellprice":2116.09,"bakeryswapsellprice":2100.61,"apeswapsellprice":2112.14},{"block":11423101,"timestamp":1633181847,"swapAmountBNB":5,"uniswapv2buyprice":2124.24,"sushiswapv2buyprice":2120.59,"bakeryswapbuyprice":2128.1,"apeswapBuyPrice":2122.14,"uniswapv2sellprice":2113.58,"sushiswapv2sellprice":2115.56,"bakeryswapsellprice":2100.61,"apeswapsellprice":2112.16},{"block":11423102,"timestamp":1633181850,"swapAmountBNB":5,"uniswapv2buyprice":2124.23,"sushiswapv2buyprice":2120.41,"bakeryswapbuyprice":2128.1,"apeswapBuyPrice":2122.14,"uniswapv2sellprice":2113.58,"sushiswapv2sellprice":2115.38,"bakeryswapsellprice":2100.61,"apeswapsellprice":2112.17},{"block":11423103,"timestamp":1633181853,"swapAmountBNB":5,"uniswapv2buyprice":2124.16,"sushiswapv2buyprice":2119.4,"bakeryswapbuyprice":2128.1,"apeswapBuyPrice":2122.14,"uniswapv2sellprice":2113.5,"sushiswapv2sellprice":2114.37,"bakeryswapsellprice":2100.61,"apeswapsellprice":2112.17},{"block":11423104,"timestamp":1633181856,"swapAmountBNB":5,"uniswapv2buyprice":2124.16,"sushiswapv2buyprice":2119.4,"bakeryswapbuyprice":2128.1,"apeswapBuyPrice":2122.14,"uniswapv2sellprice":2113.5,"sushiswapv2sellprice":2114.37,"bakeryswapsellprice":2100.61,"apeswapsellprice":2112.17},{"block":11423105,"timestamp":1633181859,"swapAmountBNB":5,"uniswapv2buyprice":2124.04,"sushiswapv2buyprice":2119.4,"bakeryswapbuyprice":2128.1,"apeswapBuyPrice":2122.14,"uniswapv2sellprice":2113.38,"sushiswapv2sellprice":2114.37,"bakeryswapsellprice":2100.61,"apeswapsellprice":2112.17},{"block":11423106,"timestamp":1633181862,"swapAmountBNB":5,"uniswapv2buyprice":2124.16,"sushiswapv2buyprice":2119.99,"bakeryswapbuyprice":2128.1,"apeswapBuyPrice":2122.14,"uniswapv2sellprice":2113.51,"sushiswapv2sellprice":2114.95,"bakeryswapsellprice":2100.61,"apeswapsellprice":2112.17},{"block":11423107,"timestamp":1633181865,"swapAmountBNB":5,"uniswapv2buyprice":2124.16,"sushiswapv2buyprice":2120.46,"bakeryswapbuyprice":2128.1,"apeswapBuyPrice":2122.14,"uniswapv2sellprice":2113.5,"sushiswapv2sellprice":2115.43,"bakeryswapsellprice":2100.61,"apeswapsellprice":2112.17},{"block":11423108,"timestamp":1633181868,"swapAmountBNB":5,"uniswapv2buyprice":2124.15,"sushiswapv2buyprice":2120.46,"bakeryswapbuyprice":2128.28,"apeswapBuyPrice":2122.14,"uniswapv2sellprice":2113.5,"sushiswapv2sellprice":2115.43,"bakeryswapsellprice":2100.79,"apeswapsellprice":2112.17},{"block":11423109,"timestamp":1633181871,"swapAmountBNB":5,"uniswapv2buyprice":2124.16,"sushiswapv2buyprice":2120.46,"bakeryswapbuyprice":2130.13,"apeswapBuyPrice":2122.14,"uniswapv2sellprice":2113.5,"sushiswapv2sellprice":2115.43,"bakeryswapsellprice":2102.61,"apeswapsellprice":2112.17},{"block":11423110,"timestamp":1633181874,"swapAmountBNB":5,"uniswapv2buyprice":2124.1,"sushiswapv2buyprice":2120.46,"bakeryswapbuyprice":2130.13,"apeswapBuyPrice":2122.44,"uniswapv2sellprice":2113.45,"sushiswapv2sellprice":2115.43,"bakeryswapsellprice":2102.61,"apeswapsellprice":2112.46},{"block":11423111,"timestamp":1633181877,"swapAmountBNB":5,"uniswapv2buyprice":2124.55,"sushiswapv2buyprice":2120.46,"bakeryswapbuyprice":2130.13,"apeswapBuyPrice":2122.44,"uniswapv2sellprice":2113.89,"sushiswapv2sellprice":2115.43,"bakeryswapsellprice":2102.61,"apeswapsellprice":2112.46},{"block":11423111,"timestamp":1633181877,"swapAmountBNB":5,"uniswapv2buyprice":2124.55,"sushiswapv2buyprice":2120.46,"bakeryswapbuyprice":2130.13,"apeswapBuyPrice":2122.44,"uniswapv2sellprice":2113.89,"sushiswapv2sellprice":2115.43,"bakeryswapsellprice":2102.61,"apeswapsellprice":2112.46},{"block":11423112,"timestamp":1633181880,"swapAmountBNB":5,"uniswapv2buyprice":2124.55,"sushiswapv2buyprice":2120.46,"bakeryswapbuyprice":2130.13,"apeswapBuyPrice":2122.09,"uniswapv2sellprice":2113.89,"sushiswapv2sellprice":2115.43,"bakeryswapsellprice":2102.61,"apeswapsellprice":2112.12},{"block":11423112,"timestamp":1633181880,"swapAmountBNB":5,"uniswapv2buyprice":2124.55,"sushiswapv2buyprice":2120.46,"bakeryswapbuyprice":2130.13,"apeswapBuyPrice":2122.09,"uniswapv2sellprice":2113.89,"sushiswapv2sellprice":2115.43,"bakeryswapsellprice":2102.61,"apeswapsellprice":2112.12},{"block":11423113,"timestamp":1633181883,"swapAmountBNB":5,"uniswapv2buyprice":2124.55,"sushiswapv2buyprice":2120.46,"bakeryswapbuyprice":2130.13,"apeswapBuyPrice":2122.09,"uniswapv2sellprice":2113.89,"sushiswapv2sellprice":2115.43,"bakeryswapsellprice":2102.61,"apeswapsellprice":2112.12},{"block":11423113,"timestamp":1633181883,"swapAmountBNB":5,"uniswapv2buyprice":2124.55,"sushiswapv2buyprice":2120.46,"bakeryswapbuyprice":2130.13,"apeswapBuyPrice":2122.09,"uniswapv2sellprice":2113.89,"sushiswapv2sellprice":2115.43,"bakeryswapsellprice":2102.61,"apeswapsellprice":2112.12},{"block":11423114,"timestamp":1633181886,"swapAmountBNB":5,"uniswapv2buyprice":2124.54,"sushiswapv2buyprice":2120.38,"bakeryswapbuyprice":2130.13,"apeswapBuyPrice":2122.09,"uniswapv2sellprice":2113.89,"sushiswapv2sellprice":2115.35,"bakeryswapsellprice":2102.61,"apeswapsellprice":2112.12},{"block":11423114,"timestamp":1633181886,"swapAmountBNB":5,"uniswapv2buyprice":2124.54,"sushiswapv2buyprice":2120.38,"bakeryswapbuyprice":2130.13,"apeswapBuyPrice":2122.09,"uniswapv2sellprice":2113.89,"sushiswapv2sellprice":2115.35,"bakeryswapsellprice":2102.61,"apeswapsellprice":2112.12},{"block":11423115,"timestamp":1633181889,"swapAmountBNB":5,"uniswapv2buyprice":2124.53,"sushiswapv2buyprice":2120.38,"bakeryswapbuyprice":2130.13,"apeswapBuyPrice":2122.09,"uniswapv2sellprice":2113.87,"sushiswapv2sellprice":2115.35,"bakeryswapsellprice":2102.61,"apeswapsellprice":2112.12},{"block":11423115,"timestamp":1633181889,"swapAmountBNB":5,"uniswapv2buyprice":2124.53,"sushiswapv2buyprice":2120.34,"bakeryswapbuyprice":2130.13,"apeswapBuyPrice":2122.09,"uniswapv2sellprice":2113.87,"sushiswapv2sellprice":2115.31,"bakeryswapsellprice":2102.61,"apeswapsellprice":2112.12},{"block":11423116,"timestamp":1633181892,"swapAmountBNB":5,"uniswapv2buyprice":2124.53,"sushiswapv2buyprice":2120.34,"bakeryswapbuyprice":2130.13,"apeswapBuyPrice":2122.09,"uniswapv2sellprice":2113.87,"sushiswapv2sellprice":2115.31,"bakeryswapsellprice":2102.61,"apeswapsellprice":2112.12},{"block":11423116,"timestamp":1633181892,"swapAmountBNB":5,"uniswapv2buyprice":2124.53,"sushiswapv2buyprice":2120.34,"bakeryswapbuyprice":2130.13,"apeswapBuyPrice":2122.2,"uniswapv2sellprice":2113.87,"sushiswapv2sellprice":2115.31,"bakeryswapsellprice":2102.61,"apeswapsellprice":2112.22},{"block":11423117,"timestamp":1633181895,"swapAmountBNB":5,"uniswapv2buyprice":2124.62,"sushiswapv2buyprice":2120.34,"bakeryswapbuyprice":2127.48,"apeswapBuyPrice":2122.21,"uniswapv2sellprice":2113.96,"sushiswapv2sellprice":2115.31,"bakeryswapsellprice":2100,"apeswapsellprice":2112.22},{"block":11423117,"timestamp":1633181895,"swapAmountBNB":5,"uniswapv2buyprice":2124.62,"sushiswapv2buyprice":2120.34,"bakeryswapbuyprice":2127.48,"apeswapBuyPrice":2122.2,"uniswapv2sellprice":2113.96,"sushiswapv2sellprice":2115.31,"bakeryswapsellprice":2100,"apeswapsellprice":2112.22},{"block":11423118,"timestamp":1633181898,"swapAmountBNB":5,"uniswapv2buyprice":2124.56,"sushiswapv2buyprice":2120.34,"bakeryswapbuyprice":2127.48,"apeswapBuyPrice":2122.21,"uniswapv2sellprice":2113.9,"sushiswapv2sellprice":2115.31,"bakeryswapsellprice":2100,"apeswapsellprice":2112.23},{"block":11423118,"timestamp":1633181898,"swapAmountBNB":5,"uniswapv2buyprice":2124.56,"sushiswapv2buyprice":2120.34,"bakeryswapbuyprice":2127.48,"apeswapBuyPrice":2122.21,"uniswapv2sellprice":2113.9,"sushiswapv2sellprice":2115.31,"bakeryswapsellprice":2100,"apeswapsellprice":2112.23},{"block":11423119,"timestamp":1633181901,"swapAmountBNB":5,"uniswapv2buyprice":2124.58,"sushiswapv2buyprice":2120.34,"bakeryswapbuyprice":2127.48,"apeswapBuyPrice":2122.21,"uniswapv2sellprice":2113.92,"sushiswapv2sellprice":2115.31,"bakeryswapsellprice":2100,"apeswapsellprice":2112.23},{"block":11423119,"timestamp":1633181901,"swapAmountBNB":5,"uniswapv2buyprice":2124.58,"sushiswapv2buyprice":2120.34,"bakeryswapbuyprice":2127.48,"apeswapBuyPrice":2122.21,"uniswapv2sellprice":2113.92,"sushiswapv2sellprice":2115.31,"bakeryswapsellprice":2100,"apeswapsellprice":2112.23},{"block":11423120,"timestamp":1633181904,"swapAmountBNB":5,"uniswapv2buyprice":2124.87,"sushiswapv2buyprice":2120.34,"bakeryswapbuyprice":2127.48,"apeswapBuyPrice":2121.95,"uniswapv2sellprice":2114.21,"sushiswapv2sellprice":2115.31,"bakeryswapsellprice":2100,"apeswapsellprice":2112.24},{"block":11423120,"timestamp":1633181904,"swapAmountBNB":5,"uniswapv2buyprice":2124.87,"sushiswapv2buyprice":2120.34,"bakeryswapbuyprice":2127.48,"apeswapBuyPrice":2122.21,"uniswapv2sellprice":2114.21,"sushiswapv2sellprice":2115.31,"bakeryswapsellprice":2100,"apeswapsellprice":2112.24},{"block":11423121,"timestamp":1633181907,"swapAmountBNB":5,"uniswapv2buyprice":2124.86,"sushiswapv2buyprice":2120.34,"bakeryswapbuyprice":2127.48,"apeswapBuyPrice":2121.95,"uniswapv2sellprice":2114.2,"sushiswapv2sellprice":2115.31,"bakeryswapsellprice":2100,"apeswapsellprice":2111.98},{"block":11423121,"timestamp":1633181907,"swapAmountBNB":5,"uniswapv2buyprice":2124.86,"sushiswapv2buyprice":2120.34,"bakeryswapbuyprice":2127.48,"apeswapBuyPrice":2121.95,"uniswapv2sellprice":2114.2,"sushiswapv2sellprice":2115.31,"bakeryswapsellprice":2100,"apeswapsellprice":2111.98},{"block":11423122,"timestamp":1633181910,"swapAmountBNB":5,"uniswapv2buyprice":2124.85,"sushiswapv2buyprice":2120.44,"bakeryswapbuyprice":2127.48,"apeswapBuyPrice":2121.95,"uniswapv2sellprice":2114.19,"sushiswapv2sellprice":2115.41,"bakeryswapsellprice":2100,"apeswapsellprice":2111.98},{"block":11423122,"timestamp":1633181910,"swapAmountBNB":5,"uniswapv2buyprice":2124.85,"sushiswapv2buyprice":2120.44,"bakeryswapbuyprice":2127.48,"apeswapBuyPrice":2121.95,"uniswapv2sellprice":2114.19,"sushiswapv2sellprice":2115.41,"bakeryswapsellprice":2100,"apeswapsellprice":2111.98},{"block":11423123,"timestamp":1633181913,"swapAmountBNB":5,"uniswapv2buyprice":2124.82,"sushiswapv2buyprice":2120.2,"bakeryswapbuyprice":2127.48,"apeswapBuyPrice":2121.95,"uniswapv2sellprice":2114.17,"sushiswapv2sellprice":2115.17,"bakeryswapsellprice":2100,"apeswapsellprice":2111.98},{"block":11423123,"timestamp":1633181913,"swapAmountBNB":5,"uniswapv2buyprice":2124.82,"sushiswapv2buyprice":2120.2,"bakeryswapbuyprice":2127.48,"apeswapBuyPrice":2121.95,"uniswapv2sellprice":2114.17,"sushiswapv2sellprice":2115.17,"bakeryswapsellprice":2100,"apeswapsellprice":2111.98},{"block":11423124,"timestamp":1633181916,"swapAmountBNB":5,"uniswapv2buyprice":2125.31,"sushiswapv2buyprice":2120.09,"bakeryswapbuyprice":2127.48,"apeswapBuyPrice":2121.95,"uniswapv2sellprice":2114.65,"sushiswapv2sellprice":2115.06,"bakeryswapsellprice":2100,"apeswapsellprice":2111.98},{"block":11423124,"timestamp":1633181916,"swapAmountBNB":5,"uniswapv2buyprice":2125.31,"sushiswapv2buyprice":2120.09,"bakeryswapbuyprice":2127.48,"apeswapBuyPrice":2121.95,"uniswapv2sellprice":2114.65,"sushiswapv2sellprice":2115.06,"bakeryswapsellprice":2100,"apeswapsellprice":2111.98},{"block":11423125,"timestamp":1633181919,"swapAmountBNB":5,"uniswapv2buyprice":2125.31,"sushiswapv2buyprice":2120.09,"bakeryswapbuyprice":2127.48,"apeswapBuyPrice":2121.95,"uniswapv2sellprice":2114.65,"sushiswapv2sellprice":2115.06,"bakeryswapsellprice":2100,"apeswapsellprice":2111.98},{"block":11423125,"timestamp":1633181919,"swapAmountBNB":5,"uniswapv2buyprice":2125.31,"sushiswapv2buyprice":2120.09,"bakeryswapbuyprice":2127.48,"apeswapBuyPrice":2121.95,"uniswapv2sellprice":2114.65,"sushiswapv2sellprice":2115.06,"bakeryswapsellprice":2100,"apeswapsellprice":2111.98},{"block":11423126,"timestamp":1633181922,"swapAmountBNB":5,"uniswapv2buyprice":2125.3,"sushiswapv2buyprice":2120.09,"bakeryswapbuyprice":2127.48,"apeswapBuyPrice":2121.95,"uniswapv2sellprice":2114.64,"sushiswapv2sellprice":2115.06,"bakeryswapsellprice":2100,"apeswapsellprice":2111.98},{"block":11423126,"timestamp":1633181922,"swapAmountBNB":5,"uniswapv2buyprice":2125.3,"sushiswapv2buyprice":2120.09,"bakeryswapbuyprice":2127.48,"apeswapBuyPrice":2121.95,"uniswapv2sellprice":2114.64,"sushiswapv2sellprice":2115.06,"bakeryswapsellprice":2100,"apeswapsellprice":2111.98},{"block":11423127,"timestamp":1633181925,"swapAmountBNB":5,"uniswapv2buyprice":2125.3,"sushiswapv2buyprice":2120.31,"bakeryswapbuyprice":2127.48,"apeswapBuyPrice":2121.95,"uniswapv2sellprice":2114.64,"sushiswapv2sellprice":2115.28,"bakeryswapsellprice":2100,"apeswapsellprice":2111.98},{"block":11423128,"timestamp":1633181928,"swapAmountBNB":5,"uniswapv2buyprice":2125.48,"sushiswapv2buyprice":2120.25,"bakeryswapbuyprice":2127.48,"apeswapBuyPrice":2121.95,"uniswapv2sellprice":2114.82,"sushiswapv2sellprice":2115.22,"bakeryswapsellprice":2100,"apeswapsellprice":2111.98},{"block":11423128,"timestamp":1633181928,"swapAmountBNB":5,"uniswapv2buyprice":2125.48,"sushiswapv2buyprice":2120.25,"bakeryswapbuyprice":2138.21,"apeswapBuyPrice":2121.95,"uniswapv2sellprice":2114.82,"sushiswapv2sellprice":2115.22,"bakeryswapsellprice":2100,"apeswapsellprice":2111.98},{"block":11423129,"timestamp":1633181931,"swapAmountBNB":5,"uniswapv2buyprice":2125.47,"sushiswapv2buyprice":2120.25,"bakeryswapbuyprice":2138.21,"apeswapBuyPrice":2121.95,"uniswapv2sellprice":2114.81,"sushiswapv2sellprice":2115.22,"bakeryswapsellprice":2110.56,"apeswapsellprice":2111.98},{"block":11423130,"timestamp":1633181934,"swapAmountBNB":5,"uniswapv2buyprice":2125.48,"sushiswapv2buyprice":2120.98,"bakeryswapbuyprice":2138.21,"apeswapBuyPrice":2121.95,"uniswapv2sellprice":2114.82,"sushiswapv2sellprice":2115.94,"bakeryswapsellprice":2110.56,"apeswapsellprice":2111.98},{"block":11423130,"timestamp":1633181934,"swapAmountBNB":5,"uniswapv2buyprice":2125.48,"sushiswapv2buyprice":2120.98,"bakeryswapbuyprice":2138.21,"apeswapBuyPrice":2121.95,"uniswapv2sellprice":2114.82,"sushiswapv2sellprice":2115.94,"bakeryswapsellprice":2110.56,"apeswapsellprice":2111.98},{"block":11423131,"timestamp":1633181937,"swapAmountBNB":5,"uniswapv2buyprice":2125.46,"sushiswapv2buyprice":2121.51,"bakeryswapbuyprice":2138.21,"apeswapBuyPrice":2121.95,"uniswapv2sellprice":2114.8,"sushiswapv2sellprice":2116.48,"bakeryswapsellprice":2110.56,"apeswapsellprice":2111.98},{"block":11423131,"timestamp":1633181937,"swapAmountBNB":5,"uniswapv2buyprice":2125.46,"sushiswapv2buyprice":2121.51,"bakeryswapbuyprice":2138.21,"apeswapBuyPrice":2121.95,"uniswapv2sellprice":2114.8,"sushiswapv2sellprice":2116.48,"bakeryswapsellprice":2110.56,"apeswapsellprice":2111.98},{"block":11423132,"timestamp":1633181940,"swapAmountBNB":5,"uniswapv2buyprice":2125.45,"sushiswapv2buyprice":2120.64,"bakeryswapbuyprice":2137.44,"apeswapBuyPrice":2121.95,"uniswapv2sellprice":2114.79,"sushiswapv2sellprice":2115.6,"bakeryswapsellprice":2109.8,"apeswapsellprice":2111.98},{"block":11423132,"timestamp":1633181940,"swapAmountBNB":5,"uniswapv2buyprice":2125.45,"sushiswapv2buyprice":2120.64,"bakeryswapbuyprice":2137.44,"apeswapBuyPrice":2121.95,"uniswapv2sellprice":2114.79,"sushiswapv2sellprice":2115.6,"bakeryswapsellprice":2109.8,"apeswapsellprice":2111.98},{"block":11423133,"timestamp":1633181943,"swapAmountBNB":5,"uniswapv2buyprice":2125.44,"sushiswapv2buyprice":2120.77,"bakeryswapbuyprice":2137.44,"apeswapBuyPrice":2121.95,"uniswapv2sellprice":2114.78,"sushiswapv2sellprice":2115.73,"bakeryswapsellprice":2109.8,"apeswapsellprice":2111.98},{"block":11423133,"timestamp":1633181943,"swapAmountBNB":5,"uniswapv2buyprice":2125.44,"sushiswapv2buyprice":2120.77,"bakeryswapbuyprice":2137.44,"apeswapBuyPrice":2121.95,"uniswapv2sellprice":2114.78,"sushiswapv2sellprice":2115.73,"bakeryswapsellprice":2109.8,"apeswapsellprice":2111.98},{"block":11423134,"timestamp":1633181946,"swapAmountBNB":5,"uniswapv2buyprice":2125.44,"sushiswapv2buyprice":2120.95,"bakeryswapbuyprice":2137.44,"apeswapBuyPrice":2121.95,"uniswapv2sellprice":2114.78,"sushiswapv2sellprice":2115.91,"bakeryswapsellprice":2109.8,"apeswapsellprice":2111.98},{"block":11423135,"timestamp":1633181949,"swapAmountBNB":5,"uniswapv2buyprice":2125.34,"sushiswapv2buyprice":2120.94,"bakeryswapbuyprice":2136.66,"apeswapBuyPrice":2121.95,"uniswapv2sellprice":2114.68,"sushiswapv2sellprice":2115.9,"bakeryswapsellprice":2109.03,"apeswapsellprice":2111.98},{"block":11423136,"timestamp":1633181952,"swapAmountBNB":5,"uniswapv2buyprice":2125.35,"sushiswapv2buyprice":2121.11,"bakeryswapbuyprice":2136.66,"apeswapBuyPrice":2121.95,"uniswapv2sellprice":2114.69,"sushiswapv2sellprice":2116.08,"bakeryswapsellprice":2109.03,"apeswapsellprice":2111.98},{"block":11423137,"timestamp":1633181955,"swapAmountBNB":5,"uniswapv2buyprice":2125.29,"sushiswapv2buyprice":2121.11,"bakeryswapbuyprice":2136.66,"apeswapBuyPrice":2121.95,"uniswapv2sellprice":2114.63,"sushiswapv2sellprice":2116.08,"bakeryswapsellprice":2109.03,"apeswapsellprice":2111.98},{"block":11423138,"timestamp":1633181958,"swapAmountBNB":5,"uniswapv2buyprice":2125.28,"sushiswapv2buyprice":2121.2,"bakeryswapbuyprice":2136.66,"apeswapBuyPrice":2122.33,"uniswapv2sellprice":2114.62,"sushiswapv2sellprice":2116.17,"bakeryswapsellprice":2109.03,"apeswapsellprice":2111.98},{"block":11423139,"timestamp":1633181961,"swapAmountBNB":5,"uniswapv2buyprice":2125.28,"sushiswapv2buyprice":2121.2,"bakeryswapbuyprice":2136.66,"apeswapBuyPrice":2122.33,"uniswapv2sellprice":2114.62,"sushiswapv2sellprice":2116.17,"bakeryswapsellprice":2109.03,"apeswapsellprice":2112.35},{"block":11423140,"timestamp":1633181964,"swapAmountBNB":5,"uniswapv2buyprice":2125.19,"sushiswapv2buyprice":2121.2,"bakeryswapbuyprice":2136.66,"apeswapBuyPrice":2122.33,"uniswapv2sellprice":2114.53,"sushiswapv2sellprice":2116.17,"bakeryswapsellprice":2109.03,"apeswapsellprice":2112.35},{"block":11423141,"timestamp":1633181967,"swapAmountBNB":5,"uniswapv2buyprice":2125.19,"sushiswapv2buyprice":2121.51,"bakeryswapbuyprice":2136.66,"apeswapBuyPrice":2122.34,"uniswapv2sellprice":2114.53,"sushiswapv2sellprice":2116.47,"bakeryswapsellprice":2109.03,"apeswapsellprice":2112.37},{"block":11423141,"timestamp":1633181967,"swapAmountBNB":5,"uniswapv2buyprice":2125.19,"sushiswapv2buyprice":2121.51,"bakeryswapbuyprice":2136.66,"apeswapBuyPrice":2122.34,"uniswapv2sellprice":2114.53,"sushiswapv2sellprice":2116.47,"bakeryswapsellprice":2109.03,"apeswapsellprice":2112.37},{"block":11423142,"timestamp":1633181970,"swapAmountBNB":5,"uniswapv2buyprice":2125.06,"sushiswapv2buyprice":2121.51,"bakeryswapbuyprice":2136.66,"apeswapBuyPrice":2122.34,"uniswapv2sellprice":2114.4,"sushiswapv2sellprice":2116.47,"bakeryswapsellprice":2109.03,"apeswapsellprice":2112.37},{"block":11423142,"timestamp":1633181970,"swapAmountBNB":5,"uniswapv2buyprice":2125.06,"sushiswapv2buyprice":2121.51,"bakeryswapbuyprice":2136.66,"apeswapBuyPrice":2122.34,"uniswapv2sellprice":2114.4,"sushiswapv2sellprice":2116.47,"bakeryswapsellprice":2109.03,"apeswapsellprice":2112.37},{"block":11423143,"timestamp":1633181973,"swapAmountBNB":5,"uniswapv2buyprice":2125.03,"sushiswapv2buyprice":2121.51,"bakeryswapbuyprice":2136.66,"apeswapBuyPrice":2122.34,"uniswapv2sellprice":2114.37,"sushiswapv2sellprice":2116.47,"bakeryswapsellprice":2109.03,"apeswapsellprice":2112.37},{"block":11423143,"timestamp":1633181973,"swapAmountBNB":5,"uniswapv2buyprice":2125.03,"sushiswapv2buyprice":2121.51,"bakeryswapbuyprice":2136.66,"apeswapBuyPrice":2122.34,"uniswapv2sellprice":2114.37,"sushiswapv2sellprice":2116.47,"bakeryswapsellprice":2109.03,"apeswapsellprice":2112.37},{"block":11423144,"timestamp":1633181976,"swapAmountBNB":5,"uniswapv2buyprice":2125.04,"sushiswapv2buyprice":2121.05,"bakeryswapbuyprice":2136.66,"apeswapBuyPrice":2122.34,"uniswapv2sellprice":2114.38,"sushiswapv2sellprice":2116.02,"bakeryswapsellprice":2109.03,"apeswapsellprice":2112.37},{"block":11423144,"timestamp":1633181976,"swapAmountBNB":5,"uniswapv2buyprice":2125.04,"sushiswapv2buyprice":2121.05,"bakeryswapbuyprice":2136.66,"apeswapBuyPrice":2122.34,"uniswapv2sellprice":2114.38,"sushiswapv2sellprice":2116.02,"bakeryswapsellprice":2109.03,"apeswapsellprice":2112.37},{"block":11423145,"timestamp":1633181979,"swapAmountBNB":5,"uniswapv2buyprice":2124.97,"sushiswapv2buyprice":2121.05,"bakeryswapbuyprice":2136.66,"apeswapBuyPrice":2122.34,"uniswapv2sellprice":2114.31,"sushiswapv2sellprice":2116.02,"bakeryswapsellprice":2109.03,"apeswapsellprice":2112.37},{"block":11423145,"timestamp":1633181979,"swapAmountBNB":5,"uniswapv2buyprice":2124.97,"sushiswapv2buyprice":2121.05,"bakeryswapbuyprice":2136.66,"apeswapBuyPrice":2122.34,"uniswapv2sellprice":2114.31,"sushiswapv2sellprice":2116.02,"bakeryswapsellprice":2109.03,"apeswapsellprice":2112.37},{"block":11423146,"timestamp":1633181982,"swapAmountBNB":5,"uniswapv2buyprice":2124.94,"sushiswapv2buyprice":2121.05,"bakeryswapbuyprice":2136.53,"apeswapBuyPrice":2122.34,"uniswapv2sellprice":2114.29,"sushiswapv2sellprice":2116.02,"bakeryswapsellprice":2108.9,"apeswapsellprice":2112.37},{"block":11423146,"timestamp":1633181982,"swapAmountBNB":5,"uniswapv2buyprice":2124.94,"sushiswapv2buyprice":2121.05,"bakeryswapbuyprice":2136.53,"apeswapBuyPrice":2122.34,"uniswapv2sellprice":2114.29,"sushiswapv2sellprice":2116.02,"bakeryswapsellprice":2108.9,"apeswapsellprice":2112.37},{"block":11423147,"timestamp":1633181985,"swapAmountBNB":5,"uniswapv2buyprice":2124.95,"sushiswapv2buyprice":2120.67,"bakeryswapbuyprice":2136.53,"apeswapBuyPrice":2122.34,"uniswapv2sellprice":2114.29,"sushiswapv2sellprice":2115.64,"bakeryswapsellprice":2108.9,"apeswapsellprice":2112.37},{"block":11423147,"timestamp":1633181985,"swapAmountBNB":5,"uniswapv2buyprice":2124.95,"sushiswapv2buyprice":2120.67,"bakeryswapbuyprice":2136.53,"apeswapBuyPrice":2122.34,"uniswapv2sellprice":2114.29,"sushiswapv2sellprice":2115.64,"bakeryswapsellprice":2108.9,"apeswapsellprice":2112.37},{"block":11423148,"timestamp":1633181988,"swapAmountBNB":5,"uniswapv2buyprice":2124.9,"sushiswapv2buyprice":2120.67,"bakeryswapbuyprice":2136.36,"apeswapBuyPrice":2122.34,"uniswapv2sellprice":2114.24,"sushiswapv2sellprice":2115.64,"bakeryswapsellprice":2108.73,"apeswapsellprice":2112.37},{"block":11423148,"timestamp":1633181988,"swapAmountBNB":5,"uniswapv2buyprice":2124.9,"sushiswapv2buyprice":2120.67,"bakeryswapbuyprice":2136.36,"apeswapBuyPrice":2122.34,"uniswapv2sellprice":2114.24,"sushiswapv2sellprice":2115.64,"bakeryswapsellprice":2108.73,"apeswapsellprice":2112.37},{"block":11423149,"timestamp":1633181991,"swapAmountBNB":5,"uniswapv2buyprice":2124.89,"sushiswapv2buyprice":2120.67,"bakeryswapbuyprice":2136.36,"apeswapBuyPrice":2122.38,"uniswapv2sellprice":2114.23,"sushiswapv2sellprice":2115.64,"bakeryswapsellprice":2108.73,"apeswapsellprice":2112.4},{"block":11423149,"timestamp":1633181991,"swapAmountBNB":5,"uniswapv2buyprice":2124.89,"sushiswapv2buyprice":2120.67,"bakeryswapbuyprice":2136.36,"apeswapBuyPrice":2122.38,"uniswapv2sellprice":2114.23,"sushiswapv2sellprice":2115.64,"bakeryswapsellprice":2108.73,"apeswapsellprice":2112.4},{"block":11423150,"timestamp":1633181994,"swapAmountBNB":5,"uniswapv2buyprice":2124.86,"sushiswapv2buyprice":2120.67,"bakeryswapbuyprice":2136.36,"apeswapBuyPrice":2122.38,"uniswapv2sellprice":2114.2,"sushiswapv2sellprice":2115.64,"bakeryswapsellprice":2108.73,"apeswapsellprice":2112.4}]}