{"table":[{"block":11029730,"timestamp":1631992198,"swapAmountBNB":20,"uniswapv2buyprice":8258.89,"sushiswapv2buyprice":8244.89,"bakeryswapbuyprice":8356.67,"apeswapBuyPrice":8270.46,"uniswapv2sellprice":8217.09,"sushiswapv2sellprice":8220.38,"bakeryswapsellprice":8143.87,"apeswapsellprice":8225.42},{"block":11029731,"timestamp":1631992201,"swapAmountBNB":20,"uniswapv2buyprice":8258.86,"sushiswapv2buyprice":8244.89,"bakeryswapbuyprice":8356.67,"apeswapBuyPrice":8270.46,"uniswapv2sellprice":8217.07,"sushiswapv2sellprice":8220.38,"bakeryswapsellprice":8143.87,"apeswapsellprice":8225.42},{"block":11029732,"timestamp":1631992204,"swapAmountBNB":20,"uniswapv2buyprice":8258.92,"sushiswapv2buyprice":8244.89,"bakeryswapbuyprice":8356.67,"apeswapBuyPrice":8270.46,"uniswapv2sellprice":8217.12,"sushiswapv2sellprice":8220.38,"bakeryswapsellprice":8143.87,"apeswapsellprice":8225.42},{"block":11029733,"timestamp":1631992207,"swapAmountBNB":20,"uniswapv2buyprice":8258.85,"sushiswapv2buyprice":8245.09,"bakeryswapbuyprice":8356.67,"apeswapBuyPrice":8270.46,"uniswapv2sellprice":8217.05,"sushiswapv2sellprice":8220.58,"bakeryswapsellprice":8143.87,"apeswapsellprice":8225.42},{"block":11029734,"timestamp":1631992210,"swapAmountBNB":20,"uniswapv2buyprice":8258.85,"sushiswapv2buyprice":8245.09,"bakeryswapbuyprice":8356.67,"apeswapBuyPrice":8270.46,"uniswapv2sellprice":8217.05,"sushiswapv2sellprice":8220.58,"bakeryswapsellprice":8143.87,"apeswapsellprice":8225.42},{"block":11029735,"timestamp":1631992213,"swapAmountBNB":20,"uniswapv2buyprice":8259.04,"sushiswapv2buyprice":8245.09,"bakeryswapbuyprice":8356.67,"apeswapBuyPrice":8270.43,"uniswapv2sellprice":8217.24,"sushiswapv2sellprice":8220.58,"bakeryswapsellprice":8143.87,"apeswapsellprice":8225.39},{"block":11029736,"timestamp":1631992216,"swapAmountBNB":20,"uniswapv2buyprice":8259.07,"sushiswapv2buyprice":8245.09,"bakeryswapbuyprice":8356.67,"apeswapBuyPrice":8270.43,"uniswapv2sellprice":8217.28,"sushiswapv2sellprice":8220.58,"bakeryswapsellprice":8143.87,"apeswapsellprice":8225.39},{"block":11029737,"timestamp":1631992219,"swapAmountBNB":20,"uniswapv2buyprice":8259.05,"sushiswapv2buyprice":8245.09,"bakeryswapbuyprice":8356.67,"apeswapBuyPrice":8270.43,"uniswapv2sellprice":8217.26,"sushiswapv2sellprice":8220.58,"bakeryswapsellprice":8143.87,"apeswapsellprice":8225.39},{"block":11029738,"timestamp":1631992222,"swapAmountBNB":20,"uniswapv2buyprice":8259.06,"sushiswapv2buyprice":8245.09,"bakeryswapbuyprice":8356.67,"apeswapBuyPrice":8270.43,"uniswapv2sellprice":8217.27,"sushiswapv2sellprice":8220.58,"bakeryswapsellprice":8143.87,"apeswapsellprice":8225.39},{"block":11029739,"timestamp":1631992225,"swapAmountBNB":20,"uniswapv2buyprice":8259.08,"sushiswapv2buyprice":8245.09,"bakeryswapbuyprice":8356.67,"apeswapBuyPrice":8270.43,"uniswapv2sellprice":8217.29,"sushiswapv2sellprice":8220.58,"bakeryswapsellprice":8143.87,"apeswapsellprice":8225.39},{"block":11029740,"timestamp":1631992228,"swapAmountBNB":20,"uniswapv2buyprice":8259.08,"sushiswapv2buyprice":8245.09,"bakeryswapbuyprice":8356.67,"apeswapBuyPrice":8270.43,"uniswapv2sellprice":8217.29,"sushiswapv2sellprice":8220.58,"bakeryswapsellprice":8143.87,"apeswapsellprice":8225.39},{"block":11029741,"timestamp":1631992231,"swapAmountBNB":20,"uniswapv2buyprice":8259.08,"sushiswapv2buyprice":8245.09,"bakeryswapbuyprice":8356.67,"apeswapBuyPrice":8270.43,"uniswapv2sellprice":8217.28,"sushiswapv2sellprice":8220.58,"bakeryswapsellprice":8143.87,"apeswapsellprice":8225.39},{"block":11029746,"timestamp":1631992246,"swapAmountBNB":20,"uniswapv2buyprice":8259.08,"sushiswapv2buyprice":8245.31,"bakeryswapbuyprice":8356.67,"apeswapBuyPrice":8270.44,"uniswapv2sellprice":8217.29,"sushiswapv2sellprice":8220.8,"bakeryswapsellprice":8143.87,"apeswapsellprice":8225.39},{"block":11029747,"timestamp":1631992249,"swapAmountBNB":20,"uniswapv2buyprice":8259.09,"sushiswapv2buyprice":8245.32,"bakeryswapbuyprice":8356.67,"apeswapBuyPrice":8270.18,"uniswapv2sellprice":8217.29,"sushiswapv2sellprice":8220.81,"bakeryswapsellprice":8143.87,"apeswapsellprice":8225.14},{"block":11029748,"timestamp":1631992252,"swapAmountBNB":20,"uniswapv2buyprice":8259.2,"sushiswapv2buyprice":8245.32,"bakeryswapbuyprice":8356.67,"apeswapBuyPrice":8270.18,"uniswapv2sellprice":8217.41,"sushiswapv2sellprice":8220.81,"bakeryswapsellprice":8143.87,"apeswapsellprice":8225.14},{"block":11029749,"timestamp":1631992255,"swapAmountBNB":20,"uniswapv2buyprice":8259.21,"sushiswapv2buyprice":8240.9,"bakeryswapbuyprice":8356.67,"apeswapBuyPrice":8270.18,"uniswapv2sellprice":8217.42,"sushiswapv2sellprice":8216.4,"bakeryswapsellprice":8143.87,"apeswapsellprice":8225.14},{"block":11029750,"timestamp":1631992258,"swapAmountBNB":20,"uniswapv2buyprice":8259.2,"sushiswapv2buyprice":8240.9,"bakeryswapbuyprice":8356.67,"apeswapBuyPrice":8270.18,"uniswapv2sellprice":8217.41,"sushiswapv2sellprice":8216.4,"bakeryswapsellprice":8143.87,"apeswapsellprice":8225.14},{"block":11029751,"timestamp":1631992261,"swapAmountBNB":20,"uniswapv2buyprice":8259.28,"sushiswapv2buyprice":8240.9,"bakeryswapbuyprice":8356.67,"apeswapBuyPrice":8270.18,"uniswapv2sellprice":8217.49,"sushiswapv2sellprice":8216.4,"bakeryswapsellprice":8143.87,"apeswapsellprice":8225.14},{"block":11029752,"timestamp":1631992264,"swapAmountBNB":20,"uniswapv2buyprice":8259.28,"sushiswapv2buyprice":8240.9,"bakeryswapbuyprice":8356.67,"apeswapBuyPrice":8270.18,"uniswapv2sellprice":8217.49,"sushiswapv2sellprice":8216.4,"bakeryswapsellprice":8143.87,"apeswapsellprice":8225.14},{"block":11029753,"timestamp":1631992267,"swapAmountBNB":20,"uniswapv2buyprice":8259.28,"sushiswapv2buyprice":8241.47,"bakeryswapbuyprice":8356.67,"apeswapBuyPrice":8270.18,"uniswapv2sellprice":8217.49,"sushiswapv2sellprice":8216.97,"bakeryswapsellprice":8143.87,"apeswapsellprice":8225.14},{"block":11029754,"timestamp":1631992270,"swapAmountBNB":20,"uniswapv2buyprice":8259.27,"sushiswapv2buyprice":8241.47,"bakeryswapbuyprice":8356.67,"apeswapBuyPrice":8270.18,"uniswapv2sellprice":8217.48,"sushiswapv2sellprice":8216.97,"bakeryswapsellprice":8143.87,"apeswapsellprice":8225.14},{"block":11029755,"timestamp":1631992273,"swapAmountBNB":20,"uniswapv2buyprice":8259.27,"sushiswapv2buyprice":8241.47,"bakeryswapbuyprice":8356.67,"apeswapBuyPrice":8270.18,"uniswapv2sellprice":8217.47,"sushiswapv2sellprice":8216.97,"bakeryswapsellprice":8143.87,"apeswapsellprice":8225.14},{"block":11029757,"timestamp":1631992279,"swapAmountBNB":20,"uniswapv2buyprice":8259.2,"sushiswapv2buyprice":8241.47,"bakeryswapbuyprice":8356.67,"apeswapBuyPrice":8270.18,"uniswapv2sellprice":8217.41,"sushiswapv2sellprice":8216.97,"bakeryswapsellprice":8143.87,"apeswapsellprice":8225.14},{"block":11029756,"timestamp":1631992276,"swapAmountBNB":20,"uniswapv2buyprice":8259.2,"sushiswapv2buyprice":8241.47,"bakeryswapbuyprice":8356.67,"apeswapBuyPrice":8270.02,"uniswapv2sellprice":8217.41,"sushiswapv2sellprice":8216.97,"bakeryswapsellprice":8143.87,"apeswapsellprice":8225.14},{"block":11029758,"timestamp":1631992282,"swapAmountBNB":20,"uniswapv2buyprice":8259.28,"sushiswapv2buyprice":8241.47,"bakeryswapbuyprice":8356.67,"apeswapBuyPrice":8270.02,"uniswapv2sellprice":8217.49,"sushiswapv2sellprice":8216.97,"bakeryswapsellprice":8143.87,"apeswapsellprice":8224.98},{"block":11029759,"timestamp":1631992285,"swapAmountBNB":20,"uniswapv2buyprice":8259.33,"sushiswapv2buyprice":8241.47,"bakeryswapbuyprice":8356.67,"apeswapBuyPrice":8270.02,"uniswapv2sellprice":8217.53,"sushiswapv2sellprice":8216.97,"bakeryswapsellprice":8143.87,"apeswapsellprice":8224.98},{"block":11029760,"timestamp":1631992288,"swapAmountBNB":20,"uniswapv2buyprice":8259.33,"sushiswapv2buyprice":8241.47,"bakeryswapbuyprice":8356.67,"apeswapBuyPrice":8270.02,"uniswapv2sellprice":8217.53,"sushiswapv2sellprice":8216.97,"bakeryswapsellprice":8143.87,"apeswapsellprice":8224.98},{"block":11029761,"timestamp":1631992291,"swapAmountBNB":20,"uniswapv2buyprice":8259.32,"sushiswapv2buyprice":8241.47,"bakeryswapbuyprice":8356.67,"apeswapBuyPrice":8270.02,"uniswapv2sellprice":8217.52,"sushiswapv2sellprice":8216.97,"bakeryswapsellprice":8143.87,"apeswapsellprice":8224.98},{"block":11029762,"timestamp":1631992294,"swapAmountBNB":20,"uniswapv2buyprice":8259.32,"sushiswapv2buyprice":8241.47,"bakeryswapbuyprice":8356.67,"apeswapBuyPrice":8267.91,"uniswapv2sellprice":8217.53,"sushiswapv2sellprice":8216.97,"bakeryswapsellprice":8143.87,"apeswapsellprice":8222.88},{"block":11029763,"timestamp":1631992297,"swapAmountBNB":20,"uniswapv2buyprice":8259.4,"sushiswapv2buyprice":8241.47,"bakeryswapbuyprice":8356.67,"apeswapBuyPrice":8267.91,"uniswapv2sellprice":8217.61,"sushiswapv2sellprice":8216.97,"bakeryswapsellprice":8143.87,"apeswapsellprice":8222.88},{"block":11029764,"timestamp":1631992300,"swapAmountBNB":20,"uniswapv2buyprice":8259.27,"sushiswapv2buyprice":8242.65,"bakeryswapbuyprice":8356.67,"apeswapBuyPrice":8267.93,"uniswapv2sellprice":8217.48,"sushiswapv2sellprice":8218.15,"bakeryswapsellprice":8143.87,"apeswapsellprice":8222.9},{"block":11029765,"timestamp":1631992303,"swapAmountBNB":20,"uniswapv2buyprice":8259.21,"sushiswapv2buyprice":8242.65,"bakeryswapbuyprice":8356.67,"apeswapBuyPrice":8267.93,"uniswapv2sellprice":8217.42,"sushiswapv2sellprice":8218.15,"bakeryswapsellprice":8143.87,"apeswapsellprice":8222.9},{"block":11029766,"timestamp":1631992306,"swapAmountBNB":20,"uniswapv2buyprice":8259.34,"sushiswapv2buyprice":8243.52,"bakeryswapbuyprice":8356.67,"apeswapBuyPrice":8267.93,"uniswapv2sellprice":8217.54,"sushiswapv2sellprice":8219.02,"bakeryswapsellprice":8143.87,"apeswapsellprice":8222.9},{"block":11029767,"timestamp":1631992309,"swapAmountBNB":20,"uniswapv2buyprice":8259.34,"sushiswapv2buyprice":8243.52,"bakeryswapbuyprice":8356.67,"apeswapBuyPrice":8268.17,"uniswapv2sellprice":8217.55,"sushiswapv2sellprice":8219.02,"bakeryswapsellprice":8143.87,"apeswapsellprice":8222.42},{"block":11029768,"timestamp":1631992312,"swapAmountBNB":20,"uniswapv2buyprice":8259.29,"sushiswapv2buyprice":8244.44,"bakeryswapbuyprice":8356.67,"apeswapBuyPrice":8268.17,"uniswapv2sellprice":8217.5,"sushiswapv2sellprice":8219.94,"bakeryswapsellprice":8143.87,"apeswapsellprice":8223.14},{"block":11029769,"timestamp":1631992315,"swapAmountBNB":20,"uniswapv2buyprice":8259.29,"sushiswapv2buyprice":8240.8,"bakeryswapbuyprice":8356.67,"apeswapBuyPrice":8268,"uniswapv2sellprice":8217.5,"sushiswapv2sellprice":8216.31,"bakeryswapsellprice":8143.87,"apeswapsellprice":8223.12},{"block":11029770,"timestamp":1631992318,"swapAmountBNB":20,"uniswapv2buyprice":8259.29,"sushiswapv2buyprice":8240.8,"bakeryswapbuyprice":8356.67,"apeswapBuyPrice":8268,"uniswapv2sellprice":8217.5,"sushiswapv2sellprice":8216.31,"bakeryswapsellprice":8143.87,"apeswapsellprice":8222.97},{"block":11029771,"timestamp":1631992321,"swapAmountBNB":20,"uniswapv2buyprice":8259.3,"sushiswapv2buyprice":8236.38,"bakeryswapbuyprice":8356.67,"apeswapBuyPrice":8268,"uniswapv2sellprice":8217.51,"sushiswapv2sellprice":8211.91,"bakeryswapsellprice":8143.87,"apeswapsellprice":8222.97},{"block":11029772,"timestamp":1631992325,"swapAmountBNB":20,"uniswapv2buyprice":8259.21,"sushiswapv2buyprice":8236.61,"bakeryswapbuyprice":8356.87,"apeswapBuyPrice":8268,"uniswapv2sellprice":8217.42,"sushiswapv2sellprice":8212.13,"bakeryswapsellprice":8144.06,"apeswapsellprice":8222.97},{"block":11029772,"timestamp":1631992324,"swapAmountBNB":20,"uniswapv2buyprice":8259.21,"sushiswapv2buyprice":8236.61,"bakeryswapbuyprice":8356.87,"apeswapBuyPrice":8268,"uniswapv2sellprice":8217.42,"sushiswapv2sellprice":8212.13,"bakeryswapsellprice":8144.06,"apeswapsellprice":8222.97},{"block":11029773,"timestamp":1631992327,"swapAmountBNB":20,"uniswapv2buyprice":8260.26,"sushiswapv2buyprice":8236.61,"bakeryswapbuyprice":8356.87,"apeswapBuyPrice":8264.45,"uniswapv2sellprice":8218.46,"sushiswapv2sellprice":8212.13,"bakeryswapsellprice":8144.06,"apeswapsellprice":8222.97},{"block":11029774,"timestamp":1631992330,"swapAmountBNB":20,"uniswapv2buyprice":8260.48,"sushiswapv2buyprice":8237.53,"bakeryswapbuyprice":8356.87,"apeswapBuyPrice":8264.45,"uniswapv2sellprice":8218.68,"sushiswapv2sellprice":8213.05,"bakeryswapsellprice":8144.06,"apeswapsellprice":8219.44},{"block":11029775,"timestamp":1631992333,"swapAmountBNB":20,"uniswapv2buyprice":8260.48,"sushiswapv2buyprice":8237.53,"bakeryswapbuyprice":8356.87,"apeswapBuyPrice":8264.45,"uniswapv2sellprice":8218.68,"sushiswapv2sellprice":8213.05,"bakeryswapsellprice":8144.06,"apeswapsellprice":8219.44},{"block":11029776,"timestamp":1631992336,"swapAmountBNB":20,"uniswapv2buyprice":8260.44,"sushiswapv2buyprice":8238,"bakeryswapbuyprice":8356.87,"apeswapBuyPrice":8264.45,"uniswapv2sellprice":8218.64,"sushiswapv2sellprice":8213.52,"bakeryswapsellprice":8144.06,"apeswapsellprice":8219.44},{"block":11029777,"timestamp":1631992339,"swapAmountBNB":20,"uniswapv2buyprice":8260.35,"sushiswapv2buyprice":8238,"bakeryswapbuyprice":8356.87,"apeswapBuyPrice":8264.45,"uniswapv2sellprice":8218.55,"sushiswapv2sellprice":8213.52,"bakeryswapsellprice":8144.06,"apeswapsellprice":8219.44},{"block":11029778,"timestamp":1631992342,"swapAmountBNB":20,"uniswapv2buyprice":8260.44,"sushiswapv2buyprice":8238,"bakeryswapbuyprice":8356.87,"apeswapBuyPrice":8264.45,"uniswapv2sellprice":8218.64,"sushiswapv2sellprice":8213.52,"bakeryswapsellprice":8144.06,"apeswapsellprice":8219.44},{"block":11029779,"timestamp":1631992345,"swapAmountBNB":20,"uniswapv2buyprice":8260.23,"sushiswapv2buyprice":8238,"bakeryswapbuyprice":8356.87,"apeswapBuyPrice":8264.45,"uniswapv2sellprice":8218.43,"sushiswapv2sellprice":8213.52,"bakeryswapsellprice":8144.06,"apeswapsellprice":8219.44},{"block":11029780,"timestamp":1631992348,"swapAmountBNB":20,"uniswapv2buyprice":8260.18,"sushiswapv2buyprice":8238,"bakeryswapbuyprice":8356.87,"apeswapBuyPrice":8264.45,"uniswapv2sellprice":8218.38,"sushiswapv2sellprice":8213.52,"bakeryswapsellprice":8144.06,"apeswapsellprice":8219.44},{"block":11029781,"timestamp":1631992351,"swapAmountBNB":20,"uniswapv2buyprice":8260.18,"sushiswapv2buyprice":8238,"bakeryswapbuyprice":8356.87,"apeswapBuyPrice":8264.45,"uniswapv2sellprice":8218.38,"sushiswapv2sellprice":8213.52,"bakeryswapsellprice":8144.06,"apeswapsellprice":8219.44},{"block":11029782,"timestamp":1631992354,"swapAmountBNB":20,"uniswapv2buyprice":8259.55,"sushiswapv2buyprice":8233.58,"bakeryswapbuyprice":8356.87,"apeswapBuyPrice":8262.16,"uniswapv2sellprice":8217.75,"sushiswapv2sellprice":8209.11,"bakeryswapsellprice":8144.06,"apeswapsellprice":8217.17},{"block":11029783,"timestamp":1631992357,"swapAmountBNB":20,"uniswapv2buyprice":8259.29,"sushiswapv2buyprice":8233.58,"bakeryswapbuyprice":8356.87,"apeswapBuyPrice":8262.08,"uniswapv2sellprice":8217.49,"sushiswapv2sellprice":8209.11,"bakeryswapsellprice":8144.06,"apeswapsellprice":8217.09},{"block":11029784,"timestamp":1631992360,"swapAmountBNB":20,"uniswapv2buyprice":8259.23,"sushiswapv2buyprice":8233.58,"bakeryswapbuyprice":8356.87,"apeswapBuyPrice":8262.08,"uniswapv2sellprice":8217.43,"sushiswapv2sellprice":8209.11,"bakeryswapsellprice":8144.06,"apeswapsellprice":8217.09},{"block":11029785,"timestamp":1631992363,"swapAmountBNB":20,"uniswapv2buyprice":8259.12,"sushiswapv2buyprice":8235.43,"bakeryswapbuyprice":8356.87,"apeswapBuyPrice":8262.08,"uniswapv2sellprice":8217.33,"sushiswapv2sellprice":8210.95,"bakeryswapsellprice":8144.06,"apeswapsellprice":8217.09},{"block":11029786,"timestamp":1631992366,"swapAmountBNB":20,"uniswapv2buyprice":8259.12,"sushiswapv2buyprice":8235.43,"bakeryswapbuyprice":8356.87,"apeswapBuyPrice":8262.08,"uniswapv2sellprice":8217.33,"sushiswapv2sellprice":8210.95,"bakeryswapsellprice":8144.06,"apeswapsellprice":8217.09},{"block":11029787,"timestamp":1631992369,"swapAmountBNB":20,"uniswapv2buyprice":8258.95,"sushiswapv2buyprice":8235.43,"bakeryswapbuyprice":8356.87,"apeswapBuyPrice":8262.08,"uniswapv2sellprice":8217.16,"sushiswapv2sellprice":8210.95,"bakeryswapsellprice":8144.06,"apeswapsellprice":8217.09},{"block":11029788,"timestamp":1631992372,"swapAmountBNB":20,"uniswapv2buyprice":8258.95,"sushiswapv2buyprice":8236.38,"bakeryswapbuyprice":8356.87,"apeswapBuyPrice":8262.08,"uniswapv2sellprice":8217.16,"sushiswapv2sellprice":8211.91,"bakeryswapsellprice":8144.06,"apeswapsellprice":8217.09},{"block":11029789,"timestamp":1631992375,"swapAmountBNB":20,"uniswapv2buyprice":8256.98,"sushiswapv2buyprice":8231.97,"bakeryswapbuyprice":8356.87,"apeswapBuyPrice":8258.53,"uniswapv2sellprice":8215.2,"sushiswapv2sellprice":8207.5,"bakeryswapsellprice":8144.06,"apeswapsellprice":8213.56},{"block":11029790,"timestamp":1631992378,"swapAmountBNB":20,"uniswapv2buyprice":8257.13,"sushiswapv2buyprice":8231.97,"bakeryswapbuyprice":8356.87,"apeswapBuyPrice":8257.22,"uniswapv2sellprice":8215.35,"sushiswapv2sellprice":8207.5,"bakeryswapsellprice":8144.06,"apeswapsellprice":8212.26},{"block":11029791,"timestamp":1631992381,"swapAmountBNB":20,"uniswapv2buyprice":8257.03,"sushiswapv2buyprice":8227.55,"bakeryswapbuyprice":8356.87,"apeswapBuyPrice":8257.22,"uniswapv2sellprice":8215.25,"sushiswapv2sellprice":8203.11,"bakeryswapsellprice":8144.06,"apeswapsellprice":8212.26},{"block":11029792,"timestamp":1631992385,"swapAmountBNB":20,"uniswapv2buyprice":8256.99,"sushiswapv2buyprice":8227.55,"bakeryswapbuyprice":8356.87,"apeswapBuyPrice":8256.94,"uniswapv2sellprice":8215.21,"sushiswapv2sellprice":8203.11,"bakeryswapsellprice":8144.06,"apeswapsellprice":8211.98},{"block":11029792,"timestamp":1631992384,"swapAmountBNB":20,"uniswapv2buyprice":8256.99,"sushiswapv2buyprice":8227.55,"bakeryswapbuyprice":8356.87,"apeswapBuyPrice":8256.94,"uniswapv2sellprice":8215.21,"sushiswapv2sellprice":8203.11,"bakeryswapsellprice":8144.06,"apeswapsellprice":8211.98},{"block":11029793,"timestamp":1631992387,"swapAmountBNB":20,"uniswapv2buyprice":8256.98,"sushiswapv2buyprice":8227.55,"bakeryswapbuyprice":8356.87,"apeswapBuyPrice":8256.94,"uniswapv2sellprice":8215.2,"sushiswapv2sellprice":8203.11,"bakeryswapsellprice":8144.06,"apeswapsellprice":8211.98},{"block":11029794,"timestamp":1631992390,"swapAmountBNB":20,"uniswapv2buyprice":8255.81,"sushiswapv2buyprice":8227.55,"bakeryswapbuyprice":8356.87,"apeswapBuyPrice":8256.94,"uniswapv2sellprice":8214.03,"sushiswapv2sellprice":8203.11,"bakeryswapsellprice":8144.06,"apeswapsellprice":8211.98},{"block":11029795,"timestamp":1631992393,"swapAmountBNB":20,"uniswapv2buyprice":8255.8,"sushiswapv2buyprice":8227.95,"bakeryswapbuyprice":8356.87,"apeswapBuyPrice":8256.94,"uniswapv2sellprice":8214.02,"sushiswapv2sellprice":8203.11,"bakeryswapsellprice":8144.06,"apeswapsellprice":8211.98},{"block":11029796,"timestamp":1631992397,"swapAmountBNB":20,"uniswapv2buyprice":8255.93,"sushiswapv2buyprice":8227.95,"bakeryswapbuyprice":8356.87,"apeswapBuyPrice":8256.94,"uniswapv2sellprice":8214.15,"sushiswapv2sellprice":8203.51,"bakeryswapsellprice":8144.06,"apeswapsellprice":8211.98},{"block":11029796,"timestamp":1631992396,"swapAmountBNB":20,"uniswapv2buyprice":8255.93,"sushiswapv2buyprice":8227.95,"bakeryswapbuyprice":8356.87,"apeswapBuyPrice":8256.94,"uniswapv2sellprice":8214.15,"sushiswapv2sellprice":8203.51,"bakeryswapsellprice":8144.06,"apeswapsellprice":8211.98},{"block":11029797,"timestamp":1631992399,"swapAmountBNB":20,"uniswapv2buyprice":8255.77,"sushiswapv2buyprice":8228.37,"bakeryswapbuyprice":8356.87,"apeswapBuyPrice":8256.94,"uniswapv2sellprice":8213.99,"sushiswapv2sellprice":8203.92,"bakeryswapsellprice":8144.06,"apeswapsellprice":8211.98},{"block":11029798,"timestamp":1631992402,"swapAmountBNB":20,"uniswapv2buyprice":8255.77,"sushiswapv2buyprice":8228.37,"bakeryswapbuyprice":8356.87,"apeswapBuyPrice":8256.94,"uniswapv2sellprice":8214,"sushiswapv2sellprice":8203.92,"bakeryswapsellprice":8144.06,"apeswapsellprice":8211.98},{"block":11029799,"timestamp":1631992405,"swapAmountBNB":20,"uniswapv2buyprice":8255.75,"sushiswapv2buyprice":8228.37,"bakeryswapbuyprice":8350.16,"apeswapBuyPrice":8256.94,"uniswapv2sellprice":8213.97,"sushiswapv2sellprice":8203.92,"bakeryswapsellprice":8137.59,"apeswapsellprice":8211.98},{"block":11029800,"timestamp":1631992408,"swapAmountBNB":20,"uniswapv2buyprice":8255.68,"sushiswapv2buyprice":8228.37,"bakeryswapbuyprice":8350.16,"apeswapBuyPrice":8256.94,"uniswapv2sellprice":8213.91,"sushiswapv2sellprice":8203.92,"bakeryswapsellprice":8137.59,"apeswapsellprice":8211.98},{"block":11029801,"timestamp":1631992411,"swapAmountBNB":20,"uniswapv2buyprice":8255.65,"sushiswapv2buyprice":8228.37,"bakeryswapbuyprice":8350.16,"apeswapBuyPrice":8256.94,"uniswapv2sellprice":8213.88,"sushiswapv2sellprice":8203.92,"bakeryswapsellprice":8137.59,"apeswapsellprice":8211.98},{"block":11029802,"timestamp":1631992414,"swapAmountBNB":20,"uniswapv2buyprice":8255.65,"sushiswapv2buyprice":8232.79,"bakeryswapbuyprice":8350.16,"apeswapBuyPrice":8256.94,"uniswapv2sellprice":8213.88,"sushiswapv2sellprice":8203.92,"bakeryswapsellprice":8137.59,"apeswapsellprice":8211.98},{"block":11029803,"timestamp":1631992417,"swapAmountBNB":20,"uniswapv2buyprice":8255.78,"sushiswapv2buyprice":8232.79,"bakeryswapbuyprice":8350.16,"apeswapBuyPrice":8256.94,"uniswapv2sellprice":8214.01,"sushiswapv2sellprice":8208.33,"bakeryswapsellprice":8137.59,"apeswapsellprice":8211.98},{"block":11029804,"timestamp":1631992420,"swapAmountBNB":20,"uniswapv2buyprice":8255.8,"sushiswapv2buyprice":8232.82,"bakeryswapbuyprice":8350.16,"apeswapBuyPrice":8256.94,"uniswapv2sellprice":8213.86,"sushiswapv2sellprice":8208.35,"bakeryswapsellprice":8137.59,"apeswapsellprice":8211.98},{"block":11029805,"timestamp":1631992423,"swapAmountBNB":20,"uniswapv2buyprice":8255.8,"sushiswapv2buyprice":8232.82,"bakeryswapbuyprice":8350.16,"apeswapBuyPrice":8256.94,"uniswapv2sellprice":8214.03,"sushiswapv2sellprice":8208.35,"bakeryswapsellprice":8137.59,"apeswapsellprice":8211.98},{"block":11029806,"timestamp":1631992426,"swapAmountBNB":20,"uniswapv2buyprice":8255.73,"sushiswapv2buyprice":8232.82,"bakeryswapbuyprice":8350.16,"apeswapBuyPrice":8256.92,"uniswapv2sellprice":8213.95,"sushiswapv2sellprice":8208.35,"bakeryswapsellprice":8137.59,"apeswapsellprice":8211.96},{"block":11029807,"timestamp":1631992429,"swapAmountBNB":20,"uniswapv2buyprice":8256.09,"sushiswapv2buyprice":8232.82,"bakeryswapbuyprice":8350.16,"apeswapBuyPrice":8256.92,"uniswapv2sellprice":8214.31,"sushiswapv2sellprice":8208.35,"bakeryswapsellprice":8137.59,"apeswapsellprice":8211.96},{"block":11029808,"timestamp":1631992432,"swapAmountBNB":20,"uniswapv2buyprice":8255.97,"sushiswapv2buyprice":8232.82,"bakeryswapbuyprice":8350.16,"apeswapBuyPrice":8256.92,"uniswapv2sellprice":8214.19,"sushiswapv2sellprice":8208.35,"bakeryswapsellprice":8137.59,"apeswapsellprice":8211.96},{"block":11029809,"timestamp":1631992435,"swapAmountBNB":20,"uniswapv2buyprice":8255.97,"sushiswapv2buyprice":8232.82,"bakeryswapbuyprice":8350.16,"apeswapBuyPrice":8256.92,"uniswapv2sellprice":8214.19,"sushiswapv2sellprice":8208.35,"bakeryswapsellprice":8137.59,"apeswapsellprice":8211.96},{"block":11029810,"timestamp":1631992438,"swapAmountBNB":20,"uniswapv2buyprice":8255.85,"sushiswapv2buyprice":8232.82,"bakeryswapbuyprice":8350.16,"apeswapBuyPrice":8256.92,"uniswapv2sellprice":8214.07,"sushiswapv2sellprice":8208.35,"bakeryswapsellprice":8137.59,"apeswapsellprice":8211.96},{"block":11029811,"timestamp":1631992441,"swapAmountBNB":20,"uniswapv2buyprice":8255.73,"sushiswapv2buyprice":8232.82,"bakeryswapbuyprice":8350.16,"apeswapBuyPrice":8256.92,"uniswapv2sellprice":8213.96,"sushiswapv2sellprice":8208.35,"bakeryswapsellprice":8137.59,"apeswapsellprice":8211.96},{"block":11029812,"timestamp":1631992444,"swapAmountBNB":20,"uniswapv2buyprice":8255.73,"sushiswapv2buyprice":8232.82,"bakeryswapbuyprice":8350.16,"apeswapBuyPrice":8256.92,"uniswapv2sellprice":8213.95,"sushiswapv2sellprice":8208.35,"bakeryswapsellprice":8137.59,"apeswapsellprice":8211.96},{"block":11029813,"timestamp":1631992447,"swapAmountBNB":20,"uniswapv2buyprice":8255.73,"sushiswapv2buyprice":8232.82,"bakeryswapbuyprice":8338.72,"apeswapBuyPrice":8256.92,"uniswapv2sellprice":8213.95,"sushiswapv2sellprice":8208.35,"bakeryswapsellprice":8126.55,"apeswapsellprice":8211.96},{"block":11029814,"timestamp":1631992450,"swapAmountBNB":20,"uniswapv2buyprice":8255.73,"sushiswapv2buyprice":8232.82,"bakeryswapbuyprice":8338.72,"apeswapBuyPrice":8261.34,"uniswapv2sellprice":8213.95,"sushiswapv2sellprice":8208.35,"bakeryswapsellprice":8126.55,"apeswapsellprice":8216.35},{"block":11029815,"timestamp":1631992453,"swapAmountBNB":20,"uniswapv2buyprice":8255.75,"sushiswapv2buyprice":8232.82,"bakeryswapbuyprice":8338.72,"apeswapBuyPrice":8261.34,"uniswapv2sellprice":8213.98,"sushiswapv2sellprice":8208.35,"bakeryswapsellprice":8126.55,"apeswapsellprice":8216.35},{"block":11029816,"timestamp":1631992456,"swapAmountBNB":20,"uniswapv2buyprice":8255.68,"sushiswapv2buyprice":8232.82,"bakeryswapbuyprice":8338.72,"apeswapBuyPrice":8261.34,"uniswapv2sellprice":8213.9,"sushiswapv2sellprice":8208.35,"bakeryswapsellprice":8126.55,"apeswapsellprice":8216.35},{"block":11029817,"timestamp":1631992459,"swapAmountBNB":20,"uniswapv2buyprice":8255.62,"sushiswapv2buyprice":8232.82,"bakeryswapbuyprice":8338.72,"apeswapBuyPrice":8261.42,"uniswapv2sellprice":8213.85,"sushiswapv2sellprice":8208.35,"bakeryswapsellprice":8126.55,"apeswapsellprice":8216.43},{"block":11029818,"timestamp":1631992462,"swapAmountBNB":20,"uniswapv2buyprice":8255.67,"sushiswapv2buyprice":8233.05,"bakeryswapbuyprice":8338.72,"apeswapBuyPrice":8261.42,"uniswapv2sellprice":8213.9,"sushiswapv2sellprice":8208.58,"bakeryswapsellprice":8126.55,"apeswapsellprice":8216.43},{"block":11029819,"timestamp":1631992465,"swapAmountBNB":20,"uniswapv2buyprice":8255.71,"sushiswapv2buyprice":8234.43,"bakeryswapbuyprice":8338.72,"apeswapBuyPrice":8261.42,"uniswapv2sellprice":8213.94,"sushiswapv2sellprice":8209.96,"bakeryswapsellprice":8126.55,"apeswapsellprice":8216.43},{"block":11029820,"timestamp":1631992468,"swapAmountBNB":20,"uniswapv2buyprice":8255.62,"sushiswapv2buyprice":8234.43,"bakeryswapbuyprice":8338.72,"apeswapBuyPrice":8261.42,"uniswapv2sellprice":8213.84,"sushiswapv2sellprice":8209.96,"bakeryswapsellprice":8126.55,"apeswapsellprice":8216.43},{"block":11029821,"timestamp":1631992471,"swapAmountBNB":20,"uniswapv2buyprice":8255.58,"sushiswapv2buyprice":8234.43,"bakeryswapbuyprice":8338.72,"apeswapBuyPrice":8261.42,"uniswapv2sellprice":8213.81,"sushiswapv2sellprice":8209.96,"bakeryswapsellprice":8126.55,"apeswapsellprice":8216.43},{"block":11029822,"timestamp":1631992474,"swapAmountBNB":20,"uniswapv2buyprice":8255.69,"sushiswapv2buyprice":8234.43,"bakeryswapbuyprice":8338.72,"apeswapBuyPrice":8261.42,"uniswapv2sellprice":8213.91,"sushiswapv2sellprice":8209.96,"bakeryswapsellprice":8126.55,"apeswapsellprice":8216.43},{"block":11029823,"timestamp":1631992477,"swapAmountBNB":20,"uniswapv2buyprice":8255.73,"sushiswapv2buyprice":8234.43,"bakeryswapbuyprice":8338.72,"apeswapBuyPrice":8261.42,"uniswapv2sellprice":8213.96,"sushiswapv2sellprice":8209.96,"bakeryswapsellprice":8126.55,"apeswapsellprice":8216.43},{"block":11029824,"timestamp":1631992480,"swapAmountBNB":20,"uniswapv2buyprice":8255.75,"sushiswapv2buyprice":8236.12,"bakeryswapbuyprice":8338.72,"apeswapBuyPrice":8261.43,"uniswapv2sellprice":8213.97,"sushiswapv2sellprice":8211.64,"bakeryswapsellprice":8126.55,"apeswapsellprice":8216.44},{"block":11029825,"timestamp":1631992483,"swapAmountBNB":20,"uniswapv2buyprice":8255.75,"sushiswapv2buyprice":8236.14,"bakeryswapbuyprice":8337.9,"apeswapBuyPrice":8261.21,"uniswapv2sellprice":8213.98,"sushiswapv2sellprice":8211.66,"bakeryswapsellprice":8126.55,"apeswapsellprice":8216.23},{"block":11029826,"timestamp":1631992486,"swapAmountBNB":20,"uniswapv2buyprice":8255.75,"sushiswapv2buyprice":8236.14,"bakeryswapbuyprice":8337.9,"apeswapBuyPrice":8261.21,"uniswapv2sellprice":8213.98,"sushiswapv2sellprice":8211.66,"bakeryswapsellprice":8125.75,"apeswapsellprice":8216.23},{"block":11029827,"timestamp":1631992489,"swapAmountBNB":20,"uniswapv2buyprice":8255.78,"sushiswapv2buyprice":8236.14,"bakeryswapbuyprice":8337.9,"apeswapBuyPrice":8260.73,"uniswapv2sellprice":8214.01,"sushiswapv2sellprice":8211.66,"bakeryswapsellprice":8125.75,"apeswapsellprice":8215.75},{"block":11029828,"timestamp":1631992492,"swapAmountBNB":20,"uniswapv2buyprice":8255.7,"sushiswapv2buyprice":8236.76,"bakeryswapbuyprice":8337.9,"apeswapBuyPrice":8260.73,"uniswapv2sellprice":8213.93,"sushiswapv2sellprice":8212.28,"bakeryswapsellprice":8125.75,"apeswapsellprice":8215.75},{"block":11029829,"timestamp":1631992495,"swapAmountBNB":20,"uniswapv2buyprice":8255.69,"sushiswapv2buyprice":8236.76,"bakeryswapbuyprice":8337.9,"apeswapBuyPrice":8260.73,"uniswapv2sellprice":8213.91,"sushiswapv2sellprice":8212.28,"bakeryswapsellprice":8125.75,"apeswapsellprice":8215.75},{"block":11029830,"timestamp":1631992498,"swapAmountBNB":20,"uniswapv2buyprice":8255.93,"sushiswapv2buyprice":8236.76,"bakeryswapbuyprice":8337.9,"apeswapBuyPrice":8260.73,"uniswapv2sellprice":8214.16,"sushiswapv2sellprice":8212.28,"bakeryswapsellprice":8125.75,"apeswapsellprice":8215.75},{"block":11029831,"timestamp":1631992501,"swapAmountBNB":20,"uniswapv2buyprice":8255.93,"sushiswapv2buyprice":8236.76,"bakeryswapbuyprice":8337.9,"apeswapBuyPrice":8258.51,"uniswapv2sellprice":8214.16,"sushiswapv2sellprice":8212.28,"bakeryswapsellprice":8125.75,"apeswapsellprice":8213.54},{"block":11029832,"timestamp":1631992504,"swapAmountBNB":20,"uniswapv2buyprice":8256.01,"sushiswapv2buyprice":8236.76,"bakeryswapbuyprice":8337.9,"apeswapBuyPrice":8258.51,"uniswapv2sellprice":8214.23,"sushiswapv2sellprice":8212.28,"bakeryswapsellprice":8125.75,"apeswapsellprice":8213.54},{"block":11029833,"timestamp":1631992507,"swapAmountBNB":20,"uniswapv2buyprice":8255.99,"sushiswapv2buyprice":8236.76,"bakeryswapbuyprice":8337.9,"apeswapBuyPrice":8258.51,"uniswapv2sellprice":8214.21,"sushiswapv2sellprice":8212.28,"bakeryswapsellprice":8125.75,"apeswapsellprice":8213.54},{"block":11029834,"timestamp":1631992510,"swapAmountBNB":20,"uniswapv2buyprice":8256,"sushiswapv2buyprice":8236.76,"bakeryswapbuyprice":8337.9,"apeswapBuyPrice":8258.51,"uniswapv2sellprice":8214.22,"sushiswapv2sellprice":8212.28,"bakeryswapsellprice":8125.75,"apeswapsellprice":8213.54},{"block":11029835,"timestamp":1631992513,"swapAmountBNB":20,"uniswapv2buyprice":8255.71,"sushiswapv2buyprice":8236.77,"bakeryswapbuyprice":8337.9,"apeswapBuyPrice":8258.51,"uniswapv2sellprice":8213.93,"sushiswapv2sellprice":8212.29,"bakeryswapsellprice":8125.75,"apeswapsellprice":8213.54},{"block":11029836,"timestamp":1631992516,"swapAmountBNB":20,"uniswapv2buyprice":8255.71,"sushiswapv2buyprice":8237.04,"bakeryswapbuyprice":8337.9,"apeswapBuyPrice":8258.51,"uniswapv2sellprice":8213.93,"sushiswapv2sellprice":8212.56,"bakeryswapsellprice":8125.75,"apeswapsellprice":8213.54},{"block":11029837,"timestamp":1631992519,"swapAmountBNB":20,"uniswapv2buyprice":8255.66,"sushiswapv2buyprice":8237.04,"bakeryswapbuyprice":8337.9,"apeswapBuyPrice":8258.51,"uniswapv2sellprice":8213.89,"sushiswapv2sellprice":8212.56,"bakeryswapsellprice":8125.75,"apeswapsellprice":8213.54},{"block":11029838,"timestamp":1631992522,"swapAmountBNB":20,"uniswapv2buyprice":8255.65,"sushiswapv2buyprice":8237.04,"bakeryswapbuyprice":8337.9,"apeswapBuyPrice":8258.48,"uniswapv2sellprice":8213.88,"sushiswapv2sellprice":8212.56,"bakeryswapsellprice":8125.75,"apeswapsellprice":8213.51},{"block":11029839,"timestamp":1631992525,"swapAmountBNB":20,"uniswapv2buyprice":8255.58,"sushiswapv2buyprice":8232.62,"bakeryswapbuyprice":8337.9,"apeswapBuyPrice":8258.48,"uniswapv2sellprice":8213.8,"sushiswapv2sellprice":8208.16,"bakeryswapsellprice":8125.75,"apeswapsellprice":8213.51},{"block":11029840,"timestamp":1631992528,"swapAmountBNB":20,"uniswapv2buyprice":8255.58,"sushiswapv2buyprice":8232.62,"bakeryswapbuyprice":8337.9,"apeswapBuyPrice":8258.48,"uniswapv2sellprice":8213.81,"sushiswapv2sellprice":8208.16,"bakeryswapsellprice":8125.75,"apeswapsellprice":8213.51},{"block":11029841,"timestamp":1631992531,"swapAmountBNB":20,"uniswapv2buyprice":8255.64,"sushiswapv2buyprice":8232.62,"bakeryswapbuyprice":8337.9,"apeswapBuyPrice":8258.48,"uniswapv2sellprice":8213.87,"sushiswapv2sellprice":8208.16,"bakeryswapsellprice":8125.75,"apeswapsellprice":8213.51},{"block":11029842,"timestamp":1631992534,"swapAmountBNB":20,"uniswapv2buyprice":8255.72,"sushiswapv2buyprice":8232.62,"bakeryswapbuyprice":8349.3,"apeswapBuyPrice":8258.48,"uniswapv2sellprice":8213.95,"sushiswapv2sellprice":8208.16,"bakeryswapsellprice":8136.76,"apeswapsellprice":8213.51},{"block":11029843,"timestamp":1631992537,"swapAmountBNB":20,"uniswapv2buyprice":8255.6,"sushiswapv2buyprice":8228.21,"bakeryswapbuyprice":8349.3,"apeswapBuyPrice":8256.43,"uniswapv2sellprice":8213.83,"sushiswapv2sellprice":8203.76,"bakeryswapsellprice":8136.76,"apeswapsellprice":8211.47},{"block":11029844,"timestamp":1631992540,"swapAmountBNB":20,"uniswapv2buyprice":8255.73,"sushiswapv2buyprice":8228.21,"bakeryswapbuyprice":8349.3,"apeswapBuyPrice":8254.98,"uniswapv2sellprice":8213.96,"sushiswapv2sellprice":8203.76,"bakeryswapsellprice":8136.76,"apeswapsellprice":8210.03},{"block":11029845,"timestamp":1631992543,"swapAmountBNB":20,"uniswapv2buyprice":8255.63,"sushiswapv2buyprice":8228.21,"bakeryswapbuyprice":8349.3,"apeswapBuyPrice":8254.98,"uniswapv2sellprice":8213.85,"sushiswapv2sellprice":8203.76,"bakeryswapsellprice":8136.76,"apeswapsellprice":8210.03},{"block":11029846,"timestamp":1631992546,"swapAmountBNB":20,"uniswapv2buyprice":8255.3,"sushiswapv2buyprice":8228.28,"bakeryswapbuyprice":8349.3,"apeswapBuyPrice":8254.98,"uniswapv2sellprice":8213.53,"sushiswapv2sellprice":8203.83,"bakeryswapsellprice":8136.76,"apeswapsellprice":8210.03},{"block":11029847,"timestamp":1631992549,"swapAmountBNB":20,"uniswapv2buyprice":8255.31,"sushiswapv2buyprice":8228.28,"bakeryswapbuyprice":8349.3,"apeswapBuyPrice":8254.98,"uniswapv2sellprice":8213.53,"sushiswapv2sellprice":8203.83,"bakeryswapsellprice":8136.76,"apeswapsellprice":8210.03},{"block":11029848,"timestamp":1631992552,"swapAmountBNB":20,"uniswapv2buyprice":8254.79,"sushiswapv2buyprice":8228.28,"bakeryswapbuyprice":8349.3,"apeswapBuyPrice":8254.98,"uniswapv2sellprice":8213.02,"sushiswapv2sellprice":8203.83,"bakeryswapsellprice":8136.76,"apeswapsellprice":8210.03},{"block":11029849,"timestamp":1631992555,"swapAmountBNB":20,"uniswapv2buyprice":8254.8,"sushiswapv2buyprice":8228.28,"bakeryswapbuyprice":8349.3,"apeswapBuyPrice":8254.98,"uniswapv2sellprice":8213.03,"sushiswapv2sellprice":8203.83,"bakeryswapsellprice":8136.76,"apeswapsellprice":8210.03},{"block":11029850,"timestamp":1631992558,"swapAmountBNB":20,"uniswapv2buyprice":8254.72,"sushiswapv2buyprice":8228.28,"bakeryswapbuyprice":8349.3,"apeswapBuyPrice":8254.98,"uniswapv2sellprice":8212.95,"sushiswapv2sellprice":8203.83,"bakeryswapsellprice":8136.76,"apeswapsellprice":8210.03},{"block":11029851,"timestamp":1631992561,"swapAmountBNB":20,"uniswapv2buyprice":8254.68,"sushiswapv2buyprice":8228.28,"bakeryswapbuyprice":8349.3,"apeswapBuyPrice":8253,"uniswapv2sellprice":8212.91,"sushiswapv2sellprice":8203.83,"bakeryswapsellprice":8136.76,"apeswapsellprice":8208.06},{"block":11029851,"timestamp":1631992562,"swapAmountBNB":20,"uniswapv2buyprice":8254.68,"sushiswapv2buyprice":8228.28,"bakeryswapbuyprice":8349.3,"apeswapBuyPrice":8253,"uniswapv2sellprice":8212.91,"sushiswapv2sellprice":8203.83,"bakeryswapsellprice":8136.76,"apeswapsellprice":8208.06},{"block":11029852,"timestamp":1631992564,"swapAmountBNB":20,"uniswapv2buyprice":8255.18,"sushiswapv2buyprice":8228.28,"bakeryswapbuyprice":8349.3,"apeswapBuyPrice":8253,"uniswapv2sellprice":8213.41,"sushiswapv2sellprice":8203.83,"bakeryswapsellprice":8136.76,"apeswapsellprice":8208.06},{"block":11029853,"timestamp":1631992567,"swapAmountBNB":20,"uniswapv2buyprice":8254.92,"sushiswapv2buyprice":8228.28,"bakeryswapbuyprice":8349.3,"apeswapBuyPrice":8252.91,"uniswapv2sellprice":8213.15,"sushiswapv2sellprice":8203.83,"bakeryswapsellprice":8136.76,"apeswapsellprice":8208.06},{"block":11029854,"timestamp":1631992570,"swapAmountBNB":20,"uniswapv2buyprice":8254.91,"sushiswapv2buyprice":8228.28,"bakeryswapbuyprice":8349.3,"apeswapBuyPrice":8252.91,"uniswapv2sellprice":8213.14,"sushiswapv2sellprice":8203.83,"bakeryswapsellprice":8136.76,"apeswapsellprice":8207.97},{"block":11029855,"timestamp":1631992573,"swapAmountBNB":20,"uniswapv2buyprice":8254.94,"sushiswapv2buyprice":8228.28,"bakeryswapbuyprice":8349.3,"apeswapBuyPrice":8252.91,"uniswapv2sellprice":8213.17,"sushiswapv2sellprice":8203.83,"bakeryswapsellprice":8136.76,"apeswapsellprice":8207.97},{"block":11029856,"timestamp":1631992576,"swapAmountBNB":20,"uniswapv2buyprice":8254.61,"sushiswapv2buyprice":8228.28,"bakeryswapbuyprice":8349.3,"apeswapBuyPrice":8252.91,"uniswapv2sellprice":8212.84,"sushiswapv2sellprice":8203.83,"bakeryswapsellprice":8136.76,"apeswapsellprice":8207.97},{"block":11029857,"timestamp":1631992579,"swapAmountBNB":20,"uniswapv2buyprice":8254.61,"sushiswapv2buyprice":8228.28,"bakeryswapbuyprice":8349.3,"apeswapBuyPrice":8252.91,"uniswapv2sellprice":8212.84,"sushiswapv2sellprice":8203.83,"bakeryswapsellprice":8136.76,"apeswapsellprice":8207.97},{"block":11029858,"timestamp":1631992582,"swapAmountBNB":20,"uniswapv2buyprice":8254.61,"sushiswapv2buyprice":8228.28,"bakeryswapbuyprice":8349.3,"apeswapBuyPrice":8253.01,"uniswapv2sellprice":8212.83,"sushiswapv2sellprice":8203.83,"bakeryswapsellprice":8136.76,"apeswapsellprice":8207.97},{"block":11029859,"timestamp":1631992585,"swapAmountBNB":20,"uniswapv2buyprice":8254.61,"sushiswapv2buyprice":8228.28,"bakeryswapbuyprice":8349.3,"apeswapBuyPrice":8253.01,"uniswapv2sellprice":8212.84,"sushiswapv2sellprice":8203.83,"bakeryswapsellprice":8136.76,"apeswapsellprice":8208.07},{"block":11029860,"timestamp":1631992588,"swapAmountBNB":20,"uniswapv2buyprice":8254.57,"sushiswapv2buyprice":8228.28,"bakeryswapbuyprice":8349.3,"apeswapBuyPrice":8253.01,"uniswapv2sellprice":8212.8,"sushiswapv2sellprice":8203.83,"bakeryswapsellprice":8136.76,"apeswapsellprice":8208.07},{"block":11029861,"timestamp":1631992591,"swapAmountBNB":20,"uniswapv2buyprice":8254.68,"sushiswapv2buyprice":8228.28,"bakeryswapbuyprice":8349.3,"apeswapBuyPrice":8253.01,"uniswapv2sellprice":8212.91,"sushiswapv2sellprice":8203.83,"bakeryswapsellprice":8136.76,"apeswapsellprice":8208.07},{"block":11029862,"timestamp":1631992594,"swapAmountBNB":20,"uniswapv2buyprice":8254.59,"sushiswapv2buyprice":8228.28,"bakeryswapbuyprice":8349.3,"apeswapBuyPrice":8253.24,"uniswapv2sellprice":8212.82,"sushiswapv2sellprice":8203.83,"bakeryswapsellprice":8136.76,"apeswapsellprice":8208.3},{"block":11029863,"timestamp":1631992597,"swapAmountBNB":20,"uniswapv2buyprice":8254.59,"sushiswapv2buyprice":8228.28,"bakeryswapbuyprice":8349.3,"apeswapBuyPrice":8253.24,"uniswapv2sellprice":8212.82,"sushiswapv2sellprice":8203.83,"bakeryswapsellprice":8136.76,"apeswapsellprice":8208.3},{"block":11029864,"timestamp":1631992600,"swapAmountBNB":20,"uniswapv2buyprice":8254.37,"sushiswapv2buyprice":8228.75,"bakeryswapbuyprice":8349.3,"apeswapBuyPrice":8253.24,"uniswapv2sellprice":8212.6,"sushiswapv2sellprice":8204.3,"bakeryswapsellprice":8136.76,"apeswapsellprice":8208.3},{"block":11029865,"timestamp":1631992603,"swapAmountBNB":20,"uniswapv2buyprice":8254.37,"sushiswapv2buyprice":8228.75,"bakeryswapbuyprice":8349.3,"apeswapBuyPrice":8253.24,"uniswapv2sellprice":8212.6,"sushiswapv2sellprice":8204.3,"bakeryswapsellprice":8136.76,"apeswapsellprice":8208.3},{"block":11029866,"timestamp":1631992606,"swapAmountBNB":20,"uniswapv2buyprice":8254.37,"sushiswapv2buyprice":8229.41,"bakeryswapbuyprice":8349.3,"apeswapBuyPrice":8253.24,"uniswapv2sellprice":8212.6,"sushiswapv2sellprice":8204.96,"bakeryswapsellprice":8136.76,"apeswapsellprice":8208.3},{"block":11029867,"timestamp":1631992609,"swapAmountBNB":20,"uniswapv2buyprice":8254.26,"sushiswapv2buyprice":8229.41,"bakeryswapbuyprice":8349.3,"apeswapBuyPrice":8253.24,"uniswapv2sellprice":8212.49,"sushiswapv2sellprice":8204.96,"bakeryswapsellprice":8136.76,"apeswapsellprice":8208.3},{"block":11029868,"timestamp":1631992612,"swapAmountBNB":20,"uniswapv2buyprice":8254.25,"sushiswapv2buyprice":8229.46,"bakeryswapbuyprice":8349.3,"apeswapBuyPrice":8253.24,"uniswapv2sellprice":8212.49,"sushiswapv2sellprice":8205.01,"bakeryswapsellprice":8136.76,"apeswapsellprice":8208.3},{"block":11029869,"timestamp":1631992615,"swapAmountBNB":20,"uniswapv2buyprice":8254.1,"sushiswapv2buyprice":8229.46,"bakeryswapbuyprice":8349.3,"apeswapBuyPrice":8253.24,"uniswapv2sellprice":8212.34,"sushiswapv2sellprice":8205.01,"bakeryswapsellprice":8136.76,"apeswapsellprice":8208.3},{"block":11029870,"timestamp":1631992618,"swapAmountBNB":20,"uniswapv2buyprice":8254.1,"sushiswapv2buyprice":8229.46,"bakeryswapbuyprice":8349.3,"apeswapBuyPrice":8253.24,"uniswapv2sellprice":8212.33,"sushiswapv2sellprice":8205.01,"bakeryswapsellprice":8136.76,"apeswapsellprice":8208.3},{"block":11029871,"timestamp":1631992621,"swapAmountBNB":20,"uniswapv2buyprice":8254.24,"sushiswapv2buyprice":8233.88,"bakeryswapbuyprice":8349.3,"apeswapBuyPrice":8253.24,"uniswapv2sellprice":8212.47,"sushiswapv2sellprice":8209.41,"bakeryswapsellprice":8136.76,"apeswapsellprice":8208.3},{"block":11029872,"timestamp":1631992624,"swapAmountBNB":20,"uniswapv2buyprice":8254.23,"sushiswapv2buyprice":8233.88,"bakeryswapbuyprice":8349.3,"apeswapBuyPrice":8253.06,"uniswapv2sellprice":8212.46,"sushiswapv2sellprice":8209.41,"bakeryswapsellprice":8136.76,"apeswapsellprice":8208.12},{"block":11029873,"timestamp":1631992627,"swapAmountBNB":20,"uniswapv2buyprice":8254.12,"sushiswapv2buyprice":8236,"bakeryswapbuyprice":8349.3,"apeswapBuyPrice":8253.06,"uniswapv2sellprice":8212.36,"sushiswapv2sellprice":8211.52,"bakeryswapsellprice":8136.76,"apeswapsellprice":8208.12},{"block":11029874,"timestamp":1631992630,"swapAmountBNB":20,"uniswapv2buyprice":8254.1,"sushiswapv2buyprice":8236,"bakeryswapbuyprice":8349.3,"apeswapBuyPrice":8253.06,"uniswapv2sellprice":8212.34,"sushiswapv2sellprice":8211.52,"bakeryswapsellprice":8136.76,"apeswapsellprice":8208.12},{"block":11029875,"timestamp":1631992633,"swapAmountBNB":20,"uniswapv2buyprice":8254.1,"sushiswapv2buyprice":8236,"bakeryswapbuyprice":8349.3,"apeswapBuyPrice":8253.06,"uniswapv2sellprice":8212.33,"sushiswapv2sellprice":8211.52,"bakeryswapsellprice":8136.76,"apeswapsellprice":8208.12},{"block":11029876,"timestamp":1631992636,"swapAmountBNB":20,"uniswapv2buyprice":8253.91,"sushiswapv2buyprice":8236,"bakeryswapbuyprice":8349.3,"apeswapBuyPrice":8253.44,"uniswapv2sellprice":8212.15,"sushiswapv2sellprice":8211.52,"bakeryswapsellprice":8136.76,"apeswapsellprice":8208.5},{"block":11029877,"timestamp":1631992639,"swapAmountBNB":20,"uniswapv2buyprice":8253.84,"sushiswapv2buyprice":8236,"bakeryswapbuyprice":8349.3,"apeswapBuyPrice":8253.44,"uniswapv2sellprice":8212.07,"sushiswapv2sellprice":8211.52,"bakeryswapsellprice":8136.76,"apeswapsellprice":8208.5},{"block":11029878,"timestamp":1631992642,"swapAmountBNB":20,"uniswapv2buyprice":8253.86,"sushiswapv2buyprice":8231.58,"bakeryswapbuyprice":8349.3,"apeswapBuyPrice":8253.46,"uniswapv2sellprice":8212.1,"sushiswapv2sellprice":8207.12,"bakeryswapsellprice":8136.76,"apeswapsellprice":8208.52},{"block":11029879,"timestamp":1631992645,"swapAmountBNB":20,"uniswapv2buyprice":8253.86,"sushiswapv2buyprice":8231.58,"bakeryswapbuyprice":8349.3,"apeswapBuyPrice":8253.46,"uniswapv2sellprice":8212.1,"sushiswapv2sellprice":8207.12,"bakeryswapsellprice":8136.76,"apeswapsellprice":8208.52},{"block":11029880,"timestamp":1631992648,"swapAmountBNB":20,"uniswapv2buyprice":8253.91,"sushiswapv2buyprice":8231.58,"bakeryswapbuyprice":8349.3,"apeswapBuyPrice":8253.46,"uniswapv2sellprice":8212.14,"sushiswapv2sellprice":8207.12,"bakeryswapsellprice":8136.76,"apeswapsellprice":8208.52},{"block":11029881,"timestamp":1631992651,"swapAmountBNB":20,"uniswapv2buyprice":8253.92,"sushiswapv2buyprice":8231.58,"bakeryswapbuyprice":8349.3,"apeswapBuyPrice":8253.46,"uniswapv2sellprice":8212.15,"sushiswapv2sellprice":8207.12,"bakeryswapsellprice":8136.76,"apeswapsellprice":8208.52},{"block":11029882,"timestamp":1631992654,"swapAmountBNB":20,"uniswapv2buyprice":8253.93,"sushiswapv2buyprice":8231.58,"bakeryswapbuyprice":8349.3,"apeswapBuyPrice":8253.46,"uniswapv2sellprice":8212.17,"sushiswapv2sellprice":8207.12,"bakeryswapsellprice":8136.76,"apeswapsellprice":8208.52},{"block":11029883,"timestamp":1631992657,"swapAmountBNB":20,"uniswapv2buyprice":8253.52,"sushiswapv2buyprice":8227.17,"bakeryswapbuyprice":8349.3,"apeswapBuyPrice":8253.46,"uniswapv2sellprice":8211.75,"sushiswapv2sellprice":8202.72,"bakeryswapsellprice":8136.76,"apeswapsellprice":8208.52},{"block":11029884,"timestamp":1631992660,"swapAmountBNB":20,"uniswapv2buyprice":8252.65,"sushiswapv2buyprice":8227.17,"bakeryswapbuyprice":8349.3,"apeswapBuyPrice":8253.49,"uniswapv2sellprice":8210.89,"sushiswapv2sellprice":8202.72,"bakeryswapsellprice":8136.76,"apeswapsellprice":8208.55},{"block":11029885,"timestamp":1631992663,"swapAmountBNB":20,"uniswapv2buyprice":8252.68,"sushiswapv2buyprice":8227.17,"bakeryswapbuyprice":8349.3,"apeswapBuyPrice":8253.49,"uniswapv2sellprice":8210.92,"sushiswapv2sellprice":8202.72,"bakeryswapsellprice":8136.76,"apeswapsellprice":8208.55},{"block":11029886,"timestamp":1631992666,"swapAmountBNB":20,"uniswapv2buyprice":8252.62,"sushiswapv2buyprice":8222.76,"bakeryswapbuyprice":8349.3,"apeswapBuyPrice":8253.49,"uniswapv2sellprice":8210.86,"sushiswapv2sellprice":8198.33,"bakeryswapsellprice":8136.76,"apeswapsellprice":8208.55},{"block":11029887,"timestamp":1631992669,"swapAmountBNB":20,"uniswapv2buyprice":8252.32,"sushiswapv2buyprice":8223.17,"bakeryswapbuyprice":8349.3,"apeswapBuyPrice":8253.39,"uniswapv2sellprice":8210.56,"sushiswapv2sellprice":8198.74,"bakeryswapsellprice":8136.76,"apeswapsellprice":8208.45},{"block":11029888,"timestamp":1631992672,"swapAmountBNB":20,"uniswapv2buyprice":8252.06,"sushiswapv2buyprice":8223.17,"bakeryswapbuyprice":8349.3,"apeswapBuyPrice":8253.39,"uniswapv2sellprice":8210.3,"sushiswapv2sellprice":8198.74,"bakeryswapsellprice":8136.76,"apeswapsellprice":8208.45},{"block":11029889,"timestamp":1631992675,"swapAmountBNB":20,"uniswapv2buyprice":8252.09,"sushiswapv2buyprice":8223.17,"bakeryswapbuyprice":8349.3,"apeswapBuyPrice":8249.85,"uniswapv2sellprice":8210.33,"sushiswapv2sellprice":8198.74,"bakeryswapsellprice":8136.76,"apeswapsellprice":8208.45},{"block":11029890,"timestamp":1631992678,"swapAmountBNB":20,"uniswapv2buyprice":8252.1,"sushiswapv2buyprice":8223.17,"bakeryswapbuyprice":8349.3,"apeswapBuyPrice":8249.85,"uniswapv2sellprice":8210.34,"sushiswapv2sellprice":8198.74,"bakeryswapsellprice":8136.76,"apeswapsellprice":8204.93},{"block":11029891,"timestamp":1631992681,"swapAmountBNB":20,"uniswapv2buyprice":8252.02,"sushiswapv2buyprice":8223.5,"bakeryswapbuyprice":8349.3,"apeswapBuyPrice":8249.85,"uniswapv2sellprice":8210.27,"sushiswapv2sellprice":8199.06,"bakeryswapsellprice":8136.76,"apeswapsellprice":8204.93},{"block":11029892,"timestamp":1631992684,"swapAmountBNB":20,"uniswapv2buyprice":8252.02,"sushiswapv2buyprice":8223.5,"bakeryswapbuyprice":8349.3,"apeswapBuyPrice":8249.85,"uniswapv2sellprice":8210.26,"sushiswapv2sellprice":8199.06,"bakeryswapsellprice":8136.76,"apeswapsellprice":8204.93},{"block":11029893,"timestamp":1631992687,"swapAmountBNB":20,"uniswapv2buyprice":8252.02,"sushiswapv2buyprice":8223.5,"bakeryswapbuyprice":8349.3,"apeswapBuyPrice":8249.85,"uniswapv2sellprice":8210.26,"sushiswapv2sellprice":8199.06,"bakeryswapsellprice":8136.76,"apeswapsellprice":8204.93},{"block":11029894,"timestamp":1631992690,"swapAmountBNB":20,"uniswapv2buyprice":8252.09,"sushiswapv2buyprice":8223.5,"bakeryswapbuyprice":8349.3,"apeswapBuyPrice":8249.85,"uniswapv2sellprice":8210.33,"sushiswapv2sellprice":8199.06,"bakeryswapsellprice":8136.76,"apeswapsellprice":8204.93},{"block":11029895,"timestamp":1631992693,"swapAmountBNB":20,"uniswapv2buyprice":8252.05,"sushiswapv2buyprice":8223.41,"bakeryswapbuyprice":8349.3,"apeswapBuyPrice":8249.81,"uniswapv2sellprice":8210.3,"sushiswapv2sellprice":8198.98,"bakeryswapsellprice":8136.76,"apeswapsellprice":8204.89},{"block":11029896,"timestamp":1631992696,"swapAmountBNB":20,"uniswapv2buyprice":8252.05,"sushiswapv2buyprice":8223.41,"bakeryswapbuyprice":8349.3,"apeswapBuyPrice":8249.81,"uniswapv2sellprice":8210.29,"sushiswapv2sellprice":8198.98,"bakeryswapsellprice":8136.76,"apeswapsellprice":8204.89},{"block":11029897,"timestamp":1631992699,"swapAmountBNB":20,"uniswapv2buyprice":8252.02,"sushiswapv2buyprice":8223.41,"bakeryswapbuyprice":8349.3,"apeswapBuyPrice":8249.81,"uniswapv2sellprice":8210.27,"sushiswapv2sellprice":8198.98,"bakeryswapsellprice":8136.76,"apeswapsellprice":8204.89},{"block":11029898,"timestamp":1631992702,"swapAmountBNB":20,"uniswapv2buyprice":8251.77,"sushiswapv2buyprice":8223.41,"bakeryswapbuyprice":8349.3,"apeswapBuyPrice":8249.81,"uniswapv2sellprice":8210.02,"sushiswapv2sellprice":8198.98,"bakeryswapsellprice":8136.76,"apeswapsellprice":8204.89},{"block":11029899,"timestamp":1631992705,"swapAmountBNB":20,"uniswapv2buyprice":8251.73,"sushiswapv2buyprice":8223.41,"bakeryswapbuyprice":8349.3,"apeswapBuyPrice":8249.81,"uniswapv2sellprice":8209.97,"sushiswapv2sellprice":8198.98,"bakeryswapsellprice":8136.76,"apeswapsellprice":8204.89},{"block":11029900,"timestamp":1631992708,"swapAmountBNB":20,"uniswapv2buyprice":8251.66,"sushiswapv2buyprice":8223.41,"bakeryswapbuyprice":8349.3,"apeswapBuyPrice":8249.81,"uniswapv2sellprice":8209.9,"sushiswapv2sellprice":8198.98,"bakeryswapsellprice":8136.76,"apeswapsellprice":8204.89},{"block":11029901,"timestamp":1631992711,"swapAmountBNB":20,"uniswapv2buyprice":8251.48,"sushiswapv2buyprice":8223.41,"bakeryswapbuyprice":8347.24,"apeswapBuyPrice":8249.81,"uniswapv2sellprice":8209.73,"sushiswapv2sellprice":8198.98,"bakeryswapsellprice":8134.77,"apeswapsellprice":8204.89},{"block":11029902,"timestamp":1631992714,"swapAmountBNB":20,"uniswapv2buyprice":8251.01,"sushiswapv2buyprice":8223.41,"bakeryswapbuyprice":8347.24,"apeswapBuyPrice":8249.81,"uniswapv2sellprice":8209.26,"sushiswapv2sellprice":8198.98,"bakeryswapsellprice":8134.77,"apeswapsellprice":8204.89},{"block":11029903,"timestamp":1631992717,"swapAmountBNB":20,"uniswapv2buyprice":8250.94,"sushiswapv2buyprice":8223.41,"bakeryswapbuyprice":8347.24,"apeswapBuyPrice":8249.81,"uniswapv2sellprice":8209.19,"sushiswapv2sellprice":8198.98,"bakeryswapsellprice":8134.77,"apeswapsellprice":8204.89},{"block":11029904,"timestamp":1631992720,"swapAmountBNB":20,"uniswapv2buyprice":8250.93,"sushiswapv2buyprice":8227.83,"bakeryswapbuyprice":8347.24,"apeswapBuyPrice":8249.81,"uniswapv2sellprice":8209.18,"sushiswapv2sellprice":8203.38,"bakeryswapsellprice":8134.77,"apeswapsellprice":8204.89},{"block":11029905,"timestamp":1631992723,"swapAmountBNB":20,"uniswapv2buyprice":8251.04,"sushiswapv2buyprice":8227.83,"bakeryswapbuyprice":8347.24,"apeswapBuyPrice":8249.81,"uniswapv2sellprice":8209.29,"sushiswapv2sellprice":8203.38,"bakeryswapsellprice":8134.77,"apeswapsellprice":8204.89},{"block":11029906,"timestamp":1631992726,"swapAmountBNB":20,"uniswapv2buyprice":8251.09,"sushiswapv2buyprice":8232.87,"bakeryswapbuyprice":8347.24,"apeswapBuyPrice":8249.81,"uniswapv2sellprice":8209.34,"sushiswapv2sellprice":8208.41,"bakeryswapsellprice":8134.77,"apeswapsellprice":8204.89},{"block":11029907,"timestamp":1631992729,"swapAmountBNB":20,"uniswapv2buyprice":8251.09,"sushiswapv2buyprice":8234.2,"bakeryswapbuyprice":8347.24,"apeswapBuyPrice":8249.81,"uniswapv2sellprice":8209.34,"sushiswapv2sellprice":8209.73,"bakeryswapsellprice":8134.77,"apeswapsellprice":8204.89},{"block":11029908,"timestamp":1631992732,"swapAmountBNB":20,"uniswapv2buyprice":8251.09,"sushiswapv2buyprice":8234.2,"bakeryswapbuyprice":8347.24,"apeswapBuyPrice":8249.81,"uniswapv2sellprice":8209.34,"sushiswapv2sellprice":8209.73,"bakeryswapsellprice":8134.77,"apeswapsellprice":8204.89},{"block":11029909,"timestamp":1631992735,"swapAmountBNB":20,"uniswapv2buyprice":8251.13,"sushiswapv2buyprice":8236.3,"bakeryswapbuyprice":8347.24,"apeswapBuyPrice":8249.81,"uniswapv2sellprice":8209.38,"sushiswapv2sellprice":8211.82,"bakeryswapsellprice":8134.77,"apeswapsellprice":8204.89},{"block":11029910,"timestamp":1631992738,"swapAmountBNB":20,"uniswapv2buyprice":8251.12,"sushiswapv2buyprice":8236.3,"bakeryswapbuyprice":8347.24,"apeswapBuyPrice":8249.81,"uniswapv2sellprice":8209.36,"sushiswapv2sellprice":8211.82,"bakeryswapsellprice":8134.77,"apeswapsellprice":8204.89},{"block":11029911,"timestamp":1631992741,"swapAmountBNB":20,"uniswapv2buyprice":8251.05,"sushiswapv2buyprice":8236.3,"bakeryswapbuyprice":8347.24,"apeswapBuyPrice":8249.81,"uniswapv2sellprice":8209.3,"sushiswapv2sellprice":8211.82,"bakeryswapsellprice":8134.77,"apeswapsellprice":8204.89},{"block":11029912,"timestamp":1631992744,"swapAmountBNB":20,"uniswapv2buyprice":8251.03,"sushiswapv2buyprice":8236.3,"bakeryswapbuyprice":8347.24,"apeswapBuyPrice":8249.81,"uniswapv2sellprice":8209.28,"sushiswapv2sellprice":8211.82,"bakeryswapsellprice":8134.77,"apeswapsellprice":8204.89},{"block":11029913,"timestamp":1631992747,"swapAmountBNB":20,"uniswapv2buyprice":8251.03,"sushiswapv2buyprice":8236.3,"bakeryswapbuyprice":8347.24,"apeswapBuyPrice":8253.12,"uniswapv2sellprice":8209.28,"sushiswapv2sellprice":8211.82,"bakeryswapsellprice":8134.77,"apeswapsellprice":8208.18},{"block":11029914,"timestamp":1631992750,"swapAmountBNB":20,"uniswapv2buyprice":8251.03,"sushiswapv2buyprice":8236.3,"bakeryswapbuyprice":8347.24,"apeswapBuyPrice":8253.12,"uniswapv2sellprice":8209.28,"sushiswapv2sellprice":8211.82,"bakeryswapsellprice":8134.77,"apeswapsellprice":8208.18},{"block":11029915,"timestamp":1631992753,"swapAmountBNB":20,"uniswapv2buyprice":8251.03,"sushiswapv2buyprice":8236.3,"bakeryswapbuyprice":8347.24,"apeswapBuyPrice":8253.12,"uniswapv2sellprice":8209.28,"sushiswapv2sellprice":8211.82,"bakeryswapsellprice":8134.77,"apeswapsellprice":8208.18},{"block":11029916,"timestamp":1631992756,"swapAmountBNB":20,"uniswapv2buyprice":8251.82,"sushiswapv2buyprice":8238.16,"bakeryswapbuyprice":8347.24,"apeswapBuyPrice":8253.12,"uniswapv2sellprice":8210.06,"sushiswapv2sellprice":8213.67,"bakeryswapsellprice":8134.77,"apeswapsellprice":8208.18},{"block":11029917,"timestamp":1631992760,"swapAmountBNB":20,"uniswapv2buyprice":8251.84,"sushiswapv2buyprice":8238.16,"bakeryswapbuyprice":8347.24,"apeswapBuyPrice":8255.31,"uniswapv2sellprice":8210.08,"sushiswapv2sellprice":8213.67,"bakeryswapsellprice":8134.77,"apeswapsellprice":8210.36},{"block":11029917,"timestamp":1631992759,"swapAmountBNB":20,"uniswapv2buyprice":8251.84,"sushiswapv2buyprice":8238.16,"bakeryswapbuyprice":8347.24,"apeswapBuyPrice":8255.31,"uniswapv2sellprice":8210.08,"sushiswapv2sellprice":8213.67,"bakeryswapsellprice":8134.77,"apeswapsellprice":8210.36},{"block":11029918,"timestamp":1631992762,"swapAmountBNB":20,"uniswapv2buyprice":8252.24,"sushiswapv2buyprice":8239.48,"bakeryswapbuyprice":8347.24,"apeswapBuyPrice":8255.31,"uniswapv2sellprice":8210.48,"sushiswapv2sellprice":8214.99,"bakeryswapsellprice":8134.77,"apeswapsellprice":8210.36},{"block":11029919,"timestamp":1631992765,"swapAmountBNB":20,"uniswapv2buyprice":8252.23,"sushiswapv2buyprice":8236.68,"bakeryswapbuyprice":8347.24,"apeswapBuyPrice":8255.31,"uniswapv2sellprice":8210.47,"sushiswapv2sellprice":8212.2,"bakeryswapsellprice":8134.77,"apeswapsellprice":8210.36},{"block":11029920,"timestamp":1631992768,"swapAmountBNB":20,"uniswapv2buyprice":8252.06,"sushiswapv2buyprice":8237.81,"bakeryswapbuyprice":8347.24,"apeswapBuyPrice":8258.75,"uniswapv2sellprice":8210.3,"sushiswapv2sellprice":8213.33,"bakeryswapsellprice":8134.77,"apeswapsellprice":8213.77},{"block":11029921,"timestamp":1631992771,"swapAmountBNB":20,"uniswapv2buyprice":8252.07,"sushiswapv2buyprice":8237.81,"bakeryswapbuyprice":8347.24,"apeswapBuyPrice":8258.75,"uniswapv2sellprice":8210.31,"sushiswapv2sellprice":8213.33,"bakeryswapsellprice":8134.77,"apeswapsellprice":8213.77},{"block":11029922,"timestamp":1631992774,"swapAmountBNB":20,"uniswapv2buyprice":8252.06,"sushiswapv2buyprice":8239.07,"bakeryswapbuyprice":8347.24,"apeswapBuyPrice":8258.75,"uniswapv2sellprice":8210.3,"sushiswapv2sellprice":8214.59,"bakeryswapsellprice":8134.77,"apeswapsellprice":8213.77},{"block":11029923,"timestamp":1631992777,"swapAmountBNB":20,"uniswapv2buyprice":8252.03,"sushiswapv2buyprice":8239.63,"bakeryswapbuyprice":8347.24,"apeswapBuyPrice":8258.75,"uniswapv2sellprice":8210.27,"sushiswapv2sellprice":8215.14,"bakeryswapsellprice":8134.77,"apeswapsellprice":8213.77},{"block":11029924,"timestamp":1631992780,"swapAmountBNB":20,"uniswapv2buyprice":8251.78,"sushiswapv2buyprice":8242.34,"bakeryswapbuyprice":8347.24,"apeswapBuyPrice":8262.47,"uniswapv2sellprice":8210.03,"sushiswapv2sellprice":8217.84,"bakeryswapsellprice":8134.77,"apeswapsellprice":8217.47},{"block":11029925,"timestamp":1631992783,"swapAmountBNB":20,"uniswapv2buyprice":8251.78,"sushiswapv2buyprice":8237.92,"bakeryswapbuyprice":8347.24,"apeswapBuyPrice":8265.27,"uniswapv2sellprice":8210.02,"sushiswapv2sellprice":8213.44,"bakeryswapsellprice":8134.77,"apeswapsellprice":8220.26},{"block":11029926,"timestamp":1631992786,"swapAmountBNB":20,"uniswapv2buyprice":8251.78,"sushiswapv2buyprice":8238.29,"bakeryswapbuyprice":8347.24,"apeswapBuyPrice":8265.27,"uniswapv2sellprice":8210.02,"sushiswapv2sellprice":8213.81,"bakeryswapsellprice":8134.77,"apeswapsellprice":8220.26},{"block":11029927,"timestamp":1631992789,"swapAmountBNB":20,"uniswapv2buyprice":8251.77,"sushiswapv2buyprice":8238.29,"bakeryswapbuyprice":8347.24,"apeswapBuyPrice":8265.27,"uniswapv2sellprice":8210.01,"sushiswapv2sellprice":8213.81,"bakeryswapsellprice":8134.77,"apeswapsellprice":8220.26},{"block":11029928,"timestamp":1631992792,"swapAmountBNB":20,"uniswapv2buyprice":8251.73,"sushiswapv2buyprice":8238.29,"bakeryswapbuyprice":8347.24,"apeswapBuyPrice":8265.14,"uniswapv2sellprice":8209.97,"sushiswapv2sellprice":8213.81,"bakeryswapsellprice":8134.77,"apeswapsellprice":8220.26},{"block":11029929,"timestamp":1631992795,"swapAmountBNB":20,"uniswapv2buyprice":8251.69,"sushiswapv2buyprice":8239.74,"bakeryswapbuyprice":8347.24,"apeswapBuyPrice":8265.14,"uniswapv2sellprice":8209.94,"sushiswapv2sellprice":8215.25,"bakeryswapsellprice":8134.77,"apeswapsellprice":8220.13}]}