{"table":[{"block":11053141,"timestamp":1632063309,"swapAmountBNB":20,"uniswapv2buyprice":8254.02,"sushiswapv2buyprice":8241.72,"bakeryswapbuyprice":8347.25,"apeswapBuyPrice":8251.43,"uniswapv2sellprice":8212.25,"sushiswapv2sellprice":8216.8,"bakeryswapsellprice":8134.8,"apeswapsellprice":8206.49},{"block":11053142,"timestamp":1632063312,"swapAmountBNB":20,"uniswapv2buyprice":8254.02,"sushiswapv2buyprice":8241.72,"bakeryswapbuyprice":8347.25,"apeswapBuyPrice":8248.79,"uniswapv2sellprice":8212.25,"sushiswapv2sellprice":8216.8,"bakeryswapsellprice":8134.8,"apeswapsellprice":8206.49},{"block":11053143,"timestamp":1632063315,"swapAmountBNB":20,"uniswapv2buyprice":8254.05,"sushiswapv2buyprice":8241.72,"bakeryswapbuyprice":8347.25,"apeswapBuyPrice":8248.79,"uniswapv2sellprice":8212.28,"sushiswapv2sellprice":8216.8,"bakeryswapsellprice":8134.8,"apeswapsellprice":8203.87},{"block":11053144,"timestamp":1632063318,"swapAmountBNB":20,"uniswapv2buyprice":8254.01,"sushiswapv2buyprice":8241.72,"bakeryswapbuyprice":8347.25,"apeswapBuyPrice":8248.79,"uniswapv2sellprice":8212.24,"sushiswapv2sellprice":8216.8,"bakeryswapsellprice":8134.8,"apeswapsellprice":8203.87},{"block":11053145,"timestamp":1632063321,"swapAmountBNB":20,"uniswapv2buyprice":8253.79,"sushiswapv2buyprice":8241.22,"bakeryswapbuyprice":8347.25,"apeswapBuyPrice":8248.79,"uniswapv2sellprice":8212.02,"sushiswapv2sellprice":8216.3,"bakeryswapsellprice":8134.8,"apeswapsellprice":8203.87},{"block":11053146,"timestamp":1632063324,"swapAmountBNB":20,"uniswapv2buyprice":8253.78,"sushiswapv2buyprice":8241.22,"bakeryswapbuyprice":8347.25,"apeswapBuyPrice":8249.66,"uniswapv2sellprice":8212.01,"sushiswapv2sellprice":8216.3,"bakeryswapsellprice":8134.8,"apeswapsellprice":8204.73},{"block":11053147,"timestamp":1632063327,"swapAmountBNB":20,"uniswapv2buyprice":8253.61,"sushiswapv2buyprice":8241.22,"bakeryswapbuyprice":8347.25,"apeswapBuyPrice":8249.66,"uniswapv2sellprice":8211.84,"sushiswapv2sellprice":8216.3,"bakeryswapsellprice":8134.8,"apeswapsellprice":8204.73},{"block":11053148,"timestamp":1632063330,"swapAmountBNB":20,"uniswapv2buyprice":8253.51,"sushiswapv2buyprice":8241.22,"bakeryswapbuyprice":8347.25,"apeswapBuyPrice":8249.66,"uniswapv2sellprice":8211.75,"sushiswapv2sellprice":8216.3,"bakeryswapsellprice":8134.8,"apeswapsellprice":8204.73},{"block":11053149,"timestamp":1632063333,"swapAmountBNB":20,"uniswapv2buyprice":8253.51,"sushiswapv2buyprice":8241.22,"bakeryswapbuyprice":8347.25,"apeswapBuyPrice":8249.66,"uniswapv2sellprice":8211.74,"sushiswapv2sellprice":8216.3,"bakeryswapsellprice":8134.8,"apeswapsellprice":8204.73},{"block":11053150,"timestamp":1632063336,"swapAmountBNB":20,"uniswapv2buyprice":8253.52,"sushiswapv2buyprice":8241.22,"bakeryswapbuyprice":8347.25,"apeswapBuyPrice":8249.69,"uniswapv2sellprice":8211.75,"sushiswapv2sellprice":8216.3,"bakeryswapsellprice":8134.8,"apeswapsellprice":8204.76},{"block":11053151,"timestamp":1632063339,"swapAmountBNB":20,"uniswapv2buyprice":8253.43,"sushiswapv2buyprice":8241.47,"bakeryswapbuyprice":8347.25,"apeswapBuyPrice":8249.69,"uniswapv2sellprice":8211.67,"sushiswapv2sellprice":8216.55,"bakeryswapsellprice":8134.8,"apeswapsellprice":8204.76},{"block":11053152,"timestamp":1632063342,"swapAmountBNB":20,"uniswapv2buyprice":8253.44,"sushiswapv2buyprice":8244.33,"bakeryswapbuyprice":8347.25,"apeswapBuyPrice":8249.69,"uniswapv2sellprice":8211.67,"sushiswapv2sellprice":8219.4,"bakeryswapsellprice":8134.8,"apeswapsellprice":8204.76},{"block":11053153,"timestamp":1632063345,"swapAmountBNB":20,"uniswapv2buyprice":8253.54,"sushiswapv2buyprice":8244.33,"bakeryswapbuyprice":8347.25,"apeswapBuyPrice":8249.69,"uniswapv2sellprice":8211.77,"sushiswapv2sellprice":8219.4,"bakeryswapsellprice":8134.8,"apeswapsellprice":8204.76},{"block":11053154,"timestamp":1632063348,"swapAmountBNB":20,"uniswapv2buyprice":8253.54,"sushiswapv2buyprice":8244.62,"bakeryswapbuyprice":8347.25,"apeswapBuyPrice":8249.13,"uniswapv2sellprice":8211.78,"sushiswapv2sellprice":8219.69,"bakeryswapsellprice":8134.8,"apeswapsellprice":8204.21},{"block":11053155,"timestamp":1632063351,"swapAmountBNB":20,"uniswapv2buyprice":8253.54,"sushiswapv2buyprice":8244.62,"bakeryswapbuyprice":8347.25,"apeswapBuyPrice":8249.13,"uniswapv2sellprice":8211.77,"sushiswapv2sellprice":8219.69,"bakeryswapsellprice":8134.8,"apeswapsellprice":8204.21},{"block":11053156,"timestamp":1632063354,"swapAmountBNB":20,"uniswapv2buyprice":8253.57,"sushiswapv2buyprice":8244.62,"bakeryswapbuyprice":8347.59,"apeswapBuyPrice":8249.28,"uniswapv2sellprice":8211.81,"sushiswapv2sellprice":8219.69,"bakeryswapsellprice":8135.13,"apeswapsellprice":8204.21},{"block":11053157,"timestamp":1632063357,"swapAmountBNB":20,"uniswapv2buyprice":8253.55,"sushiswapv2buyprice":8244.62,"bakeryswapbuyprice":8347.59,"apeswapBuyPrice":8249.28,"uniswapv2sellprice":8211.78,"sushiswapv2sellprice":8219.69,"bakeryswapsellprice":8135.13,"apeswapsellprice":8204.35},{"block":11053158,"timestamp":1632063360,"swapAmountBNB":20,"uniswapv2buyprice":8253.61,"sushiswapv2buyprice":8244.62,"bakeryswapbuyprice":8347.59,"apeswapBuyPrice":8249.28,"uniswapv2sellprice":8211.84,"sushiswapv2sellprice":8219.69,"bakeryswapsellprice":8135.13,"apeswapsellprice":8204.35},{"block":11053159,"timestamp":1632063363,"swapAmountBNB":20,"uniswapv2buyprice":8253.69,"sushiswapv2buyprice":8244.62,"bakeryswapbuyprice":8347.59,"apeswapBuyPrice":8249.28,"uniswapv2sellprice":8211.92,"sushiswapv2sellprice":8219.69,"bakeryswapsellprice":8135.13,"apeswapsellprice":8204.35},{"block":11053160,"timestamp":1632063366,"swapAmountBNB":20,"uniswapv2buyprice":8253.62,"sushiswapv2buyprice":8242.51,"bakeryswapbuyprice":8347.59,"apeswapBuyPrice":8249.26,"uniswapv2sellprice":8211.85,"sushiswapv2sellprice":8217.59,"bakeryswapsellprice":8135.13,"apeswapsellprice":8204.34},{"block":11053161,"timestamp":1632063369,"swapAmountBNB":20,"uniswapv2buyprice":8253.74,"sushiswapv2buyprice":8242.07,"bakeryswapbuyprice":8347.59,"apeswapBuyPrice":8249.26,"uniswapv2sellprice":8211.97,"sushiswapv2sellprice":8217.15,"bakeryswapsellprice":8135.13,"apeswapsellprice":8204.34},{"block":11053162,"timestamp":1632063372,"swapAmountBNB":20,"uniswapv2buyprice":8253.74,"sushiswapv2buyprice":8237.42,"bakeryswapbuyprice":8347.59,"apeswapBuyPrice":8249.26,"uniswapv2sellprice":8211.97,"sushiswapv2sellprice":8212.52,"bakeryswapsellprice":8135.13,"apeswapsellprice":8204.34},{"block":11053163,"timestamp":1632063375,"swapAmountBNB":20,"uniswapv2buyprice":8253.7,"sushiswapv2buyprice":8237.42,"bakeryswapbuyprice":8347.59,"apeswapBuyPrice":8249.26,"uniswapv2sellprice":8211.94,"sushiswapv2sellprice":8212.52,"bakeryswapsellprice":8135.13,"apeswapsellprice":8204.34},{"block":11053164,"timestamp":1632063378,"swapAmountBNB":20,"uniswapv2buyprice":8253.45,"sushiswapv2buyprice":8237.42,"bakeryswapbuyprice":8347.59,"apeswapBuyPrice":8249.26,"uniswapv2sellprice":8211.68,"sushiswapv2sellprice":8212.52,"bakeryswapsellprice":8135.13,"apeswapsellprice":8204.34},{"block":11053165,"timestamp":1632063381,"swapAmountBNB":20,"uniswapv2buyprice":8253.42,"sushiswapv2buyprice":8237.97,"bakeryswapbuyprice":8347.59,"apeswapBuyPrice":8249.26,"uniswapv2sellprice":8211.66,"sushiswapv2sellprice":8213.06,"bakeryswapsellprice":8135.13,"apeswapsellprice":8204.34},{"block":11053166,"timestamp":1632063384,"swapAmountBNB":20,"uniswapv2buyprice":8253.48,"sushiswapv2buyprice":8237.82,"bakeryswapbuyprice":8347.59,"apeswapBuyPrice":8249.26,"uniswapv2sellprice":8211.71,"sushiswapv2sellprice":8212.91,"bakeryswapsellprice":8135.13,"apeswapsellprice":8204.34},{"block":11053167,"timestamp":1632063387,"swapAmountBNB":20,"uniswapv2buyprice":8253.44,"sushiswapv2buyprice":8237.82,"bakeryswapbuyprice":8347.59,"apeswapBuyPrice":8249.26,"uniswapv2sellprice":8211.67,"sushiswapv2sellprice":8212.91,"bakeryswapsellprice":8135.13,"apeswapsellprice":8204.34},{"block":11053168,"timestamp":1632063390,"swapAmountBNB":20,"uniswapv2buyprice":8253.43,"sushiswapv2buyprice":8236.66,"bakeryswapbuyprice":8347.59,"apeswapBuyPrice":8249.26,"uniswapv2sellprice":8211.67,"sushiswapv2sellprice":8211.75,"bakeryswapsellprice":8135.13,"apeswapsellprice":8204.34},{"block":11053169,"timestamp":1632063393,"swapAmountBNB":20,"uniswapv2buyprice":8253.31,"sushiswapv2buyprice":8236.74,"bakeryswapbuyprice":8347.59,"apeswapBuyPrice":8249.26,"uniswapv2sellprice":8211.54,"sushiswapv2sellprice":8211.84,"bakeryswapsellprice":8135.13,"apeswapsellprice":8204.34},{"block":11053170,"timestamp":1632063396,"swapAmountBNB":20,"uniswapv2buyprice":8253.33,"sushiswapv2buyprice":8237.2,"bakeryswapbuyprice":8347.59,"apeswapBuyPrice":8249.26,"uniswapv2sellprice":8211.56,"sushiswapv2sellprice":8212.3,"bakeryswapsellprice":8135.13,"apeswapsellprice":8204.34},{"block":11053171,"timestamp":1632063399,"swapAmountBNB":20,"uniswapv2buyprice":8253.21,"sushiswapv2buyprice":8237.2,"bakeryswapbuyprice":8347.59,"apeswapBuyPrice":8249.26,"uniswapv2sellprice":8211.44,"sushiswapv2sellprice":8212.3,"bakeryswapsellprice":8135.13,"apeswapsellprice":8204.34},{"block":11053172,"timestamp":1632063402,"swapAmountBNB":20,"uniswapv2buyprice":8253.12,"sushiswapv2buyprice":8237.08,"bakeryswapbuyprice":8347.59,"apeswapBuyPrice":8249.26,"uniswapv2sellprice":8211.35,"sushiswapv2sellprice":8212.17,"bakeryswapsellprice":8135.13,"apeswapsellprice":8204.34},{"block":11053173,"timestamp":1632063405,"swapAmountBNB":20,"uniswapv2buyprice":8253.14,"sushiswapv2buyprice":8237.08,"bakeryswapbuyprice":8347.59,"apeswapBuyPrice":8250.15,"uniswapv2sellprice":8211.37,"sushiswapv2sellprice":8212.17,"bakeryswapsellprice":8135.13,"apeswapsellprice":8204.34},{"block":11053174,"timestamp":1632063408,"swapAmountBNB":20,"uniswapv2buyprice":8253.06,"sushiswapv2buyprice":8235.87,"bakeryswapbuyprice":8347.59,"apeswapBuyPrice":8250.15,"uniswapv2sellprice":8211.3,"sushiswapv2sellprice":8210.97,"bakeryswapsellprice":8135.13,"apeswapsellprice":8205.22},{"block":11053175,"timestamp":1632063411,"swapAmountBNB":20,"uniswapv2buyprice":8252.99,"sushiswapv2buyprice":8236.14,"bakeryswapbuyprice":8347.59,"apeswapBuyPrice":8250.15,"uniswapv2sellprice":8211.23,"sushiswapv2sellprice":8211.24,"bakeryswapsellprice":8135.13,"apeswapsellprice":8205.22},{"block":11053176,"timestamp":1632063414,"swapAmountBNB":20,"uniswapv2buyprice":8252.74,"sushiswapv2buyprice":8234.21,"bakeryswapbuyprice":8347.59,"apeswapBuyPrice":8250.14,"uniswapv2sellprice":8210.98,"sushiswapv2sellprice":8209.32,"bakeryswapsellprice":8135.13,"apeswapsellprice":8205.21},{"block":11053177,"timestamp":1632063417,"swapAmountBNB":20,"uniswapv2buyprice":8252.62,"sushiswapv2buyprice":8234.21,"bakeryswapbuyprice":8347.59,"apeswapBuyPrice":8250.14,"uniswapv2sellprice":8210.86,"sushiswapv2sellprice":8209.32,"bakeryswapsellprice":8135.13,"apeswapsellprice":8205.21},{"block":11053178,"timestamp":1632063420,"swapAmountBNB":20,"uniswapv2buyprice":8252.11,"sushiswapv2buyprice":8230.91,"bakeryswapbuyprice":8344.96,"apeswapBuyPrice":8250.24,"uniswapv2sellprice":8210.35,"sushiswapv2sellprice":8206.02,"bakeryswapsellprice":8132.6,"apeswapsellprice":8205.31},{"block":11053179,"timestamp":1632063423,"swapAmountBNB":20,"uniswapv2buyprice":8252.08,"sushiswapv2buyprice":8230.91,"bakeryswapbuyprice":8344.96,"apeswapBuyPrice":8250.45,"uniswapv2sellprice":8210.33,"sushiswapv2sellprice":8206.02,"bakeryswapsellprice":8132.6,"apeswapsellprice":8205.31},{"block":11053180,"timestamp":1632063426,"swapAmountBNB":20,"uniswapv2buyprice":8252.06,"sushiswapv2buyprice":8235.3,"bakeryswapbuyprice":8344.96,"apeswapBuyPrice":8250.45,"uniswapv2sellprice":8210.3,"sushiswapv2sellprice":8210.4,"bakeryswapsellprice":8132.6,"apeswapsellprice":8205.52},{"block":11053181,"timestamp":1632063429,"swapAmountBNB":20,"uniswapv2buyprice":8251.86,"sushiswapv2buyprice":8235.3,"bakeryswapbuyprice":8343.99,"apeswapBuyPrice":8251.92,"uniswapv2sellprice":8210.1,"sushiswapv2sellprice":8210.4,"bakeryswapsellprice":8131.66,"apeswapsellprice":8206.98},{"block":11053182,"timestamp":1632063432,"swapAmountBNB":20,"uniswapv2buyprice":8251.71,"sushiswapv2buyprice":8235.3,"bakeryswapbuyprice":8343.99,"apeswapBuyPrice":8251.92,"uniswapv2sellprice":8209.96,"sushiswapv2sellprice":8210.4,"bakeryswapsellprice":8131.66,"apeswapsellprice":8206.98},{"block":11053183,"timestamp":1632063435,"swapAmountBNB":20,"uniswapv2buyprice":8251.53,"sushiswapv2buyprice":8234.14,"bakeryswapbuyprice":8343.99,"apeswapBuyPrice":8251.85,"uniswapv2sellprice":8209.78,"sushiswapv2sellprice":8209.25,"bakeryswapsellprice":8131.66,"apeswapsellprice":8206.91},{"block":11053184,"timestamp":1632063438,"swapAmountBNB":20,"uniswapv2buyprice":8251.49,"sushiswapv2buyprice":8234.14,"bakeryswapbuyprice":8343.99,"apeswapBuyPrice":8251.85,"uniswapv2sellprice":8209.74,"sushiswapv2sellprice":8209.25,"bakeryswapsellprice":8131.66,"apeswapsellprice":8206.91},{"block":11053185,"timestamp":1632063441,"swapAmountBNB":20,"uniswapv2buyprice":8251.49,"sushiswapv2buyprice":8234.14,"bakeryswapbuyprice":8343.99,"apeswapBuyPrice":8251.85,"uniswapv2sellprice":8209.73,"sushiswapv2sellprice":8209.25,"bakeryswapsellprice":8131.66,"apeswapsellprice":8206.91},{"block":11053186,"timestamp":1632063444,"swapAmountBNB":20,"uniswapv2buyprice":8251.47,"sushiswapv2buyprice":8234.14,"bakeryswapbuyprice":8343.99,"apeswapBuyPrice":8251.83,"uniswapv2sellprice":8209.72,"sushiswapv2sellprice":8209.25,"bakeryswapsellprice":8131.66,"apeswapsellprice":8206.89},{"block":11053187,"timestamp":1632063447,"swapAmountBNB":20,"uniswapv2buyprice":8251.29,"sushiswapv2buyprice":8236.93,"bakeryswapbuyprice":8343.99,"apeswapBuyPrice":8251.83,"uniswapv2sellprice":8209.53,"sushiswapv2sellprice":8212.02,"bakeryswapsellprice":8131.66,"apeswapsellprice":8206.89},{"block":11053188,"timestamp":1632063450,"swapAmountBNB":20,"uniswapv2buyprice":8251.4,"sushiswapv2buyprice":8236.93,"bakeryswapbuyprice":8343.99,"apeswapBuyPrice":8251.83,"uniswapv2sellprice":8209.64,"sushiswapv2sellprice":8212.02,"bakeryswapsellprice":8131.66,"apeswapsellprice":8206.89},{"block":11053189,"timestamp":1632063453,"swapAmountBNB":20,"uniswapv2buyprice":8251.4,"sushiswapv2buyprice":8236.57,"bakeryswapbuyprice":8343.99,"apeswapBuyPrice":8251.79,"uniswapv2sellprice":8209.64,"sushiswapv2sellprice":8211.66,"bakeryswapsellprice":8131.66,"apeswapsellprice":8206.85},{"block":11053190,"timestamp":1632063456,"swapAmountBNB":20,"uniswapv2buyprice":8251.37,"sushiswapv2buyprice":8236.57,"bakeryswapbuyprice":8343.99,"apeswapBuyPrice":8251.79,"uniswapv2sellprice":8209.61,"sushiswapv2sellprice":8211.66,"bakeryswapsellprice":8131.66,"apeswapsellprice":8206.85},{"block":11053191,"timestamp":1632063459,"swapAmountBNB":20,"uniswapv2buyprice":8251.4,"sushiswapv2buyprice":8236.57,"bakeryswapbuyprice":8343.99,"apeswapBuyPrice":8251.79,"uniswapv2sellprice":8209.65,"sushiswapv2sellprice":8211.66,"bakeryswapsellprice":8131.66,"apeswapsellprice":8206.85},{"block":11053192,"timestamp":1632063462,"swapAmountBNB":20,"uniswapv2buyprice":8251.4,"sushiswapv2buyprice":8236.16,"bakeryswapbuyprice":8343.99,"apeswapBuyPrice":8251.81,"uniswapv2sellprice":8209.65,"sushiswapv2sellprice":8211.26,"bakeryswapsellprice":8131.66,"apeswapsellprice":8206.87},{"block":11053193,"timestamp":1632063465,"swapAmountBNB":20,"uniswapv2buyprice":8251.52,"sushiswapv2buyprice":8236.16,"bakeryswapbuyprice":8343.99,"apeswapBuyPrice":8251.81,"uniswapv2sellprice":8209.76,"sushiswapv2sellprice":8211.26,"bakeryswapsellprice":8131.66,"apeswapsellprice":8206.87},{"block":11053194,"timestamp":1632063468,"swapAmountBNB":20,"uniswapv2buyprice":8251.59,"sushiswapv2buyprice":8236.16,"bakeryswapbuyprice":8343.99,"apeswapBuyPrice":8251.81,"uniswapv2sellprice":8209.83,"sushiswapv2sellprice":8211.26,"bakeryswapsellprice":8131.66,"apeswapsellprice":8206.87},{"block":11053195,"timestamp":1632063471,"swapAmountBNB":20,"uniswapv2buyprice":8251.59,"sushiswapv2buyprice":8236.16,"bakeryswapbuyprice":8343.99,"apeswapBuyPrice":8251.81,"uniswapv2sellprice":8209.83,"sushiswapv2sellprice":8211.26,"bakeryswapsellprice":8131.66,"apeswapsellprice":8206.87},{"block":11053196,"timestamp":1632063474,"swapAmountBNB":20,"uniswapv2buyprice":8251.56,"sushiswapv2buyprice":8233.01,"bakeryswapbuyprice":8343.99,"apeswapBuyPrice":8251.81,"uniswapv2sellprice":8209.81,"sushiswapv2sellprice":8208.13,"bakeryswapsellprice":8131.66,"apeswapsellprice":8206.87},{"block":11053197,"timestamp":1632063477,"swapAmountBNB":20,"uniswapv2buyprice":8251.64,"sushiswapv2buyprice":8232.93,"bakeryswapbuyprice":8343.99,"apeswapBuyPrice":8251.81,"uniswapv2sellprice":8209.88,"sushiswapv2sellprice":8208.04,"bakeryswapsellprice":8131.66,"apeswapsellprice":8206.87},{"block":11053198,"timestamp":1632063480,"swapAmountBNB":20,"uniswapv2buyprice":8251.7,"sushiswapv2buyprice":8232.93,"bakeryswapbuyprice":8343.99,"apeswapBuyPrice":8251.81,"uniswapv2sellprice":8209.94,"sushiswapv2sellprice":8208.04,"bakeryswapsellprice":8131.66,"apeswapsellprice":8206.87},{"block":11053199,"timestamp":1632063483,"swapAmountBNB":20,"uniswapv2buyprice":8251.68,"sushiswapv2buyprice":8232.93,"bakeryswapbuyprice":8343.99,"apeswapBuyPrice":8251.81,"uniswapv2sellprice":8209.93,"sushiswapv2sellprice":8208.04,"bakeryswapsellprice":8131.66,"apeswapsellprice":8206.87},{"block":11053200,"timestamp":1632063486,"swapAmountBNB":20,"uniswapv2buyprice":8251.67,"sushiswapv2buyprice":8232.64,"bakeryswapbuyprice":8343.99,"apeswapBuyPrice":8251.8,"uniswapv2sellprice":8209.92,"sushiswapv2sellprice":8207.76,"bakeryswapsellprice":8131.66,"apeswapsellprice":8206.86},{"block":11053201,"timestamp":1632063489,"swapAmountBNB":20,"uniswapv2buyprice":8251.67,"sushiswapv2buyprice":8232.64,"bakeryswapbuyprice":8343.99,"apeswapBuyPrice":8251.8,"uniswapv2sellprice":8209.92,"sushiswapv2sellprice":8207.76,"bakeryswapsellprice":8131.66,"apeswapsellprice":8206.86},{"block":11053202,"timestamp":1632063492,"swapAmountBNB":20,"uniswapv2buyprice":8251.63,"sushiswapv2buyprice":8232.64,"bakeryswapbuyprice":8343.99,"apeswapBuyPrice":8251.8,"uniswapv2sellprice":8209.87,"sushiswapv2sellprice":8207.76,"bakeryswapsellprice":8131.66,"apeswapsellprice":8206.86},{"block":11053203,"timestamp":1632063495,"swapAmountBNB":20,"uniswapv2buyprice":8251.58,"sushiswapv2buyprice":8232.75,"bakeryswapbuyprice":8343.99,"apeswapBuyPrice":8251.8,"uniswapv2sellprice":8209.83,"sushiswapv2sellprice":8207.86,"bakeryswapsellprice":8131.66,"apeswapsellprice":8206.86},{"block":11053204,"timestamp":1632063498,"swapAmountBNB":20,"uniswapv2buyprice":8251.59,"sushiswapv2buyprice":8232.75,"bakeryswapbuyprice":8343.99,"apeswapBuyPrice":8251.8,"uniswapv2sellprice":8209.84,"sushiswapv2sellprice":8207.86,"bakeryswapsellprice":8131.66,"apeswapsellprice":8206.86},{"block":11053205,"timestamp":1632063501,"swapAmountBNB":20,"uniswapv2buyprice":8251.57,"sushiswapv2buyprice":8232.75,"bakeryswapbuyprice":8343.99,"apeswapBuyPrice":8251.8,"uniswapv2sellprice":8209.82,"sushiswapv2sellprice":8207.86,"bakeryswapsellprice":8131.66,"apeswapsellprice":8206.86},{"block":11053206,"timestamp":1632063504,"swapAmountBNB":20,"uniswapv2buyprice":8251.6,"sushiswapv2buyprice":8233.33,"bakeryswapbuyprice":8343.99,"apeswapBuyPrice":8251.8,"uniswapv2sellprice":8209.85,"sushiswapv2sellprice":8208.44,"bakeryswapsellprice":8131.66,"apeswapsellprice":8206.86},{"block":11053207,"timestamp":1632063507,"swapAmountBNB":20,"uniswapv2buyprice":8251.32,"sushiswapv2buyprice":8233.33,"bakeryswapbuyprice":8343.99,"apeswapBuyPrice":8251.8,"uniswapv2sellprice":8209.57,"sushiswapv2sellprice":8208.44,"bakeryswapsellprice":8131.66,"apeswapsellprice":8206.86},{"block":11053208,"timestamp":1632063510,"swapAmountBNB":20,"uniswapv2buyprice":8251.35,"sushiswapv2buyprice":8233.33,"bakeryswapbuyprice":8343.99,"apeswapBuyPrice":8251.8,"uniswapv2sellprice":8209.6,"sushiswapv2sellprice":8208.44,"bakeryswapsellprice":8131.66,"apeswapsellprice":8206.86},{"block":11053209,"timestamp":1632063513,"swapAmountBNB":20,"uniswapv2buyprice":8250.44,"sushiswapv2buyprice":8233.33,"bakeryswapbuyprice":8343.99,"apeswapBuyPrice":8250.57,"uniswapv2sellprice":8208.69,"sushiswapv2sellprice":8208.44,"bakeryswapsellprice":8131.66,"apeswapsellprice":8205.64},{"block":11053210,"timestamp":1632063516,"swapAmountBNB":20,"uniswapv2buyprice":8250.42,"sushiswapv2buyprice":8233.33,"bakeryswapbuyprice":8343.99,"apeswapBuyPrice":8250.57,"uniswapv2sellprice":8208.67,"sushiswapv2sellprice":8208.44,"bakeryswapsellprice":8131.66,"apeswapsellprice":8205.64},{"block":11053211,"timestamp":1632063519,"swapAmountBNB":20,"uniswapv2buyprice":8250.44,"sushiswapv2buyprice":8233.33,"bakeryswapbuyprice":8343.99,"apeswapBuyPrice":8250.57,"uniswapv2sellprice":8208.69,"sushiswapv2sellprice":8208.44,"bakeryswapsellprice":8131.66,"apeswapsellprice":8205.64},{"block":11053212,"timestamp":1632063522,"swapAmountBNB":20,"uniswapv2buyprice":8250.44,"sushiswapv2buyprice":8234.49,"bakeryswapbuyprice":8343.99,"apeswapBuyPrice":8250.57,"uniswapv2sellprice":8208.69,"sushiswapv2sellprice":8209.6,"bakeryswapsellprice":8131.66,"apeswapsellprice":8205.64},{"block":11053213,"timestamp":1632063525,"swapAmountBNB":20,"uniswapv2buyprice":8249.89,"sushiswapv2buyprice":8234.49,"bakeryswapbuyprice":8343.99,"apeswapBuyPrice":8250.63,"uniswapv2sellprice":8208.14,"sushiswapv2sellprice":8209.6,"bakeryswapsellprice":8131.66,"apeswapsellprice":8205.64},{"block":11053214,"timestamp":1632063528,"swapAmountBNB":20,"uniswapv2buyprice":8250,"sushiswapv2buyprice":8234.49,"bakeryswapbuyprice":8343.99,"apeswapBuyPrice":8250.63,"uniswapv2sellprice":8208.25,"sushiswapv2sellprice":8209.6,"bakeryswapsellprice":8131.66,"apeswapsellprice":8205.7},{"block":11053215,"timestamp":1632063531,"swapAmountBNB":20,"uniswapv2buyprice":8249.96,"sushiswapv2buyprice":8234.64,"bakeryswapbuyprice":8343.99,"apeswapBuyPrice":8250.45,"uniswapv2sellprice":8208.21,"sushiswapv2sellprice":8209.75,"bakeryswapsellprice":8131.66,"apeswapsellprice":8205.52},{"block":11053216,"timestamp":1632063534,"swapAmountBNB":20,"uniswapv2buyprice":8249.95,"sushiswapv2buyprice":8234.64,"bakeryswapbuyprice":8343.99,"apeswapBuyPrice":8250.45,"uniswapv2sellprice":8208.21,"sushiswapv2sellprice":8209.75,"bakeryswapsellprice":8131.66,"apeswapsellprice":8205.52},{"block":11053217,"timestamp":1632063537,"swapAmountBNB":20,"uniswapv2buyprice":8250.06,"sushiswapv2buyprice":8234.37,"bakeryswapbuyprice":8343.99,"apeswapBuyPrice":8250.45,"uniswapv2sellprice":8208.32,"sushiswapv2sellprice":8209.48,"bakeryswapsellprice":8131.66,"apeswapsellprice":8205.52},{"block":11053218,"timestamp":1632063540,"swapAmountBNB":20,"uniswapv2buyprice":8250.05,"sushiswapv2buyprice":8234.37,"bakeryswapbuyprice":8343.99,"apeswapBuyPrice":8250.45,"uniswapv2sellprice":8208.31,"sushiswapv2sellprice":8209.48,"bakeryswapsellprice":8131.66,"apeswapsellprice":8205.52},{"block":11053219,"timestamp":1632063543,"swapAmountBNB":20,"uniswapv2buyprice":8250,"sushiswapv2buyprice":8233.15,"bakeryswapbuyprice":8343.99,"apeswapBuyPrice":8250.81,"uniswapv2sellprice":8208.26,"sushiswapv2sellprice":8208.26,"bakeryswapsellprice":8131.66,"apeswapsellprice":8205.88},{"block":11053220,"timestamp":1632063546,"swapAmountBNB":20,"uniswapv2buyprice":8250.05,"sushiswapv2buyprice":8233.15,"bakeryswapbuyprice":8343.99,"apeswapBuyPrice":8250.81,"uniswapv2sellprice":8208.3,"sushiswapv2sellprice":8208.26,"bakeryswapsellprice":8131.66,"apeswapsellprice":8205.88},{"block":11053221,"timestamp":1632063549,"swapAmountBNB":20,"uniswapv2buyprice":8250.06,"sushiswapv2buyprice":8232.89,"bakeryswapbuyprice":8343.99,"apeswapBuyPrice":8250.81,"uniswapv2sellprice":8208.32,"sushiswapv2sellprice":8208,"bakeryswapsellprice":8131.66,"apeswapsellprice":8205.88},{"block":11053222,"timestamp":1632063552,"swapAmountBNB":20,"uniswapv2buyprice":8250.05,"sushiswapv2buyprice":8232.89,"bakeryswapbuyprice":8343.99,"apeswapBuyPrice":8250.81,"uniswapv2sellprice":8208.3,"sushiswapv2sellprice":8208,"bakeryswapsellprice":8131.66,"apeswapsellprice":8205.88},{"block":11053223,"timestamp":1632063555,"swapAmountBNB":20,"uniswapv2buyprice":8250.05,"sushiswapv2buyprice":8232.78,"bakeryswapbuyprice":8343.99,"apeswapBuyPrice":8250.81,"uniswapv2sellprice":8208.3,"sushiswapv2sellprice":8207.89,"bakeryswapsellprice":8131.66,"apeswapsellprice":8205.88},{"block":11053224,"timestamp":1632063558,"swapAmountBNB":20,"uniswapv2buyprice":8250.07,"sushiswapv2buyprice":8232.78,"bakeryswapbuyprice":8343.99,"apeswapBuyPrice":8250.51,"uniswapv2sellprice":8208.32,"sushiswapv2sellprice":8207.89,"bakeryswapsellprice":8131.66,"apeswapsellprice":8205.58},{"block":11053225,"timestamp":1632063561,"swapAmountBNB":20,"uniswapv2buyprice":8249.99,"sushiswapv2buyprice":8232.78,"bakeryswapbuyprice":8343.99,"apeswapBuyPrice":8250.5,"uniswapv2sellprice":8208.24,"sushiswapv2sellprice":8207.89,"bakeryswapsellprice":8131.66,"apeswapsellprice":8205.57},{"block":11053226,"timestamp":1632063564,"swapAmountBNB":20,"uniswapv2buyprice":8249.96,"sushiswapv2buyprice":8232.78,"bakeryswapbuyprice":8343.99,"apeswapBuyPrice":8250.5,"uniswapv2sellprice":8208.22,"sushiswapv2sellprice":8207.89,"bakeryswapsellprice":8131.66,"apeswapsellprice":8205.57},{"block":11053227,"timestamp":1632063567,"swapAmountBNB":20,"uniswapv2buyprice":8249.97,"sushiswapv2buyprice":8232.81,"bakeryswapbuyprice":8343.99,"apeswapBuyPrice":8250.5,"uniswapv2sellprice":8208.23,"sushiswapv2sellprice":8207.92,"bakeryswapsellprice":8131.66,"apeswapsellprice":8205.57},{"block":11053228,"timestamp":1632063570,"swapAmountBNB":20,"uniswapv2buyprice":8249.89,"sushiswapv2buyprice":8232.71,"bakeryswapbuyprice":8343.99,"apeswapBuyPrice":8250.5,"uniswapv2sellprice":8208.14,"sushiswapv2sellprice":8207.83,"bakeryswapsellprice":8131.66,"apeswapsellprice":8205.57},{"block":11053229,"timestamp":1632063573,"swapAmountBNB":20,"uniswapv2buyprice":8249.92,"sushiswapv2buyprice":8232.71,"bakeryswapbuyprice":8343.99,"apeswapBuyPrice":8250.5,"uniswapv2sellprice":8208.17,"sushiswapv2sellprice":8207.83,"bakeryswapsellprice":8131.66,"apeswapsellprice":8205.57},{"block":11053230,"timestamp":1632063576,"swapAmountBNB":20,"uniswapv2buyprice":8249.99,"sushiswapv2buyprice":8232.71,"bakeryswapbuyprice":8343.99,"apeswapBuyPrice":8250.5,"uniswapv2sellprice":8208.24,"sushiswapv2sellprice":8207.83,"bakeryswapsellprice":8131.66,"apeswapsellprice":8205.57},{"block":11053231,"timestamp":1632063579,"swapAmountBNB":20,"uniswapv2buyprice":8249.99,"sushiswapv2buyprice":8232.74,"bakeryswapbuyprice":8343.99,"apeswapBuyPrice":8250.5,"uniswapv2sellprice":8208.25,"sushiswapv2sellprice":8207.85,"bakeryswapsellprice":8131.66,"apeswapsellprice":8205.57},{"block":11053232,"timestamp":1632063582,"swapAmountBNB":20,"uniswapv2buyprice":8250.01,"sushiswapv2buyprice":8232.74,"bakeryswapbuyprice":8343.99,"apeswapBuyPrice":8250.5,"uniswapv2sellprice":8208.26,"sushiswapv2sellprice":8207.85,"bakeryswapsellprice":8131.66,"apeswapsellprice":8205.57},{"block":11053233,"timestamp":1632063585,"swapAmountBNB":20,"uniswapv2buyprice":8249.94,"sushiswapv2buyprice":8232.74,"bakeryswapbuyprice":8343.99,"apeswapBuyPrice":8250.51,"uniswapv2sellprice":8208.19,"sushiswapv2sellprice":8207.85,"bakeryswapsellprice":8131.66,"apeswapsellprice":8205.58},{"block":11053234,"timestamp":1632063588,"swapAmountBNB":20,"uniswapv2buyprice":8249.82,"sushiswapv2buyprice":8232.74,"bakeryswapbuyprice":8343.99,"apeswapBuyPrice":8250.51,"uniswapv2sellprice":8208.07,"sushiswapv2sellprice":8207.85,"bakeryswapsellprice":8131.66,"apeswapsellprice":8205.58},{"block":11053235,"timestamp":1632063591,"swapAmountBNB":20,"uniswapv2buyprice":8249.8,"sushiswapv2buyprice":8232.74,"bakeryswapbuyprice":8343.99,"apeswapBuyPrice":8250.51,"uniswapv2sellprice":8208.05,"sushiswapv2sellprice":8207.85,"bakeryswapsellprice":8131.66,"apeswapsellprice":8205.58}]}