{"table":[{"block":11315703,"timestamp":1632856197,"swapAmountBNB":20,"uniswapv2buyprice":6711.66,"sushiswapv2buyprice":6716.57,"bakeryswapbuyprice":6789.82,"apeswapBuyPrice":6715.84,"uniswapv2sellprice":6677.76,"sushiswapv2sellprice":6696.61,"bakeryswapsellprice":6597.98,"apeswapsellprice":6678.85},{"block":11315704,"timestamp":1632856200,"swapAmountBNB":20,"uniswapv2buyprice":6711.58,"sushiswapv2buyprice":6716.57,"bakeryswapbuyprice":6789.82,"apeswapBuyPrice":6715.84,"uniswapv2sellprice":6677.68,"sushiswapv2sellprice":6696.61,"bakeryswapsellprice":6597.98,"apeswapsellprice":6678.85},{"block":11315705,"timestamp":1632856203,"swapAmountBNB":20,"uniswapv2buyprice":6712.77,"sushiswapv2buyprice":6716.57,"bakeryswapbuyprice":6789.82,"apeswapBuyPrice":6715.84,"uniswapv2sellprice":6678.86,"sushiswapv2sellprice":6696.61,"bakeryswapsellprice":6597.98,"apeswapsellprice":6678.85},{"block":11315706,"timestamp":1632856206,"swapAmountBNB":20,"uniswapv2buyprice":6712.87,"sushiswapv2buyprice":6716.57,"bakeryswapbuyprice":6789.82,"apeswapBuyPrice":6715.87,"uniswapv2sellprice":6678.96,"sushiswapv2sellprice":6696.61,"bakeryswapsellprice":6597.98,"apeswapsellprice":6678.89},{"block":11315707,"timestamp":1632856209,"swapAmountBNB":20,"uniswapv2buyprice":6712.94,"sushiswapv2buyprice":6716.57,"bakeryswapbuyprice":6789.82,"apeswapBuyPrice":6715.87,"uniswapv2sellprice":6679.03,"sushiswapv2sellprice":6696.61,"bakeryswapsellprice":6597.98,"apeswapsellprice":6678.89},{"block":11315708,"timestamp":1632856212,"swapAmountBNB":20,"uniswapv2buyprice":6712.98,"sushiswapv2buyprice":6716.57,"bakeryswapbuyprice":6789.82,"apeswapBuyPrice":6715.87,"uniswapv2sellprice":6679.07,"sushiswapv2sellprice":6696.61,"bakeryswapsellprice":6597.98,"apeswapsellprice":6678.89},{"block":11315709,"timestamp":1632856215,"swapAmountBNB":20,"uniswapv2buyprice":6713,"sushiswapv2buyprice":6716.5,"bakeryswapbuyprice":6789.82,"apeswapBuyPrice":6715.86,"uniswapv2sellprice":6679.09,"sushiswapv2sellprice":6696.54,"bakeryswapsellprice":6597.98,"apeswapsellprice":6678.88},{"block":11315710,"timestamp":1632856218,"swapAmountBNB":20,"uniswapv2buyprice":6713.02,"sushiswapv2buyprice":6716.5,"bakeryswapbuyprice":6789.82,"apeswapBuyPrice":6715.86,"uniswapv2sellprice":6679.11,"sushiswapv2sellprice":6696.54,"bakeryswapsellprice":6597.98,"apeswapsellprice":6678.88},{"block":11315711,"timestamp":1632856221,"swapAmountBNB":20,"uniswapv2buyprice":6713.14,"sushiswapv2buyprice":6716.5,"bakeryswapbuyprice":6789.82,"apeswapBuyPrice":6715.86,"uniswapv2sellprice":6679.23,"sushiswapv2sellprice":6696.54,"bakeryswapsellprice":6597.98,"apeswapsellprice":6678.88},{"block":11315712,"timestamp":1632856224,"swapAmountBNB":20,"uniswapv2buyprice":6713.59,"sushiswapv2buyprice":6716.5,"bakeryswapbuyprice":6789.82,"apeswapBuyPrice":6715.86,"uniswapv2sellprice":6679.68,"sushiswapv2sellprice":6696.54,"bakeryswapsellprice":6597.98,"apeswapsellprice":6678.88},{"block":11315713,"timestamp":1632856227,"swapAmountBNB":20,"uniswapv2buyprice":6713.6,"sushiswapv2buyprice":6716.5,"bakeryswapbuyprice":6789.82,"apeswapBuyPrice":6715.86,"uniswapv2sellprice":6679.69,"sushiswapv2sellprice":6696.54,"bakeryswapsellprice":6597.98,"apeswapsellprice":6678.88},{"block":11315714,"timestamp":1632856230,"swapAmountBNB":20,"uniswapv2buyprice":6713.62,"sushiswapv2buyprice":6716.5,"bakeryswapbuyprice":6789.82,"apeswapBuyPrice":6715.86,"uniswapv2sellprice":6679.7,"sushiswapv2sellprice":6696.54,"bakeryswapsellprice":6597.98,"apeswapsellprice":6678.88},{"block":11315715,"timestamp":1632856233,"swapAmountBNB":20,"uniswapv2buyprice":6713.72,"sushiswapv2buyprice":6716.48,"bakeryswapbuyprice":6789.82,"apeswapBuyPrice":6715.86,"uniswapv2sellprice":6679.8,"sushiswapv2sellprice":6696.52,"bakeryswapsellprice":6597.98,"apeswapsellprice":6678.88},{"block":11315716,"timestamp":1632856236,"swapAmountBNB":20,"uniswapv2buyprice":6713.72,"sushiswapv2buyprice":6716.48,"bakeryswapbuyprice":6789.82,"apeswapBuyPrice":6715.86,"uniswapv2sellprice":6679.8,"sushiswapv2sellprice":6696.52,"bakeryswapsellprice":6597.98,"apeswapsellprice":6678.88},{"block":11315717,"timestamp":1632856239,"swapAmountBNB":20,"uniswapv2buyprice":6713.73,"sushiswapv2buyprice":6716.4,"bakeryswapbuyprice":6789.82,"apeswapBuyPrice":6715.86,"uniswapv2sellprice":6679.81,"sushiswapv2sellprice":6696.44,"bakeryswapsellprice":6597.98,"apeswapsellprice":6678.88},{"block":11315718,"timestamp":1632856242,"swapAmountBNB":20,"uniswapv2buyprice":6713.84,"sushiswapv2buyprice":6716.4,"bakeryswapbuyprice":6789.82,"apeswapBuyPrice":6715.86,"uniswapv2sellprice":6679.93,"sushiswapv2sellprice":6696.44,"bakeryswapsellprice":6597.98,"apeswapsellprice":6678.88},{"block":11315719,"timestamp":1632856245,"swapAmountBNB":20,"uniswapv2buyprice":6713.84,"sushiswapv2buyprice":6715.53,"bakeryswapbuyprice":6789.82,"apeswapBuyPrice":6715.86,"uniswapv2sellprice":6679.93,"sushiswapv2sellprice":6695.57,"bakeryswapsellprice":6597.98,"apeswapsellprice":6678.88},{"block":11315720,"timestamp":1632856248,"swapAmountBNB":20,"uniswapv2buyprice":6713.74,"sushiswapv2buyprice":6715.53,"bakeryswapbuyprice":6789.82,"apeswapBuyPrice":6715.86,"uniswapv2sellprice":6679.83,"sushiswapv2sellprice":6695.57,"bakeryswapsellprice":6597.98,"apeswapsellprice":6678.88},{"block":11315721,"timestamp":1632856251,"swapAmountBNB":20,"uniswapv2buyprice":6713.75,"sushiswapv2buyprice":6715.53,"bakeryswapbuyprice":6789.82,"apeswapBuyPrice":6715.86,"uniswapv2sellprice":6679.84,"sushiswapv2sellprice":6695.57,"bakeryswapsellprice":6597.98,"apeswapsellprice":6678.88},{"block":11315722,"timestamp":1632856254,"swapAmountBNB":20,"uniswapv2buyprice":6713.74,"sushiswapv2buyprice":6715.53,"bakeryswapbuyprice":6789.82,"apeswapBuyPrice":6715.86,"uniswapv2sellprice":6679.83,"sushiswapv2sellprice":6695.57,"bakeryswapsellprice":6597.98,"apeswapsellprice":6678.88},{"block":11315723,"timestamp":1632856257,"swapAmountBNB":20,"uniswapv2buyprice":6713.74,"sushiswapv2buyprice":6715.53,"bakeryswapbuyprice":6789.82,"apeswapBuyPrice":6715.86,"uniswapv2sellprice":6679.83,"sushiswapv2sellprice":6695.57,"bakeryswapsellprice":6597.98,"apeswapsellprice":6678.88},{"block":11315724,"timestamp":1632856260,"swapAmountBNB":20,"uniswapv2buyprice":6713.79,"sushiswapv2buyprice":6715.53,"bakeryswapbuyprice":6789.82,"apeswapBuyPrice":6715.86,"uniswapv2sellprice":6679.87,"sushiswapv2sellprice":6695.57,"bakeryswapsellprice":6597.98,"apeswapsellprice":6678.88},{"block":11315725,"timestamp":1632856263,"swapAmountBNB":20,"uniswapv2buyprice":6713.79,"sushiswapv2buyprice":6715.53,"bakeryswapbuyprice":6789.82,"apeswapBuyPrice":6715.89,"uniswapv2sellprice":6679.87,"sushiswapv2sellprice":6695.57,"bakeryswapsellprice":6597.98,"apeswapsellprice":6678.9},{"block":11315726,"timestamp":1632856266,"swapAmountBNB":20,"uniswapv2buyprice":6713.77,"sushiswapv2buyprice":6715.05,"bakeryswapbuyprice":6789.82,"apeswapBuyPrice":6715.89,"uniswapv2sellprice":6679.86,"sushiswapv2sellprice":6695.1,"bakeryswapsellprice":6597.98,"apeswapsellprice":6678.9},{"block":11315727,"timestamp":1632856269,"swapAmountBNB":20,"uniswapv2buyprice":6713.83,"sushiswapv2buyprice":6715.05,"bakeryswapbuyprice":6789.82,"apeswapBuyPrice":6718.17,"uniswapv2sellprice":6679.91,"sushiswapv2sellprice":6695.1,"bakeryswapsellprice":6597.98,"apeswapsellprice":6681.17},{"block":11315728,"timestamp":1632856272,"swapAmountBNB":20,"uniswapv2buyprice":6713.83,"sushiswapv2buyprice":6715.05,"bakeryswapbuyprice":6789.82,"apeswapBuyPrice":6718.23,"uniswapv2sellprice":6679.91,"sushiswapv2sellprice":6695.1,"bakeryswapsellprice":6597.98,"apeswapsellprice":6681.23},{"block":11315729,"timestamp":1632856275,"swapAmountBNB":20,"uniswapv2buyprice":6713.83,"sushiswapv2buyprice":6715.05,"bakeryswapbuyprice":6789.82,"apeswapBuyPrice":6718.23,"uniswapv2sellprice":6679.91,"sushiswapv2sellprice":6695.1,"bakeryswapsellprice":6597.98,"apeswapsellprice":6681.23},{"block":11315730,"timestamp":1632856278,"swapAmountBNB":20,"uniswapv2buyprice":6713.82,"sushiswapv2buyprice":6715.05,"bakeryswapbuyprice":6789.82,"apeswapBuyPrice":6718.23,"uniswapv2sellprice":6679.91,"sushiswapv2sellprice":6695.1,"bakeryswapsellprice":6597.98,"apeswapsellprice":6681.23},{"block":11315731,"timestamp":1632856281,"swapAmountBNB":20,"uniswapv2buyprice":6713.78,"sushiswapv2buyprice":6715.05,"bakeryswapbuyprice":6789.82,"apeswapBuyPrice":6718.23,"uniswapv2sellprice":6679.87,"sushiswapv2sellprice":6695.1,"bakeryswapsellprice":6597.98,"apeswapsellprice":6681.23},{"block":11315732,"timestamp":1632856284,"swapAmountBNB":20,"uniswapv2buyprice":6713.77,"sushiswapv2buyprice":6714.89,"bakeryswapbuyprice":6789.82,"apeswapBuyPrice":6718.23,"uniswapv2sellprice":6679.85,"sushiswapv2sellprice":6694.93,"bakeryswapsellprice":6597.98,"apeswapsellprice":6681.23},{"block":11315733,"timestamp":1632856287,"swapAmountBNB":20,"uniswapv2buyprice":6713.77,"sushiswapv2buyprice":6714.74,"bakeryswapbuyprice":6789.82,"apeswapBuyPrice":6718.23,"uniswapv2sellprice":6679.85,"sushiswapv2sellprice":6694.78,"bakeryswapsellprice":6597.98,"apeswapsellprice":6681.23},{"block":11315734,"timestamp":1632856290,"swapAmountBNB":20,"uniswapv2buyprice":6713.78,"sushiswapv2buyprice":6714.74,"bakeryswapbuyprice":6789.82,"apeswapBuyPrice":6718.23,"uniswapv2sellprice":6679.87,"sushiswapv2sellprice":6694.78,"bakeryswapsellprice":6597.98,"apeswapsellprice":6681.23},{"block":11315735,"timestamp":1632856293,"swapAmountBNB":20,"uniswapv2buyprice":6713.91,"sushiswapv2buyprice":6714.74,"bakeryswapbuyprice":6789.82,"apeswapBuyPrice":6718.53,"uniswapv2sellprice":6679.99,"sushiswapv2sellprice":6694.78,"bakeryswapsellprice":6597.98,"apeswapsellprice":6681.52},{"block":11315736,"timestamp":1632856296,"swapAmountBNB":20,"uniswapv2buyprice":6713.9,"sushiswapv2buyprice":6714.74,"bakeryswapbuyprice":6789.82,"apeswapBuyPrice":6718.53,"uniswapv2sellprice":6679.98,"sushiswapv2sellprice":6694.78,"bakeryswapsellprice":6597.98,"apeswapsellprice":6681.52},{"block":11315737,"timestamp":1632856299,"swapAmountBNB":20,"uniswapv2buyprice":6713.9,"sushiswapv2buyprice":6714.74,"bakeryswapbuyprice":6789.82,"apeswapBuyPrice":6718.53,"uniswapv2sellprice":6679.98,"sushiswapv2sellprice":6694.78,"bakeryswapsellprice":6597.98,"apeswapsellprice":6681.52},{"block":11315738,"timestamp":1632856302,"swapAmountBNB":20,"uniswapv2buyprice":6713.91,"sushiswapv2buyprice":6714.74,"bakeryswapbuyprice":6792.08,"apeswapBuyPrice":6718.53,"uniswapv2sellprice":6680,"sushiswapv2sellprice":6694.78,"bakeryswapsellprice":6600.15,"apeswapsellprice":6681.52},{"block":11315739,"timestamp":1632856305,"swapAmountBNB":20,"uniswapv2buyprice":6713.91,"sushiswapv2buyprice":6714.74,"bakeryswapbuyprice":6792.08,"apeswapBuyPrice":6718.53,"uniswapv2sellprice":6680,"sushiswapv2sellprice":6694.78,"bakeryswapsellprice":6600.15,"apeswapsellprice":6681.52},{"block":11315740,"timestamp":1632856308,"swapAmountBNB":20,"uniswapv2buyprice":6713.92,"sushiswapv2buyprice":6714.74,"bakeryswapbuyprice":6792.08,"apeswapBuyPrice":6718.53,"uniswapv2sellprice":6680,"sushiswapv2sellprice":6694.78,"bakeryswapsellprice":6600.15,"apeswapsellprice":6681.52},{"block":11315741,"timestamp":1632856311,"swapAmountBNB":20,"uniswapv2buyprice":6713.93,"sushiswapv2buyprice":6714.69,"bakeryswapbuyprice":6792.08,"apeswapBuyPrice":6718.53,"uniswapv2sellprice":6680.02,"sushiswapv2sellprice":6694.74,"bakeryswapsellprice":6600.15,"apeswapsellprice":6681.52},{"block":11315742,"timestamp":1632856314,"swapAmountBNB":20,"uniswapv2buyprice":6713.94,"sushiswapv2buyprice":6714.69,"bakeryswapbuyprice":6792.08,"apeswapBuyPrice":6718.53,"uniswapv2sellprice":6680.02,"sushiswapv2sellprice":6694.74,"bakeryswapsellprice":6600.15,"apeswapsellprice":6681.52},{"block":11315743,"timestamp":1632856317,"swapAmountBNB":20,"uniswapv2buyprice":6713.93,"sushiswapv2buyprice":6714.69,"bakeryswapbuyprice":6792.08,"apeswapBuyPrice":6718.53,"uniswapv2sellprice":6680.01,"sushiswapv2sellprice":6694.74,"bakeryswapsellprice":6600.15,"apeswapsellprice":6681.52},{"block":11315744,"timestamp":1632856320,"swapAmountBNB":20,"uniswapv2buyprice":6713.92,"sushiswapv2buyprice":6716.19,"bakeryswapbuyprice":6792.08,"apeswapBuyPrice":6718.53,"uniswapv2sellprice":6680,"sushiswapv2sellprice":6696.23,"bakeryswapsellprice":6600.15,"apeswapsellprice":6681.52},{"block":11315745,"timestamp":1632856323,"swapAmountBNB":20,"uniswapv2buyprice":6713.95,"sushiswapv2buyprice":6716.19,"bakeryswapbuyprice":6792.08,"apeswapBuyPrice":6716.93,"uniswapv2sellprice":6680.03,"sushiswapv2sellprice":6696.23,"bakeryswapsellprice":6600.15,"apeswapsellprice":6679.94},{"block":11315746,"timestamp":1632856326,"swapAmountBNB":20,"uniswapv2buyprice":6713.94,"sushiswapv2buyprice":6715.99,"bakeryswapbuyprice":6792.08,"apeswapBuyPrice":6716.93,"uniswapv2sellprice":6680.03,"sushiswapv2sellprice":6696.03,"bakeryswapsellprice":6600.15,"apeswapsellprice":6679.94},{"block":11315747,"timestamp":1632856329,"swapAmountBNB":20,"uniswapv2buyprice":6717.83,"sushiswapv2buyprice":6715.99,"bakeryswapbuyprice":6792.08,"apeswapBuyPrice":6716.92,"uniswapv2sellprice":6683.89,"sushiswapv2sellprice":6696.03,"bakeryswapsellprice":6600.15,"apeswapsellprice":6679.93},{"block":11315748,"timestamp":1632856332,"swapAmountBNB":20,"uniswapv2buyprice":6717.81,"sushiswapv2buyprice":6707.32,"bakeryswapbuyprice":6792.08,"apeswapBuyPrice":6717,"uniswapv2sellprice":6683.87,"sushiswapv2sellprice":6687.39,"bakeryswapsellprice":6600.15,"apeswapsellprice":6679.85},{"block":11315749,"timestamp":1632856335,"swapAmountBNB":20,"uniswapv2buyprice":6717.92,"sushiswapv2buyprice":6707.32,"bakeryswapbuyprice":6792.08,"apeswapBuyPrice":6717,"uniswapv2sellprice":6683.98,"sushiswapv2sellprice":6687.39,"bakeryswapsellprice":6600.15,"apeswapsellprice":6680.01},{"block":11315750,"timestamp":1632856338,"swapAmountBNB":20,"uniswapv2buyprice":6718.04,"sushiswapv2buyprice":6707.32,"bakeryswapbuyprice":6792.08,"apeswapBuyPrice":6717,"uniswapv2sellprice":6684.1,"sushiswapv2sellprice":6687.39,"bakeryswapsellprice":6600.15,"apeswapsellprice":6680.01},{"block":11315751,"timestamp":1632856341,"swapAmountBNB":20,"uniswapv2buyprice":6718.21,"sushiswapv2buyprice":6707.32,"bakeryswapbuyprice":6792.08,"apeswapBuyPrice":6717,"uniswapv2sellprice":6684.27,"sushiswapv2sellprice":6687.39,"bakeryswapsellprice":6600.15,"apeswapsellprice":6680.01},{"block":11315752,"timestamp":1632856344,"swapAmountBNB":20,"uniswapv2buyprice":6718.16,"sushiswapv2buyprice":6707.32,"bakeryswapbuyprice":6792.08,"apeswapBuyPrice":6717,"uniswapv2sellprice":6684.23,"sushiswapv2sellprice":6687.39,"bakeryswapsellprice":6600.15,"apeswapsellprice":6680.01},{"block":11315753,"timestamp":1632856347,"swapAmountBNB":20,"uniswapv2buyprice":6718.24,"sushiswapv2buyprice":6707.32,"bakeryswapbuyprice":6792.08,"apeswapBuyPrice":6717,"uniswapv2sellprice":6684.3,"sushiswapv2sellprice":6687.39,"bakeryswapsellprice":6600.15,"apeswapsellprice":6680.01},{"block":11315754,"timestamp":1632856350,"swapAmountBNB":20,"uniswapv2buyprice":6718.36,"sushiswapv2buyprice":6707.32,"bakeryswapbuyprice":6792.08,"apeswapBuyPrice":6717,"uniswapv2sellprice":6684.42,"sushiswapv2sellprice":6687.39,"bakeryswapsellprice":6600.15,"apeswapsellprice":6680.01},{"block":11315755,"timestamp":1632856353,"swapAmountBNB":20,"uniswapv2buyprice":6717.33,"sushiswapv2buyprice":6707.32,"bakeryswapbuyprice":6792.08,"apeswapBuyPrice":6722.03,"uniswapv2sellprice":6683.39,"sushiswapv2sellprice":6687.39,"bakeryswapsellprice":6600.15,"apeswapsellprice":6685},{"block":11315756,"timestamp":1632856356,"swapAmountBNB":20,"uniswapv2buyprice":6717.31,"sushiswapv2buyprice":6707.32,"bakeryswapbuyprice":6792.08,"apeswapBuyPrice":6722.03,"uniswapv2sellprice":6683.37,"sushiswapv2sellprice":6687.39,"bakeryswapsellprice":6600.15,"apeswapsellprice":6685},{"block":11315757,"timestamp":1632856359,"swapAmountBNB":20,"uniswapv2buyprice":6717.14,"sushiswapv2buyprice":6709.58,"bakeryswapbuyprice":6798.44,"apeswapBuyPrice":6723.58,"uniswapv2sellprice":6683.21,"sushiswapv2sellprice":6689.65,"bakeryswapsellprice":6606.26,"apeswapsellprice":6686.55},{"block":11315758,"timestamp":1632856362,"swapAmountBNB":20,"uniswapv2buyprice":6717.14,"sushiswapv2buyprice":6709.58,"bakeryswapbuyprice":6798.44,"apeswapBuyPrice":6723.68,"uniswapv2sellprice":6683.21,"sushiswapv2sellprice":6689.65,"bakeryswapsellprice":6606.26,"apeswapsellprice":6686.55},{"block":11315759,"timestamp":1632856365,"swapAmountBNB":20,"uniswapv2buyprice":6717.12,"sushiswapv2buyprice":6710.27,"bakeryswapbuyprice":6798.44,"apeswapBuyPrice":6723.68,"uniswapv2sellprice":6683.19,"sushiswapv2sellprice":6690.33,"bakeryswapsellprice":6606.26,"apeswapsellprice":6686.65},{"block":11315760,"timestamp":1632856368,"swapAmountBNB":20,"uniswapv2buyprice":6717.13,"sushiswapv2buyprice":6710.27,"bakeryswapbuyprice":6798.44,"apeswapBuyPrice":6723.68,"uniswapv2sellprice":6683.2,"sushiswapv2sellprice":6690.33,"bakeryswapsellprice":6606.26,"apeswapsellprice":6686.65},{"block":11315761,"timestamp":1632856371,"swapAmountBNB":20,"uniswapv2buyprice":6717.33,"sushiswapv2buyprice":6710.91,"bakeryswapbuyprice":6798.44,"apeswapBuyPrice":6723.68,"uniswapv2sellprice":6683.4,"sushiswapv2sellprice":6690.97,"bakeryswapsellprice":6606.26,"apeswapsellprice":6686.65},{"block":11315762,"timestamp":1632856374,"swapAmountBNB":20,"uniswapv2buyprice":6717.33,"sushiswapv2buyprice":6710.37,"bakeryswapbuyprice":6798.44,"apeswapBuyPrice":6723.68,"uniswapv2sellprice":6683.4,"sushiswapv2sellprice":6690.43,"bakeryswapsellprice":6606.26,"apeswapsellprice":6686.65},{"block":11315763,"timestamp":1632856377,"swapAmountBNB":20,"uniswapv2buyprice":6717.33,"sushiswapv2buyprice":6710.26,"bakeryswapbuyprice":6798.44,"apeswapBuyPrice":6723.68,"uniswapv2sellprice":6683.39,"sushiswapv2sellprice":6690.33,"bakeryswapsellprice":6606.26,"apeswapsellprice":6686.65},{"block":11315764,"timestamp":1632856380,"swapAmountBNB":20,"uniswapv2buyprice":6717.31,"sushiswapv2buyprice":6710.26,"bakeryswapbuyprice":6798.44,"apeswapBuyPrice":6723.68,"uniswapv2sellprice":6683.37,"sushiswapv2sellprice":6690.33,"bakeryswapsellprice":6606.26,"apeswapsellprice":6686.65},{"block":11315765,"timestamp":1632856383,"swapAmountBNB":20,"uniswapv2buyprice":6717.32,"sushiswapv2buyprice":6710.26,"bakeryswapbuyprice":6798.44,"apeswapBuyPrice":6723.68,"uniswapv2sellprice":6683.39,"sushiswapv2sellprice":6690.33,"bakeryswapsellprice":6606.26,"apeswapsellprice":6686.65},{"block":11315766,"timestamp":1632856386,"swapAmountBNB":20,"uniswapv2buyprice":6716.71,"sushiswapv2buyprice":6711.58,"bakeryswapbuyprice":6798.44,"apeswapBuyPrice":6723.68,"uniswapv2sellprice":6682.78,"sushiswapv2sellprice":6691.63,"bakeryswapsellprice":6606.26,"apeswapsellprice":6686.65},{"block":11315767,"timestamp":1632856389,"swapAmountBNB":20,"uniswapv2buyprice":6716.72,"sushiswapv2buyprice":6711.68,"bakeryswapbuyprice":6798.44,"apeswapBuyPrice":6723.68,"uniswapv2sellprice":6682.79,"sushiswapv2sellprice":6691.74,"bakeryswapsellprice":6606.26,"apeswapsellprice":6686.65},{"block":11315768,"timestamp":1632856392,"swapAmountBNB":20,"uniswapv2buyprice":6716.73,"sushiswapv2buyprice":6711.68,"bakeryswapbuyprice":6798.44,"apeswapBuyPrice":6723.68,"uniswapv2sellprice":6682.8,"sushiswapv2sellprice":6691.74,"bakeryswapsellprice":6606.26,"apeswapsellprice":6686.65},{"block":11315769,"timestamp":1632856395,"swapAmountBNB":20,"uniswapv2buyprice":6716.73,"sushiswapv2buyprice":6711.68,"bakeryswapbuyprice":6798.44,"apeswapBuyPrice":6723.68,"uniswapv2sellprice":6682.8,"sushiswapv2sellprice":6691.74,"bakeryswapsellprice":6606.26,"apeswapsellprice":6686.65},{"block":11315770,"timestamp":1632856398,"swapAmountBNB":20,"uniswapv2buyprice":6716.73,"sushiswapv2buyprice":6711.68,"bakeryswapbuyprice":6798.44,"apeswapBuyPrice":6723.68,"uniswapv2sellprice":6682.8,"sushiswapv2sellprice":6691.74,"bakeryswapsellprice":6606.26,"apeswapsellprice":6686.65},{"block":11315771,"timestamp":1632856401,"swapAmountBNB":20,"uniswapv2buyprice":6716.67,"sushiswapv2buyprice":6711.68,"bakeryswapbuyprice":6798.44,"apeswapBuyPrice":6731.55,"uniswapv2sellprice":6682.74,"sushiswapv2sellprice":6691.74,"bakeryswapsellprice":6606.26,"apeswapsellprice":6694.47},{"block":11315772,"timestamp":1632856404,"swapAmountBNB":20,"uniswapv2buyprice":6716.67,"sushiswapv2buyprice":6711.68,"bakeryswapbuyprice":6798.44,"apeswapBuyPrice":6731.55,"uniswapv2sellprice":6682.74,"sushiswapv2sellprice":6691.74,"bakeryswapsellprice":6606.26,"apeswapsellprice":6694.47},{"block":11315773,"timestamp":1632856407,"swapAmountBNB":20,"uniswapv2buyprice":6716.68,"sushiswapv2buyprice":6711.68,"bakeryswapbuyprice":6798.44,"apeswapBuyPrice":6731.55,"uniswapv2sellprice":6682.75,"sushiswapv2sellprice":6691.74,"bakeryswapsellprice":6606.26,"apeswapsellprice":6694.47},{"block":11315774,"timestamp":1632856410,"swapAmountBNB":20,"uniswapv2buyprice":6716.68,"sushiswapv2buyprice":6711.68,"bakeryswapbuyprice":6798.44,"apeswapBuyPrice":6731.55,"uniswapv2sellprice":6682.75,"sushiswapv2sellprice":6691.74,"bakeryswapsellprice":6606.26,"apeswapsellprice":6694.47},{"block":11315775,"timestamp":1632856413,"swapAmountBNB":20,"uniswapv2buyprice":6716.7,"sushiswapv2buyprice":6711.68,"bakeryswapbuyprice":6798.44,"apeswapBuyPrice":6731.55,"uniswapv2sellprice":6682.77,"sushiswapv2sellprice":6691.74,"bakeryswapsellprice":6606.26,"apeswapsellprice":6694.47},{"block":11315776,"timestamp":1632856416,"swapAmountBNB":20,"uniswapv2buyprice":6716.7,"sushiswapv2buyprice":6711.68,"bakeryswapbuyprice":6798.44,"apeswapBuyPrice":6731.55,"uniswapv2sellprice":6682.77,"sushiswapv2sellprice":6691.74,"bakeryswapsellprice":6606.26,"apeswapsellprice":6694.47},{"block":11315777,"timestamp":1632856419,"swapAmountBNB":20,"uniswapv2buyprice":6716.7,"sushiswapv2buyprice":6711.94,"bakeryswapbuyprice":6798.44,"apeswapBuyPrice":6731.55,"uniswapv2sellprice":6682.77,"sushiswapv2sellprice":6692,"bakeryswapsellprice":6606.26,"apeswapsellprice":6694.47},{"block":11315778,"timestamp":1632856422,"swapAmountBNB":20,"uniswapv2buyprice":6716.8,"sushiswapv2buyprice":6711.94,"bakeryswapbuyprice":6798.44,"apeswapBuyPrice":6731.55,"uniswapv2sellprice":6682.87,"sushiswapv2sellprice":6692,"bakeryswapsellprice":6606.26,"apeswapsellprice":6694.47},{"block":11315779,"timestamp":1632856426,"swapAmountBNB":20,"uniswapv2buyprice":6716.8,"sushiswapv2buyprice":6713.02,"bakeryswapbuyprice":6798.44,"apeswapBuyPrice":6731.55,"uniswapv2sellprice":6682.87,"sushiswapv2sellprice":6693.07,"bakeryswapsellprice":6606.26,"apeswapsellprice":6694.47},{"block":11315780,"timestamp":1632856429,"swapAmountBNB":20,"uniswapv2buyprice":6717.12,"sushiswapv2buyprice":6713.02,"bakeryswapbuyprice":6798.44,"apeswapBuyPrice":6731.19,"uniswapv2sellprice":6683.19,"sushiswapv2sellprice":6693.07,"bakeryswapsellprice":6606.26,"apeswapsellprice":6694.1},{"block":11315781,"timestamp":1632856432,"swapAmountBNB":20,"uniswapv2buyprice":6717.24,"sushiswapv2buyprice":6713.02,"bakeryswapbuyprice":6798.44,"apeswapBuyPrice":6731.19,"uniswapv2sellprice":6683.31,"sushiswapv2sellprice":6693.07,"bakeryswapsellprice":6606.26,"apeswapsellprice":6694.1},{"block":11315782,"timestamp":1632856435,"swapAmountBNB":20,"uniswapv2buyprice":6717.25,"sushiswapv2buyprice":6713.02,"bakeryswapbuyprice":6798.44,"apeswapBuyPrice":6731.19,"uniswapv2sellprice":6683.32,"sushiswapv2sellprice":6693.07,"bakeryswapsellprice":6606.26,"apeswapsellprice":6694.1},{"block":11315783,"timestamp":1632856438,"swapAmountBNB":20,"uniswapv2buyprice":6717.16,"sushiswapv2buyprice":6713.02,"bakeryswapbuyprice":6798.44,"apeswapBuyPrice":6731.19,"uniswapv2sellprice":6683.23,"sushiswapv2sellprice":6693.07,"bakeryswapsellprice":6606.26,"apeswapsellprice":6694.1},{"block":11315784,"timestamp":1632856441,"swapAmountBNB":20,"uniswapv2buyprice":6717.16,"sushiswapv2buyprice":6713.02,"bakeryswapbuyprice":6798.44,"apeswapBuyPrice":6731.18,"uniswapv2sellprice":6683.23,"sushiswapv2sellprice":6693.07,"bakeryswapsellprice":6606.26,"apeswapsellprice":6694.09},{"block":11315785,"timestamp":1632856444,"swapAmountBNB":20,"uniswapv2buyprice":6717.16,"sushiswapv2buyprice":6713.02,"bakeryswapbuyprice":6798.44,"apeswapBuyPrice":6731.18,"uniswapv2sellprice":6683.23,"sushiswapv2sellprice":6693.07,"bakeryswapsellprice":6606.26,"apeswapsellprice":6694.09},{"block":11315786,"timestamp":1632856447,"swapAmountBNB":20,"uniswapv2buyprice":6717.17,"sushiswapv2buyprice":6713.02,"bakeryswapbuyprice":6798.44,"apeswapBuyPrice":6731.18,"uniswapv2sellprice":6683.24,"sushiswapv2sellprice":6693.07,"bakeryswapsellprice":6606.26,"apeswapsellprice":6694.09},{"block":11315787,"timestamp":1632856452,"swapAmountBNB":20,"uniswapv2buyprice":6717.17,"sushiswapv2buyprice":6713.02,"bakeryswapbuyprice":6798.44,"apeswapBuyPrice":6730.94,"uniswapv2sellprice":6683.24,"sushiswapv2sellprice":6693.07,"bakeryswapsellprice":6606.26,"apeswapsellprice":6693.86},{"block":11315788,"timestamp":1632856455,"swapAmountBNB":20,"uniswapv2buyprice":6717.19,"sushiswapv2buyprice":6714.21,"bakeryswapbuyprice":6798.44,"apeswapBuyPrice":6729.24,"uniswapv2sellprice":6683.26,"sushiswapv2sellprice":6694.26,"bakeryswapsellprice":6606.26,"apeswapsellprice":6692.17},{"block":11315789,"timestamp":1632856458,"swapAmountBNB":20,"uniswapv2buyprice":6717.28,"sushiswapv2buyprice":6717.82,"bakeryswapbuyprice":6798.44,"apeswapBuyPrice":6729.24,"uniswapv2sellprice":6683.35,"sushiswapv2sellprice":6697.85,"bakeryswapsellprice":6606.26,"apeswapsellprice":6692.17},{"block":11315790,"timestamp":1632856461,"swapAmountBNB":20,"uniswapv2buyprice":6718.22,"sushiswapv2buyprice":6717.82,"bakeryswapbuyprice":6798.44,"apeswapBuyPrice":6729.24,"uniswapv2sellprice":6684.28,"sushiswapv2sellprice":6697.85,"bakeryswapsellprice":6606.26,"apeswapsellprice":6692.17},{"block":11315791,"timestamp":1632856464,"swapAmountBNB":20,"uniswapv2buyprice":6718.22,"sushiswapv2buyprice":6714.71,"bakeryswapbuyprice":6798.44,"apeswapBuyPrice":6728.09,"uniswapv2sellprice":6684.28,"sushiswapv2sellprice":6694.75,"bakeryswapsellprice":6606.26,"apeswapsellprice":6691.03},{"block":11315792,"timestamp":1632856467,"swapAmountBNB":20,"uniswapv2buyprice":6718.26,"sushiswapv2buyprice":6714.71,"bakeryswapbuyprice":6798.44,"apeswapBuyPrice":6728.09,"uniswapv2sellprice":6684.32,"sushiswapv2sellprice":6694.75,"bakeryswapsellprice":6606.26,"apeswapsellprice":6691.03},{"block":11315793,"timestamp":1632856470,"swapAmountBNB":20,"uniswapv2buyprice":6718.27,"sushiswapv2buyprice":6717.87,"bakeryswapbuyprice":6798.44,"apeswapBuyPrice":6728.09,"uniswapv2sellprice":6684.33,"sushiswapv2sellprice":6697.91,"bakeryswapsellprice":6606.26,"apeswapsellprice":6691.03},{"block":11315794,"timestamp":1632856475,"swapAmountBNB":20,"uniswapv2buyprice":6718.71,"sushiswapv2buyprice":6717.87,"bakeryswapbuyprice":6798.44,"apeswapBuyPrice":6727.95,"uniswapv2sellprice":6684.77,"sushiswapv2sellprice":6697.91,"bakeryswapsellprice":6606.26,"apeswapsellprice":6690.89},{"block":11315795,"timestamp":1632856478,"swapAmountBNB":20,"uniswapv2buyprice":6718.93,"sushiswapv2buyprice":6718.33,"bakeryswapbuyprice":6798.44,"apeswapBuyPrice":6727.95,"uniswapv2sellprice":6684.99,"sushiswapv2sellprice":6698.37,"bakeryswapsellprice":6606.26,"apeswapsellprice":6690.89},{"block":11315796,"timestamp":1632856481,"swapAmountBNB":20,"uniswapv2buyprice":6718.94,"sushiswapv2buyprice":6721.52,"bakeryswapbuyprice":6798.44,"apeswapBuyPrice":6727.95,"uniswapv2sellprice":6685,"sushiswapv2sellprice":6701.54,"bakeryswapsellprice":6606.26,"apeswapsellprice":6690.89},{"block":11315797,"timestamp":1632856484,"swapAmountBNB":20,"uniswapv2buyprice":6718.94,"sushiswapv2buyprice":6721.52,"bakeryswapbuyprice":6798.44,"apeswapBuyPrice":6727.95,"uniswapv2sellprice":6685,"sushiswapv2sellprice":6701.54,"bakeryswapsellprice":6606.26,"apeswapsellprice":6690.89},{"block":11315798,"timestamp":1632856487,"swapAmountBNB":20,"uniswapv2buyprice":6718.93,"sushiswapv2buyprice":6721.52,"bakeryswapbuyprice":6798.44,"apeswapBuyPrice":6727.95,"uniswapv2sellprice":6684.99,"sushiswapv2sellprice":6701.54,"bakeryswapsellprice":6606.26,"apeswapsellprice":6690.89},{"block":11315799,"timestamp":1632856491,"swapAmountBNB":20,"uniswapv2buyprice":6718.87,"sushiswapv2buyprice":6721.52,"bakeryswapbuyprice":6798.44,"apeswapBuyPrice":6727.95,"uniswapv2sellprice":6684.92,"sushiswapv2sellprice":6701.54,"bakeryswapsellprice":6606.26,"apeswapsellprice":6690.89},{"block":11315800,"timestamp":1632856494,"swapAmountBNB":20,"uniswapv2buyprice":6718.91,"sushiswapv2buyprice":6721.01,"bakeryswapbuyprice":6798.44,"apeswapBuyPrice":6727.95,"uniswapv2sellprice":6684.97,"sushiswapv2sellprice":6701.04,"bakeryswapsellprice":6606.26,"apeswapsellprice":6690.89},{"block":11315801,"timestamp":1632856497,"swapAmountBNB":20,"uniswapv2buyprice":6718.96,"sushiswapv2buyprice":6721.01,"bakeryswapbuyprice":6798.44,"apeswapBuyPrice":6727.95,"uniswapv2sellprice":6685.02,"sushiswapv2sellprice":6701.04,"bakeryswapsellprice":6606.26,"apeswapsellprice":6690.89},{"block":11315802,"timestamp":1632856500,"swapAmountBNB":20,"uniswapv2buyprice":6719.06,"sushiswapv2buyprice":6721.01,"bakeryswapbuyprice":6798.44,"apeswapBuyPrice":6727.95,"uniswapv2sellprice":6685.11,"sushiswapv2sellprice":6701.04,"bakeryswapsellprice":6606.26,"apeswapsellprice":6690.89},{"block":11315803,"timestamp":1632856503,"swapAmountBNB":20,"uniswapv2buyprice":6719.15,"sushiswapv2buyprice":6720.88,"bakeryswapbuyprice":6798.44,"apeswapBuyPrice":6727.95,"uniswapv2sellprice":6685.2,"sushiswapv2sellprice":6700.9,"bakeryswapsellprice":6606.26,"apeswapsellprice":6690.89},{"block":11315804,"timestamp":1632856506,"swapAmountBNB":20,"uniswapv2buyprice":6719.16,"sushiswapv2buyprice":6720.77,"bakeryswapbuyprice":6798.44,"apeswapBuyPrice":6727.95,"uniswapv2sellprice":6685.22,"sushiswapv2sellprice":6700.8,"bakeryswapsellprice":6606.26,"apeswapsellprice":6690.89},{"block":11315805,"timestamp":1632856509,"swapAmountBNB":20,"uniswapv2buyprice":6719.16,"sushiswapv2buyprice":6720.77,"bakeryswapbuyprice":6798.44,"apeswapBuyPrice":6727.95,"uniswapv2sellprice":6685.22,"sushiswapv2sellprice":6700.8,"bakeryswapsellprice":6606.26,"apeswapsellprice":6690.89},{"block":11315806,"timestamp":1632856512,"swapAmountBNB":20,"uniswapv2buyprice":6719.3,"sushiswapv2buyprice":6720.77,"bakeryswapbuyprice":6798.44,"apeswapBuyPrice":6727.99,"uniswapv2sellprice":6685.35,"sushiswapv2sellprice":6700.8,"bakeryswapsellprice":6606.26,"apeswapsellprice":6690.92},{"block":11315807,"timestamp":1632856515,"swapAmountBNB":20,"uniswapv2buyprice":6719.11,"sushiswapv2buyprice":6720.77,"bakeryswapbuyprice":6798.44,"apeswapBuyPrice":6727.99,"uniswapv2sellprice":6685.17,"sushiswapv2sellprice":6700.8,"bakeryswapsellprice":6606.26,"apeswapsellprice":6690.92},{"block":11315808,"timestamp":1632856519,"swapAmountBNB":20,"uniswapv2buyprice":6719.03,"sushiswapv2buyprice":6720.77,"bakeryswapbuyprice":6798.44,"apeswapBuyPrice":6727.99,"uniswapv2sellprice":6685.09,"sushiswapv2sellprice":6700.8,"bakeryswapsellprice":6606.26,"apeswapsellprice":6690.92},{"block":11315809,"timestamp":1632856522,"swapAmountBNB":20,"uniswapv2buyprice":6719.05,"sushiswapv2buyprice":6720.77,"bakeryswapbuyprice":6798.44,"apeswapBuyPrice":6727.99,"uniswapv2sellprice":6685.1,"sushiswapv2sellprice":6700.8,"bakeryswapsellprice":6606.26,"apeswapsellprice":6690.92},{"block":11315810,"timestamp":1632856525,"swapAmountBNB":20,"uniswapv2buyprice":6719.06,"sushiswapv2buyprice":6720.77,"bakeryswapbuyprice":6798.44,"apeswapBuyPrice":6727.99,"uniswapv2sellprice":6685.12,"sushiswapv2sellprice":6700.8,"bakeryswapsellprice":6606.26,"apeswapsellprice":6690.92},{"block":11315811,"timestamp":1632856528,"swapAmountBNB":20,"uniswapv2buyprice":6719.06,"sushiswapv2buyprice":6720.77,"bakeryswapbuyprice":6798.44,"apeswapBuyPrice":6727.99,"uniswapv2sellprice":6685.12,"sushiswapv2sellprice":6700.8,"bakeryswapsellprice":6606.26,"apeswapsellprice":6690.92},{"block":11315812,"timestamp":1632856531,"swapAmountBNB":20,"uniswapv2buyprice":6719.06,"sushiswapv2buyprice":6720.77,"bakeryswapbuyprice":6798.44,"apeswapBuyPrice":6727.99,"uniswapv2sellprice":6685.12,"sushiswapv2sellprice":6700.8,"bakeryswapsellprice":6606.26,"apeswapsellprice":6690.92},{"block":11315813,"timestamp":1632856534,"swapAmountBNB":20,"uniswapv2buyprice":6719.06,"sushiswapv2buyprice":6720.77,"bakeryswapbuyprice":6798.44,"apeswapBuyPrice":6727.99,"uniswapv2sellprice":6685.12,"sushiswapv2sellprice":6700.8,"bakeryswapsellprice":6606.26,"apeswapsellprice":6690.92},{"block":11315814,"timestamp":1632856537,"swapAmountBNB":20,"uniswapv2buyprice":6719.05,"sushiswapv2buyprice":6720.77,"bakeryswapbuyprice":6798.44,"apeswapBuyPrice":6727.99,"uniswapv2sellprice":6685.11,"sushiswapv2sellprice":6700.8,"bakeryswapsellprice":6606.26,"apeswapsellprice":6690.92},{"block":11315815,"timestamp":1632856540,"swapAmountBNB":20,"uniswapv2buyprice":6719.04,"sushiswapv2buyprice":6720.77,"bakeryswapbuyprice":6798.44,"apeswapBuyPrice":6727.94,"uniswapv2sellprice":6685.1,"sushiswapv2sellprice":6700.8,"bakeryswapsellprice":6606.26,"apeswapsellprice":6690.87},{"block":11315816,"timestamp":1632856544,"swapAmountBNB":20,"uniswapv2buyprice":6719.78,"sushiswapv2buyprice":6719.06,"bakeryswapbuyprice":6798.44,"apeswapBuyPrice":6727.94,"uniswapv2sellprice":6685.83,"sushiswapv2sellprice":6699.09,"bakeryswapsellprice":6606.26,"apeswapsellprice":6690.87},{"block":11315817,"timestamp":1632856547,"swapAmountBNB":20,"uniswapv2buyprice":6719.34,"sushiswapv2buyprice":6715.89,"bakeryswapbuyprice":6798.44,"apeswapBuyPrice":6727.94,"uniswapv2sellprice":6685.4,"sushiswapv2sellprice":6695.93,"bakeryswapsellprice":6606.26,"apeswapsellprice":6690.87},{"block":11315818,"timestamp":1632856550,"swapAmountBNB":20,"uniswapv2buyprice":6719.36,"sushiswapv2buyprice":6715.9,"bakeryswapbuyprice":6798.44,"apeswapBuyPrice":6727.94,"uniswapv2sellprice":6685.41,"sushiswapv2sellprice":6695.94,"bakeryswapsellprice":6606.26,"apeswapsellprice":6690.87},{"block":11315819,"timestamp":1632856553,"swapAmountBNB":20,"uniswapv2buyprice":6719.36,"sushiswapv2buyprice":6719.51,"bakeryswapbuyprice":6798.44,"apeswapBuyPrice":6727.94,"uniswapv2sellprice":6685.42,"sushiswapv2sellprice":6699.54,"bakeryswapsellprice":6606.26,"apeswapsellprice":6690.87},{"block":11315820,"timestamp":1632856556,"swapAmountBNB":20,"uniswapv2buyprice":6719.35,"sushiswapv2buyprice":6719.43,"bakeryswapbuyprice":6798.44,"apeswapBuyPrice":6727.94,"uniswapv2sellprice":6685.41,"sushiswapv2sellprice":6699.46,"bakeryswapsellprice":6606.26,"apeswapsellprice":6690.87},{"block":11315821,"timestamp":1632856559,"swapAmountBNB":20,"uniswapv2buyprice":6719.34,"sushiswapv2buyprice":6719.43,"bakeryswapbuyprice":6798.44,"apeswapBuyPrice":6727.94,"uniswapv2sellprice":6685.4,"sushiswapv2sellprice":6699.46,"bakeryswapsellprice":6606.26,"apeswapsellprice":6690.87},{"block":11315822,"timestamp":1632856562,"swapAmountBNB":20,"uniswapv2buyprice":6719.34,"sushiswapv2buyprice":6719.43,"bakeryswapbuyprice":6798.44,"apeswapBuyPrice":6727.94,"uniswapv2sellprice":6685.4,"sushiswapv2sellprice":6699.46,"bakeryswapsellprice":6606.26,"apeswapsellprice":6690.87},{"block":11315823,"timestamp":1632856565,"swapAmountBNB":20,"uniswapv2buyprice":6719.34,"sushiswapv2buyprice":6719.43,"bakeryswapbuyprice":6798.44,"apeswapBuyPrice":6727.94,"uniswapv2sellprice":6685.4,"sushiswapv2sellprice":6699.46,"bakeryswapsellprice":6606.26,"apeswapsellprice":6690.87},{"block":11315823,"timestamp":1632856565,"swapAmountBNB":20,"uniswapv2buyprice":6719.34,"sushiswapv2buyprice":6719.43,"bakeryswapbuyprice":6798.44,"apeswapBuyPrice":6727.94,"uniswapv2sellprice":6685.4,"sushiswapv2sellprice":6699.46,"bakeryswapsellprice":6606.26,"apeswapsellprice":6690.87},{"block":11315824,"timestamp":1632856568,"swapAmountBNB":20,"uniswapv2buyprice":6719.39,"sushiswapv2buyprice":6717.37,"bakeryswapbuyprice":6798.44,"apeswapBuyPrice":6727.94,"uniswapv2sellprice":6685.44,"sushiswapv2sellprice":6697.41,"bakeryswapsellprice":6606.26,"apeswapsellprice":6690.87},{"block":11315825,"timestamp":1632856576,"swapAmountBNB":20,"uniswapv2buyprice":6719.4,"sushiswapv2buyprice":6717.37,"bakeryswapbuyprice":6798.44,"apeswapBuyPrice":6727.94,"uniswapv2sellprice":6685.46,"sushiswapv2sellprice":6697.41,"bakeryswapsellprice":6606.26,"apeswapsellprice":6690.87},{"block":11315824,"timestamp":1632856568,"swapAmountBNB":20,"uniswapv2buyprice":6719.39,"sushiswapv2buyprice":6717.37,"bakeryswapbuyprice":6798.44,"apeswapBuyPrice":6727.94,"uniswapv2sellprice":6685.44,"sushiswapv2sellprice":6697.41,"bakeryswapsellprice":6606.26,"apeswapsellprice":6690.87},{"block":11315825,"timestamp":1632856576,"swapAmountBNB":20,"uniswapv2buyprice":6719.4,"sushiswapv2buyprice":6717.37,"bakeryswapbuyprice":6798.44,"apeswapBuyPrice":6727.94,"uniswapv2sellprice":6685.46,"sushiswapv2sellprice":6697.41,"bakeryswapsellprice":6606.26,"apeswapsellprice":6690.87},{"block":11315826,"timestamp":1632856579,"swapAmountBNB":20,"uniswapv2buyprice":6719.56,"sushiswapv2buyprice":6717.19,"bakeryswapbuyprice":6798.44,"apeswapBuyPrice":6727.94,"uniswapv2sellprice":6685.61,"sushiswapv2sellprice":6697.23,"bakeryswapsellprice":6606.26,"apeswapsellprice":6690.87},{"block":11315826,"timestamp":1632856579,"swapAmountBNB":20,"uniswapv2buyprice":6719.56,"sushiswapv2buyprice":6717.19,"bakeryswapbuyprice":6798.44,"apeswapBuyPrice":6727.94,"uniswapv2sellprice":6685.61,"sushiswapv2sellprice":6697.23,"bakeryswapsellprice":6606.26,"apeswapsellprice":6690.87},{"block":11315827,"timestamp":1632856582,"swapAmountBNB":20,"uniswapv2buyprice":6719.56,"sushiswapv2buyprice":6717.19,"bakeryswapbuyprice":6798.44,"apeswapBuyPrice":6727.94,"uniswapv2sellprice":6685.61,"sushiswapv2sellprice":6697.23,"bakeryswapsellprice":6606.26,"apeswapsellprice":6690.87},{"block":11315827,"timestamp":1632856582,"swapAmountBNB":20,"uniswapv2buyprice":6719.56,"sushiswapv2buyprice":6717.19,"bakeryswapbuyprice":6798.44,"apeswapBuyPrice":6727.94,"uniswapv2sellprice":6685.61,"sushiswapv2sellprice":6697.23,"bakeryswapsellprice":6606.26,"apeswapsellprice":6690.87},{"block":11315828,"timestamp":1632856585,"swapAmountBNB":20,"uniswapv2buyprice":6721.66,"sushiswapv2buyprice":6717.19,"bakeryswapbuyprice":6798.44,"apeswapBuyPrice":6727.94,"uniswapv2sellprice":6687.7,"sushiswapv2sellprice":6697.23,"bakeryswapsellprice":6606.26,"apeswapsellprice":6690.87},{"block":11315829,"timestamp":1632856588,"swapAmountBNB":20,"uniswapv2buyprice":6721.66,"sushiswapv2buyprice":6717.19,"bakeryswapbuyprice":6798.44,"apeswapBuyPrice":6727.94,"uniswapv2sellprice":6687.71,"sushiswapv2sellprice":6697.23,"bakeryswapsellprice":6606.26,"apeswapsellprice":6690.87},{"block":11315828,"timestamp":1632856585,"swapAmountBNB":20,"uniswapv2buyprice":6721.66,"sushiswapv2buyprice":6717.19,"bakeryswapbuyprice":6798.44,"apeswapBuyPrice":6727.94,"uniswapv2sellprice":6687.71,"sushiswapv2sellprice":6697.23,"bakeryswapsellprice":6606.26,"apeswapsellprice":6690.87},{"block":11315829,"timestamp":1632856588,"swapAmountBNB":20,"uniswapv2buyprice":6721.66,"sushiswapv2buyprice":6717.19,"bakeryswapbuyprice":6798.44,"apeswapBuyPrice":6727.94,"uniswapv2sellprice":6687.71,"sushiswapv2sellprice":6697.23,"bakeryswapsellprice":6606.26,"apeswapsellprice":6690.87},{"block":11315830,"timestamp":1632856591,"swapAmountBNB":20,"uniswapv2buyprice":6721.69,"sushiswapv2buyprice":6717.19,"bakeryswapbuyprice":6798.44,"apeswapBuyPrice":6727.94,"uniswapv2sellprice":6687.74,"sushiswapv2sellprice":6697.23,"bakeryswapsellprice":6606.26,"apeswapsellprice":6690.87},{"block":11315830,"timestamp":1632856591,"swapAmountBNB":20,"uniswapv2buyprice":6721.69,"sushiswapv2buyprice":6717.19,"bakeryswapbuyprice":6798.44,"apeswapBuyPrice":6727.94,"uniswapv2sellprice":6687.74,"sushiswapv2sellprice":6697.23,"bakeryswapsellprice":6606.26,"apeswapsellprice":6690.87},{"block":11315831,"timestamp":1632856594,"swapAmountBNB":20,"uniswapv2buyprice":6721.69,"sushiswapv2buyprice":6717.19,"bakeryswapbuyprice":6798.44,"apeswapBuyPrice":6727.94,"uniswapv2sellprice":6687.73,"sushiswapv2sellprice":6697.23,"bakeryswapsellprice":6606.26,"apeswapsellprice":6690.87},{"block":11315831,"timestamp":1632856594,"swapAmountBNB":20,"uniswapv2buyprice":6721.69,"sushiswapv2buyprice":6717.19,"bakeryswapbuyprice":6798.44,"apeswapBuyPrice":6727.94,"uniswapv2sellprice":6687.73,"sushiswapv2sellprice":6697.23,"bakeryswapsellprice":6606.26,"apeswapsellprice":6690.87},{"block":11315832,"timestamp":1632856598,"swapAmountBNB":20,"uniswapv2buyprice":6721.7,"sushiswapv2buyprice":6717.19,"bakeryswapbuyprice":6798.44,"apeswapBuyPrice":6727.94,"uniswapv2sellprice":6687.75,"sushiswapv2sellprice":6697.23,"bakeryswapsellprice":6606.26,"apeswapsellprice":6690.87},{"block":11315832,"timestamp":1632856598,"swapAmountBNB":20,"uniswapv2buyprice":6721.7,"sushiswapv2buyprice":6717.19,"bakeryswapbuyprice":6798.44,"apeswapBuyPrice":6727.94,"uniswapv2sellprice":6687.75,"sushiswapv2sellprice":6697.23,"bakeryswapsellprice":6606.26,"apeswapsellprice":6690.87},{"block":11315833,"timestamp":1632856604,"swapAmountBNB":20,"uniswapv2buyprice":6721.73,"sushiswapv2buyprice":6717.19,"bakeryswapbuyprice":6798.44,"apeswapBuyPrice":6727.94,"uniswapv2sellprice":6687.77,"sushiswapv2sellprice":6697.23,"bakeryswapsellprice":6606.26,"apeswapsellprice":6690.87},{"block":11315833,"timestamp":1632856604,"swapAmountBNB":20,"uniswapv2buyprice":6721.73,"sushiswapv2buyprice":6717.19,"bakeryswapbuyprice":6798.44,"apeswapBuyPrice":6727.94,"uniswapv2sellprice":6687.77,"sushiswapv2sellprice":6697.23,"bakeryswapsellprice":6606.26,"apeswapsellprice":6690.87},{"block":11315834,"timestamp":1632856607,"swapAmountBNB":20,"uniswapv2buyprice":6721.86,"sushiswapv2buyprice":6716.92,"bakeryswapbuyprice":6798.44,"apeswapBuyPrice":6727.94,"uniswapv2sellprice":6687.9,"sushiswapv2sellprice":6696.96,"bakeryswapsellprice":6606.26,"apeswapsellprice":6690.87},{"block":11315835,"timestamp":1632856610,"swapAmountBNB":20,"uniswapv2buyprice":6721.84,"sushiswapv2buyprice":6716.92,"bakeryswapbuyprice":6798.44,"apeswapBuyPrice":6727.94,"uniswapv2sellprice":6687.88,"sushiswapv2sellprice":6696.96,"bakeryswapsellprice":6606.26,"apeswapsellprice":6690.87},{"block":11315836,"timestamp":1632856613,"swapAmountBNB":20,"uniswapv2buyprice":6721.83,"sushiswapv2buyprice":6716.92,"bakeryswapbuyprice":6798.44,"apeswapBuyPrice":6727.93,"uniswapv2sellprice":6687.87,"sushiswapv2sellprice":6696.96,"bakeryswapsellprice":6606.26,"apeswapsellprice":6690.87},{"block":11315837,"timestamp":1632856616,"swapAmountBNB":20,"uniswapv2buyprice":6721.84,"sushiswapv2buyprice":6716.92,"bakeryswapbuyprice":6798.44,"apeswapBuyPrice":6727.93,"uniswapv2sellprice":6687.88,"sushiswapv2sellprice":6696.96,"bakeryswapsellprice":6606.26,"apeswapsellprice":6690.87},{"block":11315838,"timestamp":1632856619,"swapAmountBNB":20,"uniswapv2buyprice":6721.84,"sushiswapv2buyprice":6716.92,"bakeryswapbuyprice":6798.44,"apeswapBuyPrice":6727.93,"uniswapv2sellprice":6687.89,"sushiswapv2sellprice":6696.96,"bakeryswapsellprice":6606.26,"apeswapsellprice":6690.87},{"block":11315839,"timestamp":1632856622,"swapAmountBNB":20,"uniswapv2buyprice":6721.85,"sushiswapv2buyprice":6716.92,"bakeryswapbuyprice":6798.44,"apeswapBuyPrice":6727.93,"uniswapv2sellprice":6687.89,"sushiswapv2sellprice":6696.96,"bakeryswapsellprice":6606.26,"apeswapsellprice":6690.87},{"block":11315840,"timestamp":1632856625,"swapAmountBNB":20,"uniswapv2buyprice":6721.85,"sushiswapv2buyprice":6716.92,"bakeryswapbuyprice":6798.44,"apeswapBuyPrice":6727.93,"uniswapv2sellprice":6687.9,"sushiswapv2sellprice":6696.96,"bakeryswapsellprice":6606.26,"apeswapsellprice":6690.87},{"block":11315841,"timestamp":1632856628,"swapAmountBNB":20,"uniswapv2buyprice":6721.88,"sushiswapv2buyprice":6716.92,"bakeryswapbuyprice":6798.44,"apeswapBuyPrice":6727.93,"uniswapv2sellprice":6687.93,"sushiswapv2sellprice":6696.96,"bakeryswapsellprice":6606.26,"apeswapsellprice":6690.87},{"block":11315842,"timestamp":1632856631,"swapAmountBNB":20,"uniswapv2buyprice":6721.88,"sushiswapv2buyprice":6716.92,"bakeryswapbuyprice":6798.44,"apeswapBuyPrice":6727.93,"uniswapv2sellprice":6687.92,"sushiswapv2sellprice":6696.96,"bakeryswapsellprice":6606.26,"apeswapsellprice":6690.87},{"block":11315843,"timestamp":1632856635,"swapAmountBNB":20,"uniswapv2buyprice":6721.86,"sushiswapv2buyprice":6716.92,"bakeryswapbuyprice":6798.44,"apeswapBuyPrice":6727.82,"uniswapv2sellprice":6687.91,"sushiswapv2sellprice":6696.96,"bakeryswapsellprice":6606.26,"apeswapsellprice":6690.76},{"block":11315844,"timestamp":1632856638,"swapAmountBNB":20,"uniswapv2buyprice":6721.86,"sushiswapv2buyprice":6716.92,"bakeryswapbuyprice":6798.44,"apeswapBuyPrice":6727.82,"uniswapv2sellprice":6687.91,"sushiswapv2sellprice":6696.96,"bakeryswapsellprice":6606.26,"apeswapsellprice":6690.76},{"block":11315845,"timestamp":1632856641,"swapAmountBNB":20,"uniswapv2buyprice":6721.86,"sushiswapv2buyprice":6716.92,"bakeryswapbuyprice":6798.44,"apeswapBuyPrice":6727.82,"uniswapv2sellprice":6687.91,"sushiswapv2sellprice":6696.96,"bakeryswapsellprice":6606.26,"apeswapsellprice":6690.76},{"block":11315846,"timestamp":1632856645,"swapAmountBNB":20,"uniswapv2buyprice":6721.88,"sushiswapv2buyprice":6716.92,"bakeryswapbuyprice":6798.44,"apeswapBuyPrice":6727.82,"uniswapv2sellprice":6687.92,"sushiswapv2sellprice":6696.96,"bakeryswapsellprice":6606.26,"apeswapsellprice":6690.76},{"block":11315847,"timestamp":1632856648,"swapAmountBNB":20,"uniswapv2buyprice":6721.88,"sushiswapv2buyprice":6716.92,"bakeryswapbuyprice":6798.44,"apeswapBuyPrice":6727.92,"uniswapv2sellprice":6687.92,"sushiswapv2sellprice":6696.96,"bakeryswapsellprice":6606.26,"apeswapsellprice":6690.85},{"block":11315848,"timestamp":1632856652,"swapAmountBNB":20,"uniswapv2buyprice":6721.88,"sushiswapv2buyprice":6716.92,"bakeryswapbuyprice":6798.44,"apeswapBuyPrice":6727.92,"uniswapv2sellprice":6687.93,"sushiswapv2sellprice":6696.96,"bakeryswapsellprice":6606.26,"apeswapsellprice":6690.85},{"block":11315848,"timestamp":1632856653,"swapAmountBNB":20,"uniswapv2buyprice":6721.88,"sushiswapv2buyprice":6716.92,"bakeryswapbuyprice":6798.44,"apeswapBuyPrice":6727.92,"uniswapv2sellprice":6687.93,"sushiswapv2sellprice":6696.96,"bakeryswapsellprice":6606.26,"apeswapsellprice":6690.85},{"block":11315849,"timestamp":1632856656,"swapAmountBNB":20,"uniswapv2buyprice":6721.82,"sushiswapv2buyprice":6716.92,"bakeryswapbuyprice":6798.44,"apeswapBuyPrice":6727.92,"uniswapv2sellprice":6687.86,"sushiswapv2sellprice":6696.96,"bakeryswapsellprice":6606.26,"apeswapsellprice":6690.85},{"block":11315849,"timestamp":1632856656,"swapAmountBNB":20,"uniswapv2buyprice":6721.81,"sushiswapv2buyprice":6716.8,"bakeryswapbuyprice":6798.44,"apeswapBuyPrice":6727.92,"uniswapv2sellprice":6687.86,"sushiswapv2sellprice":6696.84,"bakeryswapsellprice":6606.26,"apeswapsellprice":6690.85},{"block":11315850,"timestamp":1632856659,"swapAmountBNB":20,"uniswapv2buyprice":6721.87,"sushiswapv2buyprice":6716.8,"bakeryswapbuyprice":6798.44,"apeswapBuyPrice":6727.92,"uniswapv2sellprice":6687.92,"sushiswapv2sellprice":6696.84,"bakeryswapsellprice":6606.26,"apeswapsellprice":6690.85},{"block":11315851,"timestamp":1632856662,"swapAmountBNB":20,"uniswapv2buyprice":6721.64,"sushiswapv2buyprice":6716.69,"bakeryswapbuyprice":6798.44,"apeswapBuyPrice":6727.92,"uniswapv2sellprice":6687.69,"sushiswapv2sellprice":6696.73,"bakeryswapsellprice":6606.26,"apeswapsellprice":6690.85},{"block":11315852,"timestamp":1632856666,"swapAmountBNB":20,"uniswapv2buyprice":6721.63,"sushiswapv2buyprice":6716.69,"bakeryswapbuyprice":6798.44,"apeswapBuyPrice":6727.92,"uniswapv2sellprice":6687.67,"sushiswapv2sellprice":6696.73,"bakeryswapsellprice":6606.26,"apeswapsellprice":6690.85},{"block":11315853,"timestamp":1632856669,"swapAmountBNB":20,"uniswapv2buyprice":6721.67,"sushiswapv2buyprice":6716.97,"bakeryswapbuyprice":6798.44,"apeswapBuyPrice":6727.92,"uniswapv2sellprice":6687.71,"sushiswapv2sellprice":6697.01,"bakeryswapsellprice":6606.26,"apeswapsellprice":6690.85},{"block":11315854,"timestamp":1632856672,"swapAmountBNB":20,"uniswapv2buyprice":6721.66,"sushiswapv2buyprice":6716.97,"bakeryswapbuyprice":6798.44,"apeswapBuyPrice":6727.92,"uniswapv2sellprice":6687.71,"sushiswapv2sellprice":6697.01,"bakeryswapsellprice":6606.26,"apeswapsellprice":6690.85},{"block":11315855,"timestamp":1632856675,"swapAmountBNB":20,"uniswapv2buyprice":6721.67,"sushiswapv2buyprice":6716.97,"bakeryswapbuyprice":6798.44,"apeswapBuyPrice":6728.07,"uniswapv2sellprice":6687.72,"sushiswapv2sellprice":6697.01,"bakeryswapsellprice":6606.26,"apeswapsellprice":6691.01},{"block":11315856,"timestamp":1632856681,"swapAmountBNB":20,"uniswapv2buyprice":6721.58,"sushiswapv2buyprice":6716.97,"bakeryswapbuyprice":6798.44,"apeswapBuyPrice":6728.07,"uniswapv2sellprice":6687.63,"sushiswapv2sellprice":6697.01,"bakeryswapsellprice":6606.26,"apeswapsellprice":6691.01},{"block":11315857,"timestamp":1632856684,"swapAmountBNB":20,"uniswapv2buyprice":6721.55,"sushiswapv2buyprice":6716.97,"bakeryswapbuyprice":6798.44,"apeswapBuyPrice":6728.07,"uniswapv2sellprice":6687.59,"sushiswapv2sellprice":6697.01,"bakeryswapsellprice":6606.26,"apeswapsellprice":6691.01},{"block":11315858,"timestamp":1632856687,"swapAmountBNB":20,"uniswapv2buyprice":6721.52,"sushiswapv2buyprice":6717.13,"bakeryswapbuyprice":6798.44,"apeswapBuyPrice":6728.07,"uniswapv2sellprice":6687.56,"sushiswapv2sellprice":6697.17,"bakeryswapsellprice":6606.26,"apeswapsellprice":6691.01},{"block":11315859,"timestamp":1632856691,"swapAmountBNB":20,"uniswapv2buyprice":6721.51,"sushiswapv2buyprice":6717.13,"bakeryswapbuyprice":6798.44,"apeswapBuyPrice":6728.07,"uniswapv2sellprice":6687.56,"sushiswapv2sellprice":6697.17,"bakeryswapsellprice":6606.26,"apeswapsellprice":6691.01},{"block":11315859,"timestamp":1632856690,"swapAmountBNB":20,"uniswapv2buyprice":6721.51,"sushiswapv2buyprice":6717.13,"bakeryswapbuyprice":6798.44,"apeswapBuyPrice":6728.07,"uniswapv2sellprice":6687.56,"sushiswapv2sellprice":6697.17,"bakeryswapsellprice":6606.26,"apeswapsellprice":6691.01},{"block":11315860,"timestamp":1632856693,"swapAmountBNB":20,"uniswapv2buyprice":6721.53,"sushiswapv2buyprice":6717.13,"bakeryswapbuyprice":6798.44,"apeswapBuyPrice":6728.07,"uniswapv2sellprice":6687.58,"sushiswapv2sellprice":6697.17,"bakeryswapsellprice":6606.26,"apeswapsellprice":6691.01},{"block":11315861,"timestamp":1632856696,"swapAmountBNB":20,"uniswapv2buyprice":6721.53,"sushiswapv2buyprice":6717.13,"bakeryswapbuyprice":6798.44,"apeswapBuyPrice":6728.04,"uniswapv2sellprice":6687.58,"sushiswapv2sellprice":6697.17,"bakeryswapsellprice":6606.26,"apeswapsellprice":6690.98},{"block":11315862,"timestamp":1632856699,"swapAmountBNB":20,"uniswapv2buyprice":6721.54,"sushiswapv2buyprice":6717.13,"bakeryswapbuyprice":6798.44,"apeswapBuyPrice":6728.04,"uniswapv2sellprice":6687.58,"sushiswapv2sellprice":6697.17,"bakeryswapsellprice":6606.26,"apeswapsellprice":6690.98},{"block":11315863,"timestamp":1632856702,"swapAmountBNB":20,"uniswapv2buyprice":6721.5,"sushiswapv2buyprice":6717.06,"bakeryswapbuyprice":6798.44,"apeswapBuyPrice":6728.04,"uniswapv2sellprice":6687.55,"sushiswapv2sellprice":6697.1,"bakeryswapsellprice":6606.26,"apeswapsellprice":6690.98},{"block":11315864,"timestamp":1632856705,"swapAmountBNB":20,"uniswapv2buyprice":6721.52,"sushiswapv2buyprice":6717.06,"bakeryswapbuyprice":6798.44,"apeswapBuyPrice":6728.04,"uniswapv2sellprice":6687.57,"sushiswapv2sellprice":6697.1,"bakeryswapsellprice":6606.26,"apeswapsellprice":6690.98},{"block":11315865,"timestamp":1632856708,"swapAmountBNB":20,"uniswapv2buyprice":6721.52,"sushiswapv2buyprice":6717.06,"bakeryswapbuyprice":6798.44,"apeswapBuyPrice":6728.04,"uniswapv2sellprice":6687.56,"sushiswapv2sellprice":6697.1,"bakeryswapsellprice":6606.26,"apeswapsellprice":6690.98},{"block":11315866,"timestamp":1632856711,"swapAmountBNB":20,"uniswapv2buyprice":6721.51,"sushiswapv2buyprice":6717.06,"bakeryswapbuyprice":6798.44,"apeswapBuyPrice":6728.04,"uniswapv2sellprice":6687.55,"sushiswapv2sellprice":6697.1,"bakeryswapsellprice":6606.26,"apeswapsellprice":6690.98},{"block":11315867,"timestamp":1632856714,"swapAmountBNB":20,"uniswapv2buyprice":6721.51,"sushiswapv2buyprice":6717.06,"bakeryswapbuyprice":6798.44,"apeswapBuyPrice":6728.04,"uniswapv2sellprice":6687.55,"sushiswapv2sellprice":6697.1,"bakeryswapsellprice":6606.26,"apeswapsellprice":6690.98},{"block":11315868,"timestamp":1632856717,"swapAmountBNB":20,"uniswapv2buyprice":6721.49,"sushiswapv2buyprice":6717.06,"bakeryswapbuyprice":6798.44,"apeswapBuyPrice":6728.04,"uniswapv2sellprice":6687.54,"sushiswapv2sellprice":6697.1,"bakeryswapsellprice":6606.26,"apeswapsellprice":6690.98},{"block":11315869,"timestamp":1632856720,"swapAmountBNB":20,"uniswapv2buyprice":6721.49,"sushiswapv2buyprice":6717.06,"bakeryswapbuyprice":6798.44,"apeswapBuyPrice":6728.04,"uniswapv2sellprice":6687.54,"sushiswapv2sellprice":6697.1,"bakeryswapsellprice":6606.26,"apeswapsellprice":6690.98},{"block":11315870,"timestamp":1632856723,"swapAmountBNB":20,"uniswapv2buyprice":6721.23,"sushiswapv2buyprice":6717.06,"bakeryswapbuyprice":6798.44,"apeswapBuyPrice":6728.04,"uniswapv2sellprice":6687.28,"sushiswapv2sellprice":6697.1,"bakeryswapsellprice":6606.26,"apeswapsellprice":6690.98},{"block":11315871,"timestamp":1632856726,"swapAmountBNB":20,"uniswapv2buyprice":6721.29,"sushiswapv2buyprice":6717.06,"bakeryswapbuyprice":6798.44,"apeswapBuyPrice":6728.04,"uniswapv2sellprice":6687.34,"sushiswapv2sellprice":6697.1,"bakeryswapsellprice":6606.26,"apeswapsellprice":6690.98},{"block":11315872,"timestamp":1632856729,"swapAmountBNB":20,"uniswapv2buyprice":6721.22,"sushiswapv2buyprice":6717.06,"bakeryswapbuyprice":6798.44,"apeswapBuyPrice":6728.12,"uniswapv2sellprice":6687.27,"sushiswapv2sellprice":6697.1,"bakeryswapsellprice":6606.26,"apeswapsellprice":6691.06},{"block":11315873,"timestamp":1632856732,"swapAmountBNB":20,"uniswapv2buyprice":6721.24,"sushiswapv2buyprice":6717.06,"bakeryswapbuyprice":6798.44,"apeswapBuyPrice":6728.12,"uniswapv2sellprice":6687.28,"sushiswapv2sellprice":6697.1,"bakeryswapsellprice":6606.26,"apeswapsellprice":6691.06},{"block":11315874,"timestamp":1632856735,"swapAmountBNB":20,"uniswapv2buyprice":6721.27,"sushiswapv2buyprice":6717.06,"bakeryswapbuyprice":6798.44,"apeswapBuyPrice":6728.09,"uniswapv2sellprice":6687.32,"sushiswapv2sellprice":6697.1,"bakeryswapsellprice":6606.26,"apeswapsellprice":6691.03},{"block":11315875,"timestamp":1632856739,"swapAmountBNB":20,"uniswapv2buyprice":6721.27,"sushiswapv2buyprice":6717.06,"bakeryswapbuyprice":6798.44,"apeswapBuyPrice":6728.09,"uniswapv2sellprice":6687.32,"sushiswapv2sellprice":6697.1,"bakeryswapsellprice":6606.26,"apeswapsellprice":6691.03},{"block":11315875,"timestamp":1632856738,"swapAmountBNB":20,"uniswapv2buyprice":6721.27,"sushiswapv2buyprice":6717.06,"bakeryswapbuyprice":6798.44,"apeswapBuyPrice":6728.09,"uniswapv2sellprice":6687.32,"sushiswapv2sellprice":6697.1,"bakeryswapsellprice":6606.26,"apeswapsellprice":6691.03},{"block":11315876,"timestamp":1632856741,"swapAmountBNB":20,"uniswapv2buyprice":6721.26,"sushiswapv2buyprice":6717.06,"bakeryswapbuyprice":6798.44,"apeswapBuyPrice":6728.09,"uniswapv2sellprice":6687.31,"sushiswapv2sellprice":6697.1,"bakeryswapsellprice":6606.26,"apeswapsellprice":6691.03},{"block":11315877,"timestamp":1632856744,"swapAmountBNB":20,"uniswapv2buyprice":6721.25,"sushiswapv2buyprice":6713.46,"bakeryswapbuyprice":6798.44,"apeswapBuyPrice":6728.09,"uniswapv2sellprice":6687.3,"sushiswapv2sellprice":6693.51,"bakeryswapsellprice":6606.26,"apeswapsellprice":6691.03},{"block":11315878,"timestamp":1632856747,"swapAmountBNB":20,"uniswapv2buyprice":6721.24,"sushiswapv2buyprice":6713.46,"bakeryswapbuyprice":6798.44,"apeswapBuyPrice":6728.02,"uniswapv2sellprice":6687.29,"sushiswapv2sellprice":6693.51,"bakeryswapsellprice":6606.26,"apeswapsellprice":6691.03},{"block":11315879,"timestamp":1632856750,"swapAmountBNB":20,"uniswapv2buyprice":6721.24,"sushiswapv2buyprice":6713.46,"bakeryswapbuyprice":6798.44,"apeswapBuyPrice":6728.01,"uniswapv2sellprice":6687.28,"sushiswapv2sellprice":6693.51,"bakeryswapsellprice":6606.26,"apeswapsellprice":6690.96},{"block":11315880,"timestamp":1632856753,"swapAmountBNB":20,"uniswapv2buyprice":6721.24,"sushiswapv2buyprice":6709.86,"bakeryswapbuyprice":6798.44,"apeswapBuyPrice":6728.01,"uniswapv2sellprice":6687.28,"sushiswapv2sellprice":6689.93,"bakeryswapsellprice":6606.26,"apeswapsellprice":6690.94},{"block":11315881,"timestamp":1632856756,"swapAmountBNB":20,"uniswapv2buyprice":6721.21,"sushiswapv2buyprice":6709.86,"bakeryswapbuyprice":6798.44,"apeswapBuyPrice":6728.01,"uniswapv2sellprice":6687.25,"sushiswapv2sellprice":6689.93,"bakeryswapsellprice":6606.26,"apeswapsellprice":6690.94},{"block":11315882,"timestamp":1632856759,"swapAmountBNB":20,"uniswapv2buyprice":6721.26,"sushiswapv2buyprice":6709.86,"bakeryswapbuyprice":6798.44,"apeswapBuyPrice":6728.01,"uniswapv2sellprice":6687.31,"sushiswapv2sellprice":6689.93,"bakeryswapsellprice":6606.26,"apeswapsellprice":6690.94},{"block":11315883,"timestamp":1632856762,"swapAmountBNB":20,"uniswapv2buyprice":6721.17,"sushiswapv2buyprice":6709.86,"bakeryswapbuyprice":6798.44,"apeswapBuyPrice":6726.66,"uniswapv2sellprice":6687.22,"sushiswapv2sellprice":6689.93,"bakeryswapsellprice":6606.26,"apeswapsellprice":6689.61},{"block":11315884,"timestamp":1632856766,"swapAmountBNB":20,"uniswapv2buyprice":6721.19,"sushiswapv2buyprice":6709.86,"bakeryswapbuyprice":6798.44,"apeswapBuyPrice":6726.66,"uniswapv2sellprice":6687.23,"sushiswapv2sellprice":6689.93,"bakeryswapsellprice":6606.26,"apeswapsellprice":6689.61},{"block":11315885,"timestamp":1632856769,"swapAmountBNB":20,"uniswapv2buyprice":6721.22,"sushiswapv2buyprice":6709.86,"bakeryswapbuyprice":6798.44,"apeswapBuyPrice":6726.66,"uniswapv2sellprice":6687.27,"sushiswapv2sellprice":6689.93,"bakeryswapsellprice":6606.26,"apeswapsellprice":6689.61},{"block":11315886,"timestamp":1632856772,"swapAmountBNB":20,"uniswapv2buyprice":6721.23,"sushiswapv2buyprice":6709.86,"bakeryswapbuyprice":6798.44,"apeswapBuyPrice":6726.66,"uniswapv2sellprice":6687.27,"sushiswapv2sellprice":6689.93,"bakeryswapsellprice":6606.26,"apeswapsellprice":6689.61},{"block":11315887,"timestamp":1632856775,"swapAmountBNB":20,"uniswapv2buyprice":6721.23,"sushiswapv2buyprice":6709.86,"bakeryswapbuyprice":6798.44,"apeswapBuyPrice":6726.66,"uniswapv2sellprice":6687.28,"sushiswapv2sellprice":6689.93,"bakeryswapsellprice":6606.26,"apeswapsellprice":6689.61},{"block":11315888,"timestamp":1632856778,"swapAmountBNB":20,"uniswapv2buyprice":6721.22,"sushiswapv2buyprice":6709.86,"bakeryswapbuyprice":6798.44,"apeswapBuyPrice":6726.66,"uniswapv2sellprice":6687.27,"sushiswapv2sellprice":6689.93,"bakeryswapsellprice":6606.26,"apeswapsellprice":6689.61},{"block":11315889,"timestamp":1632856781,"swapAmountBNB":20,"uniswapv2buyprice":6721.22,"sushiswapv2buyprice":6709.86,"bakeryswapbuyprice":6798.44,"apeswapBuyPrice":6725.18,"uniswapv2sellprice":6687.27,"sushiswapv2sellprice":6689.93,"bakeryswapsellprice":6606.26,"apeswapsellprice":6688.13},{"block":11315890,"timestamp":1632856785,"swapAmountBNB":20,"uniswapv2buyprice":6721.35,"sushiswapv2buyprice":6709.86,"bakeryswapbuyprice":6798.44,"apeswapBuyPrice":6725.18,"uniswapv2sellprice":6687.4,"sushiswapv2sellprice":6689.93,"bakeryswapsellprice":6606.26,"apeswapsellprice":6688.13},{"block":11315891,"timestamp":1632856788,"swapAmountBNB":20,"uniswapv2buyprice":6721.35,"sushiswapv2buyprice":6709.86,"bakeryswapbuyprice":6798.44,"apeswapBuyPrice":6725.18,"uniswapv2sellprice":6687.39,"sushiswapv2sellprice":6689.93,"bakeryswapsellprice":6606.26,"apeswapsellprice":6688.13},{"block":11315892,"timestamp":1632856791,"swapAmountBNB":20,"uniswapv2buyprice":6721.38,"sushiswapv2buyprice":6714.46,"bakeryswapbuyprice":6798.44,"apeswapBuyPrice":6725.18,"uniswapv2sellprice":6687.43,"sushiswapv2sellprice":6694.51,"bakeryswapsellprice":6606.26,"apeswapsellprice":6688.13},{"block":11315893,"timestamp":1632856794,"swapAmountBNB":20,"uniswapv2buyprice":6721.38,"sushiswapv2buyprice":6714.46,"bakeryswapbuyprice":6798.44,"apeswapBuyPrice":6725.18,"uniswapv2sellprice":6687.42,"sushiswapv2sellprice":6694.51,"bakeryswapsellprice":6606.26,"apeswapsellprice":6688.13}]}