{"table":[{"block":11423150,"timestamp":1633181994,"swapAmountBNB":5,"uniswapv2buyprice":2124.86,"sushiswapv2buyprice":2120.67,"bakeryswapbuyprice":2135.43,"apeswapBuyPrice":2122.38,"uniswapv2sellprice":2114.2,"sushiswapv2sellprice":2115.64,"bakeryswapsellprice":2108.73,"apeswapsellprice":2112.4},{"block":11423151,"timestamp":1633181997,"swapAmountBNB":5,"uniswapv2buyprice":2124.85,"sushiswapv2buyprice":2121.13,"bakeryswapbuyprice":2135.43,"apeswapBuyPrice":2122.38,"uniswapv2sellprice":2114.2,"sushiswapv2sellprice":2116.1,"bakeryswapsellprice":2107.82,"apeswapsellprice":2112.4},{"block":11423151,"timestamp":1633181997,"swapAmountBNB":5,"uniswapv2buyprice":2124.82,"sushiswapv2buyprice":2121.46,"bakeryswapbuyprice":2135.43,"apeswapBuyPrice":2122.38,"uniswapv2sellprice":2114.16,"sushiswapv2sellprice":2116.43,"bakeryswapsellprice":2107.82,"apeswapsellprice":2112.4},{"block":11423152,"timestamp":1633182000,"swapAmountBNB":5,"uniswapv2buyprice":2124.82,"sushiswapv2buyprice":2121.46,"bakeryswapbuyprice":2135.43,"apeswapBuyPrice":2122.38,"uniswapv2sellprice":2114.16,"sushiswapv2sellprice":2116.43,"bakeryswapsellprice":2107.82,"apeswapsellprice":2112.4},{"block":11423152,"timestamp":1633182000,"swapAmountBNB":5,"uniswapv2buyprice":2124.82,"sushiswapv2buyprice":2121.46,"bakeryswapbuyprice":2135.43,"apeswapBuyPrice":2122.38,"uniswapv2sellprice":2114.16,"sushiswapv2sellprice":2116.43,"bakeryswapsellprice":2107.82,"apeswapsellprice":2112.4},{"block":11423153,"timestamp":1633182003,"swapAmountBNB":5,"uniswapv2buyprice":2124.82,"sushiswapv2buyprice":2121.46,"bakeryswapbuyprice":2135.37,"apeswapBuyPrice":2122.38,"uniswapv2sellprice":2114.16,"sushiswapv2sellprice":2116.43,"bakeryswapsellprice":2107.77,"apeswapsellprice":2112.4},{"block":11423153,"timestamp":1633182003,"swapAmountBNB":5,"uniswapv2buyprice":2124.82,"sushiswapv2buyprice":2121.46,"bakeryswapbuyprice":2135.37,"apeswapBuyPrice":2122.38,"uniswapv2sellprice":2114.16,"sushiswapv2sellprice":2116.43,"bakeryswapsellprice":2107.77,"apeswapsellprice":2112.4},{"block":11423154,"timestamp":1633182006,"swapAmountBNB":5,"uniswapv2buyprice":2124.81,"sushiswapv2buyprice":2121.46,"bakeryswapbuyprice":2135.37,"apeswapBuyPrice":2122.38,"uniswapv2sellprice":2114.16,"sushiswapv2sellprice":2116.43,"bakeryswapsellprice":2107.77,"apeswapsellprice":2112.4},{"block":11423154,"timestamp":1633182006,"swapAmountBNB":5,"uniswapv2buyprice":2124.81,"sushiswapv2buyprice":2121.46,"bakeryswapbuyprice":2135.37,"apeswapBuyPrice":2122.38,"uniswapv2sellprice":2114.16,"sushiswapv2sellprice":2116.43,"bakeryswapsellprice":2107.77,"apeswapsellprice":2112.4},{"block":11423155,"timestamp":1633182010,"swapAmountBNB":5,"uniswapv2buyprice":2124.76,"sushiswapv2buyprice":2121.87,"bakeryswapbuyprice":2135.37,"apeswapBuyPrice":2122.38,"uniswapv2sellprice":2114.11,"sushiswapv2sellprice":2116.84,"bakeryswapsellprice":2107.77,"apeswapsellprice":2112.4},{"block":11423155,"timestamp":1633182009,"swapAmountBNB":5,"uniswapv2buyprice":2124.76,"sushiswapv2buyprice":2121.87,"bakeryswapbuyprice":2135.37,"apeswapBuyPrice":2122.38,"uniswapv2sellprice":2114.11,"sushiswapv2sellprice":2116.84,"bakeryswapsellprice":2107.77,"apeswapsellprice":2112.4},{"block":11423156,"timestamp":1633182012,"swapAmountBNB":5,"uniswapv2buyprice":2124.76,"sushiswapv2buyprice":2122.25,"bakeryswapbuyprice":2135.37,"apeswapBuyPrice":2122.38,"uniswapv2sellprice":2114.1,"sushiswapv2sellprice":2117.22,"bakeryswapsellprice":2107.77,"apeswapsellprice":2112.4},{"block":11423155,"timestamp":1633182009,"swapAmountBNB":5,"uniswapv2buyprice":2124.76,"sushiswapv2buyprice":2121.87,"bakeryswapbuyprice":2135.37,"apeswapBuyPrice":2122.38,"uniswapv2sellprice":2114.11,"sushiswapv2sellprice":2116.84,"bakeryswapsellprice":2107.77,"apeswapsellprice":2112.4},{"block":11423157,"timestamp":1633182015,"swapAmountBNB":5,"uniswapv2buyprice":2124.79,"sushiswapv2buyprice":2121.63,"bakeryswapbuyprice":2135.37,"apeswapBuyPrice":2122.38,"uniswapv2sellprice":2114.13,"sushiswapv2sellprice":2116.6,"bakeryswapsellprice":2107.77,"apeswapsellprice":2112.4},{"block":11423156,"timestamp":1633182012,"swapAmountBNB":5,"uniswapv2buyprice":2124.79,"sushiswapv2buyprice":2121.63,"bakeryswapbuyprice":2135.37,"apeswapBuyPrice":2122.38,"uniswapv2sellprice":2114.1,"sushiswapv2sellprice":2116.6,"bakeryswapsellprice":2107.77,"apeswapsellprice":2112.4},{"block":11423157,"timestamp":1633182015,"swapAmountBNB":5,"uniswapv2buyprice":2124.79,"sushiswapv2buyprice":2121.8,"bakeryswapbuyprice":2135.37,"apeswapBuyPrice":2122.38,"uniswapv2sellprice":2114.13,"sushiswapv2sellprice":2116.6,"bakeryswapsellprice":2107.77,"apeswapsellprice":2112.4},{"block":11423158,"timestamp":1633182018,"swapAmountBNB":5,"uniswapv2buyprice":2124.79,"sushiswapv2buyprice":2121.8,"bakeryswapbuyprice":2135.37,"apeswapBuyPrice":2122.38,"uniswapv2sellprice":2114.13,"sushiswapv2sellprice":2116.76,"bakeryswapsellprice":2107.77,"apeswapsellprice":2112.4},{"block":11423158,"timestamp":1633182018,"swapAmountBNB":5,"uniswapv2buyprice":2124.79,"sushiswapv2buyprice":2121.8,"bakeryswapbuyprice":2135.37,"apeswapBuyPrice":2122.38,"uniswapv2sellprice":2114.13,"sushiswapv2sellprice":2116.76,"bakeryswapsellprice":2107.77,"apeswapsellprice":2112.4},{"block":11423159,"timestamp":1633182021,"swapAmountBNB":5,"uniswapv2buyprice":2124.78,"sushiswapv2buyprice":2122.12,"bakeryswapbuyprice":2135.37,"apeswapBuyPrice":2122.39,"uniswapv2sellprice":2114.13,"sushiswapv2sellprice":2117.08,"bakeryswapsellprice":2107.77,"apeswapsellprice":2112.4},{"block":11423159,"timestamp":1633182021,"swapAmountBNB":5,"uniswapv2buyprice":2124.78,"sushiswapv2buyprice":2122.12,"bakeryswapbuyprice":2135.52,"apeswapBuyPrice":2122.39,"uniswapv2sellprice":2114.13,"sushiswapv2sellprice":2117.08,"bakeryswapsellprice":2107.77,"apeswapsellprice":2112.42},{"block":11423160,"timestamp":1633182024,"swapAmountBNB":5,"uniswapv2buyprice":2124.78,"sushiswapv2buyprice":2122.11,"bakeryswapbuyprice":2135.52,"apeswapBuyPrice":2122.39,"uniswapv2sellprice":2114.12,"sushiswapv2sellprice":2117.07,"bakeryswapsellprice":2107.9,"apeswapsellprice":2112.42},{"block":11423160,"timestamp":1633182024,"swapAmountBNB":5,"uniswapv2buyprice":2124.78,"sushiswapv2buyprice":2122.11,"bakeryswapbuyprice":2135.52,"apeswapBuyPrice":2122.39,"uniswapv2sellprice":2114.12,"sushiswapv2sellprice":2117.07,"bakeryswapsellprice":2107.9,"apeswapsellprice":2112.42},{"block":11423161,"timestamp":1633182027,"swapAmountBNB":5,"uniswapv2buyprice":2124.78,"sushiswapv2buyprice":2122.11,"bakeryswapbuyprice":2135.52,"apeswapBuyPrice":2122.39,"uniswapv2sellprice":2114.12,"sushiswapv2sellprice":2117.07,"bakeryswapsellprice":2107.9,"apeswapsellprice":2112.42},{"block":11423161,"timestamp":1633182027,"swapAmountBNB":5,"uniswapv2buyprice":2124.78,"sushiswapv2buyprice":2122.11,"bakeryswapbuyprice":2135.52,"apeswapBuyPrice":2122.39,"uniswapv2sellprice":2114.12,"sushiswapv2sellprice":2117.07,"bakeryswapsellprice":2107.9,"apeswapsellprice":2112.42},{"block":11423162,"timestamp":1633182030,"swapAmountBNB":5,"uniswapv2buyprice":2124.78,"sushiswapv2buyprice":2122.34,"bakeryswapbuyprice":2135.52,"apeswapBuyPrice":2122.39,"uniswapv2sellprice":2114.12,"sushiswapv2sellprice":2117.3,"bakeryswapsellprice":2107.9,"apeswapsellprice":2112.42},{"block":11423162,"timestamp":1633182030,"swapAmountBNB":5,"uniswapv2buyprice":2124.78,"sushiswapv2buyprice":2122.34,"bakeryswapbuyprice":2135.52,"apeswapBuyPrice":2122.39,"uniswapv2sellprice":2114.12,"sushiswapv2sellprice":2117.3,"bakeryswapsellprice":2107.9,"apeswapsellprice":2112.42},{"block":11423163,"timestamp":1633182033,"swapAmountBNB":5,"uniswapv2buyprice":2124.77,"sushiswapv2buyprice":2122.34,"bakeryswapbuyprice":2135.52,"apeswapBuyPrice":2122.39,"uniswapv2sellprice":2114.11,"sushiswapv2sellprice":2117.3,"bakeryswapsellprice":2107.9,"apeswapsellprice":2112.42},{"block":11423163,"timestamp":1633182033,"swapAmountBNB":5,"uniswapv2buyprice":2124.77,"sushiswapv2buyprice":2122.34,"bakeryswapbuyprice":2135.52,"apeswapBuyPrice":2122.39,"uniswapv2sellprice":2114.11,"sushiswapv2sellprice":2117.3,"bakeryswapsellprice":2107.9,"apeswapsellprice":2112.42},{"block":11423164,"timestamp":1633182036,"swapAmountBNB":5,"uniswapv2buyprice":2124.83,"sushiswapv2buyprice":2120.99,"bakeryswapbuyprice":2135.52,"apeswapBuyPrice":2122.39,"uniswapv2sellprice":2114.18,"sushiswapv2sellprice":2115.95,"bakeryswapsellprice":2107.9,"apeswapsellprice":2112.42},{"block":11423164,"timestamp":1633182036,"swapAmountBNB":5,"uniswapv2buyprice":2124.83,"sushiswapv2buyprice":2120.99,"bakeryswapbuyprice":2135.52,"apeswapBuyPrice":2122.39,"uniswapv2sellprice":2114.18,"sushiswapv2sellprice":2115.95,"bakeryswapsellprice":2107.9,"apeswapsellprice":2112.42},{"block":11423165,"timestamp":1633182039,"swapAmountBNB":5,"uniswapv2buyprice":2124.73,"sushiswapv2buyprice":2120.99,"bakeryswapbuyprice":2135.52,"apeswapBuyPrice":2122.39,"uniswapv2sellprice":2114.07,"sushiswapv2sellprice":2115.95,"bakeryswapsellprice":2107.9,"apeswapsellprice":2112.42},{"block":11423165,"timestamp":1633182039,"swapAmountBNB":5,"uniswapv2buyprice":2124.73,"sushiswapv2buyprice":2120.99,"bakeryswapbuyprice":2135.52,"apeswapBuyPrice":2122.39,"uniswapv2sellprice":2114.07,"sushiswapv2sellprice":2115.95,"bakeryswapsellprice":2107.9,"apeswapsellprice":2112.42},{"block":11423166,"timestamp":1633182042,"swapAmountBNB":5,"uniswapv2buyprice":2124.74,"sushiswapv2buyprice":2121,"bakeryswapbuyprice":2135.52,"apeswapBuyPrice":2122.47,"uniswapv2sellprice":2114.08,"sushiswapv2sellprice":2115.96,"bakeryswapsellprice":2107.9,"apeswapsellprice":2112.49},{"block":11423166,"timestamp":1633182042,"swapAmountBNB":5,"uniswapv2buyprice":2124.74,"sushiswapv2buyprice":2121,"bakeryswapbuyprice":2135.52,"apeswapBuyPrice":2122.47,"uniswapv2sellprice":2114.08,"sushiswapv2sellprice":2115.96,"bakeryswapsellprice":2107.9,"apeswapsellprice":2112.49},{"block":11423167,"timestamp":1633182045,"swapAmountBNB":5,"uniswapv2buyprice":2124.73,"sushiswapv2buyprice":2121.04,"bakeryswapbuyprice":2135.52,"apeswapBuyPrice":2122.47,"uniswapv2sellprice":2114.07,"sushiswapv2sellprice":2116.01,"bakeryswapsellprice":2107.9,"apeswapsellprice":2112.49},{"block":11423167,"timestamp":1633182045,"swapAmountBNB":5,"uniswapv2buyprice":2124.73,"sushiswapv2buyprice":2121.04,"bakeryswapbuyprice":2135.52,"apeswapBuyPrice":2122.47,"uniswapv2sellprice":2114.07,"sushiswapv2sellprice":2116.01,"bakeryswapsellprice":2107.9,"apeswapsellprice":2112.49},{"block":11423168,"timestamp":1633182048,"swapAmountBNB":5,"uniswapv2buyprice":2124.71,"sushiswapv2buyprice":2121.5,"bakeryswapbuyprice":2135.52,"apeswapBuyPrice":2122.65,"uniswapv2sellprice":2114.06,"sushiswapv2sellprice":2116.47,"bakeryswapsellprice":2107.9,"apeswapsellprice":2112.67},{"block":11423168,"timestamp":1633182048,"swapAmountBNB":5,"uniswapv2buyprice":2124.71,"sushiswapv2buyprice":2121.5,"bakeryswapbuyprice":2135.52,"apeswapBuyPrice":2122.65,"uniswapv2sellprice":2114.06,"sushiswapv2sellprice":2116.47,"bakeryswapsellprice":2107.9,"apeswapsellprice":2112.67},{"block":11423169,"timestamp":1633182051,"swapAmountBNB":5,"uniswapv2buyprice":2124.71,"sushiswapv2buyprice":2121.5,"bakeryswapbuyprice":2135.52,"apeswapBuyPrice":2122.65,"uniswapv2sellprice":2114.05,"sushiswapv2sellprice":2116.47,"bakeryswapsellprice":2107.9,"apeswapsellprice":2112.67},{"block":11423169,"timestamp":1633182051,"swapAmountBNB":5,"uniswapv2buyprice":2124.71,"sushiswapv2buyprice":2121.5,"bakeryswapbuyprice":2135.52,"apeswapBuyPrice":2122.65,"uniswapv2sellprice":2114.05,"sushiswapv2sellprice":2116.47,"bakeryswapsellprice":2107.9,"apeswapsellprice":2112.67},{"block":11423170,"timestamp":1633182054,"swapAmountBNB":5,"uniswapv2buyprice":2124.7,"sushiswapv2buyprice":2121.5,"bakeryswapbuyprice":2135.52,"apeswapBuyPrice":2122.65,"uniswapv2sellprice":2114.04,"sushiswapv2sellprice":2116.47,"bakeryswapsellprice":2107.9,"apeswapsellprice":2112.67},{"block":11423170,"timestamp":1633182054,"swapAmountBNB":5,"uniswapv2buyprice":2124.7,"sushiswapv2buyprice":2121.5,"bakeryswapbuyprice":2135.52,"apeswapBuyPrice":2122.65,"uniswapv2sellprice":2114.04,"sushiswapv2sellprice":2116.47,"bakeryswapsellprice":2107.9,"apeswapsellprice":2112.67},{"block":11423171,"timestamp":1633182057,"swapAmountBNB":5,"uniswapv2buyprice":2124.68,"sushiswapv2buyprice":2121.83,"bakeryswapbuyprice":2135.52,"apeswapBuyPrice":2122.65,"uniswapv2sellprice":2114.03,"sushiswapv2sellprice":2116.79,"bakeryswapsellprice":2107.9,"apeswapsellprice":2112.67},{"block":11423172,"timestamp":1633182060,"swapAmountBNB":5,"uniswapv2buyprice":2124.64,"sushiswapv2buyprice":2121.83,"bakeryswapbuyprice":2135.52,"apeswapBuyPrice":2122.73,"uniswapv2sellprice":2113.98,"sushiswapv2sellprice":2116.79,"bakeryswapsellprice":2107.9,"apeswapsellprice":2112.75},{"block":11423172,"timestamp":1633182060,"swapAmountBNB":5,"uniswapv2buyprice":2124.64,"sushiswapv2buyprice":2121.83,"bakeryswapbuyprice":2135.52,"apeswapBuyPrice":2122.73,"uniswapv2sellprice":2113.98,"sushiswapv2sellprice":2116.79,"bakeryswapsellprice":2107.9,"apeswapsellprice":2112.75},{"block":11423173,"timestamp":1633182063,"swapAmountBNB":5,"uniswapv2buyprice":2124.86,"sushiswapv2buyprice":2121.83,"bakeryswapbuyprice":2135.52,"apeswapBuyPrice":2122.73,"uniswapv2sellprice":2114.2,"sushiswapv2sellprice":2116.79,"bakeryswapsellprice":2107.9,"apeswapsellprice":2112.75},{"block":11423173,"timestamp":1633182063,"swapAmountBNB":5,"uniswapv2buyprice":2124.86,"sushiswapv2buyprice":2121.83,"bakeryswapbuyprice":2135.52,"apeswapBuyPrice":2122.73,"uniswapv2sellprice":2114.2,"sushiswapv2sellprice":2116.79,"bakeryswapsellprice":2107.9,"apeswapsellprice":2112.75},{"block":11423174,"timestamp":1633182066,"swapAmountBNB":5,"uniswapv2buyprice":2124.84,"sushiswapv2buyprice":2121.83,"bakeryswapbuyprice":2135.52,"apeswapBuyPrice":2122.73,"uniswapv2sellprice":2114.18,"sushiswapv2sellprice":2116.79,"bakeryswapsellprice":2107.9,"apeswapsellprice":2112.75},{"block":11423174,"timestamp":1633182066,"swapAmountBNB":5,"uniswapv2buyprice":2124.84,"sushiswapv2buyprice":2121.83,"bakeryswapbuyprice":2135.52,"apeswapBuyPrice":2122.73,"uniswapv2sellprice":2114.18,"sushiswapv2sellprice":2116.79,"bakeryswapsellprice":2107.9,"apeswapsellprice":2112.75},{"block":11423175,"timestamp":1633182069,"swapAmountBNB":5,"uniswapv2buyprice":2124.73,"sushiswapv2buyprice":2121.83,"bakeryswapbuyprice":2135.52,"apeswapBuyPrice":2122.73,"uniswapv2sellprice":2114.08,"sushiswapv2sellprice":2116.79,"bakeryswapsellprice":2107.9,"apeswapsellprice":2112.75},{"block":11423175,"timestamp":1633182069,"swapAmountBNB":5,"uniswapv2buyprice":2124.73,"sushiswapv2buyprice":2121.83,"bakeryswapbuyprice":2135.52,"apeswapBuyPrice":2122.53,"uniswapv2sellprice":2114.08,"sushiswapv2sellprice":2116.79,"bakeryswapsellprice":2107.9,"apeswapsellprice":2112.55},{"block":11423176,"timestamp":1633182072,"swapAmountBNB":5,"uniswapv2buyprice":2124.64,"sushiswapv2buyprice":2121.83,"bakeryswapbuyprice":2135.52,"apeswapBuyPrice":2122.53,"uniswapv2sellprice":2113.98,"sushiswapv2sellprice":2116.79,"bakeryswapsellprice":2107.9,"apeswapsellprice":2112.55},{"block":11423176,"timestamp":1633182072,"swapAmountBNB":5,"uniswapv2buyprice":2124.64,"sushiswapv2buyprice":2121.83,"bakeryswapbuyprice":2135.52,"apeswapBuyPrice":2122.53,"uniswapv2sellprice":2113.98,"sushiswapv2sellprice":2116.79,"bakeryswapsellprice":2107.9,"apeswapsellprice":2112.55},{"block":11423177,"timestamp":1633182075,"swapAmountBNB":5,"uniswapv2buyprice":2124.65,"sushiswapv2buyprice":2121.19,"bakeryswapbuyprice":2135.52,"apeswapBuyPrice":2122.53,"uniswapv2sellprice":2113.99,"sushiswapv2sellprice":2116.15,"bakeryswapsellprice":2107.9,"apeswapsellprice":2112.55},{"block":11423177,"timestamp":1633182075,"swapAmountBNB":5,"uniswapv2buyprice":2124.65,"sushiswapv2buyprice":2121.19,"bakeryswapbuyprice":2135.52,"apeswapBuyPrice":2122.53,"uniswapv2sellprice":2113.99,"sushiswapv2sellprice":2116.15,"bakeryswapsellprice":2107.9,"apeswapsellprice":2112.55},{"block":11423178,"timestamp":1633182078,"swapAmountBNB":5,"uniswapv2buyprice":2124.66,"sushiswapv2buyprice":2121.19,"bakeryswapbuyprice":2135.52,"apeswapBuyPrice":2122.53,"uniswapv2sellprice":2114.01,"sushiswapv2sellprice":2116.15,"bakeryswapsellprice":2107.9,"apeswapsellprice":2112.55},{"block":11423178,"timestamp":1633182078,"swapAmountBNB":5,"uniswapv2buyprice":2124.66,"sushiswapv2buyprice":2121.19,"bakeryswapbuyprice":2135.52,"apeswapBuyPrice":2122.53,"uniswapv2sellprice":2114.01,"sushiswapv2sellprice":2116.15,"bakeryswapsellprice":2107.9,"apeswapsellprice":2112.55},{"block":11423179,"timestamp":1633182081,"swapAmountBNB":5,"uniswapv2buyprice":2124.65,"sushiswapv2buyprice":2121.19,"bakeryswapbuyprice":2135.52,"apeswapBuyPrice":2122.53,"uniswapv2sellprice":2114,"sushiswapv2sellprice":2116.15,"bakeryswapsellprice":2107.9,"apeswapsellprice":2112.55},{"block":11423180,"timestamp":1633182084,"swapAmountBNB":5,"uniswapv2buyprice":2124.7,"sushiswapv2buyprice":2121.19,"bakeryswapbuyprice":2135.52,"apeswapBuyPrice":2122.53,"uniswapv2sellprice":2114.04,"sushiswapv2sellprice":2116.15,"bakeryswapsellprice":2107.9,"apeswapsellprice":2112.55},{"block":11423179,"timestamp":1633182081,"swapAmountBNB":5,"uniswapv2buyprice":2124.7,"sushiswapv2buyprice":2121.19,"bakeryswapbuyprice":2135.52,"apeswapBuyPrice":2122.53,"uniswapv2sellprice":2114,"sushiswapv2sellprice":2116.15,"bakeryswapsellprice":2107.9,"apeswapsellprice":2112.55},{"block":11423180,"timestamp":1633182084,"swapAmountBNB":5,"uniswapv2buyprice":2124.7,"sushiswapv2buyprice":2121.19,"bakeryswapbuyprice":2135.52,"apeswapBuyPrice":2122.53,"uniswapv2sellprice":2114.04,"sushiswapv2sellprice":2116.15,"bakeryswapsellprice":2107.9,"apeswapsellprice":2112.55},{"block":11423181,"timestamp":1633182087,"swapAmountBNB":5,"uniswapv2buyprice":2124.7,"sushiswapv2buyprice":2121.19,"bakeryswapbuyprice":2135.52,"apeswapBuyPrice":2123.1,"uniswapv2sellprice":2114.04,"sushiswapv2sellprice":2116.16,"bakeryswapsellprice":2107.9,"apeswapsellprice":2113.12},{"block":11423181,"timestamp":1633182087,"swapAmountBNB":5,"uniswapv2buyprice":2124.7,"sushiswapv2buyprice":2121.19,"bakeryswapbuyprice":2135.52,"apeswapBuyPrice":2123.1,"uniswapv2sellprice":2114.04,"sushiswapv2sellprice":2116.16,"bakeryswapsellprice":2107.9,"apeswapsellprice":2113.12},{"block":11423182,"timestamp":1633182090,"swapAmountBNB":5,"uniswapv2buyprice":2124.7,"sushiswapv2buyprice":2121.19,"bakeryswapbuyprice":2135.52,"apeswapBuyPrice":2123.1,"uniswapv2sellprice":2114.04,"sushiswapv2sellprice":2116.16,"bakeryswapsellprice":2107.9,"apeswapsellprice":2113.12},{"block":11423182,"timestamp":1633182090,"swapAmountBNB":5,"uniswapv2buyprice":2124.7,"sushiswapv2buyprice":2121.19,"bakeryswapbuyprice":2135.52,"apeswapBuyPrice":2123.1,"uniswapv2sellprice":2114.04,"sushiswapv2sellprice":2116.16,"bakeryswapsellprice":2107.9,"apeswapsellprice":2113.12},{"block":11423183,"timestamp":1633182093,"swapAmountBNB":5,"uniswapv2buyprice":2124.7,"sushiswapv2buyprice":2121.34,"bakeryswapbuyprice":2135.52,"apeswapBuyPrice":2123.1,"uniswapv2sellprice":2114.05,"sushiswapv2sellprice":2116.31,"bakeryswapsellprice":2107.9,"apeswapsellprice":2113.12},{"block":11423183,"timestamp":1633182093,"swapAmountBNB":5,"uniswapv2buyprice":2124.7,"sushiswapv2buyprice":2121.34,"bakeryswapbuyprice":2135.52,"apeswapBuyPrice":2123.1,"uniswapv2sellprice":2114.05,"sushiswapv2sellprice":2116.31,"bakeryswapsellprice":2107.9,"apeswapsellprice":2113.12},{"block":11423184,"timestamp":1633182096,"swapAmountBNB":5,"uniswapv2buyprice":2124.67,"sushiswapv2buyprice":2121.34,"bakeryswapbuyprice":2135.52,"apeswapBuyPrice":2123.1,"uniswapv2sellprice":2114.01,"sushiswapv2sellprice":2116.31,"bakeryswapsellprice":2107.9,"apeswapsellprice":2113.12},{"block":11423184,"timestamp":1633182096,"swapAmountBNB":5,"uniswapv2buyprice":2124.67,"sushiswapv2buyprice":2121.34,"bakeryswapbuyprice":2135.52,"apeswapBuyPrice":2123.1,"uniswapv2sellprice":2114.01,"sushiswapv2sellprice":2116.31,"bakeryswapsellprice":2107.9,"apeswapsellprice":2113.12},{"block":11423185,"timestamp":1633182099,"swapAmountBNB":5,"uniswapv2buyprice":2124.63,"sushiswapv2buyprice":2121.34,"bakeryswapbuyprice":2135.52,"apeswapBuyPrice":2123.1,"uniswapv2sellprice":2113.97,"sushiswapv2sellprice":2116.31,"bakeryswapsellprice":2107.9,"apeswapsellprice":2113.12},{"block":11423185,"timestamp":1633182099,"swapAmountBNB":5,"uniswapv2buyprice":2124.63,"sushiswapv2buyprice":2121.34,"bakeryswapbuyprice":2135.52,"apeswapBuyPrice":2123.1,"uniswapv2sellprice":2113.97,"sushiswapv2sellprice":2116.31,"bakeryswapsellprice":2107.9,"apeswapsellprice":2113.12},{"block":11423186,"timestamp":1633182102,"swapAmountBNB":5,"uniswapv2buyprice":2124.61,"sushiswapv2buyprice":2121.34,"bakeryswapbuyprice":2135.52,"apeswapBuyPrice":2123.1,"uniswapv2sellprice":2113.95,"sushiswapv2sellprice":2116.31,"bakeryswapsellprice":2107.9,"apeswapsellprice":2113.12},{"block":11423186,"timestamp":1633182102,"swapAmountBNB":5,"uniswapv2buyprice":2124.61,"sushiswapv2buyprice":2121.34,"bakeryswapbuyprice":2135.52,"apeswapBuyPrice":2123.1,"uniswapv2sellprice":2113.95,"sushiswapv2sellprice":2116.31,"bakeryswapsellprice":2107.9,"apeswapsellprice":2113.12},{"block":11423187,"timestamp":1633182105,"swapAmountBNB":5,"uniswapv2buyprice":2124.62,"sushiswapv2buyprice":2121.52,"bakeryswapbuyprice":2135.52,"apeswapBuyPrice":2123.1,"uniswapv2sellprice":2113.96,"sushiswapv2sellprice":2116.49,"bakeryswapsellprice":2107.9,"apeswapsellprice":2113.12},{"block":11423187,"timestamp":1633182105,"swapAmountBNB":5,"uniswapv2buyprice":2124.62,"sushiswapv2buyprice":2121.52,"bakeryswapbuyprice":2135.52,"apeswapBuyPrice":2123.1,"uniswapv2sellprice":2113.96,"sushiswapv2sellprice":2116.49,"bakeryswapsellprice":2107.9,"apeswapsellprice":2113.12},{"block":11423188,"timestamp":1633182108,"swapAmountBNB":5,"uniswapv2buyprice":2124.58,"sushiswapv2buyprice":2121.6,"bakeryswapbuyprice":2135.52,"apeswapBuyPrice":2123.1,"uniswapv2sellprice":2113.92,"sushiswapv2sellprice":2116.56,"bakeryswapsellprice":2107.9,"apeswapsellprice":2113.12},{"block":11423188,"timestamp":1633182108,"swapAmountBNB":5,"uniswapv2buyprice":2124.58,"sushiswapv2buyprice":2121.6,"bakeryswapbuyprice":2135.52,"apeswapBuyPrice":2123.1,"uniswapv2sellprice":2113.92,"sushiswapv2sellprice":2116.56,"bakeryswapsellprice":2107.9,"apeswapsellprice":2113.12},{"block":11423189,"timestamp":1633182111,"swapAmountBNB":5,"uniswapv2buyprice":2124.55,"sushiswapv2buyprice":2121.61,"bakeryswapbuyprice":2135.52,"apeswapBuyPrice":2123.1,"uniswapv2sellprice":2113.89,"sushiswapv2sellprice":2116.58,"bakeryswapsellprice":2107.9,"apeswapsellprice":2113.12},{"block":11423189,"timestamp":1633182111,"swapAmountBNB":5,"uniswapv2buyprice":2124.55,"sushiswapv2buyprice":2121.61,"bakeryswapbuyprice":2135.52,"apeswapBuyPrice":2123.1,"uniswapv2sellprice":2113.89,"sushiswapv2sellprice":2116.58,"bakeryswapsellprice":2107.9,"apeswapsellprice":2113.12},{"block":11423190,"timestamp":1633182114,"swapAmountBNB":5,"uniswapv2buyprice":2124.55,"sushiswapv2buyprice":2121.65,"bakeryswapbuyprice":2135.52,"apeswapBuyPrice":2123.07,"uniswapv2sellprice":2113.89,"sushiswapv2sellprice":2116.61,"bakeryswapsellprice":2107.9,"apeswapsellprice":2113.12},{"block":11423190,"timestamp":1633182114,"swapAmountBNB":5,"uniswapv2buyprice":2124.55,"sushiswapv2buyprice":2121.65,"bakeryswapbuyprice":2135.52,"apeswapBuyPrice":2123.07,"uniswapv2sellprice":2113.89,"sushiswapv2sellprice":2116.61,"bakeryswapsellprice":2107.9,"apeswapsellprice":2113.12},{"block":11423191,"timestamp":1633182117,"swapAmountBNB":5,"uniswapv2buyprice":2124.55,"sushiswapv2buyprice":2121.83,"bakeryswapbuyprice":2135.52,"apeswapBuyPrice":2123.07,"uniswapv2sellprice":2113.89,"sushiswapv2sellprice":2116.79,"bakeryswapsellprice":2107.9,"apeswapsellprice":2113.09},{"block":11423191,"timestamp":1633182117,"swapAmountBNB":5,"uniswapv2buyprice":2124.55,"sushiswapv2buyprice":2121.83,"bakeryswapbuyprice":2135.52,"apeswapBuyPrice":2123.07,"uniswapv2sellprice":2113.89,"sushiswapv2sellprice":2116.79,"bakeryswapsellprice":2107.9,"apeswapsellprice":2113.09},{"block":11423192,"timestamp":1633182120,"swapAmountBNB":5,"uniswapv2buyprice":2124.56,"sushiswapv2buyprice":2121.83,"bakeryswapbuyprice":2135.52,"apeswapBuyPrice":2123.07,"uniswapv2sellprice":2113.9,"sushiswapv2sellprice":2116.79,"bakeryswapsellprice":2107.9,"apeswapsellprice":2113.09},{"block":11423192,"timestamp":1633182120,"swapAmountBNB":5,"uniswapv2buyprice":2124.56,"sushiswapv2buyprice":2121.83,"bakeryswapbuyprice":2135.52,"apeswapBuyPrice":2123.07,"uniswapv2sellprice":2113.9,"sushiswapv2sellprice":2116.79,"bakeryswapsellprice":2107.9,"apeswapsellprice":2113.09},{"block":11423193,"timestamp":1633182123,"swapAmountBNB":5,"uniswapv2buyprice":2124.56,"sushiswapv2buyprice":2121.83,"bakeryswapbuyprice":2135.52,"apeswapBuyPrice":2123.06,"uniswapv2sellprice":2113.9,"sushiswapv2sellprice":2116.79,"bakeryswapsellprice":2107.9,"apeswapsellprice":2113.08},{"block":11423194,"timestamp":1633182126,"swapAmountBNB":5,"uniswapv2buyprice":2124.6,"sushiswapv2buyprice":2122.37,"bakeryswapbuyprice":2135.52,"apeswapBuyPrice":2122.94,"uniswapv2sellprice":2113.95,"sushiswapv2sellprice":2117.33,"bakeryswapsellprice":2107.9,"apeswapsellprice":2112.96},{"block":11423194,"timestamp":1633182126,"swapAmountBNB":5,"uniswapv2buyprice":2124.6,"sushiswapv2buyprice":2122.37,"bakeryswapbuyprice":2135.52,"apeswapBuyPrice":2122.94,"uniswapv2sellprice":2113.95,"sushiswapv2sellprice":2117.33,"bakeryswapsellprice":2107.9,"apeswapsellprice":2112.96},{"block":11423195,"timestamp":1633182129,"swapAmountBNB":5,"uniswapv2buyprice":2124.59,"sushiswapv2buyprice":2122.55,"bakeryswapbuyprice":2135.52,"apeswapBuyPrice":2122.94,"uniswapv2sellprice":2113.93,"sushiswapv2sellprice":2117.51,"bakeryswapsellprice":2107.9,"apeswapsellprice":2112.96},{"block":11423196,"timestamp":1633182132,"swapAmountBNB":5,"uniswapv2buyprice":2124.57,"sushiswapv2buyprice":2122.13,"bakeryswapbuyprice":2135.52,"apeswapBuyPrice":2122.94,"uniswapv2sellprice":2113.91,"sushiswapv2sellprice":2117.1,"bakeryswapsellprice":2107.9,"apeswapsellprice":2112.96},{"block":11423197,"timestamp":1633182135,"swapAmountBNB":5,"uniswapv2buyprice":2124.55,"sushiswapv2buyprice":2122.04,"bakeryswapbuyprice":2135.52,"apeswapBuyPrice":2122.94,"uniswapv2sellprice":2113.9,"sushiswapv2sellprice":2117,"bakeryswapsellprice":2107.9,"apeswapsellprice":2112.96},{"block":11423198,"timestamp":1633182138,"swapAmountBNB":5,"uniswapv2buyprice":2124.58,"sushiswapv2buyprice":2122.07,"bakeryswapbuyprice":2135.52,"apeswapBuyPrice":2122.94,"uniswapv2sellprice":2113.92,"sushiswapv2sellprice":2117.03,"bakeryswapsellprice":2107.9,"apeswapsellprice":2112.96},{"block":11423199,"timestamp":1633182141,"swapAmountBNB":5,"uniswapv2buyprice":2124.56,"sushiswapv2buyprice":2122.42,"bakeryswapbuyprice":2135.52,"apeswapBuyPrice":2122.76,"uniswapv2sellprice":2113.91,"sushiswapv2sellprice":2117.38,"bakeryswapsellprice":2107.9,"apeswapsellprice":2112.96},{"block":11423200,"timestamp":1633182144,"swapAmountBNB":5,"uniswapv2buyprice":2124.56,"sushiswapv2buyprice":2121.92,"bakeryswapbuyprice":2135.52,"apeswapBuyPrice":2122.76,"uniswapv2sellprice":2113.9,"sushiswapv2sellprice":2116.89,"bakeryswapsellprice":2107.9,"apeswapsellprice":2112.78},{"block":11423201,"timestamp":1633182147,"swapAmountBNB":5,"uniswapv2buyprice":2124.68,"sushiswapv2buyprice":2121.92,"bakeryswapbuyprice":2135.52,"apeswapBuyPrice":2122.76,"uniswapv2sellprice":2114.02,"sushiswapv2sellprice":2116.88,"bakeryswapsellprice":2107.9,"apeswapsellprice":2112.78},{"block":11423202,"timestamp":1633182150,"swapAmountBNB":5,"uniswapv2buyprice":2124.63,"sushiswapv2buyprice":2122.06,"bakeryswapbuyprice":2135.52,"apeswapBuyPrice":2122.76,"uniswapv2sellprice":2113.97,"sushiswapv2sellprice":2117.02,"bakeryswapsellprice":2107.9,"apeswapsellprice":2112.78},{"block":11423203,"timestamp":1633182153,"swapAmountBNB":5,"uniswapv2buyprice":2124.62,"sushiswapv2buyprice":2122.13,"bakeryswapbuyprice":2135.52,"apeswapBuyPrice":2122.76,"uniswapv2sellprice":2113.96,"sushiswapv2sellprice":2117.09,"bakeryswapsellprice":2107.9,"apeswapsellprice":2112.78},{"block":11423204,"timestamp":1633182156,"swapAmountBNB":5,"uniswapv2buyprice":2124.62,"sushiswapv2buyprice":2121.67,"bakeryswapbuyprice":2135.52,"apeswapBuyPrice":2122.76,"uniswapv2sellprice":2113.96,"sushiswapv2sellprice":2116.63,"bakeryswapsellprice":2107.9,"apeswapsellprice":2112.78},{"block":11423205,"timestamp":1633182159,"swapAmountBNB":5,"uniswapv2buyprice":2124.61,"sushiswapv2buyprice":2121.67,"bakeryswapbuyprice":2135.52,"apeswapBuyPrice":2122.76,"uniswapv2sellprice":2113.96,"sushiswapv2sellprice":2116.63,"bakeryswapsellprice":2107.9,"apeswapsellprice":2112.78},{"block":11423206,"timestamp":1633182162,"swapAmountBNB":5,"uniswapv2buyprice":2124.62,"sushiswapv2buyprice":2121.97,"bakeryswapbuyprice":2135.52,"apeswapBuyPrice":2122.82,"uniswapv2sellprice":2113.96,"sushiswapv2sellprice":2116.63,"bakeryswapsellprice":2107.9,"apeswapsellprice":2112.84},{"block":11423207,"timestamp":1633182165,"swapAmountBNB":5,"uniswapv2buyprice":2124.61,"sushiswapv2buyprice":2121.97,"bakeryswapbuyprice":2135.52,"apeswapBuyPrice":2122.82,"uniswapv2sellprice":2113.95,"sushiswapv2sellprice":2116.93,"bakeryswapsellprice":2107.9,"apeswapsellprice":2112.84},{"block":11423208,"timestamp":1633182168,"swapAmountBNB":5,"uniswapv2buyprice":2124.61,"sushiswapv2buyprice":2121.94,"bakeryswapbuyprice":2135.52,"apeswapBuyPrice":2122.82,"uniswapv2sellprice":2113.95,"sushiswapv2sellprice":2116.91,"bakeryswapsellprice":2107.9,"apeswapsellprice":2112.84},{"block":11423209,"timestamp":1633182171,"swapAmountBNB":5,"uniswapv2buyprice":2124.62,"sushiswapv2buyprice":2121.94,"bakeryswapbuyprice":2135.52,"apeswapBuyPrice":2122.82,"uniswapv2sellprice":2113.96,"sushiswapv2sellprice":2116.91,"bakeryswapsellprice":2107.9,"apeswapsellprice":2112.84},{"block":11423210,"timestamp":1633182174,"swapAmountBNB":5,"uniswapv2buyprice":2124.61,"sushiswapv2buyprice":2122.38,"bakeryswapbuyprice":2135.52,"apeswapBuyPrice":2122.82,"uniswapv2sellprice":2113.95,"sushiswapv2sellprice":2117.34,"bakeryswapsellprice":2107.9,"apeswapsellprice":2112.84},{"block":11423211,"timestamp":1633182177,"swapAmountBNB":5,"uniswapv2buyprice":2124.64,"sushiswapv2buyprice":2122.38,"bakeryswapbuyprice":2135.52,"apeswapBuyPrice":2122.82,"uniswapv2sellprice":2113.99,"sushiswapv2sellprice":2117.34,"bakeryswapsellprice":2107.9,"apeswapsellprice":2112.84},{"block":11423212,"timestamp":1633182180,"swapAmountBNB":5,"uniswapv2buyprice":2124.64,"sushiswapv2buyprice":2122.38,"bakeryswapbuyprice":2135.52,"apeswapBuyPrice":2122.82,"uniswapv2sellprice":2113.98,"sushiswapv2sellprice":2117.34,"bakeryswapsellprice":2107.9,"apeswapsellprice":2112.84},{"block":11423213,"timestamp":1633182183,"swapAmountBNB":5,"uniswapv2buyprice":2124.65,"sushiswapv2buyprice":2122.52,"bakeryswapbuyprice":2135.52,"apeswapBuyPrice":2122.82,"uniswapv2sellprice":2113.99,"sushiswapv2sellprice":2117.49,"bakeryswapsellprice":2107.9,"apeswapsellprice":2112.84},{"block":11423214,"timestamp":1633182186,"swapAmountBNB":5,"uniswapv2buyprice":2124.59,"sushiswapv2buyprice":2121.83,"bakeryswapbuyprice":2135.52,"apeswapBuyPrice":2122.82,"uniswapv2sellprice":2113.94,"sushiswapv2sellprice":2116.8,"bakeryswapsellprice":2107.9,"apeswapsellprice":2112.84},{"block":11423215,"timestamp":1633182189,"swapAmountBNB":5,"uniswapv2buyprice":2124.6,"sushiswapv2buyprice":2121.83,"bakeryswapbuyprice":2135.52,"apeswapBuyPrice":2122.82,"uniswapv2sellprice":2113.94,"sushiswapv2sellprice":2116.8,"bakeryswapsellprice":2107.9,"apeswapsellprice":2112.84},{"block":11423216,"timestamp":1633182192,"swapAmountBNB":5,"uniswapv2buyprice":2124.59,"sushiswapv2buyprice":2121.83,"bakeryswapbuyprice":2136.22,"apeswapBuyPrice":2122.67,"uniswapv2sellprice":2113.94,"sushiswapv2sellprice":2116.8,"bakeryswapsellprice":2108.6,"apeswapsellprice":2112.69},{"block":11423217,"timestamp":1633182195,"swapAmountBNB":5,"uniswapv2buyprice":2124.6,"sushiswapv2buyprice":2121.83,"bakeryswapbuyprice":2136.22,"apeswapBuyPrice":2122.67,"uniswapv2sellprice":2113.95,"sushiswapv2sellprice":2116.8,"bakeryswapsellprice":2108.6,"apeswapsellprice":2112.69},{"block":11423218,"timestamp":1633182198,"swapAmountBNB":5,"uniswapv2buyprice":2124.6,"sushiswapv2buyprice":2122.02,"bakeryswapbuyprice":2136.22,"apeswapBuyPrice":2122.67,"uniswapv2sellprice":2113.95,"sushiswapv2sellprice":2116.98,"bakeryswapsellprice":2108.6,"apeswapsellprice":2112.69},{"block":11423219,"timestamp":1633182201,"swapAmountBNB":5,"uniswapv2buyprice":2124.54,"sushiswapv2buyprice":2122.02,"bakeryswapbuyprice":2136.22,"apeswapBuyPrice":2122.67,"uniswapv2sellprice":2113.89,"sushiswapv2sellprice":2116.98,"bakeryswapsellprice":2108.6,"apeswapsellprice":2112.69},{"block":11423220,"timestamp":1633182204,"swapAmountBNB":5,"uniswapv2buyprice":2124.5,"sushiswapv2buyprice":2121.96,"bakeryswapbuyprice":2136.22,"apeswapBuyPrice":2122.67,"uniswapv2sellprice":2113.85,"sushiswapv2sellprice":2116.93,"bakeryswapsellprice":2108.6,"apeswapsellprice":2112.69},{"block":11423221,"timestamp":1633182207,"swapAmountBNB":5,"uniswapv2buyprice":2122.27,"sushiswapv2buyprice":2121.77,"bakeryswapbuyprice":2136.22,"apeswapBuyPrice":2122.67,"uniswapv2sellprice":2111.62,"sushiswapv2sellprice":2116.74,"bakeryswapsellprice":2108.6,"apeswapsellprice":2112.69}]}