{"table":[{"block":11025892,"timestamp":1631980630,"swapAmountBNB":20,"uniswapv2buyprice":8324.53,"sushiswapv2buyprice":8303.67,"bakeryswapbuyprice":8416.69,"apeswapBuyPrice":8320.04,"uniswapv2sellprice":8281.29,"sushiswapv2sellprice":8278.96,"bakeryswapsellprice":8201.78,"apeswapsellprice":8274.69},{"block":11025893,"timestamp":1631980633,"swapAmountBNB":20,"uniswapv2buyprice":8324.53,"sushiswapv2buyprice":8303.67,"bakeryswapbuyprice":8416.69,"apeswapBuyPrice":8320.04,"uniswapv2sellprice":8282.4,"sushiswapv2sellprice":8278.96,"bakeryswapsellprice":8201.78,"apeswapsellprice":8274.69},{"block":11025894,"timestamp":1631980636,"swapAmountBNB":20,"uniswapv2buyprice":8324.48,"sushiswapv2buyprice":8303.67,"bakeryswapbuyprice":8416.69,"apeswapBuyPrice":8320.04,"uniswapv2sellprice":8282.34,"sushiswapv2sellprice":8278.96,"bakeryswapsellprice":8201.78,"apeswapsellprice":8274.69},{"block":11025895,"timestamp":1631980639,"swapAmountBNB":20,"uniswapv2buyprice":8324.36,"sushiswapv2buyprice":8304.19,"bakeryswapbuyprice":8416.69,"apeswapBuyPrice":8320.04,"uniswapv2sellprice":8282.23,"sushiswapv2sellprice":8279.48,"bakeryswapsellprice":8201.78,"apeswapsellprice":8274.69},{"block":11025896,"timestamp":1631980642,"swapAmountBNB":20,"uniswapv2buyprice":8324.39,"sushiswapv2buyprice":8299.78,"bakeryswapbuyprice":8416.69,"apeswapBuyPrice":8319.97,"uniswapv2sellprice":8282.25,"sushiswapv2sellprice":8275.08,"bakeryswapsellprice":8201.78,"apeswapsellprice":8274.62},{"block":11025897,"timestamp":1631980645,"swapAmountBNB":20,"uniswapv2buyprice":8324.24,"sushiswapv2buyprice":8299.78,"bakeryswapbuyprice":8416.69,"apeswapBuyPrice":8319.97,"uniswapv2sellprice":8282.11,"sushiswapv2sellprice":8275.08,"bakeryswapsellprice":8201.78,"apeswapsellprice":8274.62},{"block":11025898,"timestamp":1631980648,"swapAmountBNB":20,"uniswapv2buyprice":8324.25,"sushiswapv2buyprice":8299.81,"bakeryswapbuyprice":8416.69,"apeswapBuyPrice":8319.97,"uniswapv2sellprice":8282.12,"sushiswapv2sellprice":8275.11,"bakeryswapsellprice":8201.78,"apeswapsellprice":8274.62},{"block":11025899,"timestamp":1631980651,"swapAmountBNB":20,"uniswapv2buyprice":8323.65,"sushiswapv2buyprice":8299.81,"bakeryswapbuyprice":8416.69,"apeswapBuyPrice":8319.97,"uniswapv2sellprice":8281.52,"sushiswapv2sellprice":8275.11,"bakeryswapsellprice":8201.78,"apeswapsellprice":8274.62},{"block":11025900,"timestamp":1631980654,"swapAmountBNB":20,"uniswapv2buyprice":8323.8,"sushiswapv2buyprice":8304.49,"bakeryswapbuyprice":8416.69,"apeswapBuyPrice":8319.97,"uniswapv2sellprice":8281.67,"sushiswapv2sellprice":8279.78,"bakeryswapsellprice":8201.78,"apeswapsellprice":8274.62},{"block":11025901,"timestamp":1631980657,"swapAmountBNB":20,"uniswapv2buyprice":8323.83,"sushiswapv2buyprice":8304.49,"bakeryswapbuyprice":8416.69,"apeswapBuyPrice":8319.97,"uniswapv2sellprice":8281.67,"sushiswapv2sellprice":8279.78,"bakeryswapsellprice":8201.78,"apeswapsellprice":8274.62},{"block":11025902,"timestamp":1631980660,"swapAmountBNB":20,"uniswapv2buyprice":8323.83,"sushiswapv2buyprice":8304.49,"bakeryswapbuyprice":8416.69,"apeswapBuyPrice":8319.97,"uniswapv2sellprice":8281.7,"sushiswapv2sellprice":8279.78,"bakeryswapsellprice":8201.78,"apeswapsellprice":8274.62},{"block":11025903,"timestamp":1631980663,"swapAmountBNB":20,"uniswapv2buyprice":8323.82,"sushiswapv2buyprice":8300.02,"bakeryswapbuyprice":8416.69,"apeswapBuyPrice":8320.05,"uniswapv2sellprice":8281.69,"sushiswapv2sellprice":8275.32,"bakeryswapsellprice":8201.78,"apeswapsellprice":8274.7},{"block":11025904,"timestamp":1631980666,"swapAmountBNB":20,"uniswapv2buyprice":8324.33,"sushiswapv2buyprice":8304.29,"bakeryswapbuyprice":8416.69,"apeswapBuyPrice":8320.05,"uniswapv2sellprice":8282.2,"sushiswapv2sellprice":8279.58,"bakeryswapsellprice":8201.78,"apeswapsellprice":8274.7},{"block":11025905,"timestamp":1631980669,"swapAmountBNB":20,"uniswapv2buyprice":8324.28,"sushiswapv2buyprice":8304.29,"bakeryswapbuyprice":8416.69,"apeswapBuyPrice":8320.18,"uniswapv2sellprice":8282.15,"sushiswapv2sellprice":8279.58,"bakeryswapsellprice":8201.78,"apeswapsellprice":8274.83},{"block":11025906,"timestamp":1631980672,"swapAmountBNB":20,"uniswapv2buyprice":8324.28,"sushiswapv2buyprice":8304.89,"bakeryswapbuyprice":8416.69,"apeswapBuyPrice":8320.18,"uniswapv2sellprice":8282.15,"sushiswapv2sellprice":8280.18,"bakeryswapsellprice":8201.78,"apeswapsellprice":8274.83},{"block":11025907,"timestamp":1631980675,"swapAmountBNB":20,"uniswapv2buyprice":8324.46,"sushiswapv2buyprice":8305.31,"bakeryswapbuyprice":8416.69,"apeswapBuyPrice":8320.18,"uniswapv2sellprice":8282.32,"sushiswapv2sellprice":8280.59,"bakeryswapsellprice":8201.78,"apeswapsellprice":8274.83},{"block":11025908,"timestamp":1631980678,"swapAmountBNB":20,"uniswapv2buyprice":8324.37,"sushiswapv2buyprice":8305.31,"bakeryswapbuyprice":8416.69,"apeswapBuyPrice":8320.18,"uniswapv2sellprice":8282.24,"sushiswapv2sellprice":8280.59,"bakeryswapsellprice":8201.78,"apeswapsellprice":8274.83},{"block":11025909,"timestamp":1631980681,"swapAmountBNB":20,"uniswapv2buyprice":8324.37,"sushiswapv2buyprice":8305.31,"bakeryswapbuyprice":8416.69,"apeswapBuyPrice":8320.18,"uniswapv2sellprice":8282.24,"sushiswapv2sellprice":8280.59,"bakeryswapsellprice":8201.78,"apeswapsellprice":8274.83},{"block":11025910,"timestamp":1631980684,"swapAmountBNB":20,"uniswapv2buyprice":8324.37,"sushiswapv2buyprice":8305.31,"bakeryswapbuyprice":8416.69,"apeswapBuyPrice":8320.18,"uniswapv2sellprice":8282.23,"sushiswapv2sellprice":8280.59,"bakeryswapsellprice":8201.78,"apeswapsellprice":8274.83},{"block":11025911,"timestamp":1631980687,"swapAmountBNB":20,"uniswapv2buyprice":8322.73,"sushiswapv2buyprice":8305.36,"bakeryswapbuyprice":8416.69,"apeswapBuyPrice":8320.18,"uniswapv2sellprice":8280.61,"sushiswapv2sellprice":8280.64,"bakeryswapsellprice":8201.78,"apeswapsellprice":8274.83},{"block":11025912,"timestamp":1631980690,"swapAmountBNB":20,"uniswapv2buyprice":8322.56,"sushiswapv2buyprice":8305.36,"bakeryswapbuyprice":8416.69,"apeswapBuyPrice":8320.29,"uniswapv2sellprice":8280.61,"sushiswapv2sellprice":8280.64,"bakeryswapsellprice":8201.78,"apeswapsellprice":8274.94},{"block":11025913,"timestamp":1631980693,"swapAmountBNB":20,"uniswapv2buyprice":8322.56,"sushiswapv2buyprice":8305.36,"bakeryswapbuyprice":8416.69,"apeswapBuyPrice":8320.29,"uniswapv2sellprice":8280.44,"sushiswapv2sellprice":8280.64,"bakeryswapsellprice":8201.78,"apeswapsellprice":8274.94},{"block":11025914,"timestamp":1631980696,"swapAmountBNB":20,"uniswapv2buyprice":8322.52,"sushiswapv2buyprice":8305.36,"bakeryswapbuyprice":8416.69,"apeswapBuyPrice":8320.29,"uniswapv2sellprice":8280.4,"sushiswapv2sellprice":8280.64,"bakeryswapsellprice":8201.78,"apeswapsellprice":8274.94},{"block":11025915,"timestamp":1631980699,"swapAmountBNB":20,"uniswapv2buyprice":8322.57,"sushiswapv2buyprice":8305.36,"bakeryswapbuyprice":8416.69,"apeswapBuyPrice":8320.29,"uniswapv2sellprice":8280.44,"sushiswapv2sellprice":8280.64,"bakeryswapsellprice":8201.78,"apeswapsellprice":8274.94},{"block":11025916,"timestamp":1631980702,"swapAmountBNB":20,"uniswapv2buyprice":8322.56,"sushiswapv2buyprice":8305.36,"bakeryswapbuyprice":8416.69,"apeswapBuyPrice":8320.29,"uniswapv2sellprice":8280.44,"sushiswapv2sellprice":8280.64,"bakeryswapsellprice":8201.78,"apeswapsellprice":8274.94},{"block":11025917,"timestamp":1631980705,"swapAmountBNB":20,"uniswapv2buyprice":8322.53,"sushiswapv2buyprice":8305.36,"bakeryswapbuyprice":8416.69,"apeswapBuyPrice":8320.41,"uniswapv2sellprice":8280.41,"sushiswapv2sellprice":8280.64,"bakeryswapsellprice":8201.78,"apeswapsellprice":8275.05},{"block":11025918,"timestamp":1631980708,"swapAmountBNB":20,"uniswapv2buyprice":8322.53,"sushiswapv2buyprice":8305.36,"bakeryswapbuyprice":8416.69,"apeswapBuyPrice":8320.41,"uniswapv2sellprice":8280.41,"sushiswapv2sellprice":8280.64,"bakeryswapsellprice":8201.78,"apeswapsellprice":8275.05},{"block":11025919,"timestamp":1631980711,"swapAmountBNB":20,"uniswapv2buyprice":8322.66,"sushiswapv2buyprice":8305.36,"bakeryswapbuyprice":8416.69,"apeswapBuyPrice":8320.41,"uniswapv2sellprice":8280.54,"sushiswapv2sellprice":8280.64,"bakeryswapsellprice":8201.78,"apeswapsellprice":8275.05},{"block":11025920,"timestamp":1631980714,"swapAmountBNB":20,"uniswapv2buyprice":8322.72,"sushiswapv2buyprice":8305.36,"bakeryswapbuyprice":8416.69,"apeswapBuyPrice":8320.41,"uniswapv2sellprice":8280.59,"sushiswapv2sellprice":8280.64,"bakeryswapsellprice":8201.78,"apeswapsellprice":8275.05},{"block":11025921,"timestamp":1631980717,"swapAmountBNB":20,"uniswapv2buyprice":8322.75,"sushiswapv2buyprice":8305.36,"bakeryswapbuyprice":8416.69,"apeswapBuyPrice":8320.41,"uniswapv2sellprice":8280.63,"sushiswapv2sellprice":8280.64,"bakeryswapsellprice":8201.78,"apeswapsellprice":8275.05},{"block":11025922,"timestamp":1631980720,"swapAmountBNB":20,"uniswapv2buyprice":8322.52,"sushiswapv2buyprice":8305.36,"bakeryswapbuyprice":8416.69,"apeswapBuyPrice":8320.39,"uniswapv2sellprice":8280.38,"sushiswapv2sellprice":8280.64,"bakeryswapsellprice":8201.78,"apeswapsellprice":8275.04},{"block":11025923,"timestamp":1631980723,"swapAmountBNB":20,"uniswapv2buyprice":8322.52,"sushiswapv2buyprice":8305.36,"bakeryswapbuyprice":8416.69,"apeswapBuyPrice":8320.39,"uniswapv2sellprice":8280.4,"sushiswapv2sellprice":8280.64,"bakeryswapsellprice":8201.78,"apeswapsellprice":8275.04},{"block":11025924,"timestamp":1631980726,"swapAmountBNB":20,"uniswapv2buyprice":8322.46,"sushiswapv2buyprice":8302.03,"bakeryswapbuyprice":8416.69,"apeswapBuyPrice":8320.41,"uniswapv2sellprice":8280.33,"sushiswapv2sellprice":8277.32,"bakeryswapsellprice":8201.78,"apeswapsellprice":8275.06},{"block":11025925,"timestamp":1631980729,"swapAmountBNB":20,"uniswapv2buyprice":8322.46,"sushiswapv2buyprice":8302.06,"bakeryswapbuyprice":8416.69,"apeswapBuyPrice":8321.03,"uniswapv2sellprice":8280.33,"sushiswapv2sellprice":8277.35,"bakeryswapsellprice":8201.78,"apeswapsellprice":8275.67},{"block":11025926,"timestamp":1631980732,"swapAmountBNB":20,"uniswapv2buyprice":8322.36,"sushiswapv2buyprice":8302.39,"bakeryswapbuyprice":8416.69,"apeswapBuyPrice":8321.03,"uniswapv2sellprice":8280.24,"sushiswapv2sellprice":8277.68,"bakeryswapsellprice":8201.78,"apeswapsellprice":8275.67},{"block":11025927,"timestamp":1631980735,"swapAmountBNB":20,"uniswapv2buyprice":8322.62,"sushiswapv2buyprice":8306.9,"bakeryswapbuyprice":8416.69,"apeswapBuyPrice":8321.14,"uniswapv2sellprice":8280.5,"sushiswapv2sellprice":8277.68,"bakeryswapsellprice":8201.78,"apeswapsellprice":8275.78},{"block":11025928,"timestamp":1631980738,"swapAmountBNB":20,"uniswapv2buyprice":8322.58,"sushiswapv2buyprice":8306.9,"bakeryswapbuyprice":8416.69,"apeswapBuyPrice":8321.14,"uniswapv2sellprice":8280.45,"sushiswapv2sellprice":8282.18,"bakeryswapsellprice":8201.78,"apeswapsellprice":8275.78},{"block":11025929,"timestamp":1631980741,"swapAmountBNB":20,"uniswapv2buyprice":8322.51,"sushiswapv2buyprice":8306.9,"bakeryswapbuyprice":8416.69,"apeswapBuyPrice":8321.14,"uniswapv2sellprice":8280.38,"sushiswapv2sellprice":8282.18,"bakeryswapsellprice":8201.78,"apeswapsellprice":8275.78},{"block":11025930,"timestamp":1631980744,"swapAmountBNB":20,"uniswapv2buyprice":8322.25,"sushiswapv2buyprice":8306.9,"bakeryswapbuyprice":8416.69,"apeswapBuyPrice":8321.14,"uniswapv2sellprice":8280.13,"sushiswapv2sellprice":8282.18,"bakeryswapsellprice":8201.78,"apeswapsellprice":8275.78},{"block":11025931,"timestamp":1631980747,"swapAmountBNB":20,"uniswapv2buyprice":8322.06,"sushiswapv2buyprice":8306.9,"bakeryswapbuyprice":8416.69,"apeswapBuyPrice":8321.14,"uniswapv2sellprice":8279.94,"sushiswapv2sellprice":8282.18,"bakeryswapsellprice":8201.78,"apeswapsellprice":8275.78},{"block":11025932,"timestamp":1631980750,"swapAmountBNB":20,"uniswapv2buyprice":8322.02,"sushiswapv2buyprice":8307.28,"bakeryswapbuyprice":8416.69,"apeswapBuyPrice":8321.14,"uniswapv2sellprice":8279.91,"sushiswapv2sellprice":8282.56,"bakeryswapsellprice":8201.78,"apeswapsellprice":8275.78},{"block":11025933,"timestamp":1631980753,"swapAmountBNB":20,"uniswapv2buyprice":8322.03,"sushiswapv2buyprice":8307.24,"bakeryswapbuyprice":8416.69,"apeswapBuyPrice":8321.14,"uniswapv2sellprice":8279.91,"sushiswapv2sellprice":8282.52,"bakeryswapsellprice":8201.78,"apeswapsellprice":8275.78},{"block":11025934,"timestamp":1631980756,"swapAmountBNB":20,"uniswapv2buyprice":8322.05,"sushiswapv2buyprice":8309.02,"bakeryswapbuyprice":8416.69,"apeswapBuyPrice":8321.14,"uniswapv2sellprice":8279.93,"sushiswapv2sellprice":8284.29,"bakeryswapsellprice":8201.78,"apeswapsellprice":8275.78},{"block":11025935,"timestamp":1631980759,"swapAmountBNB":20,"uniswapv2buyprice":8321.9,"sushiswapv2buyprice":8309.02,"bakeryswapbuyprice":8416.69,"apeswapBuyPrice":8321.14,"uniswapv2sellprice":8279.78,"sushiswapv2sellprice":8284.29,"bakeryswapsellprice":8201.78,"apeswapsellprice":8275.78},{"block":11025936,"timestamp":1631980762,"swapAmountBNB":20,"uniswapv2buyprice":8321.81,"sushiswapv2buyprice":8308.91,"bakeryswapbuyprice":8416.69,"apeswapBuyPrice":8321.14,"uniswapv2sellprice":8279.7,"sushiswapv2sellprice":8284.18,"bakeryswapsellprice":8201.78,"apeswapsellprice":8275.78},{"block":11025937,"timestamp":1631980765,"swapAmountBNB":20,"uniswapv2buyprice":8321.82,"sushiswapv2buyprice":8308.91,"bakeryswapbuyprice":8416.69,"apeswapBuyPrice":8321.14,"uniswapv2sellprice":8279.71,"sushiswapv2sellprice":8284.18,"bakeryswapsellprice":8201.78,"apeswapsellprice":8275.78},{"block":11025938,"timestamp":1631980768,"swapAmountBNB":20,"uniswapv2buyprice":8321.82,"sushiswapv2buyprice":8309.22,"bakeryswapbuyprice":8416.69,"apeswapBuyPrice":8321.43,"uniswapv2sellprice":8279.7,"sushiswapv2sellprice":8284.47,"bakeryswapsellprice":8201.78,"apeswapsellprice":8276.15},{"block":11025939,"timestamp":1631980771,"swapAmountBNB":20,"uniswapv2buyprice":8321.93,"sushiswapv2buyprice":8309.22,"bakeryswapbuyprice":8416.69,"apeswapBuyPrice":8321.43,"uniswapv2sellprice":8279.81,"sushiswapv2sellprice":8284.49,"bakeryswapsellprice":8201.78,"apeswapsellprice":8276.07},{"block":11025940,"timestamp":1631980774,"swapAmountBNB":20,"uniswapv2buyprice":8322.02,"sushiswapv2buyprice":8309.22,"bakeryswapbuyprice":8416.69,"apeswapBuyPrice":8321.43,"uniswapv2sellprice":8279.9,"sushiswapv2sellprice":8284.49,"bakeryswapsellprice":8201.78,"apeswapsellprice":8276.07},{"block":11025941,"timestamp":1631980777,"swapAmountBNB":20,"uniswapv2buyprice":8322.08,"sushiswapv2buyprice":8309.54,"bakeryswapbuyprice":8416.69,"apeswapBuyPrice":8321.43,"uniswapv2sellprice":8279.96,"sushiswapv2sellprice":8284.81,"bakeryswapsellprice":8201.78,"apeswapsellprice":8276.07},{"block":11025942,"timestamp":1631980780,"swapAmountBNB":20,"uniswapv2buyprice":8322.22,"sushiswapv2buyprice":8314.11,"bakeryswapbuyprice":8416.69,"apeswapBuyPrice":8321.69,"uniswapv2sellprice":8280.1,"sushiswapv2sellprice":8284.84,"bakeryswapsellprice":8201.78,"apeswapsellprice":8276.33},{"block":11025943,"timestamp":1631980783,"swapAmountBNB":20,"uniswapv2buyprice":8322.18,"sushiswapv2buyprice":8314.11,"bakeryswapbuyprice":8416.69,"apeswapBuyPrice":8321.69,"uniswapv2sellprice":8280.06,"sushiswapv2sellprice":8289.36,"bakeryswapsellprice":8201.78,"apeswapsellprice":8276.33},{"block":11025944,"timestamp":1631980786,"swapAmountBNB":20,"uniswapv2buyprice":8322.25,"sushiswapv2buyprice":8314.11,"bakeryswapbuyprice":8416.69,"apeswapBuyPrice":8321.69,"uniswapv2sellprice":8280.13,"sushiswapv2sellprice":8289.36,"bakeryswapsellprice":8201.78,"apeswapsellprice":8276.33},{"block":11025945,"timestamp":1631980789,"swapAmountBNB":20,"uniswapv2buyprice":8322.27,"sushiswapv2buyprice":8314.11,"bakeryswapbuyprice":8416.69,"apeswapBuyPrice":8321.69,"uniswapv2sellprice":8280.15,"sushiswapv2sellprice":8289.36,"bakeryswapsellprice":8201.78,"apeswapsellprice":8276.33},{"block":11025946,"timestamp":1631980792,"swapAmountBNB":20,"uniswapv2buyprice":8322.3,"sushiswapv2buyprice":8314.19,"bakeryswapbuyprice":8416.69,"apeswapBuyPrice":8321.69,"uniswapv2sellprice":8280.18,"sushiswapv2sellprice":8289.44,"bakeryswapsellprice":8201.78,"apeswapsellprice":8276.33},{"block":11025947,"timestamp":1631980795,"swapAmountBNB":20,"uniswapv2buyprice":8322.18,"sushiswapv2buyprice":8318.68,"bakeryswapbuyprice":8416.69,"apeswapBuyPrice":8321.69,"uniswapv2sellprice":8280.06,"sushiswapv2sellprice":8293.91,"bakeryswapsellprice":8201.78,"apeswapsellprice":8276.33}]}