{"table":[{"block":11507028,"timestamp":1633434597,"swapAmountBNB":5,"uniswapv2buyprice":2209.23,"sushiswapv2buyprice":2204.69,"bakeryswapbuyprice":2217.29,"apeswapBuyPrice":2210.44,"uniswapv2sellprice":2198.15,"sushiswapv2sellprice":2199.31,"bakeryswapsellprice":2188.36,"apeswapsellprice":2200.4},{"block":11507029,"timestamp":1633434600,"swapAmountBNB":5,"uniswapv2buyprice":2209.16,"sushiswapv2buyprice":2203.18,"bakeryswapbuyprice":2217.29,"apeswapBuyPrice":2210.44,"uniswapv2sellprice":2198.08,"sushiswapv2sellprice":2197.81,"bakeryswapsellprice":2188.36,"apeswapsellprice":2200.4},{"block":11507030,"timestamp":1633434603,"swapAmountBNB":5,"uniswapv2buyprice":2209.13,"sushiswapv2buyprice":2203.16,"bakeryswapbuyprice":2217.29,"apeswapBuyPrice":2210.44,"uniswapv2sellprice":2198.05,"sushiswapv2sellprice":2197.78,"bakeryswapsellprice":2188.36,"apeswapsellprice":2200.4},{"block":11507031,"timestamp":1633434606,"swapAmountBNB":5,"uniswapv2buyprice":2209.11,"sushiswapv2buyprice":2203.16,"bakeryswapbuyprice":2217.29,"apeswapBuyPrice":2210.44,"uniswapv2sellprice":2198.03,"sushiswapv2sellprice":2197.78,"bakeryswapsellprice":2188.36,"apeswapsellprice":2200.4},{"block":11507032,"timestamp":1633434609,"swapAmountBNB":5,"uniswapv2buyprice":2209.15,"sushiswapv2buyprice":2205.27,"bakeryswapbuyprice":2217.29,"apeswapBuyPrice":2210.43,"uniswapv2sellprice":2198.07,"sushiswapv2sellprice":2199.89,"bakeryswapsellprice":2188.36,"apeswapsellprice":2200.4},{"block":11507033,"timestamp":1633434612,"swapAmountBNB":5,"uniswapv2buyprice":2209.16,"sushiswapv2buyprice":2205.27,"bakeryswapbuyprice":2217.29,"apeswapBuyPrice":2210.43,"uniswapv2sellprice":2198.08,"sushiswapv2sellprice":2199.89,"bakeryswapsellprice":2188.36,"apeswapsellprice":2200.4},{"block":11507034,"timestamp":1633434615,"swapAmountBNB":5,"uniswapv2buyprice":2209.18,"sushiswapv2buyprice":2205.39,"bakeryswapbuyprice":2217.29,"apeswapBuyPrice":2210.43,"uniswapv2sellprice":2198.1,"sushiswapv2sellprice":2200.02,"bakeryswapsellprice":2188.36,"apeswapsellprice":2200.4},{"block":11507035,"timestamp":1633434618,"swapAmountBNB":5,"uniswapv2buyprice":2209.2,"sushiswapv2buyprice":2205.39,"bakeryswapbuyprice":2217.29,"apeswapBuyPrice":2210.43,"uniswapv2sellprice":2198.11,"sushiswapv2sellprice":2200.02,"bakeryswapsellprice":2188.36,"apeswapsellprice":2200.4},{"block":11507036,"timestamp":1633434621,"swapAmountBNB":5,"uniswapv2buyprice":2209.08,"sushiswapv2buyprice":2205.39,"bakeryswapbuyprice":2217.29,"apeswapBuyPrice":2210.43,"uniswapv2sellprice":2198,"sushiswapv2sellprice":2200.02,"bakeryswapsellprice":2188.36,"apeswapsellprice":2200.4},{"block":11507037,"timestamp":1633434624,"swapAmountBNB":5,"uniswapv2buyprice":2209.06,"sushiswapv2buyprice":2207.69,"bakeryswapbuyprice":2217.29,"apeswapBuyPrice":2210.43,"uniswapv2sellprice":2197.98,"sushiswapv2sellprice":2202.3,"bakeryswapsellprice":2188.36,"apeswapsellprice":2200.4},{"block":11507038,"timestamp":1633434627,"swapAmountBNB":5,"uniswapv2buyprice":2209.07,"sushiswapv2buyprice":2207.69,"bakeryswapbuyprice":2217.29,"apeswapBuyPrice":2210.43,"uniswapv2sellprice":2197.99,"sushiswapv2sellprice":2202.3,"bakeryswapsellprice":2188.36,"apeswapsellprice":2200.4},{"block":11507039,"timestamp":1633434630,"swapAmountBNB":5,"uniswapv2buyprice":2209.07,"sushiswapv2buyprice":2205.55,"bakeryswapbuyprice":2217.29,"apeswapBuyPrice":2210.43,"uniswapv2sellprice":2197.99,"sushiswapv2sellprice":2200.17,"bakeryswapsellprice":2188.36,"apeswapsellprice":2200.4},{"block":11507040,"timestamp":1633434633,"swapAmountBNB":5,"uniswapv2buyprice":2209.11,"sushiswapv2buyprice":2205.55,"bakeryswapbuyprice":2217.29,"apeswapBuyPrice":2210.19,"uniswapv2sellprice":2198.03,"sushiswapv2sellprice":2200.17,"bakeryswapsellprice":2188.36,"apeswapsellprice":2200.18},{"block":11507041,"timestamp":1633434636,"swapAmountBNB":5,"uniswapv2buyprice":2209.11,"sushiswapv2buyprice":2205.55,"bakeryswapbuyprice":2217.29,"apeswapBuyPrice":2210.19,"uniswapv2sellprice":2198.03,"sushiswapv2sellprice":2200.17,"bakeryswapsellprice":2188.36,"apeswapsellprice":2200.16},{"block":11507042,"timestamp":1633434639,"swapAmountBNB":5,"uniswapv2buyprice":2209.09,"sushiswapv2buyprice":2204.66,"bakeryswapbuyprice":2217.29,"apeswapBuyPrice":2210.19,"uniswapv2sellprice":2198.01,"sushiswapv2sellprice":2199.29,"bakeryswapsellprice":2188.36,"apeswapsellprice":2200.16},{"block":11507043,"timestamp":1633434642,"swapAmountBNB":5,"uniswapv2buyprice":2209,"sushiswapv2buyprice":2204.66,"bakeryswapbuyprice":2217.29,"apeswapBuyPrice":2209,"uniswapv2sellprice":2197.92,"sushiswapv2sellprice":2199.29,"bakeryswapsellprice":2188.36,"apeswapsellprice":2200.16},{"block":11507044,"timestamp":1633434645,"swapAmountBNB":5,"uniswapv2buyprice":2208.99,"sushiswapv2buyprice":2206.81,"bakeryswapbuyprice":2217.29,"apeswapBuyPrice":2209,"uniswapv2sellprice":2197.91,"sushiswapv2sellprice":2201.42,"bakeryswapsellprice":2188.36,"apeswapsellprice":2198.98},{"block":11507045,"timestamp":1633434648,"swapAmountBNB":5,"uniswapv2buyprice":2209.09,"sushiswapv2buyprice":2206.81,"bakeryswapbuyprice":2217.29,"apeswapBuyPrice":2209,"uniswapv2sellprice":2198.01,"sushiswapv2sellprice":2201.42,"bakeryswapsellprice":2188.36,"apeswapsellprice":2198.98},{"block":11507046,"timestamp":1633434651,"swapAmountBNB":5,"uniswapv2buyprice":2209.05,"sushiswapv2buyprice":2206.81,"bakeryswapbuyprice":2217.29,"apeswapBuyPrice":2210.57,"uniswapv2sellprice":2197.97,"sushiswapv2sellprice":2201.42,"bakeryswapsellprice":2188.36,"apeswapsellprice":2200.54},{"block":11507047,"timestamp":1633434654,"swapAmountBNB":5,"uniswapv2buyprice":2209.04,"sushiswapv2buyprice":2206.81,"bakeryswapbuyprice":2217.29,"apeswapBuyPrice":2210.57,"uniswapv2sellprice":2197.96,"sushiswapv2sellprice":2201.42,"bakeryswapsellprice":2188.36,"apeswapsellprice":2200.54},{"block":11507048,"timestamp":1633434657,"swapAmountBNB":5,"uniswapv2buyprice":2209.04,"sushiswapv2buyprice":2206.81,"bakeryswapbuyprice":2217.29,"apeswapBuyPrice":2210.57,"uniswapv2sellprice":2197.96,"sushiswapv2sellprice":2201.42,"bakeryswapsellprice":2188.36,"apeswapsellprice":2200.54},{"block":11507049,"timestamp":1633434660,"swapAmountBNB":5,"uniswapv2buyprice":2209,"sushiswapv2buyprice":2206.81,"bakeryswapbuyprice":2217.29,"apeswapBuyPrice":2210.57,"uniswapv2sellprice":2197.92,"sushiswapv2sellprice":2201.42,"bakeryswapsellprice":2188.36,"apeswapsellprice":2200.54},{"block":11507050,"timestamp":1633434663,"swapAmountBNB":5,"uniswapv2buyprice":2209.02,"sushiswapv2buyprice":2206.8,"bakeryswapbuyprice":2217.29,"apeswapBuyPrice":2210.57,"uniswapv2sellprice":2197.94,"sushiswapv2sellprice":2201.42,"bakeryswapsellprice":2188.36,"apeswapsellprice":2200.54},{"block":11507051,"timestamp":1633434666,"swapAmountBNB":5,"uniswapv2buyprice":2209,"sushiswapv2buyprice":2206.85,"bakeryswapbuyprice":2217.29,"apeswapBuyPrice":2210.47,"uniswapv2sellprice":2197.92,"sushiswapv2sellprice":2201.47,"bakeryswapsellprice":2188.36,"apeswapsellprice":2200.44},{"block":11507052,"timestamp":1633434669,"swapAmountBNB":5,"uniswapv2buyprice":2209,"sushiswapv2buyprice":2206.85,"bakeryswapbuyprice":2217.29,"apeswapBuyPrice":2210.47,"uniswapv2sellprice":2197.92,"sushiswapv2sellprice":2201.47,"bakeryswapsellprice":2188.36,"apeswapsellprice":2200.44},{"block":11507053,"timestamp":1633434672,"swapAmountBNB":5,"uniswapv2buyprice":2208.9,"sushiswapv2buyprice":2207.95,"bakeryswapbuyprice":2217.29,"apeswapBuyPrice":2210.41,"uniswapv2sellprice":2197.82,"sushiswapv2sellprice":2202.56,"bakeryswapsellprice":2188.36,"apeswapsellprice":2200.38},{"block":11507054,"timestamp":1633434675,"swapAmountBNB":5,"uniswapv2buyprice":2208.9,"sushiswapv2buyprice":2207.95,"bakeryswapbuyprice":2217.29,"apeswapBuyPrice":2210.41,"uniswapv2sellprice":2197.82,"sushiswapv2sellprice":2202.56,"bakeryswapsellprice":2188.36,"apeswapsellprice":2200.38},{"block":11507055,"timestamp":1633434678,"swapAmountBNB":5,"uniswapv2buyprice":2208.89,"sushiswapv2buyprice":2207.95,"bakeryswapbuyprice":2217.29,"apeswapBuyPrice":2210.41,"uniswapv2sellprice":2197.81,"sushiswapv2sellprice":2202.56,"bakeryswapsellprice":2188.36,"apeswapsellprice":2200.38},{"block":11507056,"timestamp":1633434681,"swapAmountBNB":5,"uniswapv2buyprice":2208.89,"sushiswapv2buyprice":2207.91,"bakeryswapbuyprice":2217.29,"apeswapBuyPrice":2210.41,"uniswapv2sellprice":2197.81,"sushiswapv2sellprice":2202.53,"bakeryswapsellprice":2188.36,"apeswapsellprice":2200.38},{"block":11507057,"timestamp":1633434684,"swapAmountBNB":5,"uniswapv2buyprice":2208.89,"sushiswapv2buyprice":2207.91,"bakeryswapbuyprice":2217.29,"apeswapBuyPrice":2210.4,"uniswapv2sellprice":2197.81,"sushiswapv2sellprice":2202.53,"bakeryswapsellprice":2188.36,"apeswapsellprice":2200.38},{"block":11507058,"timestamp":1633434687,"swapAmountBNB":5,"uniswapv2buyprice":2209.03,"sushiswapv2buyprice":2207.91,"bakeryswapbuyprice":2217.29,"apeswapBuyPrice":2210.4,"uniswapv2sellprice":2197.94,"sushiswapv2sellprice":2202.53,"bakeryswapsellprice":2188.36,"apeswapsellprice":2200.37},{"block":11507059,"timestamp":1633434690,"swapAmountBNB":5,"uniswapv2buyprice":2209.03,"sushiswapv2buyprice":2207.91,"bakeryswapbuyprice":2217.29,"apeswapBuyPrice":2211.97,"uniswapv2sellprice":2197.95,"sushiswapv2sellprice":2202.53,"bakeryswapsellprice":2188.36,"apeswapsellprice":2201.93},{"block":11507060,"timestamp":1633434693,"swapAmountBNB":5,"uniswapv2buyprice":2209.02,"sushiswapv2buyprice":2207.91,"bakeryswapbuyprice":2217.29,"apeswapBuyPrice":2211.97,"uniswapv2sellprice":2197.94,"sushiswapv2sellprice":2202.53,"bakeryswapsellprice":2188.36,"apeswapsellprice":2201.93},{"block":11507061,"timestamp":1633434696,"swapAmountBNB":5,"uniswapv2buyprice":2211.74,"sushiswapv2buyprice":2207.91,"bakeryswapbuyprice":2217.29,"apeswapBuyPrice":2211.91,"uniswapv2sellprice":2200.65,"sushiswapv2sellprice":2202.53,"bakeryswapsellprice":2188.36,"apeswapsellprice":2201.93},{"block":11507062,"timestamp":1633434699,"swapAmountBNB":5,"uniswapv2buyprice":2211.74,"sushiswapv2buyprice":2207.91,"bakeryswapbuyprice":2217.29,"apeswapBuyPrice":2211.59,"uniswapv2sellprice":2200.65,"sushiswapv2sellprice":2202.53,"bakeryswapsellprice":2188.36,"apeswapsellprice":2201.55},{"block":11507063,"timestamp":1633434702,"swapAmountBNB":5,"uniswapv2buyprice":2211.74,"sushiswapv2buyprice":2207.91,"bakeryswapbuyprice":2217.29,"apeswapBuyPrice":2211.59,"uniswapv2sellprice":2200.64,"sushiswapv2sellprice":2202.53,"bakeryswapsellprice":2188.36,"apeswapsellprice":2201.55},{"block":11507064,"timestamp":1633434705,"swapAmountBNB":5,"uniswapv2buyprice":2211.71,"sushiswapv2buyprice":2207.91,"bakeryswapbuyprice":2217.29,"apeswapBuyPrice":2211.59,"uniswapv2sellprice":2200.61,"sushiswapv2sellprice":2202.53,"bakeryswapsellprice":2188.36,"apeswapsellprice":2201.55},{"block":11507065,"timestamp":1633434708,"swapAmountBNB":5,"uniswapv2buyprice":2211.69,"sushiswapv2buyprice":2207.91,"bakeryswapbuyprice":2217.29,"apeswapBuyPrice":2211.59,"uniswapv2sellprice":2200.6,"sushiswapv2sellprice":2202.53,"bakeryswapsellprice":2188.36,"apeswapsellprice":2201.55},{"block":11507066,"timestamp":1633434711,"swapAmountBNB":5,"uniswapv2buyprice":2211.73,"sushiswapv2buyprice":2206.23,"bakeryswapbuyprice":2218.83,"apeswapBuyPrice":2211.57,"uniswapv2sellprice":2200.64,"sushiswapv2sellprice":2200.84,"bakeryswapsellprice":2189.88,"apeswapsellprice":2201.53},{"block":11507067,"timestamp":1633434714,"swapAmountBNB":5,"uniswapv2buyprice":2211.73,"sushiswapv2buyprice":2206.23,"bakeryswapbuyprice":2218.83,"apeswapBuyPrice":2211.57,"uniswapv2sellprice":2200.64,"sushiswapv2sellprice":2200.84,"bakeryswapsellprice":2189.88,"apeswapsellprice":2201.53},{"block":11507068,"timestamp":1633434717,"swapAmountBNB":5,"uniswapv2buyprice":2211.6,"sushiswapv2buyprice":2206.23,"bakeryswapbuyprice":2218.83,"apeswapBuyPrice":2213.14,"uniswapv2sellprice":2200.5,"sushiswapv2sellprice":2200.84,"bakeryswapsellprice":2189.88,"apeswapsellprice":2203.09},{"block":11507069,"timestamp":1633434720,"swapAmountBNB":5,"uniswapv2buyprice":2211.59,"sushiswapv2buyprice":2206.23,"bakeryswapbuyprice":2218.83,"apeswapBuyPrice":2213.08,"uniswapv2sellprice":2200.5,"sushiswapv2sellprice":2200.84,"bakeryswapsellprice":2189.88,"apeswapsellprice":2203.03},{"block":11507070,"timestamp":1633434723,"swapAmountBNB":5,"uniswapv2buyprice":2211.59,"sushiswapv2buyprice":2206.32,"bakeryswapbuyprice":2218.83,"apeswapBuyPrice":2213.08,"uniswapv2sellprice":2200.5,"sushiswapv2sellprice":2200.94,"bakeryswapsellprice":2189.88,"apeswapsellprice":2203.03},{"block":11507071,"timestamp":1633434726,"swapAmountBNB":5,"uniswapv2buyprice":2211.58,"sushiswapv2buyprice":2206.32,"bakeryswapbuyprice":2218.83,"apeswapBuyPrice":2213.08,"uniswapv2sellprice":2200.49,"sushiswapv2sellprice":2200.94,"bakeryswapsellprice":2189.88,"apeswapsellprice":2203.03},{"block":11507072,"timestamp":1633434729,"swapAmountBNB":5,"uniswapv2buyprice":2211.54,"sushiswapv2buyprice":2206.32,"bakeryswapbuyprice":2218.83,"apeswapBuyPrice":2213.08,"uniswapv2sellprice":2200.44,"sushiswapv2sellprice":2200.94,"bakeryswapsellprice":2189.88,"apeswapsellprice":2203.03},{"block":11507073,"timestamp":1633434732,"swapAmountBNB":5,"uniswapv2buyprice":2211.59,"sushiswapv2buyprice":2210.85,"bakeryswapbuyprice":2218.83,"apeswapBuyPrice":2215.42,"uniswapv2sellprice":2200.51,"sushiswapv2sellprice":2205.46,"bakeryswapsellprice":2189.88,"apeswapsellprice":2204.34},{"block":11507074,"timestamp":1633434735,"swapAmountBNB":5,"uniswapv2buyprice":2211.59,"sushiswapv2buyprice":2210.85,"bakeryswapbuyprice":2218.83,"apeswapBuyPrice":2215.42,"uniswapv2sellprice":2200.49,"sushiswapv2sellprice":2205.46,"bakeryswapsellprice":2189.88,"apeswapsellprice":2205.36},{"block":11507075,"timestamp":1633434738,"swapAmountBNB":5,"uniswapv2buyprice":2211.41,"sushiswapv2buyprice":2212.69,"bakeryswapbuyprice":2218.83,"apeswapBuyPrice":2215.42,"uniswapv2sellprice":2200.32,"sushiswapv2sellprice":2207.3,"bakeryswapsellprice":2189.88,"apeswapsellprice":2205.36},{"block":11507076,"timestamp":1633434741,"swapAmountBNB":5,"uniswapv2buyprice":2211.41,"sushiswapv2buyprice":2212.69,"bakeryswapbuyprice":2218.83,"apeswapBuyPrice":2215.42,"uniswapv2sellprice":2200.32,"sushiswapv2sellprice":2207.3,"bakeryswapsellprice":2189.88,"apeswapsellprice":2205.36},{"block":11507077,"timestamp":1633434744,"swapAmountBNB":5,"uniswapv2buyprice":2211.45,"sushiswapv2buyprice":2211.32,"bakeryswapbuyprice":2218.83,"apeswapBuyPrice":2215.31,"uniswapv2sellprice":2200.35,"sushiswapv2sellprice":2205.92,"bakeryswapsellprice":2189.88,"apeswapsellprice":2205.25},{"block":11507078,"timestamp":1633434747,"swapAmountBNB":5,"uniswapv2buyprice":2211.44,"sushiswapv2buyprice":2209.13,"bakeryswapbuyprice":2218.83,"apeswapBuyPrice":2215.31,"uniswapv2sellprice":2200.35,"sushiswapv2sellprice":2205.92,"bakeryswapsellprice":2189.88,"apeswapsellprice":2205.25},{"block":11507079,"timestamp":1633434750,"swapAmountBNB":5,"uniswapv2buyprice":2211.68,"sushiswapv2buyprice":2209.13,"bakeryswapbuyprice":2218.83,"apeswapBuyPrice":2215.28,"uniswapv2sellprice":2200.58,"sushiswapv2sellprice":2203.74,"bakeryswapsellprice":2189.88,"apeswapsellprice":2205.22},{"block":11507080,"timestamp":1633434753,"swapAmountBNB":5,"uniswapv2buyprice":2211.67,"sushiswapv2buyprice":2209.13,"bakeryswapbuyprice":2218.83,"apeswapBuyPrice":2215.28,"uniswapv2sellprice":2200.58,"sushiswapv2sellprice":2203.74,"bakeryswapsellprice":2189.88,"apeswapsellprice":2205.22},{"block":11507081,"timestamp":1633434756,"swapAmountBNB":5,"uniswapv2buyprice":2211.68,"sushiswapv2buyprice":2209.13,"bakeryswapbuyprice":2218.83,"apeswapBuyPrice":2213.2,"uniswapv2sellprice":2200.58,"sushiswapv2sellprice":2203.74,"bakeryswapsellprice":2189.88,"apeswapsellprice":2203.16},{"block":11507082,"timestamp":1633434760,"swapAmountBNB":5,"uniswapv2buyprice":2211.76,"sushiswapv2buyprice":2206.99,"bakeryswapbuyprice":2218.83,"apeswapBuyPrice":2213.14,"uniswapv2sellprice":2200.67,"sushiswapv2sellprice":2201.61,"bakeryswapsellprice":2189.88,"apeswapsellprice":2203.16},{"block":11507082,"timestamp":1633434759,"swapAmountBNB":5,"uniswapv2buyprice":2211.76,"sushiswapv2buyprice":2206.99,"bakeryswapbuyprice":2218.83,"apeswapBuyPrice":2213.14,"uniswapv2sellprice":2200.67,"sushiswapv2sellprice":2201.61,"bakeryswapsellprice":2189.88,"apeswapsellprice":2203.1},{"block":11507083,"timestamp":1633434762,"swapAmountBNB":5,"uniswapv2buyprice":2211.77,"sushiswapv2buyprice":2205.66,"bakeryswapbuyprice":2218.83,"apeswapBuyPrice":2213.08,"uniswapv2sellprice":2200.68,"sushiswapv2sellprice":2200.28,"bakeryswapsellprice":2189.88,"apeswapsellprice":2203.04},{"block":11507084,"timestamp":1633434765,"swapAmountBNB":5,"uniswapv2buyprice":2211.8,"sushiswapv2buyprice":2205.66,"bakeryswapbuyprice":2218.83,"apeswapBuyPrice":2212.91,"uniswapv2sellprice":2200.7,"sushiswapv2sellprice":2200.28,"bakeryswapsellprice":2189.88,"apeswapsellprice":2203.04},{"block":11507085,"timestamp":1633434768,"swapAmountBNB":5,"uniswapv2buyprice":2211.81,"sushiswapv2buyprice":2205.66,"bakeryswapbuyprice":2218.83,"apeswapBuyPrice":2212.91,"uniswapv2sellprice":2200.71,"sushiswapv2sellprice":2200.28,"bakeryswapsellprice":2189.88,"apeswapsellprice":2202.87},{"block":11507086,"timestamp":1633434771,"swapAmountBNB":5,"uniswapv2buyprice":2211.74,"sushiswapv2buyprice":2205.66,"bakeryswapbuyprice":2218.83,"apeswapBuyPrice":2212.91,"uniswapv2sellprice":2200.65,"sushiswapv2sellprice":2200.28,"bakeryswapsellprice":2189.88,"apeswapsellprice":2202.87},{"block":11507087,"timestamp":1633434774,"swapAmountBNB":5,"uniswapv2buyprice":2211.74,"sushiswapv2buyprice":2205.66,"bakeryswapbuyprice":2218.83,"apeswapBuyPrice":2212.91,"uniswapv2sellprice":2200.65,"sushiswapv2sellprice":2200.28,"bakeryswapsellprice":2189.88,"apeswapsellprice":2202.87},{"block":11507088,"timestamp":1633434777,"swapAmountBNB":5,"uniswapv2buyprice":2211.74,"sushiswapv2buyprice":2205.73,"bakeryswapbuyprice":2218.83,"apeswapBuyPrice":2211.08,"uniswapv2sellprice":2200.65,"sushiswapv2sellprice":2200.35,"bakeryswapsellprice":2189.88,"apeswapsellprice":2202.86},{"block":11507089,"timestamp":1633434780,"swapAmountBNB":5,"uniswapv2buyprice":2211.69,"sushiswapv2buyprice":2205.73,"bakeryswapbuyprice":2218.83,"apeswapBuyPrice":2211.08,"uniswapv2sellprice":2200.6,"sushiswapv2sellprice":2200.35,"bakeryswapsellprice":2189.88,"apeswapsellprice":2201.05},{"block":11507090,"timestamp":1633434783,"swapAmountBNB":5,"uniswapv2buyprice":2211.67,"sushiswapv2buyprice":2206.86,"bakeryswapbuyprice":2218.83,"apeswapBuyPrice":2211.01,"uniswapv2sellprice":2200.57,"sushiswapv2sellprice":2201.48,"bakeryswapsellprice":2189.88,"apeswapsellprice":2200.97},{"block":11507091,"timestamp":1633434786,"swapAmountBNB":5,"uniswapv2buyprice":2211.63,"sushiswapv2buyprice":2206.9,"bakeryswapbuyprice":2218.83,"apeswapBuyPrice":2211.01,"uniswapv2sellprice":2200.54,"sushiswapv2sellprice":2201.51,"bakeryswapsellprice":2189.88,"apeswapsellprice":2200.97},{"block":11507092,"timestamp":1633434789,"swapAmountBNB":5,"uniswapv2buyprice":2211.65,"sushiswapv2buyprice":2206.9,"bakeryswapbuyprice":2218.83,"apeswapBuyPrice":2210.84,"uniswapv2sellprice":2200.56,"sushiswapv2sellprice":2201.51,"bakeryswapsellprice":2189.88,"apeswapsellprice":2200.8},{"block":11507093,"timestamp":1633434792,"swapAmountBNB":5,"uniswapv2buyprice":2211.61,"sushiswapv2buyprice":2208.86,"bakeryswapbuyprice":2218.83,"apeswapBuyPrice":2210.84,"uniswapv2sellprice":2200.52,"sushiswapv2sellprice":2203.48,"bakeryswapsellprice":2189.88,"apeswapsellprice":2200.8},{"block":11507094,"timestamp":1633434795,"swapAmountBNB":5,"uniswapv2buyprice":2211.56,"sushiswapv2buyprice":2207.69,"bakeryswapbuyprice":2218.83,"apeswapBuyPrice":2210.84,"uniswapv2sellprice":2200.47,"sushiswapv2sellprice":2202.31,"bakeryswapsellprice":2189.88,"apeswapsellprice":2200.8},{"block":11507095,"timestamp":1633434798,"swapAmountBNB":5,"uniswapv2buyprice":2211.56,"sushiswapv2buyprice":2207.48,"bakeryswapbuyprice":2218.83,"apeswapBuyPrice":2210.84,"uniswapv2sellprice":2200.47,"sushiswapv2sellprice":2202.1,"bakeryswapsellprice":2189.88,"apeswapsellprice":2200.8},{"block":11507096,"timestamp":1633434801,"swapAmountBNB":5,"uniswapv2buyprice":2211.53,"sushiswapv2buyprice":2207.08,"bakeryswapbuyprice":2218.83,"apeswapBuyPrice":2210.82,"uniswapv2sellprice":2200.44,"sushiswapv2sellprice":2201.7,"bakeryswapsellprice":2189.88,"apeswapsellprice":2200.79},{"block":11507097,"timestamp":1633434804,"swapAmountBNB":5,"uniswapv2buyprice":2211.52,"sushiswapv2buyprice":2207.09,"bakeryswapbuyprice":2218.83,"apeswapBuyPrice":2210.82,"uniswapv2sellprice":2200.43,"sushiswapv2sellprice":2201.7,"bakeryswapsellprice":2189.88,"apeswapsellprice":2200.79},{"block":11507098,"timestamp":1633434807,"swapAmountBNB":5,"uniswapv2buyprice":2211.45,"sushiswapv2buyprice":2207.09,"bakeryswapbuyprice":2218.83,"apeswapBuyPrice":2210.86,"uniswapv2sellprice":2200.36,"sushiswapv2sellprice":2201.7,"bakeryswapsellprice":2189.88,"apeswapsellprice":2200.82},{"block":11507099,"timestamp":1633434810,"swapAmountBNB":5,"uniswapv2buyprice":2211.48,"sushiswapv2buyprice":2207,"bakeryswapbuyprice":2218.83,"apeswapBuyPrice":2210.86,"uniswapv2sellprice":2200.38,"sushiswapv2sellprice":2201.62,"bakeryswapsellprice":2189.88,"apeswapsellprice":2200.83},{"block":11507100,"timestamp":1633434813,"swapAmountBNB":5,"uniswapv2buyprice":2211.48,"sushiswapv2buyprice":2206.84,"bakeryswapbuyprice":2218.83,"apeswapBuyPrice":2210.97,"uniswapv2sellprice":2200.38,"sushiswapv2sellprice":2201.45,"bakeryswapsellprice":2189.88,"apeswapsellprice":2200.93},{"block":11507101,"timestamp":1633434816,"swapAmountBNB":5,"uniswapv2buyprice":2211.51,"sushiswapv2buyprice":2206.84,"bakeryswapbuyprice":2218.83,"apeswapBuyPrice":2210.97,"uniswapv2sellprice":2200.42,"sushiswapv2sellprice":2201.45,"bakeryswapsellprice":2189.88,"apeswapsellprice":2200.93},{"block":11507102,"timestamp":1633434819,"swapAmountBNB":5,"uniswapv2buyprice":2211.52,"sushiswapv2buyprice":2206.16,"bakeryswapbuyprice":2218.83,"apeswapBuyPrice":2210.97,"uniswapv2sellprice":2200.43,"sushiswapv2sellprice":2200.78,"bakeryswapsellprice":2189.88,"apeswapsellprice":2200.93},{"block":11507103,"timestamp":1633434822,"swapAmountBNB":5,"uniswapv2buyprice":2211.5,"sushiswapv2buyprice":2206.16,"bakeryswapbuyprice":2218.83,"apeswapBuyPrice":2210.97,"uniswapv2sellprice":2200.41,"sushiswapv2sellprice":2200.78,"bakeryswapsellprice":2189.88,"apeswapsellprice":2200.94},{"block":11507104,"timestamp":1633434825,"swapAmountBNB":5,"uniswapv2buyprice":2211.46,"sushiswapv2buyprice":2206.16,"bakeryswapbuyprice":2218.83,"apeswapBuyPrice":2210.97,"uniswapv2sellprice":2200.37,"sushiswapv2sellprice":2200.78,"bakeryswapsellprice":2189.88,"apeswapsellprice":2200.94},{"block":11507105,"timestamp":1633434828,"swapAmountBNB":5,"uniswapv2buyprice":2211.45,"sushiswapv2buyprice":2207.52,"bakeryswapbuyprice":2218.83,"apeswapBuyPrice":2210.97,"uniswapv2sellprice":2200.35,"sushiswapv2sellprice":2202.14,"bakeryswapsellprice":2189.88,"apeswapsellprice":2200.94},{"block":11507106,"timestamp":1633434831,"swapAmountBNB":5,"uniswapv2buyprice":2211.5,"sushiswapv2buyprice":2207.53,"bakeryswapbuyprice":2218.83,"apeswapBuyPrice":2210.93,"uniswapv2sellprice":2200.4,"sushiswapv2sellprice":2202.15,"bakeryswapsellprice":2189.88,"apeswapsellprice":2200.9},{"block":11507107,"timestamp":1633434834,"swapAmountBNB":5,"uniswapv2buyprice":2211.49,"sushiswapv2buyprice":2207.53,"bakeryswapbuyprice":2218.83,"apeswapBuyPrice":2210.93,"uniswapv2sellprice":2200.4,"sushiswapv2sellprice":2202.15,"bakeryswapsellprice":2189.88,"apeswapsellprice":2200.9},{"block":11507108,"timestamp":1633434837,"swapAmountBNB":5,"uniswapv2buyprice":2211.47,"sushiswapv2buyprice":2207.61,"bakeryswapbuyprice":2218.83,"apeswapBuyPrice":2210.93,"uniswapv2sellprice":2200.37,"sushiswapv2sellprice":2202.23,"bakeryswapsellprice":2189.88,"apeswapsellprice":2200.9},{"block":11507109,"timestamp":1633434840,"swapAmountBNB":5,"uniswapv2buyprice":2211.36,"sushiswapv2buyprice":2207.61,"bakeryswapbuyprice":2218.83,"apeswapBuyPrice":2210.93,"uniswapv2sellprice":2200.27,"sushiswapv2sellprice":2202.23,"bakeryswapsellprice":2189.88,"apeswapsellprice":2200.9},{"block":11507110,"timestamp":1633434843,"swapAmountBNB":5,"uniswapv2buyprice":2211.32,"sushiswapv2buyprice":2206.37,"bakeryswapbuyprice":2218.83,"apeswapBuyPrice":2210.93,"uniswapv2sellprice":2200.22,"sushiswapv2sellprice":2200.99,"bakeryswapsellprice":2189.88,"apeswapsellprice":2200.9},{"block":11507111,"timestamp":1633434846,"swapAmountBNB":5,"uniswapv2buyprice":2211.36,"sushiswapv2buyprice":2206.37,"bakeryswapbuyprice":2218.83,"apeswapBuyPrice":2210.93,"uniswapv2sellprice":2200.27,"sushiswapv2sellprice":2200.99,"bakeryswapsellprice":2189.88,"apeswapsellprice":2200.9},{"block":11507112,"timestamp":1633434849,"swapAmountBNB":5,"uniswapv2buyprice":2211.46,"sushiswapv2buyprice":2206.37,"bakeryswapbuyprice":2218.83,"apeswapBuyPrice":2210.93,"uniswapv2sellprice":2200.36,"sushiswapv2sellprice":2200.99,"bakeryswapsellprice":2189.88,"apeswapsellprice":2200.9},{"block":11507113,"timestamp":1633434852,"swapAmountBNB":5,"uniswapv2buyprice":2211.4,"sushiswapv2buyprice":2206.27,"bakeryswapbuyprice":2218.83,"apeswapBuyPrice":2210.93,"uniswapv2sellprice":2200.3,"sushiswapv2sellprice":2200.89,"bakeryswapsellprice":2189.88,"apeswapsellprice":2200.9},{"block":11507114,"timestamp":1633434855,"swapAmountBNB":5,"uniswapv2buyprice":2211.45,"sushiswapv2buyprice":2214.2,"bakeryswapbuyprice":2218.83,"apeswapBuyPrice":2210.93,"uniswapv2sellprice":2200.36,"sushiswapv2sellprice":2208.8,"bakeryswapsellprice":2189.88,"apeswapsellprice":2200.9},{"block":11507115,"timestamp":1633434858,"swapAmountBNB":5,"uniswapv2buyprice":2211.49,"sushiswapv2buyprice":2212.36,"bakeryswapbuyprice":2218.83,"apeswapBuyPrice":2210.93,"uniswapv2sellprice":2200.39,"sushiswapv2sellprice":2206.96,"bakeryswapsellprice":2189.88,"apeswapsellprice":2200.9},{"block":11507116,"timestamp":1633434861,"swapAmountBNB":5,"uniswapv2buyprice":2211.47,"sushiswapv2buyprice":2210.02,"bakeryswapbuyprice":2218.83,"apeswapBuyPrice":2210.93,"uniswapv2sellprice":2200.38,"sushiswapv2sellprice":2204.63,"bakeryswapsellprice":2189.88,"apeswapsellprice":2200.9},{"block":11507117,"timestamp":1633434864,"swapAmountBNB":5,"uniswapv2buyprice":2211.45,"sushiswapv2buyprice":2210.02,"bakeryswapbuyprice":2218.83,"apeswapBuyPrice":2211.48,"uniswapv2sellprice":2200.36,"sushiswapv2sellprice":2204.63,"bakeryswapsellprice":2189.88,"apeswapsellprice":2201.44},{"block":11507118,"timestamp":1633434867,"swapAmountBNB":5,"uniswapv2buyprice":2211.48,"sushiswapv2buyprice":2208.97,"bakeryswapbuyprice":2218.83,"apeswapBuyPrice":2211.48,"uniswapv2sellprice":2200.39,"sushiswapv2sellprice":2203.58,"bakeryswapsellprice":2189.88,"apeswapsellprice":2201.44},{"block":11507119,"timestamp":1633434870,"swapAmountBNB":5,"uniswapv2buyprice":2211.44,"sushiswapv2buyprice":2208.99,"bakeryswapbuyprice":2218.83,"apeswapBuyPrice":2211.48,"uniswapv2sellprice":2200.35,"sushiswapv2sellprice":2203.6,"bakeryswapsellprice":2189.88,"apeswapsellprice":2201.44},{"block":11507120,"timestamp":1633434873,"swapAmountBNB":5,"uniswapv2buyprice":2211.43,"sushiswapv2buyprice":2208.19,"bakeryswapbuyprice":2218.83,"apeswapBuyPrice":2211.48,"uniswapv2sellprice":2200.33,"sushiswapv2sellprice":2202.8,"bakeryswapsellprice":2189.88,"apeswapsellprice":2201.44},{"block":11507121,"timestamp":1633434876,"swapAmountBNB":5,"uniswapv2buyprice":2211.42,"sushiswapv2buyprice":2208.19,"bakeryswapbuyprice":2218.83,"apeswapBuyPrice":2211.48,"uniswapv2sellprice":2200.33,"sushiswapv2sellprice":2202.8,"bakeryswapsellprice":2189.88,"apeswapsellprice":2201.44},{"block":11507122,"timestamp":1633434879,"swapAmountBNB":5,"uniswapv2buyprice":2211.42,"sushiswapv2buyprice":2206.95,"bakeryswapbuyprice":2218.83,"apeswapBuyPrice":2211.48,"uniswapv2sellprice":2200.33,"sushiswapv2sellprice":2201.57,"bakeryswapsellprice":2189.88,"apeswapsellprice":2201.44},{"block":11507123,"timestamp":1633434882,"swapAmountBNB":5,"uniswapv2buyprice":2211.42,"sushiswapv2buyprice":2206.95,"bakeryswapbuyprice":2218.83,"apeswapBuyPrice":2211.48,"uniswapv2sellprice":2200.33,"sushiswapv2sellprice":2201.57,"bakeryswapsellprice":2189.88,"apeswapsellprice":2201.44},{"block":11507124,"timestamp":1633434885,"swapAmountBNB":5,"uniswapv2buyprice":2211.4,"sushiswapv2buyprice":2206.95,"bakeryswapbuyprice":2218.83,"apeswapBuyPrice":2211.48,"uniswapv2sellprice":2200.31,"sushiswapv2sellprice":2201.57,"bakeryswapsellprice":2189.88,"apeswapsellprice":2201.44},{"block":11507125,"timestamp":1633434888,"swapAmountBNB":5,"uniswapv2buyprice":2211.42,"sushiswapv2buyprice":2206.51,"bakeryswapbuyprice":2218.83,"apeswapBuyPrice":2211.48,"uniswapv2sellprice":2200.33,"sushiswapv2sellprice":2201.13,"bakeryswapsellprice":2189.88,"apeswapsellprice":2201.44},{"block":11507126,"timestamp":1633434891,"swapAmountBNB":5,"uniswapv2buyprice":2211.49,"sushiswapv2buyprice":2206.58,"bakeryswapbuyprice":2218.83,"apeswapBuyPrice":2211.48,"uniswapv2sellprice":2200.4,"sushiswapv2sellprice":2201.2,"bakeryswapsellprice":2189.88,"apeswapsellprice":2201.44},{"block":11507127,"timestamp":1633434894,"swapAmountBNB":5,"uniswapv2buyprice":2211.47,"sushiswapv2buyprice":2204.43,"bakeryswapbuyprice":2218.83,"apeswapBuyPrice":2211.48,"uniswapv2sellprice":2200.37,"sushiswapv2sellprice":2199.05,"bakeryswapsellprice":2189.88,"apeswapsellprice":2201.44},{"block":11507128,"timestamp":1633434897,"swapAmountBNB":5,"uniswapv2buyprice":2211.45,"sushiswapv2buyprice":2204.43,"bakeryswapbuyprice":2218.83,"apeswapBuyPrice":2211.48,"uniswapv2sellprice":2200.36,"sushiswapv2sellprice":2199.05,"bakeryswapsellprice":2189.88,"apeswapsellprice":2201.44},{"block":11507129,"timestamp":1633434900,"swapAmountBNB":5,"uniswapv2buyprice":2211.45,"sushiswapv2buyprice":2204.43,"bakeryswapbuyprice":2218.83,"apeswapBuyPrice":2211.48,"uniswapv2sellprice":2200.36,"sushiswapv2sellprice":2199.05,"bakeryswapsellprice":2189.88,"apeswapsellprice":2201.44},{"block":11507130,"timestamp":1633434903,"swapAmountBNB":5,"uniswapv2buyprice":2211.48,"sushiswapv2buyprice":2204.38,"bakeryswapbuyprice":2218.83,"apeswapBuyPrice":2211.48,"uniswapv2sellprice":2200.39,"sushiswapv2sellprice":2199.01,"bakeryswapsellprice":2189.88,"apeswapsellprice":2201.44},{"block":11507131,"timestamp":1633434906,"swapAmountBNB":5,"uniswapv2buyprice":2211.49,"sushiswapv2buyprice":2204.38,"bakeryswapbuyprice":2218.83,"apeswapBuyPrice":2211.17,"uniswapv2sellprice":2200.39,"sushiswapv2sellprice":2199.01,"bakeryswapsellprice":2189.88,"apeswapsellprice":2201.13},{"block":11507132,"timestamp":1633434909,"swapAmountBNB":5,"uniswapv2buyprice":2211.51,"sushiswapv2buyprice":2204.38,"bakeryswapbuyprice":2218.83,"apeswapBuyPrice":2211.17,"uniswapv2sellprice":2200.42,"sushiswapv2sellprice":2199.01,"bakeryswapsellprice":2189.88,"apeswapsellprice":2201.13},{"block":11507133,"timestamp":1633434912,"swapAmountBNB":5,"uniswapv2buyprice":2211.25,"sushiswapv2buyprice":2207.18,"bakeryswapbuyprice":2218.83,"apeswapBuyPrice":2211.17,"uniswapv2sellprice":2200.16,"sushiswapv2sellprice":2201.79,"bakeryswapsellprice":2189.88,"apeswapsellprice":2201.13},{"block":11507134,"timestamp":1633434915,"swapAmountBNB":5,"uniswapv2buyprice":2211.25,"sushiswapv2buyprice":2207.18,"bakeryswapbuyprice":2218.83,"apeswapBuyPrice":2211.17,"uniswapv2sellprice":2200.16,"sushiswapv2sellprice":2201.79,"bakeryswapsellprice":2189.88,"apeswapsellprice":2201.13},{"block":11507135,"timestamp":1633434918,"swapAmountBNB":5,"uniswapv2buyprice":2211.16,"sushiswapv2buyprice":2207.18,"bakeryswapbuyprice":2218.83,"apeswapBuyPrice":2211.17,"uniswapv2sellprice":2200.07,"sushiswapv2sellprice":2201.79,"bakeryswapsellprice":2189.88,"apeswapsellprice":2201.13},{"block":11507136,"timestamp":1633434921,"swapAmountBNB":5,"uniswapv2buyprice":2211.04,"sushiswapv2buyprice":2207.18,"bakeryswapbuyprice":2218.83,"apeswapBuyPrice":2211.17,"uniswapv2sellprice":2199.95,"sushiswapv2sellprice":2201.79,"bakeryswapsellprice":2189.88,"apeswapsellprice":2201.13},{"block":11507137,"timestamp":1633434924,"swapAmountBNB":5,"uniswapv2buyprice":2211.04,"sushiswapv2buyprice":2206.5,"bakeryswapbuyprice":2218.83,"apeswapBuyPrice":2211.17,"uniswapv2sellprice":2199.95,"sushiswapv2sellprice":2201.12,"bakeryswapsellprice":2189.88,"apeswapsellprice":2201.13},{"block":11507138,"timestamp":1633434927,"swapAmountBNB":5,"uniswapv2buyprice":2211.04,"sushiswapv2buyprice":2206.5,"bakeryswapbuyprice":2218.83,"apeswapBuyPrice":2211.17,"uniswapv2sellprice":2199.95,"sushiswapv2sellprice":2201.12,"bakeryswapsellprice":2189.88,"apeswapsellprice":2201.13},{"block":11507139,"timestamp":1633434930,"swapAmountBNB":5,"uniswapv2buyprice":2211.03,"sushiswapv2buyprice":2206.5,"bakeryswapbuyprice":2218.83,"apeswapBuyPrice":2211.17,"uniswapv2sellprice":2199.94,"sushiswapv2sellprice":2201.12,"bakeryswapsellprice":2189.88,"apeswapsellprice":2201.13},{"block":11507140,"timestamp":1633434933,"swapAmountBNB":5,"uniswapv2buyprice":2211.02,"sushiswapv2buyprice":2206.5,"bakeryswapbuyprice":2218.83,"apeswapBuyPrice":2211.11,"uniswapv2sellprice":2199.93,"sushiswapv2sellprice":2201.12,"bakeryswapsellprice":2189.88,"apeswapsellprice":2201.13},{"block":11507141,"timestamp":1633434936,"swapAmountBNB":5,"uniswapv2buyprice":2211.09,"sushiswapv2buyprice":2206.45,"bakeryswapbuyprice":2218.83,"apeswapBuyPrice":2211.11,"uniswapv2sellprice":2200,"sushiswapv2sellprice":2201.07,"bakeryswapsellprice":2189.88,"apeswapsellprice":2201.08},{"block":11507142,"timestamp":1633434939,"swapAmountBNB":5,"uniswapv2buyprice":2211.08,"sushiswapv2buyprice":2206.45,"bakeryswapbuyprice":2218.83,"apeswapBuyPrice":2211.11,"uniswapv2sellprice":2199.99,"sushiswapv2sellprice":2201.07,"bakeryswapsellprice":2189.88,"apeswapsellprice":2201.08},{"block":11507143,"timestamp":1633434942,"swapAmountBNB":5,"uniswapv2buyprice":2210.89,"sushiswapv2buyprice":2206.49,"bakeryswapbuyprice":2218.83,"apeswapBuyPrice":2211.15,"uniswapv2sellprice":2199.8,"sushiswapv2sellprice":2201.11,"bakeryswapsellprice":2189.88,"apeswapsellprice":2201.11},{"block":11507144,"timestamp":1633434945,"swapAmountBNB":5,"uniswapv2buyprice":2211.77,"sushiswapv2buyprice":2206.49,"bakeryswapbuyprice":2218.83,"apeswapBuyPrice":2211.15,"uniswapv2sellprice":2200.68,"sushiswapv2sellprice":2201.11,"bakeryswapsellprice":2189.88,"apeswapsellprice":2201.11},{"block":11507145,"timestamp":1633434948,"swapAmountBNB":5,"uniswapv2buyprice":2211.73,"sushiswapv2buyprice":2206.49,"bakeryswapbuyprice":2218.83,"apeswapBuyPrice":2211.15,"uniswapv2sellprice":2200.64,"sushiswapv2sellprice":2201.11,"bakeryswapsellprice":2189.88,"apeswapsellprice":2201.11},{"block":11507146,"timestamp":1633434951,"swapAmountBNB":5,"uniswapv2buyprice":2211.71,"sushiswapv2buyprice":2204.36,"bakeryswapbuyprice":2218.83,"apeswapBuyPrice":2211.15,"uniswapv2sellprice":2200.61,"sushiswapv2sellprice":2198.98,"bakeryswapsellprice":2189.88,"apeswapsellprice":2201.11},{"block":11507147,"timestamp":1633434954,"swapAmountBNB":5,"uniswapv2buyprice":2211.66,"sushiswapv2buyprice":2204.31,"bakeryswapbuyprice":2218.83,"apeswapBuyPrice":2211.15,"uniswapv2sellprice":2200.57,"sushiswapv2sellprice":2198.93,"bakeryswapsellprice":2189.88,"apeswapsellprice":2201.11},{"block":11507148,"timestamp":1633434957,"swapAmountBNB":5,"uniswapv2buyprice":2211.67,"sushiswapv2buyprice":2204.33,"bakeryswapbuyprice":2218.83,"apeswapBuyPrice":2211.15,"uniswapv2sellprice":2200.57,"sushiswapv2sellprice":2198.95,"bakeryswapsellprice":2189.88,"apeswapsellprice":2201.11},{"block":11507149,"timestamp":1633434960,"swapAmountBNB":5,"uniswapv2buyprice":2211.59,"sushiswapv2buyprice":2204.33,"bakeryswapbuyprice":2218.83,"apeswapBuyPrice":2211.15,"uniswapv2sellprice":2200.5,"sushiswapv2sellprice":2198.95,"bakeryswapsellprice":2189.88,"apeswapsellprice":2201.11},{"block":11507150,"timestamp":1633434963,"swapAmountBNB":5,"uniswapv2buyprice":2211.59,"sushiswapv2buyprice":2204.42,"bakeryswapbuyprice":2218.83,"apeswapBuyPrice":2211.15,"uniswapv2sellprice":2200.5,"sushiswapv2sellprice":2199.04,"bakeryswapsellprice":2189.88,"apeswapsellprice":2201.11},{"block":11507151,"timestamp":1633434966,"swapAmountBNB":5,"uniswapv2buyprice":2211.47,"sushiswapv2buyprice":2204.42,"bakeryswapbuyprice":2218.83,"apeswapBuyPrice":2211.15,"uniswapv2sellprice":2200.38,"sushiswapv2sellprice":2199.04,"bakeryswapsellprice":2189.88,"apeswapsellprice":2201.11},{"block":11507152,"timestamp":1633434969,"swapAmountBNB":5,"uniswapv2buyprice":2211.46,"sushiswapv2buyprice":2204.42,"bakeryswapbuyprice":2218.83,"apeswapBuyPrice":2209.82,"uniswapv2sellprice":2200.37,"sushiswapv2sellprice":2199.04,"bakeryswapsellprice":2189.88,"apeswapsellprice":2199.79},{"block":11507153,"timestamp":1633434972,"swapAmountBNB":5,"uniswapv2buyprice":2211.46,"sushiswapv2buyprice":2204.42,"bakeryswapbuyprice":2218.83,"apeswapBuyPrice":2209.8,"uniswapv2sellprice":2200.36,"sushiswapv2sellprice":2199.04,"bakeryswapsellprice":2189.88,"apeswapsellprice":2199.78},{"block":11507154,"timestamp":1633434975,"swapAmountBNB":5,"uniswapv2buyprice":2211.39,"sushiswapv2buyprice":2204.48,"bakeryswapbuyprice":2218.83,"apeswapBuyPrice":2209.7,"uniswapv2sellprice":2200.3,"sushiswapv2sellprice":2199.11,"bakeryswapsellprice":2189.88,"apeswapsellprice":2199.67},{"block":11507155,"timestamp":1633434978,"swapAmountBNB":5,"uniswapv2buyprice":2211.39,"sushiswapv2buyprice":2204.48,"bakeryswapbuyprice":2218.83,"apeswapBuyPrice":2209.69,"uniswapv2sellprice":2200.3,"sushiswapv2sellprice":2199.11,"bakeryswapsellprice":2189.88,"apeswapsellprice":2199.67},{"block":11507156,"timestamp":1633434981,"swapAmountBNB":5,"uniswapv2buyprice":2211.38,"sushiswapv2buyprice":2204.48,"bakeryswapbuyprice":2218.83,"apeswapBuyPrice":2209.69,"uniswapv2sellprice":2200.28,"sushiswapv2sellprice":2199.11,"bakeryswapsellprice":2189.88,"apeswapsellprice":2199.66},{"block":11507157,"timestamp":1633434984,"swapAmountBNB":5,"uniswapv2buyprice":2211.35,"sushiswapv2buyprice":2204.48,"bakeryswapbuyprice":2218.83,"apeswapBuyPrice":2209.69,"uniswapv2sellprice":2200.26,"sushiswapv2sellprice":2199.11,"bakeryswapsellprice":2189.88,"apeswapsellprice":2199.66},{"block":11507158,"timestamp":1633434987,"swapAmountBNB":5,"uniswapv2buyprice":2211.33,"sushiswapv2buyprice":2204.48,"bakeryswapbuyprice":2218.83,"apeswapBuyPrice":2209.64,"uniswapv2sellprice":2200.24,"sushiswapv2sellprice":2199.11,"bakeryswapsellprice":2189.88,"apeswapsellprice":2199.62},{"block":11507159,"timestamp":1633434990,"swapAmountBNB":5,"uniswapv2buyprice":2211.33,"sushiswapv2buyprice":2213.43,"bakeryswapbuyprice":2218.83,"apeswapBuyPrice":2209.63,"uniswapv2sellprice":2200.23,"sushiswapv2sellprice":2208.03,"bakeryswapsellprice":2189.88,"apeswapsellprice":2199.62},{"block":11507160,"timestamp":1633434993,"swapAmountBNB":5,"uniswapv2buyprice":2211.33,"sushiswapv2buyprice":2213.43,"bakeryswapbuyprice":2218.83,"apeswapBuyPrice":2209.63,"uniswapv2sellprice":2200.24,"sushiswapv2sellprice":2208.03,"bakeryswapsellprice":2189.88,"apeswapsellprice":2199.6},{"block":11507161,"timestamp":1633434996,"swapAmountBNB":5,"uniswapv2buyprice":2211.36,"sushiswapv2buyprice":2212.35,"bakeryswapbuyprice":2218.83,"apeswapBuyPrice":2209.63,"uniswapv2sellprice":2200.27,"sushiswapv2sellprice":2206.95,"bakeryswapsellprice":2189.88,"apeswapsellprice":2199.6},{"block":11507162,"timestamp":1633434999,"swapAmountBNB":5,"uniswapv2buyprice":2211.31,"sushiswapv2buyprice":2208.07,"bakeryswapbuyprice":2218.83,"apeswapBuyPrice":2209.63,"uniswapv2sellprice":2200.22,"sushiswapv2sellprice":2202.68,"bakeryswapsellprice":2189.88,"apeswapsellprice":2199.6},{"block":11507163,"timestamp":1633435002,"swapAmountBNB":5,"uniswapv2buyprice":2211.53,"sushiswapv2buyprice":2208.13,"bakeryswapbuyprice":2218.83,"apeswapBuyPrice":2209.61,"uniswapv2sellprice":2200.43,"sushiswapv2sellprice":2202.75,"bakeryswapsellprice":2189.88,"apeswapsellprice":2199.58},{"block":11507164,"timestamp":1633435005,"swapAmountBNB":5,"uniswapv2buyprice":2211.75,"sushiswapv2buyprice":2202.14,"bakeryswapbuyprice":2218.83,"apeswapBuyPrice":2209.61,"uniswapv2sellprice":2200.65,"sushiswapv2sellprice":2196.77,"bakeryswapsellprice":2189.88,"apeswapsellprice":2199.58},{"block":11507165,"timestamp":1633435008,"swapAmountBNB":5,"uniswapv2buyprice":2210.03,"sushiswapv2buyprice":2202.29,"bakeryswapbuyprice":2218.83,"apeswapBuyPrice":2209.61,"uniswapv2sellprice":2198.94,"sushiswapv2sellprice":2196.92,"bakeryswapsellprice":2189.88,"apeswapsellprice":2199.58},{"block":11507166,"timestamp":1633435011,"swapAmountBNB":5,"uniswapv2buyprice":2209.99,"sushiswapv2buyprice":2202.82,"bakeryswapbuyprice":2218.83,"apeswapBuyPrice":2209.12,"uniswapv2sellprice":2198.91,"sushiswapv2sellprice":2197.45,"bakeryswapsellprice":2189.88,"apeswapsellprice":2199.58},{"block":11507167,"timestamp":1633435014,"swapAmountBNB":5,"uniswapv2buyprice":2210.04,"sushiswapv2buyprice":2202.92,"bakeryswapbuyprice":2218.83,"apeswapBuyPrice":2209.12,"uniswapv2sellprice":2198.95,"sushiswapv2sellprice":2197.55,"bakeryswapsellprice":2189.88,"apeswapsellprice":2199.09},{"block":11507168,"timestamp":1633435017,"swapAmountBNB":5,"uniswapv2buyprice":2210.04,"sushiswapv2buyprice":2202.92,"bakeryswapbuyprice":2218.83,"apeswapBuyPrice":2209.12,"uniswapv2sellprice":2198.95,"sushiswapv2sellprice":2197.55,"bakeryswapsellprice":2189.88,"apeswapsellprice":2199.09},{"block":11507169,"timestamp":1633435020,"swapAmountBNB":5,"uniswapv2buyprice":2210.03,"sushiswapv2buyprice":2202.92,"bakeryswapbuyprice":2218.83,"apeswapBuyPrice":2209.12,"uniswapv2sellprice":2198.94,"sushiswapv2sellprice":2197.55,"bakeryswapsellprice":2189.88,"apeswapsellprice":2199.09},{"block":11507170,"timestamp":1633435023,"swapAmountBNB":5,"uniswapv2buyprice":2209.99,"sushiswapv2buyprice":2202.92,"bakeryswapbuyprice":2218.83,"apeswapBuyPrice":2209.12,"uniswapv2sellprice":2198.9,"sushiswapv2sellprice":2197.55,"bakeryswapsellprice":2189.88,"apeswapsellprice":2199.09},{"block":11507171,"timestamp":1633435026,"swapAmountBNB":5,"uniswapv2buyprice":2209.96,"sushiswapv2buyprice":2202.92,"bakeryswapbuyprice":2218.83,"apeswapBuyPrice":2209.12,"uniswapv2sellprice":2198.87,"sushiswapv2sellprice":2197.55,"bakeryswapsellprice":2189.88,"apeswapsellprice":2199.09},{"block":11507172,"timestamp":1633435029,"swapAmountBNB":5,"uniswapv2buyprice":2210.01,"sushiswapv2buyprice":2202.92,"bakeryswapbuyprice":2218.83,"apeswapBuyPrice":2209.12,"uniswapv2sellprice":2198.92,"sushiswapv2sellprice":2197.55,"bakeryswapsellprice":2189.88,"apeswapsellprice":2199.09},{"block":11507173,"timestamp":1633435032,"swapAmountBNB":5,"uniswapv2buyprice":2210.01,"sushiswapv2buyprice":2203.4,"bakeryswapbuyprice":2218.83,"apeswapBuyPrice":2207.66,"uniswapv2sellprice":2198.92,"sushiswapv2sellprice":2198.03,"bakeryswapsellprice":2189.88,"apeswapsellprice":2197.64},{"block":11507174,"timestamp":1633435035,"swapAmountBNB":5,"uniswapv2buyprice":2210.01,"sushiswapv2buyprice":2203.4,"bakeryswapbuyprice":2218.83,"apeswapBuyPrice":2207.66,"uniswapv2sellprice":2198.92,"sushiswapv2sellprice":2198.03,"bakeryswapsellprice":2189.88,"apeswapsellprice":2197.64},{"block":11507175,"timestamp":1633435038,"swapAmountBNB":5,"uniswapv2buyprice":2210.03,"sushiswapv2buyprice":2203.53,"bakeryswapbuyprice":2218.83,"apeswapBuyPrice":2207.66,"uniswapv2sellprice":2198.95,"sushiswapv2sellprice":2198.16,"bakeryswapsellprice":2189.88,"apeswapsellprice":2197.64},{"block":11507176,"timestamp":1633435041,"swapAmountBNB":5,"uniswapv2buyprice":2210.03,"sushiswapv2buyprice":2203.53,"bakeryswapbuyprice":2218.83,"apeswapBuyPrice":2207.66,"uniswapv2sellprice":2198.95,"sushiswapv2sellprice":2198.16,"bakeryswapsellprice":2189.88,"apeswapsellprice":2197.64},{"block":11507177,"timestamp":1633435044,"swapAmountBNB":5,"uniswapv2buyprice":2210.03,"sushiswapv2buyprice":2203.53,"bakeryswapbuyprice":2218.83,"apeswapBuyPrice":2207.66,"uniswapv2sellprice":2198.95,"sushiswapv2sellprice":2198.16,"bakeryswapsellprice":2189.88,"apeswapsellprice":2197.64},{"block":11507178,"timestamp":1633435047,"swapAmountBNB":5,"uniswapv2buyprice":2210.07,"sushiswapv2buyprice":2203.53,"bakeryswapbuyprice":2218.83,"apeswapBuyPrice":2207.66,"uniswapv2sellprice":2198.99,"sushiswapv2sellprice":2198.16,"bakeryswapsellprice":2189.88,"apeswapsellprice":2197.64},{"block":11507179,"timestamp":1633435050,"swapAmountBNB":5,"uniswapv2buyprice":2210.09,"sushiswapv2buyprice":2203.53,"bakeryswapbuyprice":2218.83,"apeswapBuyPrice":2207.55,"uniswapv2sellprice":2199.01,"sushiswapv2sellprice":2198.16,"bakeryswapsellprice":2189.88,"apeswapsellprice":2197.53},{"block":11507180,"timestamp":1633435053,"swapAmountBNB":5,"uniswapv2buyprice":2210.12,"sushiswapv2buyprice":2203.68,"bakeryswapbuyprice":2218.83,"apeswapBuyPrice":2207.39,"uniswapv2sellprice":2199.03,"sushiswapv2sellprice":2198.31,"bakeryswapsellprice":2189.88,"apeswapsellprice":2197.53},{"block":11507181,"timestamp":1633435056,"swapAmountBNB":5,"uniswapv2buyprice":2210.13,"sushiswapv2buyprice":2203.68,"bakeryswapbuyprice":2218.83,"apeswapBuyPrice":2206.36,"uniswapv2sellprice":2199.04,"sushiswapv2sellprice":2198.31,"bakeryswapsellprice":2189.88,"apeswapsellprice":2197.37},{"block":11507182,"timestamp":1633435059,"swapAmountBNB":5,"uniswapv2buyprice":2210.12,"sushiswapv2buyprice":2203.74,"bakeryswapbuyprice":2218.83,"apeswapBuyPrice":2206.4,"uniswapv2sellprice":2199.04,"sushiswapv2sellprice":2198.37,"bakeryswapsellprice":2189.88,"apeswapsellprice":2196.39},{"block":11507183,"timestamp":1633435062,"swapAmountBNB":5,"uniswapv2buyprice":2209.95,"sushiswapv2buyprice":2203.74,"bakeryswapbuyprice":2218.83,"apeswapBuyPrice":2206.4,"uniswapv2sellprice":2198.86,"sushiswapv2sellprice":2198.37,"bakeryswapsellprice":2189.88,"apeswapsellprice":2196.39},{"block":11507184,"timestamp":1633435065,"swapAmountBNB":5,"uniswapv2buyprice":2209.95,"sushiswapv2buyprice":2203.74,"bakeryswapbuyprice":2218.83,"apeswapBuyPrice":2206.4,"uniswapv2sellprice":2198.87,"sushiswapv2sellprice":2198.37,"bakeryswapsellprice":2189.88,"apeswapsellprice":2196.39},{"block":11507185,"timestamp":1633435068,"swapAmountBNB":5,"uniswapv2buyprice":2209.96,"sushiswapv2buyprice":2203.74,"bakeryswapbuyprice":2218.83,"apeswapBuyPrice":2206.4,"uniswapv2sellprice":2198.88,"sushiswapv2sellprice":2198.37,"bakeryswapsellprice":2189.88,"apeswapsellprice":2196.39},{"block":11507186,"timestamp":1633435071,"swapAmountBNB":5,"uniswapv2buyprice":2209.96,"sushiswapv2buyprice":2203.94,"bakeryswapbuyprice":2218.83,"apeswapBuyPrice":2206.41,"uniswapv2sellprice":2198.88,"sushiswapv2sellprice":2198.57,"bakeryswapsellprice":2189.88,"apeswapsellprice":2196.39},{"block":11507187,"timestamp":1633435074,"swapAmountBNB":5,"uniswapv2buyprice":2209.94,"sushiswapv2buyprice":2203.95,"bakeryswapbuyprice":2218.83,"apeswapBuyPrice":2206.41,"uniswapv2sellprice":2198.86,"sushiswapv2sellprice":2198.58,"bakeryswapsellprice":2189.88,"apeswapsellprice":2196.39},{"block":11507188,"timestamp":1633435077,"swapAmountBNB":5,"uniswapv2buyprice":2209.94,"sushiswapv2buyprice":2203.95,"bakeryswapbuyprice":2218.83,"apeswapBuyPrice":2206.42,"uniswapv2sellprice":2198.86,"sushiswapv2sellprice":2198.58,"bakeryswapsellprice":2189.88,"apeswapsellprice":2196.39},{"block":11507189,"timestamp":1633435080,"swapAmountBNB":5,"uniswapv2buyprice":2209.9,"sushiswapv2buyprice":2203.95,"bakeryswapbuyprice":2218.83,"apeswapBuyPrice":2206.42,"uniswapv2sellprice":2198.82,"sushiswapv2sellprice":2198.58,"bakeryswapsellprice":2189.88,"apeswapsellprice":2196.4},{"block":11507190,"timestamp":1633435083,"swapAmountBNB":5,"uniswapv2buyprice":2209.92,"sushiswapv2buyprice":2204.03,"bakeryswapbuyprice":2218.83,"apeswapBuyPrice":2206.41,"uniswapv2sellprice":2198.84,"sushiswapv2sellprice":2198.65,"bakeryswapsellprice":2189.88,"apeswapsellprice":2196.39},{"block":11507191,"timestamp":1633435086,"swapAmountBNB":5,"uniswapv2buyprice":2209.93,"sushiswapv2buyprice":2204.03,"bakeryswapbuyprice":2218.83,"apeswapBuyPrice":2206.41,"uniswapv2sellprice":2198.84,"sushiswapv2sellprice":2198.65,"bakeryswapsellprice":2189.88,"apeswapsellprice":2196.39},{"block":11507192,"timestamp":1633435089,"swapAmountBNB":5,"uniswapv2buyprice":2209.74,"sushiswapv2buyprice":2204.03,"bakeryswapbuyprice":2218.83,"apeswapBuyPrice":2206.41,"uniswapv2sellprice":2198.66,"sushiswapv2sellprice":2198.65,"bakeryswapsellprice":2189.88,"apeswapsellprice":2196.39},{"block":11507193,"timestamp":1633435092,"swapAmountBNB":5,"uniswapv2buyprice":2209.72,"sushiswapv2buyprice":2204.08,"bakeryswapbuyprice":2218.83,"apeswapBuyPrice":2206.41,"uniswapv2sellprice":2198.63,"sushiswapv2sellprice":2198.7,"bakeryswapsellprice":2189.88,"apeswapsellprice":2196.39},{"block":11507194,"timestamp":1633435095,"swapAmountBNB":5,"uniswapv2buyprice":2209.75,"sushiswapv2buyprice":2204.08,"bakeryswapbuyprice":2218.83,"apeswapBuyPrice":2206.41,"uniswapv2sellprice":2198.67,"sushiswapv2sellprice":2198.7,"bakeryswapsellprice":2189.88,"apeswapsellprice":2196.39},{"block":11507195,"timestamp":1633435098,"swapAmountBNB":5,"uniswapv2buyprice":2209.79,"sushiswapv2buyprice":2204.08,"bakeryswapbuyprice":2218.83,"apeswapBuyPrice":2206.41,"uniswapv2sellprice":2198.7,"sushiswapv2sellprice":2198.7,"bakeryswapsellprice":2189.88,"apeswapsellprice":2196.39},{"block":11507196,"timestamp":1633435101,"swapAmountBNB":5,"uniswapv2buyprice":2209.79,"sushiswapv2buyprice":2204.08,"bakeryswapbuyprice":2218.83,"apeswapBuyPrice":2206.41,"uniswapv2sellprice":2198.71,"sushiswapv2sellprice":2198.7,"bakeryswapsellprice":2189.88,"apeswapsellprice":2196.39},{"block":11507197,"timestamp":1633435104,"swapAmountBNB":5,"uniswapv2buyprice":2209.79,"sushiswapv2buyprice":2204.08,"bakeryswapbuyprice":2218.83,"apeswapBuyPrice":2206.41,"uniswapv2sellprice":2198.71,"sushiswapv2sellprice":2198.7,"bakeryswapsellprice":2189.88,"apeswapsellprice":2196.39},{"block":11507198,"timestamp":1633435107,"swapAmountBNB":5,"uniswapv2buyprice":2209.8,"sushiswapv2buyprice":2204.08,"bakeryswapbuyprice":2218.83,"apeswapBuyPrice":2206.44,"uniswapv2sellprice":2198.72,"sushiswapv2sellprice":2198.7,"bakeryswapsellprice":2189.88,"apeswapsellprice":2196.43},{"block":11507199,"timestamp":1633435110,"swapAmountBNB":5,"uniswapv2buyprice":2209.88,"sushiswapv2buyprice":2204.08,"bakeryswapbuyprice":2218.83,"apeswapBuyPrice":2206.44,"uniswapv2sellprice":2198.8,"sushiswapv2sellprice":2198.7,"bakeryswapsellprice":2189.88,"apeswapsellprice":2196.43},{"block":11507200,"timestamp":1633435113,"swapAmountBNB":5,"uniswapv2buyprice":2209.93,"sushiswapv2buyprice":2204.04,"bakeryswapbuyprice":2218.83,"apeswapBuyPrice":2206.44,"uniswapv2sellprice":2198.84,"sushiswapv2sellprice":2198.66,"bakeryswapsellprice":2189.88,"apeswapsellprice":2196.43},{"block":11507201,"timestamp":1633435116,"swapAmountBNB":5,"uniswapv2buyprice":2209.91,"sushiswapv2buyprice":2204.04,"bakeryswapbuyprice":2218.83,"apeswapBuyPrice":2206.44,"uniswapv2sellprice":2198.83,"sushiswapv2sellprice":2198.66,"bakeryswapsellprice":2189.88,"apeswapsellprice":2196.43},{"block":11507202,"timestamp":1633435119,"swapAmountBNB":5,"uniswapv2buyprice":2209.91,"sushiswapv2buyprice":2204.04,"bakeryswapbuyprice":2218.83,"apeswapBuyPrice":2206.44,"uniswapv2sellprice":2198.83,"sushiswapv2sellprice":2198.66,"bakeryswapsellprice":2189.88,"apeswapsellprice":2196.43},{"block":11507203,"timestamp":1633435122,"swapAmountBNB":5,"uniswapv2buyprice":2209.89,"sushiswapv2buyprice":2204.04,"bakeryswapbuyprice":2218.83,"apeswapBuyPrice":2206.44,"uniswapv2sellprice":2198.8,"sushiswapv2sellprice":2198.66,"bakeryswapsellprice":2189.88,"apeswapsellprice":2196.43},{"block":11507204,"timestamp":1633435126,"swapAmountBNB":5,"uniswapv2buyprice":2209.95,"sushiswapv2buyprice":2204.04,"bakeryswapbuyprice":2218.83,"apeswapBuyPrice":2206.44,"uniswapv2sellprice":2198.86,"sushiswapv2sellprice":2198.66,"bakeryswapsellprice":2189.88,"apeswapsellprice":2196.43},{"block":11507204,"timestamp":1633435125,"swapAmountBNB":5,"uniswapv2buyprice":2209.95,"sushiswapv2buyprice":2204.04,"bakeryswapbuyprice":2218.83,"apeswapBuyPrice":2206.44,"uniswapv2sellprice":2198.86,"sushiswapv2sellprice":2198.66,"bakeryswapsellprice":2189.88,"apeswapsellprice":2196.43},{"block":11507205,"timestamp":1633435128,"swapAmountBNB":5,"uniswapv2buyprice":2210,"sushiswapv2buyprice":2204.04,"bakeryswapbuyprice":2218.83,"apeswapBuyPrice":2206.44,"uniswapv2sellprice":2198.91,"sushiswapv2sellprice":2198.66,"bakeryswapsellprice":2189.88,"apeswapsellprice":2196.43},{"block":11507206,"timestamp":1633435132,"swapAmountBNB":5,"uniswapv2buyprice":2209.96,"sushiswapv2buyprice":2204.04,"bakeryswapbuyprice":2218.83,"apeswapBuyPrice":2206.47,"uniswapv2sellprice":2198.88,"sushiswapv2sellprice":2198.66,"bakeryswapsellprice":2189.88,"apeswapsellprice":2196.46},{"block":11507206,"timestamp":1633435131,"swapAmountBNB":5,"uniswapv2buyprice":2210.1,"sushiswapv2buyprice":2204.04,"bakeryswapbuyprice":2218.83,"apeswapBuyPrice":2206.47,"uniswapv2sellprice":2199.01,"sushiswapv2sellprice":2198.66,"bakeryswapsellprice":2189.88,"apeswapsellprice":2196.46},{"block":11507207,"timestamp":1633435134,"swapAmountBNB":5,"uniswapv2buyprice":2210.03,"sushiswapv2buyprice":2204.04,"bakeryswapbuyprice":2218.83,"apeswapBuyPrice":2206.47,"uniswapv2sellprice":2198.95,"sushiswapv2sellprice":2198.66,"bakeryswapsellprice":2189.88,"apeswapsellprice":2196.46},{"block":11507208,"timestamp":1633435137,"swapAmountBNB":5,"uniswapv2buyprice":2210.04,"sushiswapv2buyprice":2204.04,"bakeryswapbuyprice":2218.83,"apeswapBuyPrice":2206.47,"uniswapv2sellprice":2198.96,"sushiswapv2sellprice":2198.66,"bakeryswapsellprice":2189.88,"apeswapsellprice":2196.46},{"block":11507209,"timestamp":1633435140,"swapAmountBNB":5,"uniswapv2buyprice":2210.05,"sushiswapv2buyprice":2204.09,"bakeryswapbuyprice":2218.83,"apeswapBuyPrice":2206.47,"uniswapv2sellprice":2198.96,"sushiswapv2sellprice":2198.71,"bakeryswapsellprice":2189.88,"apeswapsellprice":2196.46},{"block":11507210,"timestamp":1633435143,"swapAmountBNB":5,"uniswapv2buyprice":2210.21,"sushiswapv2buyprice":2204.09,"bakeryswapbuyprice":2218.83,"apeswapBuyPrice":2206.47,"uniswapv2sellprice":2199.12,"sushiswapv2sellprice":2198.71,"bakeryswapsellprice":2189.88,"apeswapsellprice":2196.46}]}