{"table":[{"block":11053236,"timestamp":1632063594,"swapAmountBNB":20,"uniswapv2buyprice":8249.91,"sushiswapv2buyprice":8232.74,"bakeryswapbuyprice":8343.99,"apeswapBuyPrice":8250.5,"uniswapv2sellprice":8208.16,"sushiswapv2sellprice":8207.85,"bakeryswapsellprice":8131.66,"apeswapsellprice":8205.58},{"block":11053237,"timestamp":1632063597,"swapAmountBNB":20,"uniswapv2buyprice":8249.89,"sushiswapv2buyprice":8239.66,"bakeryswapbuyprice":8343.66,"apeswapBuyPrice":8250.5,"uniswapv2sellprice":8208.14,"sushiswapv2sellprice":8214.74,"bakeryswapsellprice":8131.66,"apeswapsellprice":8205.57},{"block":11053238,"timestamp":1632063600,"swapAmountBNB":20,"uniswapv2buyprice":8249.81,"sushiswapv2buyprice":8248.92,"bakeryswapbuyprice":8343.66,"apeswapBuyPrice":8250.5,"uniswapv2sellprice":8208.06,"sushiswapv2sellprice":8223.97,"bakeryswapsellprice":8131.34,"apeswapsellprice":8205.57},{"block":11053239,"timestamp":1632063603,"swapAmountBNB":20,"uniswapv2buyprice":8249.78,"sushiswapv2buyprice":8218.03,"bakeryswapbuyprice":8343.66,"apeswapBuyPrice":8250.5,"uniswapv2sellprice":8208.04,"sushiswapv2sellprice":8193.2,"bakeryswapsellprice":8131.34,"apeswapsellprice":8205.57},{"block":11053240,"timestamp":1632063606,"swapAmountBNB":20,"uniswapv2buyprice":8249.8,"sushiswapv2buyprice":8218.03,"bakeryswapbuyprice":8343.66,"apeswapBuyPrice":8250.5,"uniswapv2sellprice":8208.06,"sushiswapv2sellprice":8193.2,"bakeryswapsellprice":8131.34,"apeswapsellprice":8205.57},{"block":11053241,"timestamp":1632063611,"swapAmountBNB":20,"uniswapv2buyprice":8249.85,"sushiswapv2buyprice":8218.03,"bakeryswapbuyprice":8343.66,"apeswapBuyPrice":8250.5,"uniswapv2sellprice":8208.11,"sushiswapv2sellprice":8193.2,"bakeryswapsellprice":8131.34,"apeswapsellprice":8205.57},{"block":11053241,"timestamp":1632063609,"swapAmountBNB":20,"uniswapv2buyprice":8249.85,"sushiswapv2buyprice":8218.03,"bakeryswapbuyprice":8343.66,"apeswapBuyPrice":8250.5,"uniswapv2sellprice":8208.11,"sushiswapv2sellprice":8193.2,"bakeryswapsellprice":8131.34,"apeswapsellprice":8205.57},{"block":11053242,"timestamp":1632063612,"swapAmountBNB":20,"uniswapv2buyprice":8249.86,"sushiswapv2buyprice":8218.03,"bakeryswapbuyprice":8343.66,"apeswapBuyPrice":8250.5,"uniswapv2sellprice":8208.11,"sushiswapv2sellprice":8193.2,"bakeryswapsellprice":8131.34,"apeswapsellprice":8205.57},{"block":11053243,"timestamp":1632063615,"swapAmountBNB":20,"uniswapv2buyprice":8249.78,"sushiswapv2buyprice":8218.03,"bakeryswapbuyprice":8343.66,"apeswapBuyPrice":8250.01,"uniswapv2sellprice":8208.03,"sushiswapv2sellprice":8193.2,"bakeryswapsellprice":8131.34,"apeswapsellprice":8205.09},{"block":11053244,"timestamp":1632063618,"swapAmountBNB":20,"uniswapv2buyprice":8249.77,"sushiswapv2buyprice":8218.03,"bakeryswapbuyprice":8343.66,"apeswapBuyPrice":8250.01,"uniswapv2sellprice":8208.03,"sushiswapv2sellprice":8193.2,"bakeryswapsellprice":8131.34,"apeswapsellprice":8205.09},{"block":11053245,"timestamp":1632063622,"swapAmountBNB":20,"uniswapv2buyprice":8249.64,"sushiswapv2buyprice":8219.72,"bakeryswapbuyprice":8343.66,"apeswapBuyPrice":8250.01,"uniswapv2sellprice":8207.89,"sushiswapv2sellprice":8194.88,"bakeryswapsellprice":8131.34,"apeswapsellprice":8205.09},{"block":11053245,"timestamp":1632063621,"swapAmountBNB":20,"uniswapv2buyprice":8249.64,"sushiswapv2buyprice":8219.72,"bakeryswapbuyprice":8343.66,"apeswapBuyPrice":8250.01,"uniswapv2sellprice":8207.89,"sushiswapv2sellprice":8194.88,"bakeryswapsellprice":8131.34,"apeswapsellprice":8205.09},{"block":11053246,"timestamp":1632063624,"swapAmountBNB":20,"uniswapv2buyprice":8249.63,"sushiswapv2buyprice":8219.72,"bakeryswapbuyprice":8343.66,"apeswapBuyPrice":8250.01,"uniswapv2sellprice":8207.89,"sushiswapv2sellprice":8194.88,"bakeryswapsellprice":8131.34,"apeswapsellprice":8205.09},{"block":11053247,"timestamp":1632063627,"swapAmountBNB":20,"uniswapv2buyprice":8249.72,"sushiswapv2buyprice":8219.72,"bakeryswapbuyprice":8343.66,"apeswapBuyPrice":8250.01,"uniswapv2sellprice":8207.97,"sushiswapv2sellprice":8194.88,"bakeryswapsellprice":8131.34,"apeswapsellprice":8205.09},{"block":11053248,"timestamp":1632063630,"swapAmountBNB":20,"uniswapv2buyprice":8249.22,"sushiswapv2buyprice":8219.72,"bakeryswapbuyprice":8343.66,"apeswapBuyPrice":8250.01,"uniswapv2sellprice":8207.48,"sushiswapv2sellprice":8194.88,"bakeryswapsellprice":8131.34,"apeswapsellprice":8205.09},{"block":11053249,"timestamp":1632063633,"swapAmountBNB":20,"uniswapv2buyprice":8250.37,"sushiswapv2buyprice":8221.77,"bakeryswapbuyprice":8343.66,"apeswapBuyPrice":8250.01,"uniswapv2sellprice":8208.62,"sushiswapv2sellprice":8196.92,"bakeryswapsellprice":8131.34,"apeswapsellprice":8205.09},{"block":11053250,"timestamp":1632063636,"swapAmountBNB":20,"uniswapv2buyprice":8250.38,"sushiswapv2buyprice":8222.3,"bakeryswapbuyprice":8343.66,"apeswapBuyPrice":8250.01,"uniswapv2sellprice":8208.63,"sushiswapv2sellprice":8197.45,"bakeryswapsellprice":8131.34,"apeswapsellprice":8205.09},{"block":11053251,"timestamp":1632063640,"swapAmountBNB":20,"uniswapv2buyprice":8250.28,"sushiswapv2buyprice":8222.3,"bakeryswapbuyprice":8343.66,"apeswapBuyPrice":8249.05,"uniswapv2sellprice":8208.53,"sushiswapv2sellprice":8197.45,"bakeryswapsellprice":8131.34,"apeswapsellprice":8204.13},{"block":11053251,"timestamp":1632063639,"swapAmountBNB":20,"uniswapv2buyprice":8250.28,"sushiswapv2buyprice":8222.3,"bakeryswapbuyprice":8343.66,"apeswapBuyPrice":8249.42,"uniswapv2sellprice":8208.53,"sushiswapv2sellprice":8197.45,"bakeryswapsellprice":8131.34,"apeswapsellprice":8204.49},{"block":11053252,"timestamp":1632063642,"swapAmountBNB":20,"uniswapv2buyprice":8250.32,"sushiswapv2buyprice":8222.42,"bakeryswapbuyprice":8343.66,"apeswapBuyPrice":8249.05,"uniswapv2sellprice":8208.57,"sushiswapv2sellprice":8197.57,"bakeryswapsellprice":8131.34,"apeswapsellprice":8204.13},{"block":11053253,"timestamp":1632063645,"swapAmountBNB":20,"uniswapv2buyprice":8250.33,"sushiswapv2buyprice":8222.6,"bakeryswapbuyprice":8343.66,"apeswapBuyPrice":8246.32,"uniswapv2sellprice":8208.58,"sushiswapv2sellprice":8197.74,"bakeryswapsellprice":8131.34,"apeswapsellprice":8203.6},{"block":11053254,"timestamp":1632063648,"swapAmountBNB":20,"uniswapv2buyprice":8250.34,"sushiswapv2buyprice":8222.6,"bakeryswapbuyprice":8343.66,"apeswapBuyPrice":8246.43,"uniswapv2sellprice":8208.59,"sushiswapv2sellprice":8197.74,"bakeryswapsellprice":8131.34,"apeswapsellprice":8201.42},{"block":11053255,"timestamp":1632063651,"swapAmountBNB":20,"uniswapv2buyprice":8250.77,"sushiswapv2buyprice":8224.77,"bakeryswapbuyprice":8343.66,"apeswapBuyPrice":8246.43,"uniswapv2sellprice":8209.02,"sushiswapv2sellprice":8199.92,"bakeryswapsellprice":8131.34,"apeswapsellprice":8201.53},{"block":11053256,"timestamp":1632063654,"swapAmountBNB":20,"uniswapv2buyprice":8250.61,"sushiswapv2buyprice":8224.77,"bakeryswapbuyprice":8343.66,"apeswapBuyPrice":8246.43,"uniswapv2sellprice":8208.86,"sushiswapv2sellprice":8199.92,"bakeryswapsellprice":8131.34,"apeswapsellprice":8201.53},{"block":11053257,"timestamp":1632063657,"swapAmountBNB":20,"uniswapv2buyprice":8250.65,"sushiswapv2buyprice":8224.77,"bakeryswapbuyprice":8343.66,"apeswapBuyPrice":8246.47,"uniswapv2sellprice":8208.9,"sushiswapv2sellprice":8199.92,"bakeryswapsellprice":8131.34,"apeswapsellprice":8201.56},{"block":11053258,"timestamp":1632063660,"swapAmountBNB":20,"uniswapv2buyprice":8250.64,"sushiswapv2buyprice":8225.03,"bakeryswapbuyprice":8343.25,"apeswapBuyPrice":8246.47,"uniswapv2sellprice":8208.89,"sushiswapv2sellprice":8200.17,"bakeryswapsellprice":8130.94,"apeswapsellprice":8201.56},{"block":11053259,"timestamp":1632063663,"swapAmountBNB":20,"uniswapv2buyprice":8250.64,"sushiswapv2buyprice":8225.23,"bakeryswapbuyprice":8343.25,"apeswapBuyPrice":8246.47,"uniswapv2sellprice":8208.89,"sushiswapv2sellprice":8200.37,"bakeryswapsellprice":8130.94,"apeswapsellprice":8201.56},{"block":11053260,"timestamp":1632063666,"swapAmountBNB":20,"uniswapv2buyprice":8250.64,"sushiswapv2buyprice":8225.23,"bakeryswapbuyprice":8343.25,"apeswapBuyPrice":8246.47,"uniswapv2sellprice":8208.89,"sushiswapv2sellprice":8200.37,"bakeryswapsellprice":8130.94,"apeswapsellprice":8201.56},{"block":11053261,"timestamp":1632063669,"swapAmountBNB":20,"uniswapv2buyprice":8244.69,"sushiswapv2buyprice":8225.42,"bakeryswapbuyprice":8343.25,"apeswapBuyPrice":8246.47,"uniswapv2sellprice":8202.97,"sushiswapv2sellprice":8200.56,"bakeryswapsellprice":8130.94,"apeswapsellprice":8201.56},{"block":11053262,"timestamp":1632063672,"swapAmountBNB":20,"uniswapv2buyprice":8244.72,"sushiswapv2buyprice":8225.42,"bakeryswapbuyprice":8343.25,"apeswapBuyPrice":8246.44,"uniswapv2sellprice":8203,"sushiswapv2sellprice":8200.56,"bakeryswapsellprice":8130.94,"apeswapsellprice":8201.56},{"block":11053263,"timestamp":1632063675,"swapAmountBNB":20,"uniswapv2buyprice":8244.72,"sushiswapv2buyprice":8225.84,"bakeryswapbuyprice":8343.25,"apeswapBuyPrice":8246.44,"uniswapv2sellprice":8203,"sushiswapv2sellprice":8200.98,"bakeryswapsellprice":8130.94,"apeswapsellprice":8201.53},{"block":11053264,"timestamp":1632063680,"swapAmountBNB":20,"uniswapv2buyprice":8244.74,"sushiswapv2buyprice":8225.84,"bakeryswapbuyprice":8343.25,"apeswapBuyPrice":8246.44,"uniswapv2sellprice":8203.02,"sushiswapv2sellprice":8200.98,"bakeryswapsellprice":8130.94,"apeswapsellprice":8201.53},{"block":11053264,"timestamp":1632063678,"swapAmountBNB":20,"uniswapv2buyprice":8244.71,"sushiswapv2buyprice":8225.84,"bakeryswapbuyprice":8343.25,"apeswapBuyPrice":8246.34,"uniswapv2sellprice":8202.99,"sushiswapv2sellprice":8200.98,"bakeryswapsellprice":8130.94,"apeswapsellprice":8201.53},{"block":11053265,"timestamp":1632063681,"swapAmountBNB":20,"uniswapv2buyprice":8244.71,"sushiswapv2buyprice":8225.84,"bakeryswapbuyprice":8343.25,"apeswapBuyPrice":8246.35,"uniswapv2sellprice":8202.99,"sushiswapv2sellprice":8200.98,"bakeryswapsellprice":8130.94,"apeswapsellprice":8201.44},{"block":11053266,"timestamp":1632063684,"swapAmountBNB":20,"uniswapv2buyprice":8244.71,"sushiswapv2buyprice":8225.84,"bakeryswapbuyprice":8343.25,"apeswapBuyPrice":8246.35,"uniswapv2sellprice":8202.99,"sushiswapv2sellprice":8200.98,"bakeryswapsellprice":8130.94,"apeswapsellprice":8201.45},{"block":11053267,"timestamp":1632063687,"swapAmountBNB":20,"uniswapv2buyprice":8244.58,"sushiswapv2buyprice":8233.81,"bakeryswapbuyprice":8343.25,"apeswapBuyPrice":8246.35,"uniswapv2sellprice":8202.86,"sushiswapv2sellprice":8208.92,"bakeryswapsellprice":8130.94,"apeswapsellprice":8201.45},{"block":11053268,"timestamp":1632063690,"swapAmountBNB":20,"uniswapv2buyprice":8244.55,"sushiswapv2buyprice":8233.91,"bakeryswapbuyprice":8343.25,"apeswapBuyPrice":8245.58,"uniswapv2sellprice":8202.83,"sushiswapv2sellprice":8209.02,"bakeryswapsellprice":8130.94,"apeswapsellprice":8200.68},{"block":11053269,"timestamp":1632063693,"swapAmountBNB":20,"uniswapv2buyprice":8244.35,"sushiswapv2buyprice":8233.91,"bakeryswapbuyprice":8343.25,"apeswapBuyPrice":8245.58,"uniswapv2sellprice":8202.63,"sushiswapv2sellprice":8209.02,"bakeryswapsellprice":8130.94,"apeswapsellprice":8200.68},{"block":11053270,"timestamp":1632063696,"swapAmountBNB":20,"uniswapv2buyprice":8244.35,"sushiswapv2buyprice":8239.81,"bakeryswapbuyprice":8343.25,"apeswapBuyPrice":8245.61,"uniswapv2sellprice":8202.63,"sushiswapv2sellprice":8214.89,"bakeryswapsellprice":8130.94,"apeswapsellprice":8200.71},{"block":11053271,"timestamp":1632063699,"swapAmountBNB":20,"uniswapv2buyprice":8244.36,"sushiswapv2buyprice":8242.2,"bakeryswapbuyprice":8343.25,"apeswapBuyPrice":8245.58,"uniswapv2sellprice":8202.64,"sushiswapv2sellprice":8217.28,"bakeryswapsellprice":8130.94,"apeswapsellprice":8200.68},{"block":11053272,"timestamp":1632063702,"swapAmountBNB":20,"uniswapv2buyprice":8244.36,"sushiswapv2buyprice":8242.25,"bakeryswapbuyprice":8343.25,"apeswapBuyPrice":8245.58,"uniswapv2sellprice":8202.64,"sushiswapv2sellprice":8217.33,"bakeryswapsellprice":8130.94,"apeswapsellprice":8200.68},{"block":11053273,"timestamp":1632063705,"swapAmountBNB":20,"uniswapv2buyprice":8244.25,"sushiswapv2buyprice":8242.25,"bakeryswapbuyprice":8343.25,"apeswapBuyPrice":8245.58,"uniswapv2sellprice":8202.53,"sushiswapv2sellprice":8217.33,"bakeryswapsellprice":8130.94,"apeswapsellprice":8200.68},{"block":11053274,"timestamp":1632063708,"swapAmountBNB":20,"uniswapv2buyprice":8244.25,"sushiswapv2buyprice":8244.63,"bakeryswapbuyprice":8343.25,"apeswapBuyPrice":8245.59,"uniswapv2sellprice":8202.53,"sushiswapv2sellprice":8219.7,"bakeryswapsellprice":8130.94,"apeswapsellprice":8200.69},{"block":11053275,"timestamp":1632063711,"swapAmountBNB":20,"uniswapv2buyprice":8244.24,"sushiswapv2buyprice":8244.63,"bakeryswapbuyprice":8343.25,"apeswapBuyPrice":8245.59,"uniswapv2sellprice":8202.52,"sushiswapv2sellprice":8219.7,"bakeryswapsellprice":8130.94,"apeswapsellprice":8200.69},{"block":11053276,"timestamp":1632063714,"swapAmountBNB":20,"uniswapv2buyprice":8244.18,"sushiswapv2buyprice":8244.49,"bakeryswapbuyprice":8343.25,"apeswapBuyPrice":8245.59,"uniswapv2sellprice":8202.46,"sushiswapv2sellprice":8219.57,"bakeryswapsellprice":8130.94,"apeswapsellprice":8200.69},{"block":11053277,"timestamp":1632063717,"swapAmountBNB":20,"uniswapv2buyprice":8244.19,"sushiswapv2buyprice":8244.49,"bakeryswapbuyprice":8343.25,"apeswapBuyPrice":8245.39,"uniswapv2sellprice":8202.47,"sushiswapv2sellprice":8219.57,"bakeryswapsellprice":8130.94,"apeswapsellprice":8200.69},{"block":11053278,"timestamp":1632063720,"swapAmountBNB":20,"uniswapv2buyprice":8244.82,"sushiswapv2buyprice":8244.49,"bakeryswapbuyprice":8343.25,"apeswapBuyPrice":8245.39,"uniswapv2sellprice":8203.1,"sushiswapv2sellprice":8219.57,"bakeryswapsellprice":8130.94,"apeswapsellprice":8200.49},{"block":11053279,"timestamp":1632063723,"swapAmountBNB":20,"uniswapv2buyprice":8244.83,"sushiswapv2buyprice":8244.49,"bakeryswapbuyprice":8343.25,"apeswapBuyPrice":8245.27,"uniswapv2sellprice":8203.11,"sushiswapv2sellprice":8219.57,"bakeryswapsellprice":8130.94,"apeswapsellprice":8200.37},{"block":11053280,"timestamp":1632063726,"swapAmountBNB":20,"uniswapv2buyprice":8244.83,"sushiswapv2buyprice":8244.49,"bakeryswapbuyprice":8343.25,"apeswapBuyPrice":8245.27,"uniswapv2sellprice":8203.11,"sushiswapv2sellprice":8219.57,"bakeryswapsellprice":8130.94,"apeswapsellprice":8200.37},{"block":11053281,"timestamp":1632063729,"swapAmountBNB":20,"uniswapv2buyprice":8244.83,"sushiswapv2buyprice":8244.49,"bakeryswapbuyprice":8343.25,"apeswapBuyPrice":8244.37,"uniswapv2sellprice":8203.11,"sushiswapv2sellprice":8219.57,"bakeryswapsellprice":8130.94,"apeswapsellprice":8199.48},{"block":11053282,"timestamp":1632063732,"swapAmountBNB":20,"uniswapv2buyprice":8244.85,"sushiswapv2buyprice":8243.59,"bakeryswapbuyprice":8343.25,"apeswapBuyPrice":8244.37,"uniswapv2sellprice":8203.13,"sushiswapv2sellprice":8218.66,"bakeryswapsellprice":8130.94,"apeswapsellprice":8199.48},{"block":11053283,"timestamp":1632063735,"swapAmountBNB":20,"uniswapv2buyprice":8245.02,"sushiswapv2buyprice":8243.59,"bakeryswapbuyprice":8343.25,"apeswapBuyPrice":8244.37,"uniswapv2sellprice":8203.3,"sushiswapv2sellprice":8218.66,"bakeryswapsellprice":8130.94,"apeswapsellprice":8199.48},{"block":11053284,"timestamp":1632063738,"swapAmountBNB":20,"uniswapv2buyprice":8245.41,"sushiswapv2buyprice":8243.54,"bakeryswapbuyprice":8343.25,"apeswapBuyPrice":8244.32,"uniswapv2sellprice":8203.69,"sushiswapv2sellprice":8218.62,"bakeryswapsellprice":8130.94,"apeswapsellprice":8199.42},{"block":11053285,"timestamp":1632063741,"swapAmountBNB":20,"uniswapv2buyprice":8245.39,"sushiswapv2buyprice":8243.54,"bakeryswapbuyprice":8343.25,"apeswapBuyPrice":8244.32,"uniswapv2sellprice":8203.67,"sushiswapv2sellprice":8218.62,"bakeryswapsellprice":8130.94,"apeswapsellprice":8199.42},{"block":11053286,"timestamp":1632063744,"swapAmountBNB":20,"uniswapv2buyprice":8245.42,"sushiswapv2buyprice":8243.54,"bakeryswapbuyprice":8343.25,"apeswapBuyPrice":8245.79,"uniswapv2sellprice":8203.69,"sushiswapv2sellprice":8218.62,"bakeryswapsellprice":8130.94,"apeswapsellprice":8200.88},{"block":11053287,"timestamp":1632063747,"swapAmountBNB":20,"uniswapv2buyprice":8245.35,"sushiswapv2buyprice":8243.54,"bakeryswapbuyprice":8343.25,"apeswapBuyPrice":8245.79,"uniswapv2sellprice":8203.62,"sushiswapv2sellprice":8218.62,"bakeryswapsellprice":8130.94,"apeswapsellprice":8200.88},{"block":11053288,"timestamp":1632063750,"swapAmountBNB":20,"uniswapv2buyprice":8245.48,"sushiswapv2buyprice":8243.42,"bakeryswapbuyprice":8343.25,"apeswapBuyPrice":8245.76,"uniswapv2sellprice":8203.76,"sushiswapv2sellprice":8218.62,"bakeryswapsellprice":8130.94,"apeswapsellprice":8200.86},{"block":11053289,"timestamp":1632063753,"swapAmountBNB":20,"uniswapv2buyprice":8245.43,"sushiswapv2buyprice":8243.42,"bakeryswapbuyprice":8343.21,"apeswapBuyPrice":8245.76,"uniswapv2sellprice":8203.71,"sushiswapv2sellprice":8218.49,"bakeryswapsellprice":8130.94,"apeswapsellprice":8200.86},{"block":11053290,"timestamp":1632063756,"swapAmountBNB":20,"uniswapv2buyprice":8245.43,"sushiswapv2buyprice":8243.42,"bakeryswapbuyprice":8343.21,"apeswapBuyPrice":8244.48,"uniswapv2sellprice":8203.71,"sushiswapv2sellprice":8218.49,"bakeryswapsellprice":8130.91,"apeswapsellprice":8199.58},{"block":11053291,"timestamp":1632063759,"swapAmountBNB":20,"uniswapv2buyprice":8245.41,"sushiswapv2buyprice":8241.76,"bakeryswapbuyprice":8343.21,"apeswapBuyPrice":8244.44,"uniswapv2sellprice":8203.69,"sushiswapv2sellprice":8216.84,"bakeryswapsellprice":8130.91,"apeswapsellprice":8199.54},{"block":11053292,"timestamp":1632063762,"swapAmountBNB":20,"uniswapv2buyprice":8245.15,"sushiswapv2buyprice":8240.9,"bakeryswapbuyprice":8343.21,"apeswapBuyPrice":8244.44,"uniswapv2sellprice":8203.42,"sushiswapv2sellprice":8215.99,"bakeryswapsellprice":8130.91,"apeswapsellprice":8199.54},{"block":11053293,"timestamp":1632063765,"swapAmountBNB":20,"uniswapv2buyprice":8245.11,"sushiswapv2buyprice":8240.9,"bakeryswapbuyprice":8343.21,"apeswapBuyPrice":8244.41,"uniswapv2sellprice":8203.38,"sushiswapv2sellprice":8215.99,"bakeryswapsellprice":8130.91,"apeswapsellprice":8199.54},{"block":11053294,"timestamp":1632063768,"swapAmountBNB":20,"uniswapv2buyprice":8245.07,"sushiswapv2buyprice":8240.9,"bakeryswapbuyprice":8343.21,"apeswapBuyPrice":8244.41,"uniswapv2sellprice":8203.35,"sushiswapv2sellprice":8215.99,"bakeryswapsellprice":8130.91,"apeswapsellprice":8199.51},{"block":11053295,"timestamp":1632063771,"swapAmountBNB":20,"uniswapv2buyprice":8245.03,"sushiswapv2buyprice":8240.9,"bakeryswapbuyprice":8343.21,"apeswapBuyPrice":8244.41,"uniswapv2sellprice":8203.31,"sushiswapv2sellprice":8215.99,"bakeryswapsellprice":8130.91,"apeswapsellprice":8199.51},{"block":11053296,"timestamp":1632063774,"swapAmountBNB":20,"uniswapv2buyprice":8245,"sushiswapv2buyprice":8240.9,"bakeryswapbuyprice":8343.21,"apeswapBuyPrice":8244.41,"uniswapv2sellprice":8203.28,"sushiswapv2sellprice":8215.99,"bakeryswapsellprice":8130.91,"apeswapsellprice":8199.51},{"block":11053297,"timestamp":1632063777,"swapAmountBNB":20,"uniswapv2buyprice":8244.82,"sushiswapv2buyprice":8240.24,"bakeryswapbuyprice":8343.21,"apeswapBuyPrice":8244.41,"uniswapv2sellprice":8203.1,"sushiswapv2sellprice":8215.32,"bakeryswapsellprice":8130.91,"apeswapsellprice":8199.51},{"block":11053298,"timestamp":1632063780,"swapAmountBNB":20,"uniswapv2buyprice":8244.94,"sushiswapv2buyprice":8239.73,"bakeryswapbuyprice":8343.21,"apeswapBuyPrice":8244.2,"uniswapv2sellprice":8203.22,"sushiswapv2sellprice":8214.82,"bakeryswapsellprice":8130.91,"apeswapsellprice":8199.31},{"block":11053299,"timestamp":1632063783,"swapAmountBNB":20,"uniswapv2buyprice":8244.92,"sushiswapv2buyprice":8239.73,"bakeryswapbuyprice":8343.21,"apeswapBuyPrice":8244.28,"uniswapv2sellprice":8203.2,"sushiswapv2sellprice":8214.82,"bakeryswapsellprice":8130.91,"apeswapsellprice":8199.31},{"block":11053300,"timestamp":1632063786,"swapAmountBNB":20,"uniswapv2buyprice":8244.96,"sushiswapv2buyprice":8239.73,"bakeryswapbuyprice":8341.46,"apeswapBuyPrice":8244.28,"uniswapv2sellprice":8203.24,"sushiswapv2sellprice":8214.82,"bakeryswapsellprice":8129.22,"apeswapsellprice":8199.38},{"block":11053301,"timestamp":1632063789,"swapAmountBNB":20,"uniswapv2buyprice":8245.03,"sushiswapv2buyprice":8240.29,"bakeryswapbuyprice":8341.46,"apeswapBuyPrice":8244.28,"uniswapv2sellprice":8203.31,"sushiswapv2sellprice":8215.38,"bakeryswapsellprice":8129.22,"apeswapsellprice":8199.38},{"block":11053302,"timestamp":1632063792,"swapAmountBNB":20,"uniswapv2buyprice":8245.05,"sushiswapv2buyprice":8240.4,"bakeryswapbuyprice":8341.46,"apeswapBuyPrice":8244.28,"uniswapv2sellprice":8203.33,"sushiswapv2sellprice":8215.48,"bakeryswapsellprice":8129.22,"apeswapsellprice":8199.38},{"block":11053303,"timestamp":1632063795,"swapAmountBNB":20,"uniswapv2buyprice":8245.03,"sushiswapv2buyprice":8240.4,"bakeryswapbuyprice":8341.46,"apeswapBuyPrice":8244.28,"uniswapv2sellprice":8203.31,"sushiswapv2sellprice":8215.48,"bakeryswapsellprice":8129.22,"apeswapsellprice":8199.38},{"block":11053304,"timestamp":1632063798,"swapAmountBNB":20,"uniswapv2buyprice":8244.95,"sushiswapv2buyprice":8240.4,"bakeryswapbuyprice":8341.46,"apeswapBuyPrice":8244.28,"uniswapv2sellprice":8203.23,"sushiswapv2sellprice":8215.48,"bakeryswapsellprice":8129.22,"apeswapsellprice":8199.38},{"block":11053305,"timestamp":1632063801,"swapAmountBNB":20,"uniswapv2buyprice":8244.94,"sushiswapv2buyprice":8240.4,"bakeryswapbuyprice":8341.46,"apeswapBuyPrice":8244.28,"uniswapv2sellprice":8203.22,"sushiswapv2sellprice":8215.48,"bakeryswapsellprice":8129.22,"apeswapsellprice":8199.38},{"block":11053306,"timestamp":1632063804,"swapAmountBNB":20,"uniswapv2buyprice":8244.91,"sushiswapv2buyprice":8240.4,"bakeryswapbuyprice":8341.46,"apeswapBuyPrice":8244.28,"uniswapv2sellprice":8203.19,"sushiswapv2sellprice":8215.48,"bakeryswapsellprice":8129.22,"apeswapsellprice":8199.38},{"block":11053307,"timestamp":1632063807,"swapAmountBNB":20,"uniswapv2buyprice":8244.93,"sushiswapv2buyprice":8240.4,"bakeryswapbuyprice":8341.46,"apeswapBuyPrice":8244.28,"uniswapv2sellprice":8203.21,"sushiswapv2sellprice":8215.48,"bakeryswapsellprice":8129.22,"apeswapsellprice":8199.38},{"block":11053308,"timestamp":1632063810,"swapAmountBNB":20,"uniswapv2buyprice":8246.88,"sushiswapv2buyprice":8240.4,"bakeryswapbuyprice":8341.46,"apeswapBuyPrice":8244.28,"uniswapv2sellprice":8205.15,"sushiswapv2sellprice":8215.48,"bakeryswapsellprice":8129.22,"apeswapsellprice":8199.38},{"block":11053309,"timestamp":1632063813,"swapAmountBNB":20,"uniswapv2buyprice":8246.87,"sushiswapv2buyprice":8240.4,"bakeryswapbuyprice":8341.46,"apeswapBuyPrice":8244.24,"uniswapv2sellprice":8205.14,"sushiswapv2sellprice":8215.48,"bakeryswapsellprice":8129.22,"apeswapsellprice":8199.35},{"block":11053310,"timestamp":1632063816,"swapAmountBNB":20,"uniswapv2buyprice":8246.88,"sushiswapv2buyprice":8240.4,"bakeryswapbuyprice":8341.46,"apeswapBuyPrice":8244.24,"uniswapv2sellprice":8205.15,"sushiswapv2sellprice":8215.48,"bakeryswapsellprice":8129.22,"apeswapsellprice":8199.35},{"block":11053311,"timestamp":1632063819,"swapAmountBNB":20,"uniswapv2buyprice":8246.88,"sushiswapv2buyprice":8240.4,"bakeryswapbuyprice":8341.46,"apeswapBuyPrice":8244.24,"uniswapv2sellprice":8205.15,"sushiswapv2sellprice":8215.48,"bakeryswapsellprice":8129.22,"apeswapsellprice":8199.35},{"block":11053312,"timestamp":1632063822,"swapAmountBNB":20,"uniswapv2buyprice":8247.05,"sushiswapv2buyprice":8240.4,"bakeryswapbuyprice":8341.46,"apeswapBuyPrice":8244.24,"uniswapv2sellprice":8205.31,"sushiswapv2sellprice":8215.48,"bakeryswapsellprice":8129.22,"apeswapsellprice":8199.35},{"block":11053313,"timestamp":1632063825,"swapAmountBNB":20,"uniswapv2buyprice":8247.07,"sushiswapv2buyprice":8240.87,"bakeryswapbuyprice":8359.83,"apeswapBuyPrice":8244.26,"uniswapv2sellprice":8205.34,"sushiswapv2sellprice":8215.95,"bakeryswapsellprice":8146.94,"apeswapsellprice":8199.36},{"block":11053314,"timestamp":1632063828,"swapAmountBNB":20,"uniswapv2buyprice":8247.09,"sushiswapv2buyprice":8240.87,"bakeryswapbuyprice":8359.83,"apeswapBuyPrice":8244.26,"uniswapv2sellprice":8205.36,"sushiswapv2sellprice":8215.95,"bakeryswapsellprice":8146.94,"apeswapsellprice":8199.36},{"block":11053315,"timestamp":1632063831,"swapAmountBNB":20,"uniswapv2buyprice":8247.09,"sushiswapv2buyprice":8240.45,"bakeryswapbuyprice":8359.83,"apeswapBuyPrice":8244.26,"uniswapv2sellprice":8205.36,"sushiswapv2sellprice":8215.53,"bakeryswapsellprice":8146.94,"apeswapsellprice":8199.36},{"block":11053316,"timestamp":1632063834,"swapAmountBNB":20,"uniswapv2buyprice":8247.11,"sushiswapv2buyprice":8240.45,"bakeryswapbuyprice":8359.83,"apeswapBuyPrice":8244.26,"uniswapv2sellprice":8205.37,"sushiswapv2sellprice":8215.53,"bakeryswapsellprice":8146.94,"apeswapsellprice":8199.36},{"block":11053317,"timestamp":1632063837,"swapAmountBNB":20,"uniswapv2buyprice":8247.05,"sushiswapv2buyprice":8240.64,"bakeryswapbuyprice":8359.83,"apeswapBuyPrice":8244.26,"uniswapv2sellprice":8205.32,"sushiswapv2sellprice":8215.72,"bakeryswapsellprice":8146.94,"apeswapsellprice":8199.36},{"block":11053318,"timestamp":1632063840,"swapAmountBNB":20,"uniswapv2buyprice":8247.06,"sushiswapv2buyprice":8240.64,"bakeryswapbuyprice":8359.83,"apeswapBuyPrice":8244.26,"uniswapv2sellprice":8205.32,"sushiswapv2sellprice":8215.72,"bakeryswapsellprice":8146.94,"apeswapsellprice":8199.36},{"block":11053319,"timestamp":1632063843,"swapAmountBNB":20,"uniswapv2buyprice":8246.98,"sushiswapv2buyprice":8240.64,"bakeryswapbuyprice":8359.83,"apeswapBuyPrice":8244.26,"uniswapv2sellprice":8205.24,"sushiswapv2sellprice":8215.72,"bakeryswapsellprice":8146.94,"apeswapsellprice":8199.36},{"block":11053320,"timestamp":1632063846,"swapAmountBNB":20,"uniswapv2buyprice":8247,"sushiswapv2buyprice":8241.35,"bakeryswapbuyprice":8357.52,"apeswapBuyPrice":8243.96,"uniswapv2sellprice":8205.27,"sushiswapv2sellprice":8216.43,"bakeryswapsellprice":8144.72,"apeswapsellprice":8199.07},{"block":11053321,"timestamp":1632063849,"swapAmountBNB":20,"uniswapv2buyprice":8247.02,"sushiswapv2buyprice":8241.35,"bakeryswapbuyprice":8357.52,"apeswapBuyPrice":8243.1,"uniswapv2sellprice":8205.29,"sushiswapv2sellprice":8216.43,"bakeryswapsellprice":8144.72,"apeswapsellprice":8198.22},{"block":11053322,"timestamp":1632063852,"swapAmountBNB":20,"uniswapv2buyprice":8246.74,"sushiswapv2buyprice":8241.35,"bakeryswapbuyprice":8357.52,"apeswapBuyPrice":8243.1,"uniswapv2sellprice":8205.01,"sushiswapv2sellprice":8216.43,"bakeryswapsellprice":8144.72,"apeswapsellprice":8198.22},{"block":11053323,"timestamp":1632063855,"swapAmountBNB":20,"uniswapv2buyprice":8246.79,"sushiswapv2buyprice":8241.35,"bakeryswapbuyprice":8349.22,"apeswapBuyPrice":8243.38,"uniswapv2sellprice":8205.06,"sushiswapv2sellprice":8216.43,"bakeryswapsellprice":8136.71,"apeswapsellprice":8198.49},{"block":11053324,"timestamp":1632063858,"swapAmountBNB":20,"uniswapv2buyprice":8247.13,"sushiswapv2buyprice":8241.35,"bakeryswapbuyprice":8349.22,"apeswapBuyPrice":8244.19,"uniswapv2sellprice":8205.39,"sushiswapv2sellprice":8216.43,"bakeryswapsellprice":8136.71,"apeswapsellprice":8198.49},{"block":11053325,"timestamp":1632063861,"swapAmountBNB":20,"uniswapv2buyprice":8247.09,"sushiswapv2buyprice":8241.35,"bakeryswapbuyprice":8349.22,"apeswapBuyPrice":8244.19,"uniswapv2sellprice":8205.35,"sushiswapv2sellprice":8216.43,"bakeryswapsellprice":8136.71,"apeswapsellprice":8199.3},{"block":11053326,"timestamp":1632063864,"swapAmountBNB":20,"uniswapv2buyprice":8246.54,"sushiswapv2buyprice":8241.35,"bakeryswapbuyprice":8341.9,"apeswapBuyPrice":8244.19,"uniswapv2sellprice":8204.81,"sushiswapv2sellprice":8216.43,"bakeryswapsellprice":8129.64,"apeswapsellprice":8199.3},{"block":11053327,"timestamp":1632063867,"swapAmountBNB":20,"uniswapv2buyprice":8246.55,"sushiswapv2buyprice":8241.35,"bakeryswapbuyprice":8341.55,"apeswapBuyPrice":8244.19,"uniswapv2sellprice":8204.82,"sushiswapv2sellprice":8216.43,"bakeryswapsellprice":8129.64,"apeswapsellprice":8199.3},{"block":11053328,"timestamp":1632063870,"swapAmountBNB":20,"uniswapv2buyprice":8246.55,"sushiswapv2buyprice":8241.47,"bakeryswapbuyprice":8341.55,"apeswapBuyPrice":8244.19,"uniswapv2sellprice":8204.82,"sushiswapv2sellprice":8216.56,"bakeryswapsellprice":8129.3,"apeswapsellprice":8199.3},{"block":11053329,"timestamp":1632063873,"swapAmountBNB":20,"uniswapv2buyprice":8246.33,"sushiswapv2buyprice":8241.47,"bakeryswapbuyprice":8341.55,"apeswapBuyPrice":8244.19,"uniswapv2sellprice":8204.61,"sushiswapv2sellprice":8216.56,"bakeryswapsellprice":8129.3,"apeswapsellprice":8199.3},{"block":11053330,"timestamp":1632063876,"swapAmountBNB":20,"uniswapv2buyprice":8246.34,"sushiswapv2buyprice":8241.47,"bakeryswapbuyprice":8341.55,"apeswapBuyPrice":8247.98,"uniswapv2sellprice":8204.61,"sushiswapv2sellprice":8216.56,"bakeryswapsellprice":8129.3,"apeswapsellprice":8199.3},{"block":11053331,"timestamp":1632063879,"swapAmountBNB":20,"uniswapv2buyprice":8246.29,"sushiswapv2buyprice":8246.21,"bakeryswapbuyprice":8341.55,"apeswapBuyPrice":8247.98,"uniswapv2sellprice":8204.56,"sushiswapv2sellprice":8221.28,"bakeryswapsellprice":8129.3,"apeswapsellprice":8203.06},{"block":11053332,"timestamp":1632063882,"swapAmountBNB":20,"uniswapv2buyprice":8246.23,"sushiswapv2buyprice":8246.21,"bakeryswapbuyprice":8340.72,"apeswapBuyPrice":8247.98,"uniswapv2sellprice":8204.51,"sushiswapv2sellprice":8221.28,"bakeryswapsellprice":8128.5,"apeswapsellprice":8203.06},{"block":11053333,"timestamp":1632063885,"swapAmountBNB":20,"uniswapv2buyprice":8246.08,"sushiswapv2buyprice":8246.17,"bakeryswapbuyprice":8340.72,"apeswapBuyPrice":8247.98,"uniswapv2sellprice":8204.36,"sushiswapv2sellprice":8221.24,"bakeryswapsellprice":8128.5,"apeswapsellprice":8203.06},{"block":11053334,"timestamp":1632063888,"swapAmountBNB":20,"uniswapv2buyprice":8246.1,"sushiswapv2buyprice":8246.17,"bakeryswapbuyprice":8340.72,"apeswapBuyPrice":8247.18,"uniswapv2sellprice":8204.38,"sushiswapv2sellprice":8221.24,"bakeryswapsellprice":8128.5,"apeswapsellprice":8202.27},{"block":11053335,"timestamp":1632063891,"swapAmountBNB":20,"uniswapv2buyprice":8246.08,"sushiswapv2buyprice":8246.17,"bakeryswapbuyprice":8340.72,"apeswapBuyPrice":8246.58,"uniswapv2sellprice":8204.35,"sushiswapv2sellprice":8221.24,"bakeryswapsellprice":8128.5,"apeswapsellprice":8201.67},{"block":11053336,"timestamp":1632063894,"swapAmountBNB":20,"uniswapv2buyprice":8246.14,"sushiswapv2buyprice":8252.35,"bakeryswapbuyprice":8340.72,"apeswapBuyPrice":8246.58,"uniswapv2sellprice":8204.41,"sushiswapv2sellprice":8227.39,"bakeryswapsellprice":8128.5,"apeswapsellprice":8201.67},{"block":11053337,"timestamp":1632063897,"swapAmountBNB":20,"uniswapv2buyprice":8246.17,"sushiswapv2buyprice":8252.35,"bakeryswapbuyprice":8340.72,"apeswapBuyPrice":8246.49,"uniswapv2sellprice":8204.45,"sushiswapv2sellprice":8227.39,"bakeryswapsellprice":8128.5,"apeswapsellprice":8201.59},{"block":11053338,"timestamp":1632063900,"swapAmountBNB":20,"uniswapv2buyprice":8246.17,"sushiswapv2buyprice":8252.35,"bakeryswapbuyprice":8340.72,"apeswapBuyPrice":8248.54,"uniswapv2sellprice":8204.44,"sushiswapv2sellprice":8227.39,"bakeryswapsellprice":8128.5,"apeswapsellprice":8203.62},{"block":11053339,"timestamp":1632063903,"swapAmountBNB":20,"uniswapv2buyprice":8246.17,"sushiswapv2buyprice":8247.68,"bakeryswapbuyprice":8340.72,"apeswapBuyPrice":8248.54,"uniswapv2sellprice":8204.45,"sushiswapv2sellprice":8222.74,"bakeryswapsellprice":8128.5,"apeswapsellprice":8203.62},{"block":11053340,"timestamp":1632063906,"swapAmountBNB":20,"uniswapv2buyprice":8246.16,"sushiswapv2buyprice":8247.68,"bakeryswapbuyprice":8340.72,"apeswapBuyPrice":8248.54,"uniswapv2sellprice":8204.43,"sushiswapv2sellprice":8222.74,"bakeryswapsellprice":8128.5,"apeswapsellprice":8203.62},{"block":11053341,"timestamp":1632063909,"swapAmountBNB":20,"uniswapv2buyprice":8246.14,"sushiswapv2buyprice":8247.57,"bakeryswapbuyprice":8340.72,"apeswapBuyPrice":8248.54,"uniswapv2sellprice":8204.41,"sushiswapv2sellprice":8222.63,"bakeryswapsellprice":8128.5,"apeswapsellprice":8203.62},{"block":11053342,"timestamp":1632063912,"swapAmountBNB":20,"uniswapv2buyprice":8246.13,"sushiswapv2buyprice":8247.57,"bakeryswapbuyprice":8340.72,"apeswapBuyPrice":8248.54,"uniswapv2sellprice":8204.41,"sushiswapv2sellprice":8222.63,"bakeryswapsellprice":8128.5,"apeswapsellprice":8203.62},{"block":11053343,"timestamp":1632063915,"swapAmountBNB":20,"uniswapv2buyprice":8246.14,"sushiswapv2buyprice":8247.47,"bakeryswapbuyprice":8340.72,"apeswapBuyPrice":8248.54,"uniswapv2sellprice":8204.41,"sushiswapv2sellprice":8222.53,"bakeryswapsellprice":8128.5,"apeswapsellprice":8203.62},{"block":11053344,"timestamp":1632063918,"swapAmountBNB":20,"uniswapv2buyprice":8246.15,"sushiswapv2buyprice":8247.33,"bakeryswapbuyprice":8340.72,"apeswapBuyPrice":8248.54,"uniswapv2sellprice":8204.42,"sushiswapv2sellprice":8222.39,"bakeryswapsellprice":8128.5,"apeswapsellprice":8203.62},{"block":11053345,"timestamp":1632063921,"swapAmountBNB":20,"uniswapv2buyprice":8246.17,"sushiswapv2buyprice":8247.33,"bakeryswapbuyprice":8340.72,"apeswapBuyPrice":8248.54,"uniswapv2sellprice":8204.45,"sushiswapv2sellprice":8222.39,"bakeryswapsellprice":8128.5,"apeswapsellprice":8203.62},{"block":11053346,"timestamp":1632063924,"swapAmountBNB":20,"uniswapv2buyprice":8246.2,"sushiswapv2buyprice":8247.33,"bakeryswapbuyprice":8340.72,"apeswapBuyPrice":8249.37,"uniswapv2sellprice":8204.47,"sushiswapv2sellprice":8222.39,"bakeryswapsellprice":8128.5,"apeswapsellprice":8204.44},{"block":11053347,"timestamp":1632063927,"swapAmountBNB":20,"uniswapv2buyprice":8246.61,"sushiswapv2buyprice":8242.67,"bakeryswapbuyprice":8340.72,"apeswapBuyPrice":8249.25,"uniswapv2sellprice":8204.88,"sushiswapv2sellprice":8217.75,"bakeryswapsellprice":8128.5,"apeswapsellprice":8204.32},{"block":11053348,"timestamp":1632063930,"swapAmountBNB":20,"uniswapv2buyprice":8246.62,"sushiswapv2buyprice":8242.67,"bakeryswapbuyprice":8340.72,"apeswapBuyPrice":8249.25,"uniswapv2sellprice":8204.89,"sushiswapv2sellprice":8217.75,"bakeryswapsellprice":8128.5,"apeswapsellprice":8204.32},{"block":11053349,"timestamp":1632063933,"swapAmountBNB":20,"uniswapv2buyprice":8246.64,"sushiswapv2buyprice":8242.67,"bakeryswapbuyprice":8340.72,"apeswapBuyPrice":8249.25,"uniswapv2sellprice":8204.91,"sushiswapv2sellprice":8217.75,"bakeryswapsellprice":8128.5,"apeswapsellprice":8204.32},{"block":11053350,"timestamp":1632063936,"swapAmountBNB":20,"uniswapv2buyprice":8246.74,"sushiswapv2buyprice":8242.67,"bakeryswapbuyprice":8340.72,"apeswapBuyPrice":8249.25,"uniswapv2sellprice":8205.01,"sushiswapv2sellprice":8217.75,"bakeryswapsellprice":8128.5,"apeswapsellprice":8204.32},{"block":11053351,"timestamp":1632063939,"swapAmountBNB":20,"uniswapv2buyprice":8246.78,"sushiswapv2buyprice":8242.67,"bakeryswapbuyprice":8340.72,"apeswapBuyPrice":8249.25,"uniswapv2sellprice":8205.05,"sushiswapv2sellprice":8217.75,"bakeryswapsellprice":8128.5,"apeswapsellprice":8204.32},{"block":11053352,"timestamp":1632063942,"swapAmountBNB":20,"uniswapv2buyprice":8246.9,"sushiswapv2buyprice":8242.67,"bakeryswapbuyprice":8340.72,"apeswapBuyPrice":8249.25,"uniswapv2sellprice":8205.17,"sushiswapv2sellprice":8217.75,"bakeryswapsellprice":8128.5,"apeswapsellprice":8204.32},{"block":11053353,"timestamp":1632063945,"swapAmountBNB":20,"uniswapv2buyprice":8246.78,"sushiswapv2buyprice":8242.67,"bakeryswapbuyprice":8340.72,"apeswapBuyPrice":8249.25,"uniswapv2sellprice":8205.05,"sushiswapv2sellprice":8217.75,"bakeryswapsellprice":8128.5,"apeswapsellprice":8204.32},{"block":11053354,"timestamp":1632063948,"swapAmountBNB":20,"uniswapv2buyprice":8246.73,"sushiswapv2buyprice":8247.34,"bakeryswapbuyprice":8340.72,"apeswapBuyPrice":8249.25,"uniswapv2sellprice":8205,"sushiswapv2sellprice":8222.4,"bakeryswapsellprice":8128.5,"apeswapsellprice":8204.32},{"block":11053355,"timestamp":1632063951,"swapAmountBNB":20,"uniswapv2buyprice":8246.89,"sushiswapv2buyprice":8247.34,"bakeryswapbuyprice":8340.72,"apeswapBuyPrice":8249.25,"uniswapv2sellprice":8205.16,"sushiswapv2sellprice":8222.4,"bakeryswapsellprice":8128.5,"apeswapsellprice":8204.32},{"block":11053356,"timestamp":1632063954,"swapAmountBNB":20,"uniswapv2buyprice":8246.96,"sushiswapv2buyprice":8245.85,"bakeryswapbuyprice":8340.72,"apeswapBuyPrice":8249.25,"uniswapv2sellprice":8205.23,"sushiswapv2sellprice":8220.92,"bakeryswapsellprice":8128.5,"apeswapsellprice":8204.32},{"block":11053357,"timestamp":1632063957,"swapAmountBNB":20,"uniswapv2buyprice":8247.06,"sushiswapv2buyprice":8245.78,"bakeryswapbuyprice":8340.72,"apeswapBuyPrice":8249.25,"uniswapv2sellprice":8205.33,"sushiswapv2sellprice":8220.85,"bakeryswapsellprice":8128.5,"apeswapsellprice":8204.32},{"block":11053358,"timestamp":1632063960,"swapAmountBNB":20,"uniswapv2buyprice":8247.01,"sushiswapv2buyprice":8250.4,"bakeryswapbuyprice":8340.72,"apeswapBuyPrice":8249.25,"uniswapv2sellprice":8205.28,"sushiswapv2sellprice":8225.71,"bakeryswapsellprice":8128.5,"apeswapsellprice":8204.32},{"block":11053359,"timestamp":1632063963,"swapAmountBNB":20,"uniswapv2buyprice":8247.84,"sushiswapv2buyprice":8250.4,"bakeryswapbuyprice":8340.72,"apeswapBuyPrice":8249.25,"uniswapv2sellprice":8206.11,"sushiswapv2sellprice":8225.45,"bakeryswapsellprice":8128.5,"apeswapsellprice":8204.32},{"block":11053360,"timestamp":1632063966,"swapAmountBNB":20,"uniswapv2buyprice":8247.87,"sushiswapv2buyprice":8250.4,"bakeryswapbuyprice":8340.72,"apeswapBuyPrice":8249.25,"uniswapv2sellprice":8206.13,"sushiswapv2sellprice":8225.45,"bakeryswapsellprice":8128.5,"apeswapsellprice":8204.32},{"block":11053361,"timestamp":1632063969,"swapAmountBNB":20,"uniswapv2buyprice":8247.81,"sushiswapv2buyprice":8250.36,"bakeryswapbuyprice":8340.72,"apeswapBuyPrice":8249.25,"uniswapv2sellprice":8206.07,"sushiswapv2sellprice":8225.41,"bakeryswapsellprice":8128.5,"apeswapsellprice":8204.33},{"block":11053362,"timestamp":1632063972,"swapAmountBNB":20,"uniswapv2buyprice":8247.78,"sushiswapv2buyprice":8250.32,"bakeryswapbuyprice":8340.72,"apeswapBuyPrice":8249.25,"uniswapv2sellprice":8206.04,"sushiswapv2sellprice":8225.37,"bakeryswapsellprice":8128.5,"apeswapsellprice":8204.33},{"block":11053363,"timestamp":1632063975,"swapAmountBNB":20,"uniswapv2buyprice":8247.07,"sushiswapv2buyprice":8249.77,"bakeryswapbuyprice":8340.72,"apeswapBuyPrice":8249.25,"uniswapv2sellprice":8205.34,"sushiswapv2sellprice":8224.83,"bakeryswapsellprice":8128.5,"apeswapsellprice":8204.33},{"block":11053364,"timestamp":1632063978,"swapAmountBNB":20,"uniswapv2buyprice":8247.07,"sushiswapv2buyprice":8249.77,"bakeryswapbuyprice":8340.72,"apeswapBuyPrice":8249.25,"uniswapv2sellprice":8205.34,"sushiswapv2sellprice":8224.83,"bakeryswapsellprice":8128.5,"apeswapsellprice":8204.33},{"block":11053365,"timestamp":1632063981,"swapAmountBNB":20,"uniswapv2buyprice":8247.09,"sushiswapv2buyprice":8249.77,"bakeryswapbuyprice":8340.72,"apeswapBuyPrice":8249.29,"uniswapv2sellprice":8205.35,"sushiswapv2sellprice":8224.83,"bakeryswapsellprice":8128.5,"apeswapsellprice":8204.33},{"block":11053366,"timestamp":1632063984,"swapAmountBNB":20,"uniswapv2buyprice":8247.11,"sushiswapv2buyprice":8249.77,"bakeryswapbuyprice":8340.72,"apeswapBuyPrice":8249.3,"uniswapv2sellprice":8205.38,"sushiswapv2sellprice":8224.83,"bakeryswapsellprice":8128.5,"apeswapsellprice":8204.36},{"block":11053367,"timestamp":1632063987,"swapAmountBNB":20,"uniswapv2buyprice":8247.11,"sushiswapv2buyprice":8249.77,"bakeryswapbuyprice":8340.72,"apeswapBuyPrice":8249.3,"uniswapv2sellprice":8205.38,"sushiswapv2sellprice":8224.83,"bakeryswapsellprice":8128.5,"apeswapsellprice":8204.38},{"block":11053368,"timestamp":1632063990,"swapAmountBNB":20,"uniswapv2buyprice":8247.1,"sushiswapv2buyprice":8249.77,"bakeryswapbuyprice":8340.72,"apeswapBuyPrice":8249.32,"uniswapv2sellprice":8205.36,"sushiswapv2sellprice":8224.83,"bakeryswapsellprice":8128.5,"apeswapsellprice":8204.38},{"block":11053369,"timestamp":1632063993,"swapAmountBNB":20,"uniswapv2buyprice":8247.15,"sushiswapv2buyprice":8249.77,"bakeryswapbuyprice":8340.72,"apeswapBuyPrice":8249.32,"uniswapv2sellprice":8205.42,"sushiswapv2sellprice":8224.83,"bakeryswapsellprice":8128.5,"apeswapsellprice":8204.4},{"block":11053370,"timestamp":1632063996,"swapAmountBNB":20,"uniswapv2buyprice":8246.93,"sushiswapv2buyprice":8249.77,"bakeryswapbuyprice":8340.72,"apeswapBuyPrice":8249.32,"uniswapv2sellprice":8205.2,"sushiswapv2sellprice":8224.83,"bakeryswapsellprice":8128.5,"apeswapsellprice":8204.4},{"block":11053371,"timestamp":1632063999,"swapAmountBNB":20,"uniswapv2buyprice":8246.93,"sushiswapv2buyprice":8249.67,"bakeryswapbuyprice":8340.72,"apeswapBuyPrice":8249.32,"uniswapv2sellprice":8205.2,"sushiswapv2sellprice":8224.72,"bakeryswapsellprice":8128.5,"apeswapsellprice":8204.4},{"block":11053372,"timestamp":1632064002,"swapAmountBNB":20,"uniswapv2buyprice":8246.96,"sushiswapv2buyprice":8249.67,"bakeryswapbuyprice":8340.72,"apeswapBuyPrice":8249.34,"uniswapv2sellprice":8205.22,"sushiswapv2sellprice":8224.72,"bakeryswapsellprice":8128.5,"apeswapsellprice":8204.41},{"block":11053373,"timestamp":1632064005,"swapAmountBNB":20,"uniswapv2buyprice":8246.94,"sushiswapv2buyprice":8249.67,"bakeryswapbuyprice":8340.72,"apeswapBuyPrice":8249.34,"uniswapv2sellprice":8205.21,"sushiswapv2sellprice":8224.72,"bakeryswapsellprice":8128.5,"apeswapsellprice":8204.41},{"block":11053374,"timestamp":1632064008,"swapAmountBNB":20,"uniswapv2buyprice":8246.94,"sushiswapv2buyprice":8249.67,"bakeryswapbuyprice":8340.72,"apeswapBuyPrice":8248.94,"uniswapv2sellprice":8205.21,"sushiswapv2sellprice":8224.72,"bakeryswapsellprice":8128.5,"apeswapsellprice":8204.02},{"block":11053375,"timestamp":1632064011,"swapAmountBNB":20,"uniswapv2buyprice":8246.99,"sushiswapv2buyprice":8249.67,"bakeryswapbuyprice":8340.72,"apeswapBuyPrice":8248.94,"uniswapv2sellprice":8205.26,"sushiswapv2sellprice":8224.72,"bakeryswapsellprice":8128.5,"apeswapsellprice":8204.02},{"block":11053376,"timestamp":1632064014,"swapAmountBNB":20,"uniswapv2buyprice":8246.88,"sushiswapv2buyprice":8249.67,"bakeryswapbuyprice":8340.72,"apeswapBuyPrice":8248.94,"uniswapv2sellprice":8205.15,"sushiswapv2sellprice":8224.72,"bakeryswapsellprice":8128.5,"apeswapsellprice":8204.02},{"block":11053377,"timestamp":1632064017,"swapAmountBNB":20,"uniswapv2buyprice":8246.89,"sushiswapv2buyprice":8249.67,"bakeryswapbuyprice":8340.72,"apeswapBuyPrice":8248.94,"uniswapv2sellprice":8205.16,"sushiswapv2sellprice":8224.72,"bakeryswapsellprice":8128.5,"apeswapsellprice":8204.02},{"block":11053378,"timestamp":1632064020,"swapAmountBNB":20,"uniswapv2buyprice":8246.94,"sushiswapv2buyprice":8249.67,"bakeryswapbuyprice":8340.72,"apeswapBuyPrice":8248.94,"uniswapv2sellprice":8205.21,"sushiswapv2sellprice":8224.72,"bakeryswapsellprice":8128.5,"apeswapsellprice":8204.02},{"block":11053379,"timestamp":1632064023,"swapAmountBNB":20,"uniswapv2buyprice":8246.9,"sushiswapv2buyprice":8249.67,"bakeryswapbuyprice":8366.98,"apeswapBuyPrice":8248.94,"uniswapv2sellprice":8205.17,"sushiswapv2sellprice":8224.72,"bakeryswapsellprice":8153.84,"apeswapsellprice":8204.02},{"block":11053380,"timestamp":1632064026,"swapAmountBNB":20,"uniswapv2buyprice":8246.87,"sushiswapv2buyprice":8248.36,"bakeryswapbuyprice":8366.98,"apeswapBuyPrice":8248.94,"uniswapv2sellprice":8205.13,"sushiswapv2sellprice":8223.42,"bakeryswapsellprice":8153.84,"apeswapsellprice":8204.02}]}