{"table":[{"block":11506846,"timestamp":1633434051,"swapAmountBNB":5,"uniswapv2buyprice":2211.33,"sushiswapv2buyprice":2206.49,"bakeryswapbuyprice":2223.8,"apeswapBuyPrice":2212.29,"uniswapv2sellprice":2200.24,"sushiswapv2sellprice":2201.11,"bakeryswapsellprice":2194.76,"apeswapsellprice":2202.25},{"block":11506847,"timestamp":1633434054,"swapAmountBNB":5,"uniswapv2buyprice":2211.33,"sushiswapv2buyprice":2206.49,"bakeryswapbuyprice":2223.8,"apeswapBuyPrice":2212.29,"uniswapv2sellprice":2200.24,"sushiswapv2sellprice":2201.11,"bakeryswapsellprice":2194.76,"apeswapsellprice":2202.25},{"block":11506848,"timestamp":1633434057,"swapAmountBNB":5,"uniswapv2buyprice":2211.23,"sushiswapv2buyprice":2206.52,"bakeryswapbuyprice":2223.8,"apeswapBuyPrice":2212.29,"uniswapv2sellprice":2200.14,"sushiswapv2sellprice":2201.14,"bakeryswapsellprice":2194.76,"apeswapsellprice":2202.25},{"block":11506849,"timestamp":1633434060,"swapAmountBNB":5,"uniswapv2buyprice":2211.18,"sushiswapv2buyprice":2206.52,"bakeryswapbuyprice":2223.8,"apeswapBuyPrice":2212.29,"uniswapv2sellprice":2200.09,"sushiswapv2sellprice":2201.14,"bakeryswapsellprice":2194.76,"apeswapsellprice":2202.25},{"block":11506850,"timestamp":1633434063,"swapAmountBNB":5,"uniswapv2buyprice":2211.14,"sushiswapv2buyprice":2206.73,"bakeryswapbuyprice":2223.8,"apeswapBuyPrice":2212.29,"uniswapv2sellprice":2200.05,"sushiswapv2sellprice":2201.35,"bakeryswapsellprice":2194.76,"apeswapsellprice":2202.25},{"block":11506851,"timestamp":1633434066,"swapAmountBNB":5,"uniswapv2buyprice":2211.12,"sushiswapv2buyprice":2206.73,"bakeryswapbuyprice":2223.8,"apeswapBuyPrice":2211.8,"uniswapv2sellprice":2200.03,"sushiswapv2sellprice":2201.35,"bakeryswapsellprice":2194.76,"apeswapsellprice":2201.77},{"block":11506852,"timestamp":1633434069,"swapAmountBNB":5,"uniswapv2buyprice":2211.12,"sushiswapv2buyprice":2206.73,"bakeryswapbuyprice":2223.8,"apeswapBuyPrice":2211.8,"uniswapv2sellprice":2200.03,"sushiswapv2sellprice":2201.35,"bakeryswapsellprice":2194.76,"apeswapsellprice":2201.77},{"block":11506853,"timestamp":1633434072,"swapAmountBNB":5,"uniswapv2buyprice":2211.15,"sushiswapv2buyprice":2206.73,"bakeryswapbuyprice":2223.8,"apeswapBuyPrice":2211.67,"uniswapv2sellprice":2200.05,"sushiswapv2sellprice":2201.35,"bakeryswapsellprice":2194.76,"apeswapsellprice":2201.63},{"block":11506854,"timestamp":1633434075,"swapAmountBNB":5,"uniswapv2buyprice":2211.14,"sushiswapv2buyprice":2206.73,"bakeryswapbuyprice":2223.8,"apeswapBuyPrice":2211.67,"uniswapv2sellprice":2200.05,"sushiswapv2sellprice":2201.35,"bakeryswapsellprice":2194.76,"apeswapsellprice":2201.63},{"block":11506855,"timestamp":1633434078,"swapAmountBNB":5,"uniswapv2buyprice":2211.12,"sushiswapv2buyprice":2206.73,"bakeryswapbuyprice":2223.8,"apeswapBuyPrice":2210.23,"uniswapv2sellprice":2200.03,"sushiswapv2sellprice":2201.35,"bakeryswapsellprice":2194.76,"apeswapsellprice":2200.2},{"block":11506856,"timestamp":1633434081,"swapAmountBNB":5,"uniswapv2buyprice":2211.12,"sushiswapv2buyprice":2206.73,"bakeryswapbuyprice":2223.8,"apeswapBuyPrice":2210.36,"uniswapv2sellprice":2200.03,"sushiswapv2sellprice":2201.35,"bakeryswapsellprice":2194.76,"apeswapsellprice":2200.32},{"block":11506857,"timestamp":1633434084,"swapAmountBNB":5,"uniswapv2buyprice":2211.06,"sushiswapv2buyprice":2206.77,"bakeryswapbuyprice":2223.8,"apeswapBuyPrice":2210.36,"uniswapv2sellprice":2199.97,"sushiswapv2sellprice":2201.38,"bakeryswapsellprice":2194.76,"apeswapsellprice":2200.32},{"block":11506858,"timestamp":1633434087,"swapAmountBNB":5,"uniswapv2buyprice":2211.08,"sushiswapv2buyprice":2206.79,"bakeryswapbuyprice":2223.8,"apeswapBuyPrice":2211.93,"uniswapv2sellprice":2199.99,"sushiswapv2sellprice":2201.41,"bakeryswapsellprice":2194.76,"apeswapsellprice":2201.89},{"block":11506859,"timestamp":1633434090,"swapAmountBNB":5,"uniswapv2buyprice":2211.04,"sushiswapv2buyprice":2206.79,"bakeryswapbuyprice":2223.8,"apeswapBuyPrice":2211.93,"uniswapv2sellprice":2199.95,"sushiswapv2sellprice":2201.41,"bakeryswapsellprice":2194.76,"apeswapsellprice":2201.89},{"block":11506860,"timestamp":1633434093,"swapAmountBNB":5,"uniswapv2buyprice":2211.04,"sushiswapv2buyprice":2206.79,"bakeryswapbuyprice":2223.8,"apeswapBuyPrice":2211.93,"uniswapv2sellprice":2199.95,"sushiswapv2sellprice":2201.41,"bakeryswapsellprice":2194.76,"apeswapsellprice":2201.89},{"block":11506861,"timestamp":1633434096,"swapAmountBNB":5,"uniswapv2buyprice":2211.04,"sushiswapv2buyprice":2206.78,"bakeryswapbuyprice":2223.8,"apeswapBuyPrice":2211.72,"uniswapv2sellprice":2199.95,"sushiswapv2sellprice":2201.4,"bakeryswapsellprice":2194.76,"apeswapsellprice":2201.68},{"block":11506862,"timestamp":1633434099,"swapAmountBNB":5,"uniswapv2buyprice":2211.07,"sushiswapv2buyprice":2206.76,"bakeryswapbuyprice":2223.8,"apeswapBuyPrice":2211.72,"uniswapv2sellprice":2199.98,"sushiswapv2sellprice":2201.38,"bakeryswapsellprice":2194.76,"apeswapsellprice":2201.68},{"block":11506863,"timestamp":1633434102,"swapAmountBNB":5,"uniswapv2buyprice":2211.07,"sushiswapv2buyprice":2206.76,"bakeryswapbuyprice":2223.8,"apeswapBuyPrice":2211.72,"uniswapv2sellprice":2199.98,"sushiswapv2sellprice":2201.38,"bakeryswapsellprice":2194.76,"apeswapsellprice":2201.68},{"block":11506864,"timestamp":1633434105,"swapAmountBNB":5,"uniswapv2buyprice":2211.07,"sushiswapv2buyprice":2206.71,"bakeryswapbuyprice":2224.36,"apeswapBuyPrice":2211.72,"uniswapv2sellprice":2199.98,"sushiswapv2sellprice":2201.33,"bakeryswapsellprice":2194.76,"apeswapsellprice":2201.68},{"block":11506865,"timestamp":1633434108,"swapAmountBNB":5,"uniswapv2buyprice":2211.1,"sushiswapv2buyprice":2206.71,"bakeryswapbuyprice":2224.36,"apeswapBuyPrice":2211.72,"uniswapv2sellprice":2200,"sushiswapv2sellprice":2201.33,"bakeryswapsellprice":2195.32,"apeswapsellprice":2201.68},{"block":11506866,"timestamp":1633434111,"swapAmountBNB":5,"uniswapv2buyprice":2211.1,"sushiswapv2buyprice":2206.71,"bakeryswapbuyprice":2224.36,"apeswapBuyPrice":2211.72,"uniswapv2sellprice":2200.01,"sushiswapv2sellprice":2201.33,"bakeryswapsellprice":2195.32,"apeswapsellprice":2201.68},{"block":11506867,"timestamp":1633434114,"swapAmountBNB":5,"uniswapv2buyprice":2211.1,"sushiswapv2buyprice":2206.71,"bakeryswapbuyprice":2224.36,"apeswapBuyPrice":2211.72,"uniswapv2sellprice":2200.01,"sushiswapv2sellprice":2201.33,"bakeryswapsellprice":2195.32,"apeswapsellprice":2201.68},{"block":11506868,"timestamp":1633434117,"swapAmountBNB":5,"uniswapv2buyprice":2211.08,"sushiswapv2buyprice":2206.71,"bakeryswapbuyprice":2224.36,"apeswapBuyPrice":2211.72,"uniswapv2sellprice":2199.99,"sushiswapv2sellprice":2201.33,"bakeryswapsellprice":2195.32,"apeswapsellprice":2201.68},{"block":11506869,"timestamp":1633434120,"swapAmountBNB":5,"uniswapv2buyprice":2210.9,"sushiswapv2buyprice":2206.75,"bakeryswapbuyprice":2224.36,"apeswapBuyPrice":2211.72,"uniswapv2sellprice":2199.81,"sushiswapv2sellprice":2201.37,"bakeryswapsellprice":2195.32,"apeswapsellprice":2201.68},{"block":11506870,"timestamp":1633434123,"swapAmountBNB":5,"uniswapv2buyprice":2210.91,"sushiswapv2buyprice":2206.75,"bakeryswapbuyprice":2224.36,"apeswapBuyPrice":2211.72,"uniswapv2sellprice":2199.82,"sushiswapv2sellprice":2201.37,"bakeryswapsellprice":2195.32,"apeswapsellprice":2201.68},{"block":11506871,"timestamp":1633434126,"swapAmountBNB":5,"uniswapv2buyprice":2210.91,"sushiswapv2buyprice":2206.75,"bakeryswapbuyprice":2224.36,"apeswapBuyPrice":2211.72,"uniswapv2sellprice":2199.82,"sushiswapv2sellprice":2201.37,"bakeryswapsellprice":2195.32,"apeswapsellprice":2201.68},{"block":11506872,"timestamp":1633434129,"swapAmountBNB":5,"uniswapv2buyprice":2210.94,"sushiswapv2buyprice":2206.75,"bakeryswapbuyprice":2224.21,"apeswapBuyPrice":2211.71,"uniswapv2sellprice":2199.85,"sushiswapv2sellprice":2201.37,"bakeryswapsellprice":2195.16,"apeswapsellprice":2201.67},{"block":11506873,"timestamp":1633434132,"swapAmountBNB":5,"uniswapv2buyprice":2210.95,"sushiswapv2buyprice":2206.8,"bakeryswapbuyprice":2224.21,"apeswapBuyPrice":2211.71,"uniswapv2sellprice":2199.86,"sushiswapv2sellprice":2201.42,"bakeryswapsellprice":2195.16,"apeswapsellprice":2201.67},{"block":11506874,"timestamp":1633434135,"swapAmountBNB":5,"uniswapv2buyprice":2211.13,"sushiswapv2buyprice":2206.8,"bakeryswapbuyprice":2224.21,"apeswapBuyPrice":2211.71,"uniswapv2sellprice":2200.04,"sushiswapv2sellprice":2201.42,"bakeryswapsellprice":2195.16,"apeswapsellprice":2201.67},{"block":11506875,"timestamp":1633434138,"swapAmountBNB":5,"uniswapv2buyprice":2211.16,"sushiswapv2buyprice":2206.85,"bakeryswapbuyprice":2224.21,"apeswapBuyPrice":2211.5,"uniswapv2sellprice":2200.07,"sushiswapv2sellprice":2201.47,"bakeryswapsellprice":2195.16,"apeswapsellprice":2201.46},{"block":11506876,"timestamp":1633434141,"swapAmountBNB":5,"uniswapv2buyprice":2211.17,"sushiswapv2buyprice":2206.9,"bakeryswapbuyprice":2224.21,"apeswapBuyPrice":2213.07,"uniswapv2sellprice":2200.08,"sushiswapv2sellprice":2201.51,"bakeryswapsellprice":2195.16,"apeswapsellprice":2203.03},{"block":11506877,"timestamp":1633434144,"swapAmountBNB":5,"uniswapv2buyprice":2211.16,"sushiswapv2buyprice":2206.9,"bakeryswapbuyprice":2224.21,"apeswapBuyPrice":2213.07,"uniswapv2sellprice":2200.07,"sushiswapv2sellprice":2201.51,"bakeryswapsellprice":2195.16,"apeswapsellprice":2203.03},{"block":11506878,"timestamp":1633434147,"swapAmountBNB":5,"uniswapv2buyprice":2211.08,"sushiswapv2buyprice":2206.9,"bakeryswapbuyprice":2224.21,"apeswapBuyPrice":2213.07,"uniswapv2sellprice":2199.99,"sushiswapv2sellprice":2201.51,"bakeryswapsellprice":2195.16,"apeswapsellprice":2203.03},{"block":11506879,"timestamp":1633434150,"swapAmountBNB":5,"uniswapv2buyprice":2211.17,"sushiswapv2buyprice":2206.9,"bakeryswapbuyprice":2224.21,"apeswapBuyPrice":2212,"uniswapv2sellprice":2200.08,"sushiswapv2sellprice":2201.51,"bakeryswapsellprice":2195.16,"apeswapsellprice":2201.96},{"block":11506880,"timestamp":1633434153,"swapAmountBNB":5,"uniswapv2buyprice":2211.17,"sushiswapv2buyprice":2207.04,"bakeryswapbuyprice":2224.21,"apeswapBuyPrice":2209.26,"uniswapv2sellprice":2200.08,"sushiswapv2sellprice":2201.66,"bakeryswapsellprice":2195.16,"apeswapsellprice":2199.24},{"block":11506881,"timestamp":1633434156,"swapAmountBNB":5,"uniswapv2buyprice":2211.2,"sushiswapv2buyprice":2207.04,"bakeryswapbuyprice":2224.21,"apeswapBuyPrice":2208.73,"uniswapv2sellprice":2200.11,"sushiswapv2sellprice":2201.66,"bakeryswapsellprice":2195.16,"apeswapsellprice":2198.71},{"block":11506882,"timestamp":1633434159,"swapAmountBNB":5,"uniswapv2buyprice":2211.25,"sushiswapv2buyprice":2207.04,"bakeryswapbuyprice":2224.21,"apeswapBuyPrice":2208.57,"uniswapv2sellprice":2200.16,"sushiswapv2sellprice":2201.66,"bakeryswapsellprice":2195.16,"apeswapsellprice":2198.54},{"block":11506883,"timestamp":1633434162,"swapAmountBNB":5,"uniswapv2buyprice":2211.29,"sushiswapv2buyprice":2207.04,"bakeryswapbuyprice":2224.21,"apeswapBuyPrice":2208.57,"uniswapv2sellprice":2200.2,"sushiswapv2sellprice":2201.66,"bakeryswapsellprice":2195.16,"apeswapsellprice":2198.54},{"block":11506884,"timestamp":1633434165,"swapAmountBNB":5,"uniswapv2buyprice":2211.16,"sushiswapv2buyprice":2207.04,"bakeryswapbuyprice":2223.95,"apeswapBuyPrice":2208.45,"uniswapv2sellprice":2200.06,"sushiswapv2sellprice":2201.66,"bakeryswapsellprice":2194.91,"apeswapsellprice":2198.42},{"block":11506885,"timestamp":1633434168,"swapAmountBNB":5,"uniswapv2buyprice":2211.18,"sushiswapv2buyprice":2207.04,"bakeryswapbuyprice":2223.95,"apeswapBuyPrice":2208.45,"uniswapv2sellprice":2200.08,"sushiswapv2sellprice":2201.66,"bakeryswapsellprice":2194.91,"apeswapsellprice":2198.42},{"block":11506886,"timestamp":1633434171,"swapAmountBNB":5,"uniswapv2buyprice":2211.15,"sushiswapv2buyprice":2207.03,"bakeryswapbuyprice":2223.95,"apeswapBuyPrice":2208.45,"uniswapv2sellprice":2200.06,"sushiswapv2sellprice":2201.65,"bakeryswapsellprice":2194.91,"apeswapsellprice":2198.42},{"block":11506887,"timestamp":1633434174,"swapAmountBNB":5,"uniswapv2buyprice":2211.15,"sushiswapv2buyprice":2207.14,"bakeryswapbuyprice":2223.95,"apeswapBuyPrice":2208.45,"uniswapv2sellprice":2200.06,"sushiswapv2sellprice":2201.76,"bakeryswapsellprice":2194.91,"apeswapsellprice":2198.42},{"block":11506888,"timestamp":1633434177,"swapAmountBNB":5,"uniswapv2buyprice":2211.15,"sushiswapv2buyprice":2205.99,"bakeryswapbuyprice":2223.95,"apeswapBuyPrice":2208.45,"uniswapv2sellprice":2200.06,"sushiswapv2sellprice":2200.61,"bakeryswapsellprice":2194.91,"apeswapsellprice":2198.42},{"block":11506889,"timestamp":1633434180,"swapAmountBNB":5,"uniswapv2buyprice":2211.14,"sushiswapv2buyprice":2205.99,"bakeryswapbuyprice":2221.75,"apeswapBuyPrice":2208.45,"uniswapv2sellprice":2200.05,"sushiswapv2sellprice":2200.61,"bakeryswapsellprice":2192.74,"apeswapsellprice":2198.42},{"block":11506890,"timestamp":1633434183,"swapAmountBNB":5,"uniswapv2buyprice":2211.24,"sushiswapv2buyprice":2205.99,"bakeryswapbuyprice":2221.75,"apeswapBuyPrice":2208.45,"uniswapv2sellprice":2200.15,"sushiswapv2sellprice":2200.61,"bakeryswapsellprice":2192.74,"apeswapsellprice":2198.42},{"block":11506891,"timestamp":1633434186,"swapAmountBNB":5,"uniswapv2buyprice":2211.25,"sushiswapv2buyprice":2205.99,"bakeryswapbuyprice":2221.75,"apeswapBuyPrice":2208.45,"uniswapv2sellprice":2200.15,"sushiswapv2sellprice":2200.61,"bakeryswapsellprice":2192.74,"apeswapsellprice":2198.42},{"block":11506892,"timestamp":1633434189,"swapAmountBNB":5,"uniswapv2buyprice":2211.4,"sushiswapv2buyprice":2205.84,"bakeryswapbuyprice":2221.75,"apeswapBuyPrice":2208.45,"uniswapv2sellprice":2200.31,"sushiswapv2sellprice":2200.46,"bakeryswapsellprice":2192.74,"apeswapsellprice":2198.42},{"block":11506893,"timestamp":1633434192,"swapAmountBNB":5,"uniswapv2buyprice":2211.36,"sushiswapv2buyprice":2205.84,"bakeryswapbuyprice":2221.75,"apeswapBuyPrice":2208.45,"uniswapv2sellprice":2200.27,"sushiswapv2sellprice":2200.46,"bakeryswapsellprice":2192.74,"apeswapsellprice":2198.43},{"block":11506894,"timestamp":1633434195,"swapAmountBNB":5,"uniswapv2buyprice":2211.58,"sushiswapv2buyprice":2205.84,"bakeryswapbuyprice":2221.75,"apeswapBuyPrice":2208.45,"uniswapv2sellprice":2200.49,"sushiswapv2sellprice":2200.46,"bakeryswapsellprice":2192.74,"apeswapsellprice":2198.43},{"block":11506895,"timestamp":1633434198,"swapAmountBNB":5,"uniswapv2buyprice":2211.6,"sushiswapv2buyprice":2205.84,"bakeryswapbuyprice":2221.75,"apeswapBuyPrice":2208.45,"uniswapv2sellprice":2200.51,"sushiswapv2sellprice":2200.46,"bakeryswapsellprice":2192.74,"apeswapsellprice":2198.43},{"block":11506896,"timestamp":1633434201,"swapAmountBNB":5,"uniswapv2buyprice":2211.6,"sushiswapv2buyprice":2205.81,"bakeryswapbuyprice":2221.75,"apeswapBuyPrice":2208.45,"uniswapv2sellprice":2200.51,"sushiswapv2sellprice":2200.43,"bakeryswapsellprice":2192.74,"apeswapsellprice":2198.43},{"block":11506897,"timestamp":1633434204,"swapAmountBNB":5,"uniswapv2buyprice":2211.6,"sushiswapv2buyprice":2205.81,"bakeryswapbuyprice":2221.75,"apeswapBuyPrice":2208.45,"uniswapv2sellprice":2200.5,"sushiswapv2sellprice":2200.43,"bakeryswapsellprice":2192.74,"apeswapsellprice":2198.43},{"block":11506898,"timestamp":1633434207,"swapAmountBNB":5,"uniswapv2buyprice":2211.54,"sushiswapv2buyprice":2205.89,"bakeryswapbuyprice":2221.75,"apeswapBuyPrice":2208.45,"uniswapv2sellprice":2200.45,"sushiswapv2sellprice":2200.51,"bakeryswapsellprice":2192.74,"apeswapsellprice":2198.43},{"block":11506899,"timestamp":1633434210,"swapAmountBNB":5,"uniswapv2buyprice":2211.45,"sushiswapv2buyprice":2205.89,"bakeryswapbuyprice":2221.75,"apeswapBuyPrice":2208.45,"uniswapv2sellprice":2200.35,"sushiswapv2sellprice":2200.51,"bakeryswapsellprice":2192.74,"apeswapsellprice":2198.43},{"block":11506900,"timestamp":1633434213,"swapAmountBNB":5,"uniswapv2buyprice":2211.58,"sushiswapv2buyprice":2205.89,"bakeryswapbuyprice":2221.75,"apeswapBuyPrice":2208.45,"uniswapv2sellprice":2200.49,"sushiswapv2sellprice":2200.51,"bakeryswapsellprice":2192.74,"apeswapsellprice":2198.43},{"block":11506901,"timestamp":1633434216,"swapAmountBNB":5,"uniswapv2buyprice":2211.61,"sushiswapv2buyprice":2205.89,"bakeryswapbuyprice":2221.75,"apeswapBuyPrice":2208.45,"uniswapv2sellprice":2200.51,"sushiswapv2sellprice":2200.51,"bakeryswapsellprice":2192.74,"apeswapsellprice":2198.43},{"block":11506902,"timestamp":1633434219,"swapAmountBNB":5,"uniswapv2buyprice":2211.6,"sushiswapv2buyprice":2205.89,"bakeryswapbuyprice":2221.75,"apeswapBuyPrice":2208.45,"uniswapv2sellprice":2200.51,"sushiswapv2sellprice":2200.51,"bakeryswapsellprice":2192.74,"apeswapsellprice":2198.43},{"block":11506903,"timestamp":1633434222,"swapAmountBNB":5,"uniswapv2buyprice":2211.58,"sushiswapv2buyprice":2205.37,"bakeryswapbuyprice":2221.75,"apeswapBuyPrice":2207.24,"uniswapv2sellprice":2200.49,"sushiswapv2sellprice":2200,"bakeryswapsellprice":2192.74,"apeswapsellprice":2197.22},{"block":11506904,"timestamp":1633434225,"swapAmountBNB":5,"uniswapv2buyprice":2211.63,"sushiswapv2buyprice":2205.37,"bakeryswapbuyprice":2219.56,"apeswapBuyPrice":2207.24,"uniswapv2sellprice":2200.54,"sushiswapv2sellprice":2200,"bakeryswapsellprice":2190.59,"apeswapsellprice":2197.22},{"block":11506905,"timestamp":1633434228,"swapAmountBNB":5,"uniswapv2buyprice":2211.62,"sushiswapv2buyprice":2206.18,"bakeryswapbuyprice":2219.56,"apeswapBuyPrice":2207.24,"uniswapv2sellprice":2200.53,"sushiswapv2sellprice":2200.8,"bakeryswapsellprice":2190.59,"apeswapsellprice":2197.22},{"block":11506906,"timestamp":1633434231,"swapAmountBNB":5,"uniswapv2buyprice":2211.6,"sushiswapv2buyprice":2206.18,"bakeryswapbuyprice":2219.56,"apeswapBuyPrice":2207.24,"uniswapv2sellprice":2200.5,"sushiswapv2sellprice":2200.8,"bakeryswapsellprice":2190.59,"apeswapsellprice":2197.22},{"block":11506907,"timestamp":1633434234,"swapAmountBNB":5,"uniswapv2buyprice":2211.52,"sushiswapv2buyprice":2206.18,"bakeryswapbuyprice":2219.56,"apeswapBuyPrice":2207.24,"uniswapv2sellprice":2200.43,"sushiswapv2sellprice":2200.8,"bakeryswapsellprice":2190.59,"apeswapsellprice":2197.22},{"block":11506908,"timestamp":1633434237,"swapAmountBNB":5,"uniswapv2buyprice":2211.19,"sushiswapv2buyprice":2206.18,"bakeryswapbuyprice":2219.56,"apeswapBuyPrice":2207.24,"uniswapv2sellprice":2200.1,"sushiswapv2sellprice":2200.8,"bakeryswapsellprice":2190.59,"apeswapsellprice":2197.22},{"block":11506909,"timestamp":1633434240,"swapAmountBNB":5,"uniswapv2buyprice":2211.18,"sushiswapv2buyprice":2206.2,"bakeryswapbuyprice":2219.56,"apeswapBuyPrice":2207.24,"uniswapv2sellprice":2200.09,"sushiswapv2sellprice":2200.82,"bakeryswapsellprice":2190.59,"apeswapsellprice":2197.22},{"block":11506910,"timestamp":1633434243,"swapAmountBNB":5,"uniswapv2buyprice":2211.17,"sushiswapv2buyprice":2206.2,"bakeryswapbuyprice":2219.56,"apeswapBuyPrice":2207.24,"uniswapv2sellprice":2200.08,"sushiswapv2sellprice":2200.82,"bakeryswapsellprice":2190.59,"apeswapsellprice":2197.22},{"block":11506911,"timestamp":1633434246,"swapAmountBNB":5,"uniswapv2buyprice":2211.16,"sushiswapv2buyprice":2206.2,"bakeryswapbuyprice":2219.56,"apeswapBuyPrice":2207.24,"uniswapv2sellprice":2200.06,"sushiswapv2sellprice":2200.82,"bakeryswapsellprice":2190.59,"apeswapsellprice":2197.22},{"block":11506912,"timestamp":1633434249,"swapAmountBNB":5,"uniswapv2buyprice":2211.13,"sushiswapv2buyprice":2206.16,"bakeryswapbuyprice":2219.56,"apeswapBuyPrice":2207.27,"uniswapv2sellprice":2200.04,"sushiswapv2sellprice":2200.78,"bakeryswapsellprice":2190.59,"apeswapsellprice":2197.25},{"block":11506913,"timestamp":1633434252,"swapAmountBNB":5,"uniswapv2buyprice":2211.32,"sushiswapv2buyprice":2207.54,"bakeryswapbuyprice":2217.29,"apeswapBuyPrice":2207.27,"uniswapv2sellprice":2200.23,"sushiswapv2sellprice":2202.16,"bakeryswapsellprice":2188.36,"apeswapsellprice":2197.25},{"block":11506914,"timestamp":1633434255,"swapAmountBNB":5,"uniswapv2buyprice":2211.27,"sushiswapv2buyprice":2207.54,"bakeryswapbuyprice":2217.29,"apeswapBuyPrice":2207.27,"uniswapv2sellprice":2200.18,"sushiswapv2sellprice":2202.16,"bakeryswapsellprice":2188.36,"apeswapsellprice":2197.25},{"block":11506915,"timestamp":1633434258,"swapAmountBNB":5,"uniswapv2buyprice":2210.28,"sushiswapv2buyprice":2207.35,"bakeryswapbuyprice":2217.29,"apeswapBuyPrice":2207.27,"uniswapv2sellprice":2199.2,"sushiswapv2sellprice":2201.97,"bakeryswapsellprice":2188.36,"apeswapsellprice":2197.25},{"block":11506916,"timestamp":1633434261,"swapAmountBNB":5,"uniswapv2buyprice":2210.24,"sushiswapv2buyprice":2207.35,"bakeryswapbuyprice":2217.29,"apeswapBuyPrice":2207.28,"uniswapv2sellprice":2199.15,"sushiswapv2sellprice":2201.97,"bakeryswapsellprice":2188.36,"apeswapsellprice":2197.26},{"block":11506917,"timestamp":1633434264,"swapAmountBNB":5,"uniswapv2buyprice":2210.2,"sushiswapv2buyprice":2207.35,"bakeryswapbuyprice":2217.29,"apeswapBuyPrice":2207.28,"uniswapv2sellprice":2199.12,"sushiswapv2sellprice":2201.97,"bakeryswapsellprice":2188.36,"apeswapsellprice":2197.26},{"block":11506918,"timestamp":1633434267,"swapAmountBNB":5,"uniswapv2buyprice":2210.2,"sushiswapv2buyprice":2207.35,"bakeryswapbuyprice":2217.29,"apeswapBuyPrice":2207.27,"uniswapv2sellprice":2199.11,"sushiswapv2sellprice":2201.97,"bakeryswapsellprice":2188.36,"apeswapsellprice":2197.25},{"block":11506919,"timestamp":1633434270,"swapAmountBNB":5,"uniswapv2buyprice":2209.03,"sushiswapv2buyprice":2205.48,"bakeryswapbuyprice":2217.29,"apeswapBuyPrice":2207.27,"uniswapv2sellprice":2197.95,"sushiswapv2sellprice":2200.1,"bakeryswapsellprice":2188.36,"apeswapsellprice":2197.25},{"block":11506920,"timestamp":1633434273,"swapAmountBNB":5,"uniswapv2buyprice":2209.06,"sushiswapv2buyprice":2205.48,"bakeryswapbuyprice":2217.29,"apeswapBuyPrice":2207.26,"uniswapv2sellprice":2197.98,"sushiswapv2sellprice":2200.1,"bakeryswapsellprice":2188.36,"apeswapsellprice":2197.24},{"block":11506921,"timestamp":1633434276,"swapAmountBNB":5,"uniswapv2buyprice":2209.05,"sushiswapv2buyprice":2205.48,"bakeryswapbuyprice":2217.29,"apeswapBuyPrice":2207.26,"uniswapv2sellprice":2197.97,"sushiswapv2sellprice":2200.1,"bakeryswapsellprice":2188.36,"apeswapsellprice":2197.24},{"block":11506922,"timestamp":1633434279,"swapAmountBNB":5,"uniswapv2buyprice":2209.05,"sushiswapv2buyprice":2205.48,"bakeryswapbuyprice":2217.29,"apeswapBuyPrice":2207.29,"uniswapv2sellprice":2197.97,"sushiswapv2sellprice":2200.1,"bakeryswapsellprice":2188.36,"apeswapsellprice":2197.28},{"block":11506923,"timestamp":1633434282,"swapAmountBNB":5,"uniswapv2buyprice":2209.03,"sushiswapv2buyprice":2204.22,"bakeryswapbuyprice":2217.29,"apeswapBuyPrice":2208.76,"uniswapv2sellprice":2197.95,"sushiswapv2sellprice":2198.85,"bakeryswapsellprice":2188.36,"apeswapsellprice":2197.28},{"block":11506924,"timestamp":1633434285,"swapAmountBNB":5,"uniswapv2buyprice":2209.07,"sushiswapv2buyprice":2204.11,"bakeryswapbuyprice":2217.29,"apeswapBuyPrice":2208.76,"uniswapv2sellprice":2197.99,"sushiswapv2sellprice":2198.74,"bakeryswapsellprice":2188.36,"apeswapsellprice":2198.74},{"block":11506925,"timestamp":1633434288,"swapAmountBNB":5,"uniswapv2buyprice":2209.22,"sushiswapv2buyprice":2204.11,"bakeryswapbuyprice":2217.29,"apeswapBuyPrice":2208.77,"uniswapv2sellprice":2198.14,"sushiswapv2sellprice":2198.74,"bakeryswapsellprice":2188.36,"apeswapsellprice":2198.75},{"block":11506926,"timestamp":1633434291,"swapAmountBNB":5,"uniswapv2buyprice":2209.21,"sushiswapv2buyprice":2204.1,"bakeryswapbuyprice":2217.29,"apeswapBuyPrice":2208.77,"uniswapv2sellprice":2198.13,"sushiswapv2sellprice":2198.73,"bakeryswapsellprice":2188.36,"apeswapsellprice":2198.75},{"block":11506927,"timestamp":1633434294,"swapAmountBNB":5,"uniswapv2buyprice":2209.21,"sushiswapv2buyprice":2204.1,"bakeryswapbuyprice":2217.29,"apeswapBuyPrice":2208.77,"uniswapv2sellprice":2198.12,"sushiswapv2sellprice":2198.73,"bakeryswapsellprice":2188.36,"apeswapsellprice":2198.75},{"block":11506928,"timestamp":1633434297,"swapAmountBNB":5,"uniswapv2buyprice":2209.23,"sushiswapv2buyprice":2204.1,"bakeryswapbuyprice":2217.29,"apeswapBuyPrice":2208.76,"uniswapv2sellprice":2198.15,"sushiswapv2sellprice":2198.73,"bakeryswapsellprice":2188.36,"apeswapsellprice":2198.74},{"block":11506929,"timestamp":1633434300,"swapAmountBNB":5,"uniswapv2buyprice":2209.24,"sushiswapv2buyprice":2204.1,"bakeryswapbuyprice":2217.29,"apeswapBuyPrice":2208.76,"uniswapv2sellprice":2198.16,"sushiswapv2sellprice":2198.73,"bakeryswapsellprice":2188.36,"apeswapsellprice":2198.74},{"block":11506930,"timestamp":1633434303,"swapAmountBNB":5,"uniswapv2buyprice":2209.24,"sushiswapv2buyprice":2204.1,"bakeryswapbuyprice":2217.29,"apeswapBuyPrice":2208.76,"uniswapv2sellprice":2198.16,"sushiswapv2sellprice":2198.73,"bakeryswapsellprice":2188.36,"apeswapsellprice":2198.74},{"block":11506931,"timestamp":1633434306,"swapAmountBNB":5,"uniswapv2buyprice":2209.13,"sushiswapv2buyprice":2204.06,"bakeryswapbuyprice":2217.29,"apeswapBuyPrice":2208.76,"uniswapv2sellprice":2198.04,"sushiswapv2sellprice":2198.69,"bakeryswapsellprice":2188.36,"apeswapsellprice":2198.74},{"block":11506932,"timestamp":1633434309,"swapAmountBNB":5,"uniswapv2buyprice":2209.13,"sushiswapv2buyprice":2204.11,"bakeryswapbuyprice":2217.29,"apeswapBuyPrice":2208.84,"uniswapv2sellprice":2198.05,"sushiswapv2sellprice":2198.73,"bakeryswapsellprice":2188.36,"apeswapsellprice":2198.81},{"block":11506933,"timestamp":1633434312,"swapAmountBNB":5,"uniswapv2buyprice":2209.09,"sushiswapv2buyprice":2204.11,"bakeryswapbuyprice":2217.29,"apeswapBuyPrice":2208.84,"uniswapv2sellprice":2198.01,"sushiswapv2sellprice":2198.73,"bakeryswapsellprice":2188.36,"apeswapsellprice":2198.81},{"block":11506934,"timestamp":1633434315,"swapAmountBNB":5,"uniswapv2buyprice":2209.02,"sushiswapv2buyprice":2204.11,"bakeryswapbuyprice":2217.29,"apeswapBuyPrice":2207.23,"uniswapv2sellprice":2197.94,"sushiswapv2sellprice":2198.73,"bakeryswapsellprice":2188.36,"apeswapsellprice":2197.21},{"block":11506935,"timestamp":1633434318,"swapAmountBNB":5,"uniswapv2buyprice":2209.08,"sushiswapv2buyprice":2205.62,"bakeryswapbuyprice":2217.29,"apeswapBuyPrice":2207.23,"uniswapv2sellprice":2198,"sushiswapv2sellprice":2200.24,"bakeryswapsellprice":2188.36,"apeswapsellprice":2197.21},{"block":11506936,"timestamp":1633434321,"swapAmountBNB":5,"uniswapv2buyprice":2209.08,"sushiswapv2buyprice":2205.62,"bakeryswapbuyprice":2217.29,"apeswapBuyPrice":2207.24,"uniswapv2sellprice":2198,"sushiswapv2sellprice":2200.24,"bakeryswapsellprice":2188.36,"apeswapsellprice":2197.22},{"block":11506937,"timestamp":1633434324,"swapAmountBNB":5,"uniswapv2buyprice":2209.05,"sushiswapv2buyprice":2206.99,"bakeryswapbuyprice":2217.29,"apeswapBuyPrice":2207.24,"uniswapv2sellprice":2197.97,"sushiswapv2sellprice":2201.61,"bakeryswapsellprice":2188.36,"apeswapsellprice":2197.22},{"block":11506938,"timestamp":1633434327,"swapAmountBNB":5,"uniswapv2buyprice":2208.8,"sushiswapv2buyprice":2205.59,"bakeryswapbuyprice":2217.29,"apeswapBuyPrice":2207.24,"uniswapv2sellprice":2197.72,"sushiswapv2sellprice":2200.21,"bakeryswapsellprice":2188.36,"apeswapsellprice":2197.22},{"block":11506939,"timestamp":1633434330,"swapAmountBNB":5,"uniswapv2buyprice":2208.82,"sushiswapv2buyprice":2205.59,"bakeryswapbuyprice":2217.29,"apeswapBuyPrice":2207.24,"uniswapv2sellprice":2197.74,"sushiswapv2sellprice":2200.21,"bakeryswapsellprice":2188.36,"apeswapsellprice":2197.22},{"block":11506940,"timestamp":1633434333,"swapAmountBNB":5,"uniswapv2buyprice":2208.75,"sushiswapv2buyprice":2205.59,"bakeryswapbuyprice":2217.29,"apeswapBuyPrice":2207.24,"uniswapv2sellprice":2197.67,"sushiswapv2sellprice":2200.21,"bakeryswapsellprice":2188.36,"apeswapsellprice":2197.22},{"block":11506941,"timestamp":1633434336,"swapAmountBNB":5,"uniswapv2buyprice":2208.75,"sushiswapv2buyprice":2205.59,"bakeryswapbuyprice":2217.29,"apeswapBuyPrice":2207.24,"uniswapv2sellprice":2197.67,"sushiswapv2sellprice":2200.21,"bakeryswapsellprice":2188.36,"apeswapsellprice":2197.22},{"block":11506942,"timestamp":1633434339,"swapAmountBNB":5,"uniswapv2buyprice":2208.84,"sushiswapv2buyprice":2205.59,"bakeryswapbuyprice":2217.29,"apeswapBuyPrice":2207.24,"uniswapv2sellprice":2197.76,"sushiswapv2sellprice":2200.21,"bakeryswapsellprice":2188.36,"apeswapsellprice":2197.22},{"block":11506943,"timestamp":1633434342,"swapAmountBNB":5,"uniswapv2buyprice":2208.84,"sushiswapv2buyprice":2205.59,"bakeryswapbuyprice":2217.29,"apeswapBuyPrice":2207.24,"uniswapv2sellprice":2197.76,"sushiswapv2sellprice":2200.21,"bakeryswapsellprice":2188.36,"apeswapsellprice":2197.22},{"block":11506944,"timestamp":1633434345,"swapAmountBNB":5,"uniswapv2buyprice":2208.85,"sushiswapv2buyprice":2206.11,"bakeryswapbuyprice":2217.29,"apeswapBuyPrice":2207.28,"uniswapv2sellprice":2197.77,"sushiswapv2sellprice":2200.73,"bakeryswapsellprice":2188.36,"apeswapsellprice":2197.26},{"block":11506945,"timestamp":1633434348,"swapAmountBNB":5,"uniswapv2buyprice":2208.83,"sushiswapv2buyprice":2206.11,"bakeryswapbuyprice":2217.29,"apeswapBuyPrice":2207.28,"uniswapv2sellprice":2197.75,"sushiswapv2sellprice":2200.73,"bakeryswapsellprice":2188.36,"apeswapsellprice":2197.26},{"block":11506946,"timestamp":1633434351,"swapAmountBNB":5,"uniswapv2buyprice":2208.81,"sushiswapv2buyprice":2206.11,"bakeryswapbuyprice":2217.29,"apeswapBuyPrice":2207.28,"uniswapv2sellprice":2197.73,"sushiswapv2sellprice":2200.73,"bakeryswapsellprice":2188.36,"apeswapsellprice":2197.26},{"block":11506947,"timestamp":1633434354,"swapAmountBNB":5,"uniswapv2buyprice":2208.81,"sushiswapv2buyprice":2206.07,"bakeryswapbuyprice":2217.29,"apeswapBuyPrice":2207.29,"uniswapv2sellprice":2197.73,"sushiswapv2sellprice":2200.69,"bakeryswapsellprice":2188.36,"apeswapsellprice":2197.27},{"block":11506948,"timestamp":1633434357,"swapAmountBNB":5,"uniswapv2buyprice":2208.86,"sushiswapv2buyprice":2206.07,"bakeryswapbuyprice":2217.29,"apeswapBuyPrice":2207.29,"uniswapv2sellprice":2197.78,"sushiswapv2sellprice":2200.69,"bakeryswapsellprice":2188.36,"apeswapsellprice":2197.27},{"block":11506949,"timestamp":1633434360,"swapAmountBNB":5,"uniswapv2buyprice":2208.8,"sushiswapv2buyprice":2206.05,"bakeryswapbuyprice":2217.29,"apeswapBuyPrice":2207.29,"uniswapv2sellprice":2197.72,"sushiswapv2sellprice":2200.67,"bakeryswapsellprice":2188.36,"apeswapsellprice":2197.27},{"block":11506950,"timestamp":1633434363,"swapAmountBNB":5,"uniswapv2buyprice":2208.72,"sushiswapv2buyprice":2203.92,"bakeryswapbuyprice":2217.29,"apeswapBuyPrice":2207.29,"uniswapv2sellprice":2197.64,"sushiswapv2sellprice":2198.54,"bakeryswapsellprice":2188.36,"apeswapsellprice":2197.27},{"block":11506951,"timestamp":1633434366,"swapAmountBNB":5,"uniswapv2buyprice":2208.69,"sushiswapv2buyprice":2203.97,"bakeryswapbuyprice":2217.29,"apeswapBuyPrice":2207.29,"uniswapv2sellprice":2197.61,"sushiswapv2sellprice":2198.6,"bakeryswapsellprice":2188.36,"apeswapsellprice":2197.27},{"block":11506952,"timestamp":1633434369,"swapAmountBNB":5,"uniswapv2buyprice":2208.68,"sushiswapv2buyprice":2203.97,"bakeryswapbuyprice":2217.29,"apeswapBuyPrice":2207.24,"uniswapv2sellprice":2197.6,"sushiswapv2sellprice":2198.6,"bakeryswapsellprice":2188.36,"apeswapsellprice":2197.22},{"block":11506953,"timestamp":1633434372,"swapAmountBNB":5,"uniswapv2buyprice":2208.59,"sushiswapv2buyprice":2203.97,"bakeryswapbuyprice":2217.29,"apeswapBuyPrice":2207.24,"uniswapv2sellprice":2197.51,"sushiswapv2sellprice":2198.6,"bakeryswapsellprice":2188.36,"apeswapsellprice":2197.22},{"block":11506954,"timestamp":1633434375,"swapAmountBNB":5,"uniswapv2buyprice":2208.69,"sushiswapv2buyprice":2203.97,"bakeryswapbuyprice":2217.29,"apeswapBuyPrice":2207.24,"uniswapv2sellprice":2197.61,"sushiswapv2sellprice":2198.6,"bakeryswapsellprice":2188.36,"apeswapsellprice":2197.22},{"block":11506955,"timestamp":1633434378,"swapAmountBNB":5,"uniswapv2buyprice":2208.68,"sushiswapv2buyprice":2203.97,"bakeryswapbuyprice":2217.29,"apeswapBuyPrice":2207.24,"uniswapv2sellprice":2197.6,"sushiswapv2sellprice":2198.6,"bakeryswapsellprice":2188.36,"apeswapsellprice":2197.23},{"block":11506956,"timestamp":1633434381,"swapAmountBNB":5,"uniswapv2buyprice":2208.64,"sushiswapv2buyprice":2203.97,"bakeryswapbuyprice":2217.29,"apeswapBuyPrice":2207.24,"uniswapv2sellprice":2197.56,"sushiswapv2sellprice":2198.6,"bakeryswapsellprice":2188.36,"apeswapsellprice":2197.23},{"block":11506957,"timestamp":1633434384,"swapAmountBNB":5,"uniswapv2buyprice":2208.63,"sushiswapv2buyprice":2203.97,"bakeryswapbuyprice":2217.29,"apeswapBuyPrice":2207.24,"uniswapv2sellprice":2197.55,"sushiswapv2sellprice":2198.6,"bakeryswapsellprice":2188.36,"apeswapsellprice":2197.23},{"block":11506958,"timestamp":1633434387,"swapAmountBNB":5,"uniswapv2buyprice":2208.63,"sushiswapv2buyprice":2203.97,"bakeryswapbuyprice":2217.29,"apeswapBuyPrice":2207.24,"uniswapv2sellprice":2197.55,"sushiswapv2sellprice":2198.6,"bakeryswapsellprice":2188.36,"apeswapsellprice":2197.23},{"block":11506959,"timestamp":1633434390,"swapAmountBNB":5,"uniswapv2buyprice":2208.6,"sushiswapv2buyprice":2203.97,"bakeryswapbuyprice":2217.29,"apeswapBuyPrice":2207.41,"uniswapv2sellprice":2197.52,"sushiswapv2sellprice":2198.6,"bakeryswapsellprice":2188.36,"apeswapsellprice":2197.39},{"block":11506960,"timestamp":1633434393,"swapAmountBNB":5,"uniswapv2buyprice":2208.59,"sushiswapv2buyprice":2203.97,"bakeryswapbuyprice":2217.29,"apeswapBuyPrice":2207.43,"uniswapv2sellprice":2197.52,"sushiswapv2sellprice":2198.6,"bakeryswapsellprice":2188.36,"apeswapsellprice":2197.41},{"block":11506961,"timestamp":1633434396,"swapAmountBNB":5,"uniswapv2buyprice":2208.59,"sushiswapv2buyprice":2203.97,"bakeryswapbuyprice":2217.29,"apeswapBuyPrice":2207.43,"uniswapv2sellprice":2197.52,"sushiswapv2sellprice":2198.6,"bakeryswapsellprice":2188.36,"apeswapsellprice":2197.41},{"block":11506962,"timestamp":1633434399,"swapAmountBNB":5,"uniswapv2buyprice":2208.58,"sushiswapv2buyprice":2203.97,"bakeryswapbuyprice":2217.29,"apeswapBuyPrice":2207.43,"uniswapv2sellprice":2197.5,"sushiswapv2sellprice":2198.6,"bakeryswapsellprice":2188.36,"apeswapsellprice":2197.41},{"block":11506963,"timestamp":1633434402,"swapAmountBNB":5,"uniswapv2buyprice":2208.59,"sushiswapv2buyprice":2203.97,"bakeryswapbuyprice":2217.29,"apeswapBuyPrice":2207.43,"uniswapv2sellprice":2197.51,"sushiswapv2sellprice":2198.6,"bakeryswapsellprice":2188.36,"apeswapsellprice":2197.41},{"block":11506964,"timestamp":1633434405,"swapAmountBNB":5,"uniswapv2buyprice":2208.6,"sushiswapv2buyprice":2203.97,"bakeryswapbuyprice":2217.29,"apeswapBuyPrice":2207.43,"uniswapv2sellprice":2197.52,"sushiswapv2sellprice":2198.6,"bakeryswapsellprice":2188.36,"apeswapsellprice":2197.41},{"block":11506965,"timestamp":1633434408,"swapAmountBNB":5,"uniswapv2buyprice":2208.59,"sushiswapv2buyprice":2203.97,"bakeryswapbuyprice":2217.29,"apeswapBuyPrice":2207.43,"uniswapv2sellprice":2197.51,"sushiswapv2sellprice":2198.6,"bakeryswapsellprice":2188.36,"apeswapsellprice":2197.41},{"block":11506966,"timestamp":1633434411,"swapAmountBNB":5,"uniswapv2buyprice":2209.2,"sushiswapv2buyprice":2203.97,"bakeryswapbuyprice":2217.29,"apeswapBuyPrice":2207.43,"uniswapv2sellprice":2198.11,"sushiswapv2sellprice":2198.6,"bakeryswapsellprice":2188.36,"apeswapsellprice":2197.41},{"block":11506967,"timestamp":1633434414,"swapAmountBNB":5,"uniswapv2buyprice":2209.12,"sushiswapv2buyprice":2203.97,"bakeryswapbuyprice":2217.29,"apeswapBuyPrice":2207.43,"uniswapv2sellprice":2198.04,"sushiswapv2sellprice":2198.6,"bakeryswapsellprice":2188.36,"apeswapsellprice":2197.41},{"block":11506968,"timestamp":1633434417,"swapAmountBNB":5,"uniswapv2buyprice":2209.12,"sushiswapv2buyprice":2203.98,"bakeryswapbuyprice":2217.29,"apeswapBuyPrice":2207.43,"uniswapv2sellprice":2198.04,"sushiswapv2sellprice":2198.6,"bakeryswapsellprice":2188.36,"apeswapsellprice":2197.41},{"block":11506969,"timestamp":1633434420,"swapAmountBNB":5,"uniswapv2buyprice":2209.12,"sushiswapv2buyprice":2203.98,"bakeryswapbuyprice":2217.29,"apeswapBuyPrice":2207.43,"uniswapv2sellprice":2198.04,"sushiswapv2sellprice":2198.6,"bakeryswapsellprice":2188.36,"apeswapsellprice":2197.41},{"block":11506970,"timestamp":1633434423,"swapAmountBNB":5,"uniswapv2buyprice":2209.13,"sushiswapv2buyprice":2203.98,"bakeryswapbuyprice":2217.29,"apeswapBuyPrice":2207.43,"uniswapv2sellprice":2198.05,"sushiswapv2sellprice":2198.6,"bakeryswapsellprice":2188.36,"apeswapsellprice":2197.41},{"block":11506971,"timestamp":1633434426,"swapAmountBNB":5,"uniswapv2buyprice":2209.08,"sushiswapv2buyprice":2203.98,"bakeryswapbuyprice":2217.29,"apeswapBuyPrice":2207.43,"uniswapv2sellprice":2198,"sushiswapv2sellprice":2198.6,"bakeryswapsellprice":2188.36,"apeswapsellprice":2197.41},{"block":11506972,"timestamp":1633434429,"swapAmountBNB":5,"uniswapv2buyprice":2209.09,"sushiswapv2buyprice":2203.98,"bakeryswapbuyprice":2217.29,"apeswapBuyPrice":2207.43,"uniswapv2sellprice":2198.01,"sushiswapv2sellprice":2198.6,"bakeryswapsellprice":2188.36,"apeswapsellprice":2197.41},{"block":11506973,"timestamp":1633434432,"swapAmountBNB":5,"uniswapv2buyprice":2209.08,"sushiswapv2buyprice":2203.98,"bakeryswapbuyprice":2217.29,"apeswapBuyPrice":2207.43,"uniswapv2sellprice":2197.99,"sushiswapv2sellprice":2198.6,"bakeryswapsellprice":2188.36,"apeswapsellprice":2197.41},{"block":11506974,"timestamp":1633434435,"swapAmountBNB":5,"uniswapv2buyprice":2209.07,"sushiswapv2buyprice":2203.98,"bakeryswapbuyprice":2217.29,"apeswapBuyPrice":2207.43,"uniswapv2sellprice":2197.99,"sushiswapv2sellprice":2198.6,"bakeryswapsellprice":2188.36,"apeswapsellprice":2197.41},{"block":11506975,"timestamp":1633434438,"swapAmountBNB":5,"uniswapv2buyprice":2209.06,"sushiswapv2buyprice":2203.98,"bakeryswapbuyprice":2217.29,"apeswapBuyPrice":2207.43,"uniswapv2sellprice":2197.98,"sushiswapv2sellprice":2198.6,"bakeryswapsellprice":2188.36,"apeswapsellprice":2197.41},{"block":11506976,"timestamp":1633434441,"swapAmountBNB":5,"uniswapv2buyprice":2209.06,"sushiswapv2buyprice":2203.98,"bakeryswapbuyprice":2217.29,"apeswapBuyPrice":2207.43,"uniswapv2sellprice":2197.98,"sushiswapv2sellprice":2198.6,"bakeryswapsellprice":2188.36,"apeswapsellprice":2197.41},{"block":11506977,"timestamp":1633434444,"swapAmountBNB":5,"uniswapv2buyprice":2209.06,"sushiswapv2buyprice":2203.98,"bakeryswapbuyprice":2217.29,"apeswapBuyPrice":2207.43,"uniswapv2sellprice":2197.98,"sushiswapv2sellprice":2198.6,"bakeryswapsellprice":2188.36,"apeswapsellprice":2197.41},{"block":11506978,"timestamp":1633434447,"swapAmountBNB":5,"uniswapv2buyprice":2209.02,"sushiswapv2buyprice":2205.2,"bakeryswapbuyprice":2217.29,"apeswapBuyPrice":2207.43,"uniswapv2sellprice":2197.94,"sushiswapv2sellprice":2199.82,"bakeryswapsellprice":2188.36,"apeswapsellprice":2197.41},{"block":11506979,"timestamp":1633434450,"swapAmountBNB":5,"uniswapv2buyprice":2209.02,"sushiswapv2buyprice":2205.2,"bakeryswapbuyprice":2217.29,"apeswapBuyPrice":2207.43,"uniswapv2sellprice":2197.94,"sushiswapv2sellprice":2199.82,"bakeryswapsellprice":2188.36,"apeswapsellprice":2197.41},{"block":11506980,"timestamp":1633434453,"swapAmountBNB":5,"uniswapv2buyprice":2209.03,"sushiswapv2buyprice":2205.42,"bakeryswapbuyprice":2217.29,"apeswapBuyPrice":2207.43,"uniswapv2sellprice":2197.95,"sushiswapv2sellprice":2200.04,"bakeryswapsellprice":2188.36,"apeswapsellprice":2197.41},{"block":11506981,"timestamp":1633434456,"swapAmountBNB":5,"uniswapv2buyprice":2209.03,"sushiswapv2buyprice":2205.42,"bakeryswapbuyprice":2217.29,"apeswapBuyPrice":2207.43,"uniswapv2sellprice":2197.95,"sushiswapv2sellprice":2200.04,"bakeryswapsellprice":2188.36,"apeswapsellprice":2197.41},{"block":11506982,"timestamp":1633434459,"swapAmountBNB":5,"uniswapv2buyprice":2209.04,"sushiswapv2buyprice":2205.55,"bakeryswapbuyprice":2217.29,"apeswapBuyPrice":2207.53,"uniswapv2sellprice":2197.96,"sushiswapv2sellprice":2200.17,"bakeryswapsellprice":2188.36,"apeswapsellprice":2197.52},{"block":11506983,"timestamp":1633434462,"swapAmountBNB":5,"uniswapv2buyprice":2209.04,"sushiswapv2buyprice":2205.56,"bakeryswapbuyprice":2217.29,"apeswapBuyPrice":2207.53,"uniswapv2sellprice":2197.96,"sushiswapv2sellprice":2200.18,"bakeryswapsellprice":2188.36,"apeswapsellprice":2197.52},{"block":11506984,"timestamp":1633434465,"swapAmountBNB":5,"uniswapv2buyprice":2209.04,"sushiswapv2buyprice":2205.6,"bakeryswapbuyprice":2217.29,"apeswapBuyPrice":2207.53,"uniswapv2sellprice":2197.96,"sushiswapv2sellprice":2200.22,"bakeryswapsellprice":2188.36,"apeswapsellprice":2197.52},{"block":11506985,"timestamp":1633434468,"swapAmountBNB":5,"uniswapv2buyprice":2209.04,"sushiswapv2buyprice":2205.01,"bakeryswapbuyprice":2217.29,"apeswapBuyPrice":2207.53,"uniswapv2sellprice":2197.96,"sushiswapv2sellprice":2199.63,"bakeryswapsellprice":2188.36,"apeswapsellprice":2197.52},{"block":11506986,"timestamp":1633434471,"swapAmountBNB":5,"uniswapv2buyprice":2209.03,"sushiswapv2buyprice":2205.01,"bakeryswapbuyprice":2217.29,"apeswapBuyPrice":2207.53,"uniswapv2sellprice":2197.95,"sushiswapv2sellprice":2199.63,"bakeryswapsellprice":2188.36,"apeswapsellprice":2197.52},{"block":11506987,"timestamp":1633434474,"swapAmountBNB":5,"uniswapv2buyprice":2209.03,"sushiswapv2buyprice":2205.01,"bakeryswapbuyprice":2217.29,"apeswapBuyPrice":2207.54,"uniswapv2sellprice":2197.95,"sushiswapv2sellprice":2199.63,"bakeryswapsellprice":2188.36,"apeswapsellprice":2197.52},{"block":11506988,"timestamp":1633434477,"swapAmountBNB":5,"uniswapv2buyprice":2209.06,"sushiswapv2buyprice":2204.85,"bakeryswapbuyprice":2217.29,"apeswapBuyPrice":2207.54,"uniswapv2sellprice":2197.98,"sushiswapv2sellprice":2199.48,"bakeryswapsellprice":2188.36,"apeswapsellprice":2197.52},{"block":11506989,"timestamp":1633434480,"swapAmountBNB":5,"uniswapv2buyprice":2209.08,"sushiswapv2buyprice":2204.85,"bakeryswapbuyprice":2217.29,"apeswapBuyPrice":2207.54,"uniswapv2sellprice":2198,"sushiswapv2sellprice":2199.48,"bakeryswapsellprice":2188.36,"apeswapsellprice":2197.52},{"block":11506990,"timestamp":1633434483,"swapAmountBNB":5,"uniswapv2buyprice":2209.08,"sushiswapv2buyprice":2204.85,"bakeryswapbuyprice":2217.29,"apeswapBuyPrice":2207.54,"uniswapv2sellprice":2198,"sushiswapv2sellprice":2199.48,"bakeryswapsellprice":2188.36,"apeswapsellprice":2197.52},{"block":11506991,"timestamp":1633434486,"swapAmountBNB":5,"uniswapv2buyprice":2209.08,"sushiswapv2buyprice":2205.02,"bakeryswapbuyprice":2217.29,"apeswapBuyPrice":2207.54,"uniswapv2sellprice":2198,"sushiswapv2sellprice":2199.64,"bakeryswapsellprice":2188.36,"apeswapsellprice":2197.52},{"block":11506992,"timestamp":1633434489,"swapAmountBNB":5,"uniswapv2buyprice":2209.03,"sushiswapv2buyprice":2205.02,"bakeryswapbuyprice":2217.29,"apeswapBuyPrice":2209.11,"uniswapv2sellprice":2197.95,"sushiswapv2sellprice":2199.64,"bakeryswapsellprice":2188.36,"apeswapsellprice":2199.08},{"block":11506993,"timestamp":1633434492,"swapAmountBNB":5,"uniswapv2buyprice":2209.06,"sushiswapv2buyprice":2205.02,"bakeryswapbuyprice":2217.29,"apeswapBuyPrice":2209.11,"uniswapv2sellprice":2197.98,"sushiswapv2sellprice":2199.64,"bakeryswapsellprice":2188.36,"apeswapsellprice":2199.08},{"block":11506994,"timestamp":1633434495,"swapAmountBNB":5,"uniswapv2buyprice":2209.06,"sushiswapv2buyprice":2205.72,"bakeryswapbuyprice":2217.29,"apeswapBuyPrice":2209.11,"uniswapv2sellprice":2197.98,"sushiswapv2sellprice":2200.34,"bakeryswapsellprice":2188.36,"apeswapsellprice":2199.08},{"block":11506995,"timestamp":1633434498,"swapAmountBNB":5,"uniswapv2buyprice":2209.06,"sushiswapv2buyprice":2205.72,"bakeryswapbuyprice":2217.29,"apeswapBuyPrice":2209.11,"uniswapv2sellprice":2197.98,"sushiswapv2sellprice":2200.34,"bakeryswapsellprice":2188.36,"apeswapsellprice":2199.08},{"block":11506996,"timestamp":1633434501,"swapAmountBNB":5,"uniswapv2buyprice":2208.99,"sushiswapv2buyprice":2205.72,"bakeryswapbuyprice":2217.29,"apeswapBuyPrice":2209.11,"uniswapv2sellprice":2197.91,"sushiswapv2sellprice":2200.34,"bakeryswapsellprice":2188.36,"apeswapsellprice":2199.08},{"block":11506997,"timestamp":1633434504,"swapAmountBNB":5,"uniswapv2buyprice":2208.93,"sushiswapv2buyprice":2205.72,"bakeryswapbuyprice":2217.29,"apeswapBuyPrice":2209.11,"uniswapv2sellprice":2197.85,"sushiswapv2sellprice":2200.34,"bakeryswapsellprice":2188.36,"apeswapsellprice":2199.08},{"block":11506998,"timestamp":1633434507,"swapAmountBNB":5,"uniswapv2buyprice":2209.01,"sushiswapv2buyprice":2205.98,"bakeryswapbuyprice":2217.29,"apeswapBuyPrice":2209.11,"uniswapv2sellprice":2197.93,"sushiswapv2sellprice":2200.6,"bakeryswapsellprice":2188.36,"apeswapsellprice":2199.08},{"block":11506999,"timestamp":1633434510,"swapAmountBNB":5,"uniswapv2buyprice":2209.01,"sushiswapv2buyprice":2209.26,"bakeryswapbuyprice":2217.29,"apeswapBuyPrice":2209.11,"uniswapv2sellprice":2197.93,"sushiswapv2sellprice":2203.87,"bakeryswapsellprice":2188.36,"apeswapsellprice":2199.08},{"block":11507000,"timestamp":1633434513,"swapAmountBNB":5,"uniswapv2buyprice":2209.02,"sushiswapv2buyprice":2209.22,"bakeryswapbuyprice":2217.29,"apeswapBuyPrice":2209.11,"uniswapv2sellprice":2197.94,"sushiswapv2sellprice":2203.83,"bakeryswapsellprice":2188.36,"apeswapsellprice":2199.08},{"block":11507001,"timestamp":1633434516,"swapAmountBNB":5,"uniswapv2buyprice":2208.96,"sushiswapv2buyprice":2207.07,"bakeryswapbuyprice":2217.29,"apeswapBuyPrice":2209.11,"uniswapv2sellprice":2197.88,"sushiswapv2sellprice":2201.69,"bakeryswapsellprice":2188.36,"apeswapsellprice":2199.08},{"block":11507002,"timestamp":1633434519,"swapAmountBNB":5,"uniswapv2buyprice":2208.96,"sushiswapv2buyprice":2207.07,"bakeryswapbuyprice":2217.29,"apeswapBuyPrice":2209.11,"uniswapv2sellprice":2197.88,"sushiswapv2sellprice":2201.69,"bakeryswapsellprice":2188.36,"apeswapsellprice":2199.08},{"block":11507003,"timestamp":1633434522,"swapAmountBNB":5,"uniswapv2buyprice":2208.9,"sushiswapv2buyprice":2207.12,"bakeryswapbuyprice":2217.29,"apeswapBuyPrice":2209.11,"uniswapv2sellprice":2197.82,"sushiswapv2sellprice":2201.74,"bakeryswapsellprice":2188.36,"apeswapsellprice":2199.08},{"block":11507004,"timestamp":1633434525,"swapAmountBNB":5,"uniswapv2buyprice":2208.92,"sushiswapv2buyprice":2207.06,"bakeryswapbuyprice":2217.29,"apeswapBuyPrice":2209.09,"uniswapv2sellprice":2197.84,"sushiswapv2sellprice":2201.67,"bakeryswapsellprice":2188.36,"apeswapsellprice":2199.06},{"block":11507005,"timestamp":1633434528,"swapAmountBNB":5,"uniswapv2buyprice":2208.91,"sushiswapv2buyprice":2208.5,"bakeryswapbuyprice":2217.29,"apeswapBuyPrice":2209.07,"uniswapv2sellprice":2197.83,"sushiswapv2sellprice":2203.11,"bakeryswapsellprice":2188.36,"apeswapsellprice":2199.04},{"block":11507006,"timestamp":1633434531,"swapAmountBNB":5,"uniswapv2buyprice":2208.91,"sushiswapv2buyprice":2208.5,"bakeryswapbuyprice":2217.29,"apeswapBuyPrice":2209.07,"uniswapv2sellprice":2197.83,"sushiswapv2sellprice":2203.11,"bakeryswapsellprice":2188.36,"apeswapsellprice":2199.04},{"block":11507007,"timestamp":1633434534,"swapAmountBNB":5,"uniswapv2buyprice":2208.91,"sushiswapv2buyprice":2208.5,"bakeryswapbuyprice":2217.29,"apeswapBuyPrice":2209.07,"uniswapv2sellprice":2197.83,"sushiswapv2sellprice":2203.11,"bakeryswapsellprice":2188.36,"apeswapsellprice":2199.04},{"block":11507008,"timestamp":1633434537,"swapAmountBNB":5,"uniswapv2buyprice":2209,"sushiswapv2buyprice":2208,"bakeryswapbuyprice":2217.29,"apeswapBuyPrice":2209.07,"uniswapv2sellprice":2197.92,"sushiswapv2sellprice":2202.62,"bakeryswapsellprice":2188.36,"apeswapsellprice":2199.04},{"block":11507009,"timestamp":1633434540,"swapAmountBNB":5,"uniswapv2buyprice":2209.07,"sushiswapv2buyprice":2208,"bakeryswapbuyprice":2217.29,"apeswapBuyPrice":2209.07,"uniswapv2sellprice":2197.99,"sushiswapv2sellprice":2202.62,"bakeryswapsellprice":2188.36,"apeswapsellprice":2199.04},{"block":11507010,"timestamp":1633434543,"swapAmountBNB":5,"uniswapv2buyprice":2209.1,"sushiswapv2buyprice":2208,"bakeryswapbuyprice":2217.29,"apeswapBuyPrice":2209.07,"uniswapv2sellprice":2198.02,"sushiswapv2sellprice":2202.62,"bakeryswapsellprice":2188.36,"apeswapsellprice":2199.04},{"block":11507011,"timestamp":1633434546,"swapAmountBNB":5,"uniswapv2buyprice":2209.04,"sushiswapv2buyprice":2207.71,"bakeryswapbuyprice":2217.29,"apeswapBuyPrice":2209.07,"uniswapv2sellprice":2197.96,"sushiswapv2sellprice":2202.32,"bakeryswapsellprice":2188.36,"apeswapsellprice":2199.04},{"block":11507012,"timestamp":1633434549,"swapAmountBNB":5,"uniswapv2buyprice":2209.02,"sushiswapv2buyprice":2207.87,"bakeryswapbuyprice":2217.29,"apeswapBuyPrice":2210.54,"uniswapv2sellprice":2197.94,"sushiswapv2sellprice":2202.48,"bakeryswapsellprice":2188.36,"apeswapsellprice":2198.94},{"block":11507013,"timestamp":1633434552,"swapAmountBNB":5,"uniswapv2buyprice":2209.02,"sushiswapv2buyprice":2207.87,"bakeryswapbuyprice":2217.29,"apeswapBuyPrice":2210.54,"uniswapv2sellprice":2197.94,"sushiswapv2sellprice":2202.48,"bakeryswapsellprice":2188.36,"apeswapsellprice":2200.5},{"block":11507014,"timestamp":1633434555,"swapAmountBNB":5,"uniswapv2buyprice":2209.01,"sushiswapv2buyprice":2207.87,"bakeryswapbuyprice":2217.29,"apeswapBuyPrice":2210.54,"uniswapv2sellprice":2197.93,"sushiswapv2sellprice":2202.48,"bakeryswapsellprice":2188.36,"apeswapsellprice":2200.5},{"block":11507015,"timestamp":1633434558,"swapAmountBNB":5,"uniswapv2buyprice":2209,"sushiswapv2buyprice":2207.87,"bakeryswapbuyprice":2217.29,"apeswapBuyPrice":2210.56,"uniswapv2sellprice":2197.92,"sushiswapv2sellprice":2202.48,"bakeryswapsellprice":2188.36,"apeswapsellprice":2200.52},{"block":11507016,"timestamp":1633434561,"swapAmountBNB":5,"uniswapv2buyprice":2208.99,"sushiswapv2buyprice":2207.87,"bakeryswapbuyprice":2217.29,"apeswapBuyPrice":2210.56,"uniswapv2sellprice":2197.91,"sushiswapv2sellprice":2202.48,"bakeryswapsellprice":2188.36,"apeswapsellprice":2200.52},{"block":11507017,"timestamp":1633434564,"swapAmountBNB":5,"uniswapv2buyprice":2208.88,"sushiswapv2buyprice":2208.01,"bakeryswapbuyprice":2217.29,"apeswapBuyPrice":2210.56,"uniswapv2sellprice":2197.8,"sushiswapv2sellprice":2202.63,"bakeryswapsellprice":2188.36,"apeswapsellprice":2200.52},{"block":11507018,"timestamp":1633434567,"swapAmountBNB":5,"uniswapv2buyprice":2208.87,"sushiswapv2buyprice":2208.01,"bakeryswapbuyprice":2217.29,"apeswapBuyPrice":2210.53,"uniswapv2sellprice":2197.79,"sushiswapv2sellprice":2202.63,"bakeryswapsellprice":2188.36,"apeswapsellprice":2200.49},{"block":11507019,"timestamp":1633434570,"swapAmountBNB":5,"uniswapv2buyprice":2208.92,"sushiswapv2buyprice":2207.96,"bakeryswapbuyprice":2217.29,"apeswapBuyPrice":2210.53,"uniswapv2sellprice":2197.84,"sushiswapv2sellprice":2202.58,"bakeryswapsellprice":2188.36,"apeswapsellprice":2200.49},{"block":11507020,"timestamp":1633434573,"swapAmountBNB":5,"uniswapv2buyprice":2208.91,"sushiswapv2buyprice":2207.96,"bakeryswapbuyprice":2217.29,"apeswapBuyPrice":2210.53,"uniswapv2sellprice":2197.83,"sushiswapv2sellprice":2202.58,"bakeryswapsellprice":2188.36,"apeswapsellprice":2200.49},{"block":11507021,"timestamp":1633434576,"swapAmountBNB":5,"uniswapv2buyprice":2208.87,"sushiswapv2buyprice":2207.96,"bakeryswapbuyprice":2217.29,"apeswapBuyPrice":2210.53,"uniswapv2sellprice":2197.79,"sushiswapv2sellprice":2202.58,"bakeryswapsellprice":2188.36,"apeswapsellprice":2200.49},{"block":11507022,"timestamp":1633434579,"swapAmountBNB":5,"uniswapv2buyprice":2208.86,"sushiswapv2buyprice":2205.82,"bakeryswapbuyprice":2217.29,"apeswapBuyPrice":2210.53,"uniswapv2sellprice":2197.78,"sushiswapv2sellprice":2200.44,"bakeryswapsellprice":2188.36,"apeswapsellprice":2200.49},{"block":11507023,"timestamp":1633434582,"swapAmountBNB":5,"uniswapv2buyprice":2208.93,"sushiswapv2buyprice":2205.82,"bakeryswapbuyprice":2217.29,"apeswapBuyPrice":2210.53,"uniswapv2sellprice":2197.85,"sushiswapv2sellprice":2200.44,"bakeryswapsellprice":2188.36,"apeswapsellprice":2200.49},{"block":11507024,"timestamp":1633434585,"swapAmountBNB":5,"uniswapv2buyprice":2208.96,"sushiswapv2buyprice":2205.82,"bakeryswapbuyprice":2217.29,"apeswapBuyPrice":2210.53,"uniswapv2sellprice":2197.88,"sushiswapv2sellprice":2200.44,"bakeryswapsellprice":2188.36,"apeswapsellprice":2200.49},{"block":11507025,"timestamp":1633434588,"swapAmountBNB":5,"uniswapv2buyprice":2209.02,"sushiswapv2buyprice":2206.01,"bakeryswapbuyprice":2217.29,"apeswapBuyPrice":2210.53,"uniswapv2sellprice":2197.94,"sushiswapv2sellprice":2200.63,"bakeryswapsellprice":2188.36,"apeswapsellprice":2200.49},{"block":11507026,"timestamp":1633434592,"swapAmountBNB":5,"uniswapv2buyprice":2209.03,"sushiswapv2buyprice":2206.01,"bakeryswapbuyprice":2217.29,"apeswapBuyPrice":2210.44,"uniswapv2sellprice":2197.95,"sushiswapv2sellprice":2200.63,"bakeryswapsellprice":2188.36,"apeswapsellprice":2200.4},{"block":11507026,"timestamp":1633434591,"swapAmountBNB":5,"uniswapv2buyprice":2209.03,"sushiswapv2buyprice":2206.01,"bakeryswapbuyprice":2217.29,"apeswapBuyPrice":2210.44,"uniswapv2sellprice":2197.95,"sushiswapv2sellprice":2200.63,"bakeryswapsellprice":2188.36,"apeswapsellprice":2200.4},{"block":11507027,"timestamp":1633434594,"swapAmountBNB":5,"uniswapv2buyprice":2209.09,"sushiswapv2buyprice":2206.01,"bakeryswapbuyprice":2217.29,"apeswapBuyPrice":2210.44,"uniswapv2sellprice":2198.01,"sushiswapv2sellprice":2200.63,"bakeryswapsellprice":2188.36,"apeswapsellprice":2200.4}]}