{"table":[{"block":11280236,"timestamp":1632748675,"swapAmountBNB":20,"uniswapv2buyprice":6981.86,"sushiswapv2buyprice":6971.3,"bakeryswapbuyprice":7063,"apeswapBuyPrice":6987.43,"uniswapv2sellprice":6946.59,"sushiswapv2sellprice":6950.66,"bakeryswapsellprice":6860.43,"apeswapsellprice":6948.53},{"block":11280237,"timestamp":1632748678,"swapAmountBNB":20,"uniswapv2buyprice":6981.9,"sushiswapv2buyprice":6971.3,"bakeryswapbuyprice":7063,"apeswapBuyPrice":6987.43,"uniswapv2sellprice":6946.62,"sushiswapv2sellprice":6950.76,"bakeryswapsellprice":6860.43,"apeswapsellprice":6948.53},{"block":11280238,"timestamp":1632748681,"swapAmountBNB":20,"uniswapv2buyprice":6981.89,"sushiswapv2buyprice":6971.3,"bakeryswapbuyprice":7063,"apeswapBuyPrice":6987.43,"uniswapv2sellprice":6946.62,"sushiswapv2sellprice":6950.76,"bakeryswapsellprice":6860.43,"apeswapsellprice":6948.53},{"block":11280239,"timestamp":1632748685,"swapAmountBNB":20,"uniswapv2buyprice":6981.93,"sushiswapv2buyprice":6972.03,"bakeryswapbuyprice":7063,"apeswapBuyPrice":6987.43,"uniswapv2sellprice":6946.65,"sushiswapv2sellprice":6951.49,"bakeryswapsellprice":6860.43,"apeswapsellprice":6948.53},{"block":11280239,"timestamp":1632748684,"swapAmountBNB":20,"uniswapv2buyprice":6981.93,"sushiswapv2buyprice":6972.03,"bakeryswapbuyprice":7063,"apeswapBuyPrice":6987.43,"uniswapv2sellprice":6946.65,"sushiswapv2sellprice":6951.49,"bakeryswapsellprice":6860.43,"apeswapsellprice":6948.53},{"block":11280240,"timestamp":1632748687,"swapAmountBNB":20,"uniswapv2buyprice":6981.91,"sushiswapv2buyprice":6972.18,"bakeryswapbuyprice":7063,"apeswapBuyPrice":6987.43,"uniswapv2sellprice":6946.63,"sushiswapv2sellprice":6951.64,"bakeryswapsellprice":6860.43,"apeswapsellprice":6948.53},{"block":11280241,"timestamp":1632748690,"swapAmountBNB":20,"uniswapv2buyprice":6981.92,"sushiswapv2buyprice":6972.24,"bakeryswapbuyprice":7063,"apeswapBuyPrice":6987.43,"uniswapv2sellprice":6946.65,"sushiswapv2sellprice":6951.65,"bakeryswapsellprice":6860.43,"apeswapsellprice":6948.53},{"block":11280242,"timestamp":1632748693,"swapAmountBNB":20,"uniswapv2buyprice":6981.92,"sushiswapv2buyprice":6972.24,"bakeryswapbuyprice":7063,"apeswapBuyPrice":6987.43,"uniswapv2sellprice":6946.64,"sushiswapv2sellprice":6951.71,"bakeryswapsellprice":6860.43,"apeswapsellprice":6948.53},{"block":11280243,"timestamp":1632748696,"swapAmountBNB":20,"uniswapv2buyprice":6981.75,"sushiswapv2buyprice":6972.33,"bakeryswapbuyprice":7063,"apeswapBuyPrice":6987.43,"uniswapv2sellprice":6946.47,"sushiswapv2sellprice":6951.79,"bakeryswapsellprice":6860.43,"apeswapsellprice":6948.53},{"block":11280244,"timestamp":1632748699,"swapAmountBNB":20,"uniswapv2buyprice":6981.71,"sushiswapv2buyprice":6968.69,"bakeryswapbuyprice":7063,"apeswapBuyPrice":6987.43,"uniswapv2sellprice":6946.44,"sushiswapv2sellprice":6948.17,"bakeryswapsellprice":6860.43,"apeswapsellprice":6948.53},{"block":11280245,"timestamp":1632748702,"swapAmountBNB":20,"uniswapv2buyprice":6981.72,"sushiswapv2buyprice":6968.69,"bakeryswapbuyprice":7063,"apeswapBuyPrice":6987.43,"uniswapv2sellprice":6946.45,"sushiswapv2sellprice":6948.17,"bakeryswapsellprice":6860.43,"apeswapsellprice":6948.53},{"block":11280246,"timestamp":1632748705,"swapAmountBNB":20,"uniswapv2buyprice":6981.72,"sushiswapv2buyprice":6968.69,"bakeryswapbuyprice":7063,"apeswapBuyPrice":6987.43,"uniswapv2sellprice":6946.45,"sushiswapv2sellprice":6948.17,"bakeryswapsellprice":6860.43,"apeswapsellprice":6948.53},{"block":11280247,"timestamp":1632748708,"swapAmountBNB":20,"uniswapv2buyprice":6981.84,"sushiswapv2buyprice":6968.69,"bakeryswapbuyprice":7063,"apeswapBuyPrice":6987.22,"uniswapv2sellprice":6946.56,"sushiswapv2sellprice":6948.17,"bakeryswapsellprice":6860.43,"apeswapsellprice":6948.32},{"block":11280248,"timestamp":1632748711,"swapAmountBNB":20,"uniswapv2buyprice":6981.81,"sushiswapv2buyprice":6964.95,"bakeryswapbuyprice":7063,"apeswapBuyPrice":6987.22,"uniswapv2sellprice":6946.53,"sushiswapv2sellprice":6944.44,"bakeryswapsellprice":6860.43,"apeswapsellprice":6948.32},{"block":11280249,"timestamp":1632748714,"swapAmountBNB":20,"uniswapv2buyprice":6981.74,"sushiswapv2buyprice":6965.26,"bakeryswapbuyprice":7063,"apeswapBuyPrice":6987.2,"uniswapv2sellprice":6946.47,"sushiswapv2sellprice":6944.75,"bakeryswapsellprice":6860.43,"apeswapsellprice":6948.32},{"block":11280250,"timestamp":1632748717,"swapAmountBNB":20,"uniswapv2buyprice":6981.74,"sushiswapv2buyprice":6965.26,"bakeryswapbuyprice":7063,"apeswapBuyPrice":6987.2,"uniswapv2sellprice":6946.47,"sushiswapv2sellprice":6944.75,"bakeryswapsellprice":6860.43,"apeswapsellprice":6948.31},{"block":11280251,"timestamp":1632748720,"swapAmountBNB":20,"uniswapv2buyprice":6981.72,"sushiswapv2buyprice":6965.26,"bakeryswapbuyprice":7063,"apeswapBuyPrice":6987.2,"uniswapv2sellprice":6946.44,"sushiswapv2sellprice":6944.75,"bakeryswapsellprice":6860.43,"apeswapsellprice":6948.31},{"block":11280252,"timestamp":1632748723,"swapAmountBNB":20,"uniswapv2buyprice":6981.34,"sushiswapv2buyprice":6965.26,"bakeryswapbuyprice":7063,"apeswapBuyPrice":6986.82,"uniswapv2sellprice":6946.06,"sushiswapv2sellprice":6944.75,"bakeryswapsellprice":6860.43,"apeswapsellprice":6947.93},{"block":11280253,"timestamp":1632748726,"swapAmountBNB":20,"uniswapv2buyprice":6981.4,"sushiswapv2buyprice":6965.26,"bakeryswapbuyprice":7063,"apeswapBuyPrice":6986.82,"uniswapv2sellprice":6946.12,"sushiswapv2sellprice":6944.75,"bakeryswapsellprice":6860.43,"apeswapsellprice":6947.93},{"block":11280254,"timestamp":1632748729,"swapAmountBNB":20,"uniswapv2buyprice":6981.59,"sushiswapv2buyprice":6965.26,"bakeryswapbuyprice":7063,"apeswapBuyPrice":6986.82,"uniswapv2sellprice":6946.32,"sushiswapv2sellprice":6944.75,"bakeryswapsellprice":6860.43,"apeswapsellprice":6947.93},{"block":11280255,"timestamp":1632748732,"swapAmountBNB":20,"uniswapv2buyprice":6981.55,"sushiswapv2buyprice":6965.5,"bakeryswapbuyprice":7063,"apeswapBuyPrice":6986.82,"uniswapv2sellprice":6946.28,"sushiswapv2sellprice":6944.99,"bakeryswapsellprice":6860.43,"apeswapsellprice":6947.93},{"block":11280256,"timestamp":1632748735,"swapAmountBNB":20,"uniswapv2buyprice":6981.58,"sushiswapv2buyprice":6965.5,"bakeryswapbuyprice":7063,"apeswapBuyPrice":6986.82,"uniswapv2sellprice":6946.31,"sushiswapv2sellprice":6944.99,"bakeryswapsellprice":6860.43,"apeswapsellprice":6947.93},{"block":11280257,"timestamp":1632748738,"swapAmountBNB":20,"uniswapv2buyprice":6981.64,"sushiswapv2buyprice":6965.5,"bakeryswapbuyprice":7063,"apeswapBuyPrice":6986.82,"uniswapv2sellprice":6946.37,"sushiswapv2sellprice":6944.99,"bakeryswapsellprice":6860.43,"apeswapsellprice":6947.93},{"block":11280258,"timestamp":1632748741,"swapAmountBNB":20,"uniswapv2buyprice":6981.67,"sushiswapv2buyprice":6965.5,"bakeryswapbuyprice":7063,"apeswapBuyPrice":6986.82,"uniswapv2sellprice":6946.39,"sushiswapv2sellprice":6944.99,"bakeryswapsellprice":6860.43,"apeswapsellprice":6947.93},{"block":11280259,"timestamp":1632748744,"swapAmountBNB":20,"uniswapv2buyprice":6981.56,"sushiswapv2buyprice":6965.5,"bakeryswapbuyprice":7063,"apeswapBuyPrice":6986.82,"uniswapv2sellprice":6946.29,"sushiswapv2sellprice":6944.99,"bakeryswapsellprice":6860.43,"apeswapsellprice":6947.93},{"block":11280260,"timestamp":1632748747,"swapAmountBNB":20,"uniswapv2buyprice":6981.56,"sushiswapv2buyprice":6965.5,"bakeryswapbuyprice":7063,"apeswapBuyPrice":6986.67,"uniswapv2sellprice":6946.29,"sushiswapv2sellprice":6944.99,"bakeryswapsellprice":6860.43,"apeswapsellprice":6947.78},{"block":11280261,"timestamp":1632748750,"swapAmountBNB":20,"uniswapv2buyprice":6981.56,"sushiswapv2buyprice":6965.5,"bakeryswapbuyprice":7063,"apeswapBuyPrice":6985.02,"uniswapv2sellprice":6946.28,"sushiswapv2sellprice":6944.99,"bakeryswapsellprice":6860.43,"apeswapsellprice":6947.78},{"block":11280262,"timestamp":1632748753,"swapAmountBNB":20,"uniswapv2buyprice":6981.23,"sushiswapv2buyprice":6965.5,"bakeryswapbuyprice":7063,"apeswapBuyPrice":6985.02,"uniswapv2sellprice":6945.95,"sushiswapv2sellprice":6944.99,"bakeryswapsellprice":6860.43,"apeswapsellprice":6946.14},{"block":11280263,"timestamp":1632748756,"swapAmountBNB":20,"uniswapv2buyprice":6981.31,"sushiswapv2buyprice":6966.11,"bakeryswapbuyprice":7063,"apeswapBuyPrice":6987.41,"uniswapv2sellprice":6946.04,"sushiswapv2sellprice":6945.59,"bakeryswapsellprice":6860.43,"apeswapsellprice":6948.52},{"block":11280264,"timestamp":1632748759,"swapAmountBNB":20,"uniswapv2buyprice":6981.29,"sushiswapv2buyprice":6966.11,"bakeryswapbuyprice":7063,"apeswapBuyPrice":6985.99,"uniswapv2sellprice":6946.01,"sushiswapv2sellprice":6945.59,"bakeryswapsellprice":6860.43,"apeswapsellprice":6947.11},{"block":11280265,"timestamp":1632748762,"swapAmountBNB":20,"uniswapv2buyprice":6981.4,"sushiswapv2buyprice":6962.58,"bakeryswapbuyprice":7063,"apeswapBuyPrice":6985.8,"uniswapv2sellprice":6946.12,"sushiswapv2sellprice":6942.07,"bakeryswapsellprice":6860.43,"apeswapsellprice":6946.91},{"block":11280266,"timestamp":1632748765,"swapAmountBNB":20,"uniswapv2buyprice":6981.46,"sushiswapv2buyprice":6962.58,"bakeryswapbuyprice":7063,"apeswapBuyPrice":6985.8,"uniswapv2sellprice":6946.19,"sushiswapv2sellprice":6942.07,"bakeryswapsellprice":6860.43,"apeswapsellprice":6946.91},{"block":11280267,"timestamp":1632748768,"swapAmountBNB":20,"uniswapv2buyprice":6980.14,"sushiswapv2buyprice":6962.58,"bakeryswapbuyprice":7063,"apeswapBuyPrice":6981.77,"uniswapv2sellprice":6944.87,"sushiswapv2sellprice":6942.07,"bakeryswapsellprice":6860.43,"apeswapsellprice":6946.91},{"block":11280268,"timestamp":1632748771,"swapAmountBNB":20,"uniswapv2buyprice":6980.41,"sushiswapv2buyprice":6958.94,"bakeryswapbuyprice":7063,"apeswapBuyPrice":6980.91,"uniswapv2sellprice":6945.15,"sushiswapv2sellprice":6938.45,"bakeryswapsellprice":6860.43,"apeswapsellprice":6942.91},{"block":11280269,"timestamp":1632748774,"swapAmountBNB":20,"uniswapv2buyprice":6980.42,"sushiswapv2buyprice":6958.96,"bakeryswapbuyprice":7063,"apeswapBuyPrice":6980.91,"uniswapv2sellprice":6945.15,"sushiswapv2sellprice":6938.47,"bakeryswapsellprice":6860.43,"apeswapsellprice":6942.06},{"block":11280270,"timestamp":1632748777,"swapAmountBNB":20,"uniswapv2buyprice":6980.42,"sushiswapv2buyprice":6958.96,"bakeryswapbuyprice":7063,"apeswapBuyPrice":6978.69,"uniswapv2sellprice":6945.15,"sushiswapv2sellprice":6938.47,"bakeryswapsellprice":6860.43,"apeswapsellprice":6939.85},{"block":11280271,"timestamp":1632748780,"swapAmountBNB":20,"uniswapv2buyprice":6980.52,"sushiswapv2buyprice":6958.96,"bakeryswapbuyprice":7063,"apeswapBuyPrice":6978.69,"uniswapv2sellprice":6945.25,"sushiswapv2sellprice":6938.47,"bakeryswapsellprice":6860.43,"apeswapsellprice":6939.85},{"block":11280272,"timestamp":1632748783,"swapAmountBNB":20,"uniswapv2buyprice":6980.49,"sushiswapv2buyprice":6959.1,"bakeryswapbuyprice":7063,"apeswapBuyPrice":6978.69,"uniswapv2sellprice":6945.22,"sushiswapv2sellprice":6938.6,"bakeryswapsellprice":6860.43,"apeswapsellprice":6939.85},{"block":11280273,"timestamp":1632748786,"swapAmountBNB":20,"uniswapv2buyprice":6980.53,"sushiswapv2buyprice":6959.1,"bakeryswapbuyprice":7063,"apeswapBuyPrice":6978.69,"uniswapv2sellprice":6945.26,"sushiswapv2sellprice":6938.6,"bakeryswapsellprice":6860.43,"apeswapsellprice":6939.85},{"block":11280274,"timestamp":1632748789,"swapAmountBNB":20,"uniswapv2buyprice":6980.6,"sushiswapv2buyprice":6959.24,"bakeryswapbuyprice":7063,"apeswapBuyPrice":6978.7,"uniswapv2sellprice":6945.33,"sushiswapv2sellprice":6938.75,"bakeryswapsellprice":6860.43,"apeswapsellprice":6939.86},{"block":11280275,"timestamp":1632748792,"swapAmountBNB":20,"uniswapv2buyprice":6980.88,"sushiswapv2buyprice":6959.24,"bakeryswapbuyprice":7063,"apeswapBuyPrice":6978.71,"uniswapv2sellprice":6945.61,"sushiswapv2sellprice":6938.75,"bakeryswapsellprice":6860.43,"apeswapsellprice":6939.87},{"block":11280276,"timestamp":1632748795,"swapAmountBNB":20,"uniswapv2buyprice":6980.73,"sushiswapv2buyprice":6959.4,"bakeryswapbuyprice":7063,"apeswapBuyPrice":6978.71,"uniswapv2sellprice":6945.46,"sushiswapv2sellprice":6938.91,"bakeryswapsellprice":6860.43,"apeswapsellprice":6939.87},{"block":11280277,"timestamp":1632748798,"swapAmountBNB":20,"uniswapv2buyprice":6980.96,"sushiswapv2buyprice":6959.4,"bakeryswapbuyprice":7063,"apeswapBuyPrice":6978.71,"uniswapv2sellprice":6945.68,"sushiswapv2sellprice":6938.91,"bakeryswapsellprice":6860.43,"apeswapsellprice":6939.87},{"block":11280278,"timestamp":1632748801,"swapAmountBNB":20,"uniswapv2buyprice":6981.12,"sushiswapv2buyprice":6959.4,"bakeryswapbuyprice":7063,"apeswapBuyPrice":6978.71,"uniswapv2sellprice":6945.85,"sushiswapv2sellprice":6938.91,"bakeryswapsellprice":6860.43,"apeswapsellprice":6939.87},{"block":11280279,"timestamp":1632748804,"swapAmountBNB":20,"uniswapv2buyprice":6981.14,"sushiswapv2buyprice":6959.4,"bakeryswapbuyprice":7063,"apeswapBuyPrice":6978.71,"uniswapv2sellprice":6945.87,"sushiswapv2sellprice":6938.91,"bakeryswapsellprice":6860.43,"apeswapsellprice":6939.87},{"block":11280280,"timestamp":1632748807,"swapAmountBNB":20,"uniswapv2buyprice":6981.14,"sushiswapv2buyprice":6959.4,"bakeryswapbuyprice":7063,"apeswapBuyPrice":6978.71,"uniswapv2sellprice":6945.87,"sushiswapv2sellprice":6938.91,"bakeryswapsellprice":6860.43,"apeswapsellprice":6939.87},{"block":11280281,"timestamp":1632748810,"swapAmountBNB":20,"uniswapv2buyprice":6981.12,"sushiswapv2buyprice":6959.4,"bakeryswapbuyprice":7063,"apeswapBuyPrice":6978.71,"uniswapv2sellprice":6945.85,"sushiswapv2sellprice":6938.91,"bakeryswapsellprice":6860.43,"apeswapsellprice":6939.87},{"block":11280282,"timestamp":1632748813,"swapAmountBNB":20,"uniswapv2buyprice":6981.18,"sushiswapv2buyprice":6959.4,"bakeryswapbuyprice":7063,"apeswapBuyPrice":6978.71,"uniswapv2sellprice":6945.91,"sushiswapv2sellprice":6938.91,"bakeryswapsellprice":6860.43,"apeswapsellprice":6939.87},{"block":11280283,"timestamp":1632748816,"swapAmountBNB":20,"uniswapv2buyprice":6981.24,"sushiswapv2buyprice":6959.4,"bakeryswapbuyprice":7063,"apeswapBuyPrice":6978.71,"uniswapv2sellprice":6945.97,"sushiswapv2sellprice":6938.91,"bakeryswapsellprice":6860.43,"apeswapsellprice":6939.87},{"block":11280284,"timestamp":1632748819,"swapAmountBNB":20,"uniswapv2buyprice":6981.54,"sushiswapv2buyprice":6959.4,"bakeryswapbuyprice":7063,"apeswapBuyPrice":6978.18,"uniswapv2sellprice":6946.26,"sushiswapv2sellprice":6938.91,"bakeryswapsellprice":6860.43,"apeswapsellprice":6939.34},{"block":11280285,"timestamp":1632748822,"swapAmountBNB":20,"uniswapv2buyprice":6981.55,"sushiswapv2buyprice":6959.4,"bakeryswapbuyprice":7063,"apeswapBuyPrice":6978.18,"uniswapv2sellprice":6946.27,"sushiswapv2sellprice":6938.91,"bakeryswapsellprice":6860.43,"apeswapsellprice":6939.34},{"block":11280286,"timestamp":1632748825,"swapAmountBNB":20,"uniswapv2buyprice":6981.52,"sushiswapv2buyprice":6959.35,"bakeryswapbuyprice":7063,"apeswapBuyPrice":6978.18,"uniswapv2sellprice":6946.25,"sushiswapv2sellprice":6938.86,"bakeryswapsellprice":6860.43,"apeswapsellprice":6939.34},{"block":11280287,"timestamp":1632748828,"swapAmountBNB":20,"uniswapv2buyprice":6981.43,"sushiswapv2buyprice":6959.35,"bakeryswapbuyprice":7063,"apeswapBuyPrice":6978.18,"uniswapv2sellprice":6946.16,"sushiswapv2sellprice":6938.86,"bakeryswapsellprice":6860.43,"apeswapsellprice":6939.34},{"block":11280288,"timestamp":1632748831,"swapAmountBNB":20,"uniswapv2buyprice":6981.47,"sushiswapv2buyprice":6959.66,"bakeryswapbuyprice":7063,"apeswapBuyPrice":6978.18,"uniswapv2sellprice":6946.19,"sushiswapv2sellprice":6939.16,"bakeryswapsellprice":6860.43,"apeswapsellprice":6939.34},{"block":11280289,"timestamp":1632748834,"swapAmountBNB":20,"uniswapv2buyprice":6981.5,"sushiswapv2buyprice":6960.28,"bakeryswapbuyprice":7063,"apeswapBuyPrice":6978.18,"uniswapv2sellprice":6946.23,"sushiswapv2sellprice":6939.78,"bakeryswapsellprice":6860.43,"apeswapsellprice":6939.34},{"block":11280290,"timestamp":1632748837,"swapAmountBNB":20,"uniswapv2buyprice":6981.52,"sushiswapv2buyprice":6960.28,"bakeryswapbuyprice":7063,"apeswapBuyPrice":6978.44,"uniswapv2sellprice":6946.25,"sushiswapv2sellprice":6939.78,"bakeryswapsellprice":6860.43,"apeswapsellprice":6939.61},{"block":11280291,"timestamp":1632748840,"swapAmountBNB":20,"uniswapv2buyprice":6981.54,"sushiswapv2buyprice":6960.28,"bakeryswapbuyprice":7063,"apeswapBuyPrice":6978.44,"uniswapv2sellprice":6946.26,"sushiswapv2sellprice":6939.78,"bakeryswapsellprice":6860.43,"apeswapsellprice":6939.61},{"block":11280292,"timestamp":1632748843,"swapAmountBNB":20,"uniswapv2buyprice":6981.54,"sushiswapv2buyprice":6960.28,"bakeryswapbuyprice":7063,"apeswapBuyPrice":6978.44,"uniswapv2sellprice":6946.26,"sushiswapv2sellprice":6939.78,"bakeryswapsellprice":6860.43,"apeswapsellprice":6939.61},{"block":11280293,"timestamp":1632748846,"swapAmountBNB":20,"uniswapv2buyprice":6981.45,"sushiswapv2buyprice":6960.35,"bakeryswapbuyprice":7063,"apeswapBuyPrice":6978.44,"uniswapv2sellprice":6946.18,"sushiswapv2sellprice":6939.86,"bakeryswapsellprice":6860.43,"apeswapsellprice":6939.61},{"block":11280294,"timestamp":1632748849,"swapAmountBNB":20,"uniswapv2buyprice":6981.36,"sushiswapv2buyprice":6960.37,"bakeryswapbuyprice":7063,"apeswapBuyPrice":6978.44,"uniswapv2sellprice":6946.08,"sushiswapv2sellprice":6939.87,"bakeryswapsellprice":6860.43,"apeswapsellprice":6939.61},{"block":11280295,"timestamp":1632748852,"swapAmountBNB":20,"uniswapv2buyprice":6981.3,"sushiswapv2buyprice":6960.37,"bakeryswapbuyprice":7063,"apeswapBuyPrice":6978.44,"uniswapv2sellprice":6946.03,"sushiswapv2sellprice":6939.87,"bakeryswapsellprice":6860.43,"apeswapsellprice":6939.61},{"block":11280296,"timestamp":1632748855,"swapAmountBNB":20,"uniswapv2buyprice":6981.3,"sushiswapv2buyprice":6960.37,"bakeryswapbuyprice":7063,"apeswapBuyPrice":6978.44,"uniswapv2sellprice":6946.03,"sushiswapv2sellprice":6939.87,"bakeryswapsellprice":6860.43,"apeswapsellprice":6939.61},{"block":11280297,"timestamp":1632748858,"swapAmountBNB":20,"uniswapv2buyprice":6981.32,"sushiswapv2buyprice":6960.4,"bakeryswapbuyprice":7063,"apeswapBuyPrice":6978.44,"uniswapv2sellprice":6946.05,"sushiswapv2sellprice":6939.9,"bakeryswapsellprice":6860.43,"apeswapsellprice":6939.61},{"block":11280298,"timestamp":1632748861,"swapAmountBNB":20,"uniswapv2buyprice":6981.24,"sushiswapv2buyprice":6960.4,"bakeryswapbuyprice":7063,"apeswapBuyPrice":6978.44,"uniswapv2sellprice":6945.97,"sushiswapv2sellprice":6939.9,"bakeryswapsellprice":6860.43,"apeswapsellprice":6939.61},{"block":11280299,"timestamp":1632748864,"swapAmountBNB":20,"uniswapv2buyprice":6981.41,"sushiswapv2buyprice":6960.43,"bakeryswapbuyprice":7063,"apeswapBuyPrice":6978.44,"uniswapv2sellprice":6946.14,"sushiswapv2sellprice":6939.93,"bakeryswapsellprice":6860.43,"apeswapsellprice":6939.61},{"block":11280300,"timestamp":1632748867,"swapAmountBNB":20,"uniswapv2buyprice":6981.36,"sushiswapv2buyprice":6960.44,"bakeryswapbuyprice":7063,"apeswapBuyPrice":6978.44,"uniswapv2sellprice":6946.09,"sushiswapv2sellprice":6939.94,"bakeryswapsellprice":6860.43,"apeswapsellprice":6939.61},{"block":11280301,"timestamp":1632748870,"swapAmountBNB":20,"uniswapv2buyprice":6981.3,"sushiswapv2buyprice":6960.44,"bakeryswapbuyprice":7063,"apeswapBuyPrice":6978.44,"uniswapv2sellprice":6946.02,"sushiswapv2sellprice":6939.94,"bakeryswapsellprice":6860.43,"apeswapsellprice":6939.61},{"block":11280302,"timestamp":1632748873,"swapAmountBNB":20,"uniswapv2buyprice":6981.27,"sushiswapv2buyprice":6960.44,"bakeryswapbuyprice":7063,"apeswapBuyPrice":6978.44,"uniswapv2sellprice":6946,"sushiswapv2sellprice":6939.94,"bakeryswapsellprice":6860.43,"apeswapsellprice":6939.61},{"block":11280303,"timestamp":1632748876,"swapAmountBNB":20,"uniswapv2buyprice":6981.28,"sushiswapv2buyprice":6960.73,"bakeryswapbuyprice":7063,"apeswapBuyPrice":6978.43,"uniswapv2sellprice":6946.01,"sushiswapv2sellprice":6940.23,"bakeryswapsellprice":6860.43,"apeswapsellprice":6939.59},{"block":11280304,"timestamp":1632748879,"swapAmountBNB":20,"uniswapv2buyprice":6981.31,"sushiswapv2buyprice":6961.01,"bakeryswapbuyprice":7063,"apeswapBuyPrice":6978.43,"uniswapv2sellprice":6946.04,"sushiswapv2sellprice":6940.51,"bakeryswapsellprice":6860.43,"apeswapsellprice":6939.59},{"block":11280305,"timestamp":1632748882,"swapAmountBNB":20,"uniswapv2buyprice":6981.31,"sushiswapv2buyprice":6961.01,"bakeryswapbuyprice":7063,"apeswapBuyPrice":6978.43,"uniswapv2sellprice":6946.03,"sushiswapv2sellprice":6940.51,"bakeryswapsellprice":6860.43,"apeswapsellprice":6939.59},{"block":11280306,"timestamp":1632748885,"swapAmountBNB":20,"uniswapv2buyprice":6981.32,"sushiswapv2buyprice":6961.01,"bakeryswapbuyprice":7063,"apeswapBuyPrice":6978.43,"uniswapv2sellprice":6946.05,"sushiswapv2sellprice":6940.51,"bakeryswapsellprice":6860.43,"apeswapsellprice":6939.59},{"block":11280307,"timestamp":1632748888,"swapAmountBNB":20,"uniswapv2buyprice":6981.34,"sushiswapv2buyprice":6961.46,"bakeryswapbuyprice":7063,"apeswapBuyPrice":6978.58,"uniswapv2sellprice":6946.06,"sushiswapv2sellprice":6940.95,"bakeryswapsellprice":6860.43,"apeswapsellprice":6939.75},{"block":11280308,"timestamp":1632748891,"swapAmountBNB":20,"uniswapv2buyprice":6981.34,"sushiswapv2buyprice":6961.46,"bakeryswapbuyprice":7063,"apeswapBuyPrice":6978.58,"uniswapv2sellprice":6946.06,"sushiswapv2sellprice":6940.95,"bakeryswapsellprice":6860.43,"apeswapsellprice":6939.75},{"block":11280309,"timestamp":1632748894,"swapAmountBNB":20,"uniswapv2buyprice":6981.36,"sushiswapv2buyprice":6961.46,"bakeryswapbuyprice":7063,"apeswapBuyPrice":6978.58,"uniswapv2sellprice":6946.09,"sushiswapv2sellprice":6940.95,"bakeryswapsellprice":6860.43,"apeswapsellprice":6939.75},{"block":11280310,"timestamp":1632748897,"swapAmountBNB":20,"uniswapv2buyprice":6981.42,"sushiswapv2buyprice":6961.46,"bakeryswapbuyprice":7063,"apeswapBuyPrice":6978.58,"uniswapv2sellprice":6946.14,"sushiswapv2sellprice":6940.95,"bakeryswapsellprice":6860.43,"apeswapsellprice":6939.75},{"block":11280311,"timestamp":1632748900,"swapAmountBNB":20,"uniswapv2buyprice":6981.42,"sushiswapv2buyprice":6961.46,"bakeryswapbuyprice":7063,"apeswapBuyPrice":6978.6,"uniswapv2sellprice":6946.14,"sushiswapv2sellprice":6940.95,"bakeryswapsellprice":6860.43,"apeswapsellprice":6939.75},{"block":11280312,"timestamp":1632748903,"swapAmountBNB":20,"uniswapv2buyprice":6981.4,"sushiswapv2buyprice":6961.46,"bakeryswapbuyprice":7063,"apeswapBuyPrice":6978.6,"uniswapv2sellprice":6946.12,"sushiswapv2sellprice":6940.95,"bakeryswapsellprice":6860.43,"apeswapsellprice":6939.76},{"block":11280313,"timestamp":1632748906,"swapAmountBNB":20,"uniswapv2buyprice":6981.42,"sushiswapv2buyprice":6961.46,"bakeryswapbuyprice":7063,"apeswapBuyPrice":6978.6,"uniswapv2sellprice":6946.15,"sushiswapv2sellprice":6940.95,"bakeryswapsellprice":6860.43,"apeswapsellprice":6939.76},{"block":11280314,"timestamp":1632748909,"swapAmountBNB":20,"uniswapv2buyprice":6981.48,"sushiswapv2buyprice":6962.44,"bakeryswapbuyprice":7063,"apeswapBuyPrice":6978.6,"uniswapv2sellprice":6946.2,"sushiswapv2sellprice":6941.94,"bakeryswapsellprice":6860.43,"apeswapsellprice":6939.76},{"block":11280315,"timestamp":1632748912,"swapAmountBNB":20,"uniswapv2buyprice":6981.37,"sushiswapv2buyprice":6962.44,"bakeryswapbuyprice":7063,"apeswapBuyPrice":6978.6,"uniswapv2sellprice":6946.09,"sushiswapv2sellprice":6941.94,"bakeryswapsellprice":6860.43,"apeswapsellprice":6939.76},{"block":11280316,"timestamp":1632748915,"swapAmountBNB":20,"uniswapv2buyprice":6981.26,"sushiswapv2buyprice":6962.44,"bakeryswapbuyprice":7063,"apeswapBuyPrice":6978.6,"uniswapv2sellprice":6945.99,"sushiswapv2sellprice":6941.94,"bakeryswapsellprice":6860.43,"apeswapsellprice":6939.76},{"block":11280317,"timestamp":1632748918,"swapAmountBNB":20,"uniswapv2buyprice":6981.26,"sushiswapv2buyprice":6962.63,"bakeryswapbuyprice":7063,"apeswapBuyPrice":6978.81,"uniswapv2sellprice":6945.99,"sushiswapv2sellprice":6942.12,"bakeryswapsellprice":6860.43,"apeswapsellprice":6939.97},{"block":11280318,"timestamp":1632748921,"swapAmountBNB":20,"uniswapv2buyprice":6981.22,"sushiswapv2buyprice":6966.44,"bakeryswapbuyprice":7063,"apeswapBuyPrice":6978.81,"uniswapv2sellprice":6945.95,"sushiswapv2sellprice":6945.92,"bakeryswapsellprice":6860.43,"apeswapsellprice":6939.97},{"block":11280319,"timestamp":1632748924,"swapAmountBNB":20,"uniswapv2buyprice":6980.96,"sushiswapv2buyprice":6966.44,"bakeryswapbuyprice":7063,"apeswapBuyPrice":6978.63,"uniswapv2sellprice":6945.69,"sushiswapv2sellprice":6945.92,"bakeryswapsellprice":6860.43,"apeswapsellprice":6939.79},{"block":11280320,"timestamp":1632748927,"swapAmountBNB":20,"uniswapv2buyprice":6981.02,"sushiswapv2buyprice":6966.44,"bakeryswapbuyprice":7063,"apeswapBuyPrice":6978.64,"uniswapv2sellprice":6945.74,"sushiswapv2sellprice":6945.92,"bakeryswapsellprice":6860.43,"apeswapsellprice":6939.8},{"block":11280321,"timestamp":1632748930,"swapAmountBNB":20,"uniswapv2buyprice":6981.09,"sushiswapv2buyprice":6967.03,"bakeryswapbuyprice":7063,"apeswapBuyPrice":6978.64,"uniswapv2sellprice":6945.82,"sushiswapv2sellprice":6946.51,"bakeryswapsellprice":6860.43,"apeswapsellprice":6939.8},{"block":11280322,"timestamp":1632748933,"swapAmountBNB":20,"uniswapv2buyprice":6981.07,"sushiswapv2buyprice":6967.03,"bakeryswapbuyprice":7063,"apeswapBuyPrice":6978.64,"uniswapv2sellprice":6945.79,"sushiswapv2sellprice":6946.51,"bakeryswapsellprice":6860.43,"apeswapsellprice":6939.8},{"block":11280323,"timestamp":1632748936,"swapAmountBNB":20,"uniswapv2buyprice":6980.92,"sushiswapv2buyprice":6967.09,"bakeryswapbuyprice":7063,"apeswapBuyPrice":6978.64,"uniswapv2sellprice":6945.65,"sushiswapv2sellprice":6946.57,"bakeryswapsellprice":6860.43,"apeswapsellprice":6939.8},{"block":11280324,"timestamp":1632748939,"swapAmountBNB":20,"uniswapv2buyprice":6980.93,"sushiswapv2buyprice":6967.09,"bakeryswapbuyprice":7063,"apeswapBuyPrice":6978.64,"uniswapv2sellprice":6945.66,"sushiswapv2sellprice":6946.57,"bakeryswapsellprice":6860.43,"apeswapsellprice":6939.8},{"block":11280325,"timestamp":1632748942,"swapAmountBNB":20,"uniswapv2buyprice":6980.93,"sushiswapv2buyprice":6967.09,"bakeryswapbuyprice":7063,"apeswapBuyPrice":6978.64,"uniswapv2sellprice":6945.66,"sushiswapv2sellprice":6946.57,"bakeryswapsellprice":6860.43,"apeswapsellprice":6939.8},{"block":11280326,"timestamp":1632748945,"swapAmountBNB":20,"uniswapv2buyprice":6980.93,"sushiswapv2buyprice":6966.19,"bakeryswapbuyprice":7063,"apeswapBuyPrice":6978.64,"uniswapv2sellprice":6945.66,"sushiswapv2sellprice":6945.67,"bakeryswapsellprice":6860.43,"apeswapsellprice":6939.8},{"block":11280327,"timestamp":1632748948,"swapAmountBNB":20,"uniswapv2buyprice":6980.93,"sushiswapv2buyprice":6966.19,"bakeryswapbuyprice":7063,"apeswapBuyPrice":6977.1,"uniswapv2sellprice":6945.66,"sushiswapv2sellprice":6945.67,"bakeryswapsellprice":6860.43,"apeswapsellprice":6939.8},{"block":11280328,"timestamp":1632748951,"swapAmountBNB":20,"uniswapv2buyprice":6980.78,"sushiswapv2buyprice":6966.19,"bakeryswapbuyprice":7063,"apeswapBuyPrice":6977.11,"uniswapv2sellprice":6945.51,"sushiswapv2sellprice":6945.67,"bakeryswapsellprice":6860.43,"apeswapsellprice":6938.28},{"block":11280329,"timestamp":1632748954,"swapAmountBNB":20,"uniswapv2buyprice":6980.81,"sushiswapv2buyprice":6966.19,"bakeryswapbuyprice":7063,"apeswapBuyPrice":6977.11,"uniswapv2sellprice":6945.54,"sushiswapv2sellprice":6945.67,"bakeryswapsellprice":6860.43,"apeswapsellprice":6938.28},{"block":11280330,"timestamp":1632748957,"swapAmountBNB":20,"uniswapv2buyprice":6980.59,"sushiswapv2buyprice":6966.2,"bakeryswapbuyprice":7063,"apeswapBuyPrice":6977.11,"uniswapv2sellprice":6945.27,"sushiswapv2sellprice":6945.68,"bakeryswapsellprice":6860.43,"apeswapsellprice":6938.28},{"block":11280331,"timestamp":1632748960,"swapAmountBNB":20,"uniswapv2buyprice":6980.59,"sushiswapv2buyprice":6966.2,"bakeryswapbuyprice":7063,"apeswapBuyPrice":6977.11,"uniswapv2sellprice":6945.33,"sushiswapv2sellprice":6945.68,"bakeryswapsellprice":6860.43,"apeswapsellprice":6938.28},{"block":11280332,"timestamp":1632748963,"swapAmountBNB":20,"uniswapv2buyprice":6980.59,"sushiswapv2buyprice":6966.2,"bakeryswapbuyprice":7063,"apeswapBuyPrice":6977.11,"uniswapv2sellprice":6945.32,"sushiswapv2sellprice":6945.68,"bakeryswapsellprice":6860.43,"apeswapsellprice":6938.28},{"block":11280333,"timestamp":1632748966,"swapAmountBNB":20,"uniswapv2buyprice":6980.6,"sushiswapv2buyprice":6966.2,"bakeryswapbuyprice":7063,"apeswapBuyPrice":6977.11,"uniswapv2sellprice":6945.33,"sushiswapv2sellprice":6945.69,"bakeryswapsellprice":6860.43,"apeswapsellprice":6938.28},{"block":11280334,"timestamp":1632748969,"swapAmountBNB":20,"uniswapv2buyprice":6980.61,"sushiswapv2buyprice":6966.21,"bakeryswapbuyprice":7063,"apeswapBuyPrice":6977.11,"uniswapv2sellprice":6945.34,"sushiswapv2sellprice":6945.7,"bakeryswapsellprice":6860.43,"apeswapsellprice":6938.28},{"block":11280335,"timestamp":1632748972,"swapAmountBNB":20,"uniswapv2buyprice":6980.64,"sushiswapv2buyprice":6965.88,"bakeryswapbuyprice":7063,"apeswapBuyPrice":6977.11,"uniswapv2sellprice":6945.37,"sushiswapv2sellprice":6945.37,"bakeryswapsellprice":6860.43,"apeswapsellprice":6938.28},{"block":11280336,"timestamp":1632748975,"swapAmountBNB":20,"uniswapv2buyprice":6980.64,"sushiswapv2buyprice":6965.91,"bakeryswapbuyprice":7063,"apeswapBuyPrice":6977.11,"uniswapv2sellprice":6945.37,"sushiswapv2sellprice":6945.39,"bakeryswapsellprice":6860.43,"apeswapsellprice":6938.28},{"block":11280337,"timestamp":1632748978,"swapAmountBNB":20,"uniswapv2buyprice":6980.63,"sushiswapv2buyprice":6965.93,"bakeryswapbuyprice":7063,"apeswapBuyPrice":6977.11,"uniswapv2sellprice":6945.36,"sushiswapv2sellprice":6945.41,"bakeryswapsellprice":6860.43,"apeswapsellprice":6938.28},{"block":11280338,"timestamp":1632748981,"swapAmountBNB":20,"uniswapv2buyprice":6980.5,"sushiswapv2buyprice":6965.93,"bakeryswapbuyprice":7063,"apeswapBuyPrice":6977.11,"uniswapv2sellprice":6945.24,"sushiswapv2sellprice":6945.41,"bakeryswapsellprice":6860.43,"apeswapsellprice":6938.28},{"block":11280339,"timestamp":1632748984,"swapAmountBNB":20,"uniswapv2buyprice":6980.61,"sushiswapv2buyprice":6965.93,"bakeryswapbuyprice":7063,"apeswapBuyPrice":6977.11,"uniswapv2sellprice":6945.35,"sushiswapv2sellprice":6945.41,"bakeryswapsellprice":6860.43,"apeswapsellprice":6938.28},{"block":11280340,"timestamp":1632748987,"swapAmountBNB":20,"uniswapv2buyprice":6980.6,"sushiswapv2buyprice":6972.05,"bakeryswapbuyprice":7063,"apeswapBuyPrice":6977.11,"uniswapv2sellprice":6945.33,"sushiswapv2sellprice":6951.51,"bakeryswapsellprice":6860.43,"apeswapsellprice":6938.28},{"block":11280341,"timestamp":1632748990,"swapAmountBNB":20,"uniswapv2buyprice":6982.95,"sushiswapv2buyprice":6972.05,"bakeryswapbuyprice":7063,"apeswapBuyPrice":6977.11,"uniswapv2sellprice":6947.67,"sushiswapv2sellprice":6951.51,"bakeryswapsellprice":6860.43,"apeswapsellprice":6938.28},{"block":11280342,"timestamp":1632748993,"swapAmountBNB":20,"uniswapv2buyprice":6982.97,"sushiswapv2buyprice":6972.05,"bakeryswapbuyprice":7063,"apeswapBuyPrice":6977.11,"uniswapv2sellprice":6947.69,"sushiswapv2sellprice":6951.51,"bakeryswapsellprice":6860.43,"apeswapsellprice":6938.28},{"block":11280343,"timestamp":1632748996,"swapAmountBNB":20,"uniswapv2buyprice":6983.55,"sushiswapv2buyprice":6972.05,"bakeryswapbuyprice":7063,"apeswapBuyPrice":6977.11,"uniswapv2sellprice":6948.26,"sushiswapv2sellprice":6951.51,"bakeryswapsellprice":6860.43,"apeswapsellprice":6938.28},{"block":11280344,"timestamp":1632748999,"swapAmountBNB":20,"uniswapv2buyprice":6983.6,"sushiswapv2buyprice":6972.05,"bakeryswapbuyprice":7063,"apeswapBuyPrice":6977.11,"uniswapv2sellprice":6948.31,"sushiswapv2sellprice":6951.51,"bakeryswapsellprice":6860.43,"apeswapsellprice":6938.28},{"block":11280345,"timestamp":1632749002,"swapAmountBNB":20,"uniswapv2buyprice":6983.53,"sushiswapv2buyprice":6972.05,"bakeryswapbuyprice":7063,"apeswapBuyPrice":6977.11,"uniswapv2sellprice":6948.25,"sushiswapv2sellprice":6951.51,"bakeryswapsellprice":6860.43,"apeswapsellprice":6938.28},{"block":11280346,"timestamp":1632749005,"swapAmountBNB":20,"uniswapv2buyprice":6983.53,"sushiswapv2buyprice":6972.93,"bakeryswapbuyprice":7063,"apeswapBuyPrice":6977.11,"uniswapv2sellprice":6948.24,"sushiswapv2sellprice":6952.39,"bakeryswapsellprice":6860.43,"apeswapsellprice":6938.28},{"block":11280347,"timestamp":1632749008,"swapAmountBNB":20,"uniswapv2buyprice":6983.51,"sushiswapv2buyprice":6972.93,"bakeryswapbuyprice":7063,"apeswapBuyPrice":6981.59,"uniswapv2sellprice":6948.23,"sushiswapv2sellprice":6952.39,"bakeryswapsellprice":6860.43,"apeswapsellprice":6942.73},{"block":11280348,"timestamp":1632749011,"swapAmountBNB":20,"uniswapv2buyprice":6983.37,"sushiswapv2buyprice":6972.54,"bakeryswapbuyprice":7063,"apeswapBuyPrice":6981.59,"uniswapv2sellprice":6948.08,"sushiswapv2sellprice":6952,"bakeryswapsellprice":6860.43,"apeswapsellprice":6942.73},{"block":11280349,"timestamp":1632749014,"swapAmountBNB":20,"uniswapv2buyprice":6983.27,"sushiswapv2buyprice":6971.24,"bakeryswapbuyprice":7063,"apeswapBuyPrice":6981.59,"uniswapv2sellprice":6947.99,"sushiswapv2sellprice":6950.71,"bakeryswapsellprice":6860.43,"apeswapsellprice":6942.73},{"block":11280350,"timestamp":1632749017,"swapAmountBNB":20,"uniswapv2buyprice":6983.27,"sushiswapv2buyprice":6971.24,"bakeryswapbuyprice":7063,"apeswapBuyPrice":6981.59,"uniswapv2sellprice":6947.99,"sushiswapv2sellprice":6950.71,"bakeryswapsellprice":6860.43,"apeswapsellprice":6942.73},{"block":11280351,"timestamp":1632749020,"swapAmountBNB":20,"uniswapv2buyprice":6983.19,"sushiswapv2buyprice":6971.24,"bakeryswapbuyprice":7063,"apeswapBuyPrice":6981.59,"uniswapv2sellprice":6947.91,"sushiswapv2sellprice":6950.71,"bakeryswapsellprice":6860.43,"apeswapsellprice":6942.73},{"block":11280352,"timestamp":1632749023,"swapAmountBNB":20,"uniswapv2buyprice":6983.21,"sushiswapv2buyprice":6971.24,"bakeryswapbuyprice":7063,"apeswapBuyPrice":6981.59,"uniswapv2sellprice":6947.92,"sushiswapv2sellprice":6950.71,"bakeryswapsellprice":6860.43,"apeswapsellprice":6942.73},{"block":11280353,"timestamp":1632749026,"swapAmountBNB":20,"uniswapv2buyprice":6983.16,"sushiswapv2buyprice":6971.17,"bakeryswapbuyprice":7063,"apeswapBuyPrice":6981.59,"uniswapv2sellprice":6947.88,"sushiswapv2sellprice":6950.63,"bakeryswapsellprice":6860.43,"apeswapsellprice":6942.73},{"block":11280354,"timestamp":1632749029,"swapAmountBNB":20,"uniswapv2buyprice":6983.14,"sushiswapv2buyprice":6971.19,"bakeryswapbuyprice":7063,"apeswapBuyPrice":6981.59,"uniswapv2sellprice":6947.85,"sushiswapv2sellprice":6950.66,"bakeryswapsellprice":6860.43,"apeswapsellprice":6942.73},{"block":11280355,"timestamp":1632749032,"swapAmountBNB":20,"uniswapv2buyprice":6983.04,"sushiswapv2buyprice":6971.19,"bakeryswapbuyprice":7063,"apeswapBuyPrice":6981.59,"uniswapv2sellprice":6947.76,"sushiswapv2sellprice":6950.66,"bakeryswapsellprice":6860.43,"apeswapsellprice":6942.73},{"block":11280356,"timestamp":1632749035,"swapAmountBNB":20,"uniswapv2buyprice":6983.06,"sushiswapv2buyprice":6971.12,"bakeryswapbuyprice":7063,"apeswapBuyPrice":6981.59,"uniswapv2sellprice":6947.78,"sushiswapv2sellprice":6950.59,"bakeryswapsellprice":6860.43,"apeswapsellprice":6942.73},{"block":11280357,"timestamp":1632749038,"swapAmountBNB":20,"uniswapv2buyprice":6983.06,"sushiswapv2buyprice":6970.98,"bakeryswapbuyprice":7063,"apeswapBuyPrice":6981.59,"uniswapv2sellprice":6947.78,"sushiswapv2sellprice":6950.45,"bakeryswapsellprice":6860.43,"apeswapsellprice":6942.73},{"block":11280358,"timestamp":1632749041,"swapAmountBNB":20,"uniswapv2buyprice":6983.07,"sushiswapv2buyprice":6970.98,"bakeryswapbuyprice":7063,"apeswapBuyPrice":6981.59,"uniswapv2sellprice":6947.78,"sushiswapv2sellprice":6950.45,"bakeryswapsellprice":6860.43,"apeswapsellprice":6942.73},{"block":11280359,"timestamp":1632749044,"swapAmountBNB":20,"uniswapv2buyprice":6983.04,"sushiswapv2buyprice":6970.98,"bakeryswapbuyprice":7063,"apeswapBuyPrice":6981.59,"uniswapv2sellprice":6947.76,"sushiswapv2sellprice":6950.45,"bakeryswapsellprice":6860.43,"apeswapsellprice":6942.73},{"block":11280360,"timestamp":1632749047,"swapAmountBNB":20,"uniswapv2buyprice":6983.01,"sushiswapv2buyprice":6970.37,"bakeryswapbuyprice":7063,"apeswapBuyPrice":6981.59,"uniswapv2sellprice":6947.73,"sushiswapv2sellprice":6949.84,"bakeryswapsellprice":6860.43,"apeswapsellprice":6942.73},{"block":11280361,"timestamp":1632749050,"swapAmountBNB":20,"uniswapv2buyprice":6982.81,"sushiswapv2buyprice":6970.23,"bakeryswapbuyprice":7063,"apeswapBuyPrice":6981.59,"uniswapv2sellprice":6947.53,"sushiswapv2sellprice":6949.7,"bakeryswapsellprice":6860.43,"apeswapsellprice":6942.73},{"block":11280362,"timestamp":1632749053,"swapAmountBNB":20,"uniswapv2buyprice":6982.72,"sushiswapv2buyprice":6970.23,"bakeryswapbuyprice":7063,"apeswapBuyPrice":6981.59,"uniswapv2sellprice":6947.44,"sushiswapv2sellprice":6949.7,"bakeryswapsellprice":6860.43,"apeswapsellprice":6942.73},{"block":11280363,"timestamp":1632749056,"swapAmountBNB":20,"uniswapv2buyprice":6982.71,"sushiswapv2buyprice":6970.23,"bakeryswapbuyprice":7063,"apeswapBuyPrice":6981.59,"uniswapv2sellprice":6947.43,"sushiswapv2sellprice":6949.7,"bakeryswapsellprice":6860.43,"apeswapsellprice":6942.73},{"block":11280364,"timestamp":1632749059,"swapAmountBNB":20,"uniswapv2buyprice":6982.67,"sushiswapv2buyprice":6968.73,"bakeryswapbuyprice":7063,"apeswapBuyPrice":6981.31,"uniswapv2sellprice":6947.39,"sushiswapv2sellprice":6948.2,"bakeryswapsellprice":6860.43,"apeswapsellprice":6942.45},{"block":11280365,"timestamp":1632749062,"swapAmountBNB":20,"uniswapv2buyprice":6982.49,"sushiswapv2buyprice":6968.73,"bakeryswapbuyprice":7063,"apeswapBuyPrice":6981.31,"uniswapv2sellprice":6947.21,"sushiswapv2sellprice":6948.2,"bakeryswapsellprice":6860.43,"apeswapsellprice":6942.45},{"block":11280366,"timestamp":1632749065,"swapAmountBNB":20,"uniswapv2buyprice":6982.5,"sushiswapv2buyprice":6968.73,"bakeryswapbuyprice":7063,"apeswapBuyPrice":6981.31,"uniswapv2sellprice":6947.22,"sushiswapv2sellprice":6948.2,"bakeryswapsellprice":6860.43,"apeswapsellprice":6942.45},{"block":11280367,"timestamp":1632749068,"swapAmountBNB":20,"uniswapv2buyprice":6982.47,"sushiswapv2buyprice":6968.59,"bakeryswapbuyprice":7063,"apeswapBuyPrice":6981.31,"uniswapv2sellprice":6947.19,"sushiswapv2sellprice":6948.06,"bakeryswapsellprice":6860.43,"apeswapsellprice":6942.45},{"block":11280368,"timestamp":1632749071,"swapAmountBNB":20,"uniswapv2buyprice":6982.49,"sushiswapv2buyprice":6968.55,"bakeryswapbuyprice":7063,"apeswapBuyPrice":6970.78,"uniswapv2sellprice":6947.21,"sushiswapv2sellprice":6948.03,"bakeryswapsellprice":6860.43,"apeswapsellprice":6931.99},{"block":11280369,"timestamp":1632749074,"swapAmountBNB":20,"uniswapv2buyprice":6982.35,"sushiswapv2buyprice":6968.55,"bakeryswapbuyprice":7063,"apeswapBuyPrice":6970.78,"uniswapv2sellprice":6947.07,"sushiswapv2sellprice":6948.03,"bakeryswapsellprice":6860.43,"apeswapsellprice":6931.99},{"block":11280370,"timestamp":1632749077,"swapAmountBNB":20,"uniswapv2buyprice":6982.38,"sushiswapv2buyprice":6968.55,"bakeryswapbuyprice":7063,"apeswapBuyPrice":6970.78,"uniswapv2sellprice":6947.1,"sushiswapv2sellprice":6948.03,"bakeryswapsellprice":6860.43,"apeswapsellprice":6931.99},{"block":11280371,"timestamp":1632749080,"swapAmountBNB":20,"uniswapv2buyprice":6982.37,"sushiswapv2buyprice":6968.55,"bakeryswapbuyprice":7063,"apeswapBuyPrice":6970.78,"uniswapv2sellprice":6947.1,"sushiswapv2sellprice":6948.03,"bakeryswapsellprice":6860.43,"apeswapsellprice":6931.99},{"block":11280372,"timestamp":1632749083,"swapAmountBNB":20,"uniswapv2buyprice":6982.23,"sushiswapv2buyprice":6968.66,"bakeryswapbuyprice":7063,"apeswapBuyPrice":6970.78,"uniswapv2sellprice":6946.95,"sushiswapv2sellprice":6948.13,"bakeryswapsellprice":6860.43,"apeswapsellprice":6931.99},{"block":11280373,"timestamp":1632749086,"swapAmountBNB":20,"uniswapv2buyprice":6982.22,"sushiswapv2buyprice":6968.51,"bakeryswapbuyprice":7063,"apeswapBuyPrice":6970.78,"uniswapv2sellprice":6946.95,"sushiswapv2sellprice":6947.99,"bakeryswapsellprice":6860.43,"apeswapsellprice":6931.99},{"block":11280374,"timestamp":1632749089,"swapAmountBNB":20,"uniswapv2buyprice":6982.27,"sushiswapv2buyprice":6969.04,"bakeryswapbuyprice":7063,"apeswapBuyPrice":6971.58,"uniswapv2sellprice":6946.99,"sushiswapv2sellprice":6948.52,"bakeryswapsellprice":6860.43,"apeswapsellprice":6932.78},{"block":11280375,"timestamp":1632749092,"swapAmountBNB":20,"uniswapv2buyprice":6982.25,"sushiswapv2buyprice":6969.04,"bakeryswapbuyprice":7063,"apeswapBuyPrice":6971.58,"uniswapv2sellprice":6946.97,"sushiswapv2sellprice":6948.52,"bakeryswapsellprice":6860.43,"apeswapsellprice":6932.78},{"block":11280376,"timestamp":1632749095,"swapAmountBNB":20,"uniswapv2buyprice":6988.46,"sushiswapv2buyprice":6968.71,"bakeryswapbuyprice":7063,"apeswapBuyPrice":6971.61,"uniswapv2sellprice":6953.15,"sushiswapv2sellprice":6948.18,"bakeryswapsellprice":6860.43,"apeswapsellprice":6932.82},{"block":11280377,"timestamp":1632749098,"swapAmountBNB":20,"uniswapv2buyprice":6988.44,"sushiswapv2buyprice":6968.71,"bakeryswapbuyprice":7063,"apeswapBuyPrice":6971.61,"uniswapv2sellprice":6953.13,"sushiswapv2sellprice":6948.18,"bakeryswapsellprice":6860.43,"apeswapsellprice":6932.82},{"block":11280378,"timestamp":1632749101,"swapAmountBNB":20,"uniswapv2buyprice":6988.45,"sushiswapv2buyprice":6968.59,"bakeryswapbuyprice":7063,"apeswapBuyPrice":6971.61,"uniswapv2sellprice":6953.14,"sushiswapv2sellprice":6948.07,"bakeryswapsellprice":6860.43,"apeswapsellprice":6932.82},{"block":11280379,"timestamp":1632749104,"swapAmountBNB":20,"uniswapv2buyprice":6988.44,"sushiswapv2buyprice":6968.75,"bakeryswapbuyprice":7063,"apeswapBuyPrice":6971.61,"uniswapv2sellprice":6953.13,"sushiswapv2sellprice":6948.22,"bakeryswapsellprice":6860.43,"apeswapsellprice":6932.82},{"block":11280380,"timestamp":1632749107,"swapAmountBNB":20,"uniswapv2buyprice":6988.43,"sushiswapv2buyprice":6968.75,"bakeryswapbuyprice":7063,"apeswapBuyPrice":6971.7,"uniswapv2sellprice":6953.12,"sushiswapv2sellprice":6948.22,"bakeryswapsellprice":6860.43,"apeswapsellprice":6932.9},{"block":11280381,"timestamp":1632749110,"swapAmountBNB":20,"uniswapv2buyprice":6988.37,"sushiswapv2buyprice":6968.75,"bakeryswapbuyprice":7063,"apeswapBuyPrice":6971.7,"uniswapv2sellprice":6953.06,"sushiswapv2sellprice":6948.22,"bakeryswapsellprice":6860.43,"apeswapsellprice":6932.9},{"block":11280382,"timestamp":1632749113,"swapAmountBNB":20,"uniswapv2buyprice":6988.41,"sushiswapv2buyprice":6968.75,"bakeryswapbuyprice":7063,"apeswapBuyPrice":6971.7,"uniswapv2sellprice":6953.11,"sushiswapv2sellprice":6948.22,"bakeryswapsellprice":6860.43,"apeswapsellprice":6932.9},{"block":11280383,"timestamp":1632749116,"swapAmountBNB":20,"uniswapv2buyprice":6988.3,"sushiswapv2buyprice":6968.73,"bakeryswapbuyprice":7063,"apeswapBuyPrice":6971.7,"uniswapv2sellprice":6952.99,"sushiswapv2sellprice":6948.2,"bakeryswapsellprice":6860.43,"apeswapsellprice":6932.9},{"block":11280384,"timestamp":1632749119,"swapAmountBNB":20,"uniswapv2buyprice":6989.49,"sushiswapv2buyprice":6968.73,"bakeryswapbuyprice":7063,"apeswapBuyPrice":6971.7,"uniswapv2sellprice":6954.18,"sushiswapv2sellprice":6948.2,"bakeryswapsellprice":6860.43,"apeswapsellprice":6932.9},{"block":11280385,"timestamp":1632749122,"swapAmountBNB":20,"uniswapv2buyprice":6989.45,"sushiswapv2buyprice":6968.73,"bakeryswapbuyprice":7063,"apeswapBuyPrice":6971.71,"uniswapv2sellprice":6954.14,"sushiswapv2sellprice":6948.2,"bakeryswapsellprice":6860.43,"apeswapsellprice":6932.9},{"block":11280386,"timestamp":1632749125,"swapAmountBNB":20,"uniswapv2buyprice":6989.44,"sushiswapv2buyprice":6968.73,"bakeryswapbuyprice":7063,"apeswapBuyPrice":6973.1,"uniswapv2sellprice":6954.12,"sushiswapv2sellprice":6948.2,"bakeryswapsellprice":6860.43,"apeswapsellprice":6934.3},{"block":11280387,"timestamp":1632749128,"swapAmountBNB":20,"uniswapv2buyprice":6989.49,"sushiswapv2buyprice":6968.73,"bakeryswapbuyprice":7063,"apeswapBuyPrice":6973.1,"uniswapv2sellprice":6954.18,"sushiswapv2sellprice":6948.2,"bakeryswapsellprice":6860.43,"apeswapsellprice":6934.3},{"block":11280388,"timestamp":1632749131,"swapAmountBNB":20,"uniswapv2buyprice":6989.33,"sushiswapv2buyprice":6968.87,"bakeryswapbuyprice":7063,"apeswapBuyPrice":6972.57,"uniswapv2sellprice":6954.01,"sushiswapv2sellprice":6948.34,"bakeryswapsellprice":6860.43,"apeswapsellprice":6933.77},{"block":11280389,"timestamp":1632749134,"swapAmountBNB":20,"uniswapv2buyprice":6989.3,"sushiswapv2buyprice":6968.87,"bakeryswapbuyprice":7063,"apeswapBuyPrice":6972.71,"uniswapv2sellprice":6953.99,"sushiswapv2sellprice":6948.34,"bakeryswapsellprice":6860.43,"apeswapsellprice":6933.91},{"block":11280390,"timestamp":1632749137,"swapAmountBNB":20,"uniswapv2buyprice":6989.21,"sushiswapv2buyprice":6968.87,"bakeryswapbuyprice":7063,"apeswapBuyPrice":6972.76,"uniswapv2sellprice":6953.9,"sushiswapv2sellprice":6948.34,"bakeryswapsellprice":6860.43,"apeswapsellprice":6933.91},{"block":11280391,"timestamp":1632749140,"swapAmountBNB":20,"uniswapv2buyprice":6989.21,"sushiswapv2buyprice":6968.87,"bakeryswapbuyprice":7063,"apeswapBuyPrice":6972.76,"uniswapv2sellprice":6953.9,"sushiswapv2sellprice":6948.34,"bakeryswapsellprice":6860.43,"apeswapsellprice":6933.96},{"block":11280392,"timestamp":1632749143,"swapAmountBNB":20,"uniswapv2buyprice":6989.24,"sushiswapv2buyprice":6968.87,"bakeryswapbuyprice":7063,"apeswapBuyPrice":6972.8,"uniswapv2sellprice":6953.93,"sushiswapv2sellprice":6948.34,"bakeryswapsellprice":6860.43,"apeswapsellprice":6934},{"block":11280393,"timestamp":1632749146,"swapAmountBNB":20,"uniswapv2buyprice":6989.28,"sushiswapv2buyprice":6968.87,"bakeryswapbuyprice":7063,"apeswapBuyPrice":6972.8,"uniswapv2sellprice":6953.97,"sushiswapv2sellprice":6948.34,"bakeryswapsellprice":6860.43,"apeswapsellprice":6934},{"block":11280394,"timestamp":1632749149,"swapAmountBNB":20,"uniswapv2buyprice":6989.16,"sushiswapv2buyprice":6972.51,"bakeryswapbuyprice":7063,"apeswapBuyPrice":6972.8,"uniswapv2sellprice":6953.85,"sushiswapv2sellprice":6951.97,"bakeryswapsellprice":6860.43,"apeswapsellprice":6934},{"block":11280395,"timestamp":1632749152,"swapAmountBNB":20,"uniswapv2buyprice":6989.26,"sushiswapv2buyprice":6974.79,"bakeryswapbuyprice":7063,"apeswapBuyPrice":6972.8,"uniswapv2sellprice":6953.94,"sushiswapv2sellprice":6954.24,"bakeryswapsellprice":6860.43,"apeswapsellprice":6934},{"block":11280396,"timestamp":1632749155,"swapAmountBNB":20,"uniswapv2buyprice":6989.26,"sushiswapv2buyprice":6974.79,"bakeryswapbuyprice":7063,"apeswapBuyPrice":6972.8,"uniswapv2sellprice":6953.95,"sushiswapv2sellprice":6954.24,"bakeryswapsellprice":6860.43,"apeswapsellprice":6934},{"block":11280397,"timestamp":1632749158,"swapAmountBNB":20,"uniswapv2buyprice":6989.21,"sushiswapv2buyprice":6974.79,"bakeryswapbuyprice":7063,"apeswapBuyPrice":6972.8,"uniswapv2sellprice":6953.9,"sushiswapv2sellprice":6954.24,"bakeryswapsellprice":6860.43,"apeswapsellprice":6934},{"block":11280398,"timestamp":1632749161,"swapAmountBNB":20,"uniswapv2buyprice":6989.13,"sushiswapv2buyprice":6974.79,"bakeryswapbuyprice":7063,"apeswapBuyPrice":6972.8,"uniswapv2sellprice":6953.82,"sushiswapv2sellprice":6954.24,"bakeryswapsellprice":6860.43,"apeswapsellprice":6934},{"block":11280399,"timestamp":1632749164,"swapAmountBNB":20,"uniswapv2buyprice":6989.11,"sushiswapv2buyprice":6974.75,"bakeryswapbuyprice":7063,"apeswapBuyPrice":6972.75,"uniswapv2sellprice":6953.8,"sushiswapv2sellprice":6954.21,"bakeryswapsellprice":6860.43,"apeswapsellprice":6934},{"block":11280400,"timestamp":1632749167,"swapAmountBNB":20,"uniswapv2buyprice":6989.16,"sushiswapv2buyprice":6974.75,"bakeryswapbuyprice":7063,"apeswapBuyPrice":6972.98,"uniswapv2sellprice":6953.85,"sushiswapv2sellprice":6954.21,"bakeryswapsellprice":6860.43,"apeswapsellprice":6933.95},{"block":11280401,"timestamp":1632749170,"swapAmountBNB":20,"uniswapv2buyprice":6989.11,"sushiswapv2buyprice":6974.75,"bakeryswapbuyprice":7063,"apeswapBuyPrice":6972.98,"uniswapv2sellprice":6953.79,"sushiswapv2sellprice":6954.21,"bakeryswapsellprice":6860.43,"apeswapsellprice":6934.18},{"block":11280402,"timestamp":1632749173,"swapAmountBNB":20,"uniswapv2buyprice":6989.28,"sushiswapv2buyprice":6974.93,"bakeryswapbuyprice":7063,"apeswapBuyPrice":6973.33,"uniswapv2sellprice":6953.97,"sushiswapv2sellprice":6954.39,"bakeryswapsellprice":6860.43,"apeswapsellprice":6934.52},{"block":11280403,"timestamp":1632749176,"swapAmountBNB":20,"uniswapv2buyprice":6989.19,"sushiswapv2buyprice":6974.93,"bakeryswapbuyprice":7063,"apeswapBuyPrice":6973.33,"uniswapv2sellprice":6953.88,"sushiswapv2sellprice":6954.39,"bakeryswapsellprice":6860.43,"apeswapsellprice":6934.52},{"block":11280404,"timestamp":1632749179,"swapAmountBNB":20,"uniswapv2buyprice":6989.26,"sushiswapv2buyprice":6976.43,"bakeryswapbuyprice":7063,"apeswapBuyPrice":6980.33,"uniswapv2sellprice":6953.94,"sushiswapv2sellprice":6955.87,"bakeryswapsellprice":6860.43,"apeswapsellprice":6941.48},{"block":11280405,"timestamp":1632749182,"swapAmountBNB":20,"uniswapv2buyprice":6989.26,"sushiswapv2buyprice":6979.99,"bakeryswapbuyprice":7063,"apeswapBuyPrice":6980.33,"uniswapv2sellprice":6953.95,"sushiswapv2sellprice":6955.79,"bakeryswapsellprice":6860.43,"apeswapsellprice":6941.48},{"block":11280406,"timestamp":1632749185,"swapAmountBNB":20,"uniswapv2buyprice":6989.24,"sushiswapv2buyprice":6979.99,"bakeryswapbuyprice":7063,"apeswapBuyPrice":6980.33,"uniswapv2sellprice":6953.93,"sushiswapv2sellprice":6959.43,"bakeryswapsellprice":6860.43,"apeswapsellprice":6941.48},{"block":11280407,"timestamp":1632749188,"swapAmountBNB":20,"uniswapv2buyprice":6988.96,"sushiswapv2buyprice":6978.97,"bakeryswapbuyprice":7063,"apeswapBuyPrice":6980.33,"uniswapv2sellprice":6953.64,"sushiswapv2sellprice":6958.41,"bakeryswapsellprice":6860.43,"apeswapsellprice":6941.48},{"block":11280408,"timestamp":1632749191,"swapAmountBNB":20,"uniswapv2buyprice":6988.92,"sushiswapv2buyprice":6978.97,"bakeryswapbuyprice":7063,"apeswapBuyPrice":6980.33,"uniswapv2sellprice":6953.61,"sushiswapv2sellprice":6958.41,"bakeryswapsellprice":6860.43,"apeswapsellprice":6941.48},{"block":11280409,"timestamp":1632749194,"swapAmountBNB":20,"uniswapv2buyprice":6988.97,"sushiswapv2buyprice":6978.97,"bakeryswapbuyprice":7063,"apeswapBuyPrice":6980.33,"uniswapv2sellprice":6953.66,"sushiswapv2sellprice":6958.41,"bakeryswapsellprice":6860.43,"apeswapsellprice":6941.48},{"block":11280410,"timestamp":1632749197,"swapAmountBNB":20,"uniswapv2buyprice":6989.04,"sushiswapv2buyprice":6978.97,"bakeryswapbuyprice":7063,"apeswapBuyPrice":6980.33,"uniswapv2sellprice":6953.73,"sushiswapv2sellprice":6958.41,"bakeryswapsellprice":6860.43,"apeswapsellprice":6941.48},{"block":11280411,"timestamp":1632749200,"swapAmountBNB":20,"uniswapv2buyprice":6989.03,"sushiswapv2buyprice":6978.97,"bakeryswapbuyprice":7063,"apeswapBuyPrice":6980.33,"uniswapv2sellprice":6953.72,"sushiswapv2sellprice":6958.41,"bakeryswapsellprice":6860.43,"apeswapsellprice":6941.48},{"block":11280412,"timestamp":1632749203,"swapAmountBNB":20,"uniswapv2buyprice":6989.11,"sushiswapv2buyprice":6978.97,"bakeryswapbuyprice":7063,"apeswapBuyPrice":6980.33,"uniswapv2sellprice":6953.8,"sushiswapv2sellprice":6958.41,"bakeryswapsellprice":6860.43,"apeswapsellprice":6941.48},{"block":11280413,"timestamp":1632749206,"swapAmountBNB":20,"uniswapv2buyprice":6989.11,"sushiswapv2buyprice":6978.97,"bakeryswapbuyprice":7063,"apeswapBuyPrice":6980.33,"uniswapv2sellprice":6953.8,"sushiswapv2sellprice":6958.41,"bakeryswapsellprice":6860.43,"apeswapsellprice":6941.48},{"block":11280414,"timestamp":1632749209,"swapAmountBNB":20,"uniswapv2buyprice":6989.08,"sushiswapv2buyprice":6982.62,"bakeryswapbuyprice":7063,"apeswapBuyPrice":6980.33,"uniswapv2sellprice":6953.77,"sushiswapv2sellprice":6962.05,"bakeryswapsellprice":6860.43,"apeswapsellprice":6941.48},{"block":11280415,"timestamp":1632749212,"swapAmountBNB":20,"uniswapv2buyprice":6989.04,"sushiswapv2buyprice":6982.62,"bakeryswapbuyprice":7063,"apeswapBuyPrice":6980.33,"uniswapv2sellprice":6953.73,"sushiswapv2sellprice":6962.05,"bakeryswapsellprice":6860.43,"apeswapsellprice":6941.48},{"block":11280416,"timestamp":1632749215,"swapAmountBNB":20,"uniswapv2buyprice":6988.68,"sushiswapv2buyprice":6982.57,"bakeryswapbuyprice":7063,"apeswapBuyPrice":6980.33,"uniswapv2sellprice":6953.37,"sushiswapv2sellprice":6962,"bakeryswapsellprice":6860.43,"apeswapsellprice":6941.48},{"block":11280417,"timestamp":1632749218,"swapAmountBNB":20,"uniswapv2buyprice":6988.62,"sushiswapv2buyprice":6982.57,"bakeryswapbuyprice":7063,"apeswapBuyPrice":6982.33,"uniswapv2sellprice":6953.31,"sushiswapv2sellprice":6962,"bakeryswapsellprice":6860.43,"apeswapsellprice":6943.46},{"block":11280418,"timestamp":1632749221,"swapAmountBNB":20,"uniswapv2buyprice":6988.62,"sushiswapv2buyprice":6983.76,"bakeryswapbuyprice":7063,"apeswapBuyPrice":6982.33,"uniswapv2sellprice":6953.31,"sushiswapv2sellprice":6963.18,"bakeryswapsellprice":6860.43,"apeswapsellprice":6943.46},{"block":11280419,"timestamp":1632749224,"swapAmountBNB":20,"uniswapv2buyprice":6988.55,"sushiswapv2buyprice":6982.72,"bakeryswapbuyprice":7063,"apeswapBuyPrice":6982.33,"uniswapv2sellprice":6953.24,"sushiswapv2sellprice":6962.15,"bakeryswapsellprice":6860.43,"apeswapsellprice":6943.46},{"block":11280420,"timestamp":1632749227,"swapAmountBNB":20,"uniswapv2buyprice":6988.66,"sushiswapv2buyprice":6982.96,"bakeryswapbuyprice":7063,"apeswapBuyPrice":6982.33,"uniswapv2sellprice":6953.35,"sushiswapv2sellprice":6962.38,"bakeryswapsellprice":6860.43,"apeswapsellprice":6943.46}]}