{"table":[{"block":11023186,"timestamp":1631972415,"swapAmountBNB":20,"uniswapv2buyprice":8353.29,"sushiswapv2buyprice":8336.02,"bakeryswapbuyprice":8441.28,"apeswapBuyPrice":8348.28,"uniswapv2sellprice":8311.01,"sushiswapv2sellprice":8311.2,"bakeryswapsellprice":8225.51,"apeswapsellprice":8302.8},{"block":11023187,"timestamp":1631972418,"swapAmountBNB":20,"uniswapv2buyprice":8353.29,"sushiswapv2buyprice":8335.45,"bakeryswapbuyprice":8441.28,"apeswapBuyPrice":8348.28,"uniswapv2sellprice":8311.01,"sushiswapv2sellprice":8310.63,"bakeryswapsellprice":8225.51,"apeswapsellprice":8302.8},{"block":11023188,"timestamp":1631972421,"swapAmountBNB":20,"uniswapv2buyprice":8353.28,"sushiswapv2buyprice":8335.78,"bakeryswapbuyprice":8441.28,"apeswapBuyPrice":8348.28,"uniswapv2sellprice":8311.01,"sushiswapv2sellprice":8310.95,"bakeryswapsellprice":8225.51,"apeswapsellprice":8302.8},{"block":11023189,"timestamp":1631972424,"swapAmountBNB":20,"uniswapv2buyprice":8353.1,"sushiswapv2buyprice":8335.8,"bakeryswapbuyprice":8441.28,"apeswapBuyPrice":8348.09,"uniswapv2sellprice":8310.83,"sushiswapv2sellprice":8310.97,"bakeryswapsellprice":8225.51,"apeswapsellprice":8302.61},{"block":11023190,"timestamp":1631972427,"swapAmountBNB":20,"uniswapv2buyprice":8353.1,"sushiswapv2buyprice":8335.8,"bakeryswapbuyprice":8441.28,"apeswapBuyPrice":8348.09,"uniswapv2sellprice":8310.83,"sushiswapv2sellprice":8310.97,"bakeryswapsellprice":8225.51,"apeswapsellprice":8302.61},{"block":11023191,"timestamp":1631972430,"swapAmountBNB":20,"uniswapv2buyprice":8353.1,"sushiswapv2buyprice":8335.8,"bakeryswapbuyprice":8441.28,"apeswapBuyPrice":8348.09,"uniswapv2sellprice":8310.83,"sushiswapv2sellprice":8310.97,"bakeryswapsellprice":8225.51,"apeswapsellprice":8302.61},{"block":11023192,"timestamp":1631972433,"swapAmountBNB":20,"uniswapv2buyprice":8353.18,"sushiswapv2buyprice":8335.8,"bakeryswapbuyprice":8441.28,"apeswapBuyPrice":8348.09,"uniswapv2sellprice":8310.9,"sushiswapv2sellprice":8310.97,"bakeryswapsellprice":8225.51,"apeswapsellprice":8302.61},{"block":11023193,"timestamp":1631972436,"swapAmountBNB":20,"uniswapv2buyprice":8353.17,"sushiswapv2buyprice":8335.84,"bakeryswapbuyprice":8441.28,"apeswapBuyPrice":8348.09,"uniswapv2sellprice":8310.9,"sushiswapv2sellprice":8311.02,"bakeryswapsellprice":8225.51,"apeswapsellprice":8302.61},{"block":11023194,"timestamp":1631972439,"swapAmountBNB":20,"uniswapv2buyprice":8353.26,"sushiswapv2buyprice":8336.03,"bakeryswapbuyprice":8441.28,"apeswapBuyPrice":8348.09,"uniswapv2sellprice":8310.99,"sushiswapv2sellprice":8311.21,"bakeryswapsellprice":8225.51,"apeswapsellprice":8302.61},{"block":11023195,"timestamp":1631972442,"swapAmountBNB":20,"uniswapv2buyprice":8353.28,"sushiswapv2buyprice":8336.03,"bakeryswapbuyprice":8441.28,"apeswapBuyPrice":8348.11,"uniswapv2sellprice":8311,"sushiswapv2sellprice":8311.21,"bakeryswapsellprice":8225.51,"apeswapsellprice":8302.64},{"block":11023196,"timestamp":1631972445,"swapAmountBNB":20,"uniswapv2buyprice":8353.24,"sushiswapv2buyprice":8336.04,"bakeryswapbuyprice":8441.28,"apeswapBuyPrice":8348.54,"uniswapv2sellprice":8310.97,"sushiswapv2sellprice":8311.22,"bakeryswapsellprice":8225.51,"apeswapsellprice":8303.06},{"block":11023197,"timestamp":1631972448,"swapAmountBNB":20,"uniswapv2buyprice":8353.65,"sushiswapv2buyprice":8336.04,"bakeryswapbuyprice":8441.28,"apeswapBuyPrice":8348.54,"uniswapv2sellprice":8311.37,"sushiswapv2sellprice":8311.22,"bakeryswapsellprice":8225.51,"apeswapsellprice":8303.06},{"block":11023198,"timestamp":1631972451,"swapAmountBNB":20,"uniswapv2buyprice":8353.6,"sushiswapv2buyprice":8337.36,"bakeryswapbuyprice":8441.28,"apeswapBuyPrice":8348.54,"uniswapv2sellprice":8311.32,"sushiswapv2sellprice":8312.53,"bakeryswapsellprice":8225.51,"apeswapsellprice":8303.06},{"block":11023199,"timestamp":1631972454,"swapAmountBNB":20,"uniswapv2buyprice":8353.43,"sushiswapv2buyprice":8337.36,"bakeryswapbuyprice":8441.28,"apeswapBuyPrice":8348.54,"uniswapv2sellprice":8311.15,"sushiswapv2sellprice":8312.53,"bakeryswapsellprice":8225.51,"apeswapsellprice":8303.06}]}