{"table":[{"block":11026746,"timestamp":1631983192,"swapAmountBNB":20,"namebuy":"biswap","buyPrice":8272.58,"namesell":"biswap","sellPrice":8247.97},{"block":11026748,"timestamp":1631983198,"swapAmountBNB":20,"namebuy":"biswap","buyPrice":8272.58,"namesell":"biswap","sellPrice":8247.97},{"block":11026747,"timestamp":1631983195,"swapAmountBNB":20,"namebuy":"biswap","buyPrice":8272.58,"namesell":"biswap","sellPrice":8247.97},{"block":11026749,"timestamp":1631983201,"swapAmountBNB":20,"namebuy":"biswap","buyPrice":8272.58,"namesell":"biswap","sellPrice":8247.97},{"block":11026750,"timestamp":1631983204,"swapAmountBNB":20,"namebuy":"biswap","buyPrice":8272.58,"namesell":"biswap","sellPrice":8247.97},{"block":11026751,"timestamp":1631983207,"swapAmountBNB":20,"namebuy":"biswap","buyPrice":8272.58,"namesell":"pancake","sellPrice":8247.99},{"block":11026752,"timestamp":1631983210,"swapAmountBNB":20,"namebuy":"biswap","buyPrice":8272.58,"namesell":"pancake","sellPrice":8247.99},{"block":11026753,"timestamp":1631983213,"swapAmountBNB":20,"namebuy":"biswap","buyPrice":8270.54,"namesell":"pancake","sellPrice":8247.98},{"block":11026754,"timestamp":1631983216,"swapAmountBNB":20,"namebuy":"biswap","buyPrice":8270.54,"namesell":"pancake","sellPrice":8247.94},{"block":11026755,"timestamp":1631983219,"swapAmountBNB":20,"namebuy":"biswap","buyPrice":8269.98,"namesell":"pancake","sellPrice":8248.12},{"block":11026756,"timestamp":1631983222,"swapAmountBNB":20,"namebuy":"biswap","buyPrice":8269.98,"namesell":"pancake","sellPrice":8248.12},{"block":11026757,"timestamp":1631983225,"swapAmountBNB":20,"namebuy":"biswap","buyPrice":8269.98,"namesell":"pancake","sellPrice":8248.07},{"block":11026758,"timestamp":1631983228,"swapAmountBNB":20,"namebuy":"biswap","buyPrice":8269.98,"namesell":"pancake","sellPrice":8248.04},{"block":11026759,"timestamp":1631983231,"swapAmountBNB":20,"namebuy":"biswap","buyPrice":8269.98,"namesell":"pancake","sellPrice":8248.04},{"block":11026760,"timestamp":1631983234,"swapAmountBNB":20,"namebuy":"biswap","buyPrice":8269.98,"namesell":"pancake","sellPrice":8247.86},{"block":11026761,"timestamp":1631983237,"swapAmountBNB":20,"namebuy":"biswap","buyPrice":8269.98,"namesell":"pancake","sellPrice":8247.87},{"block":11026762,"timestamp":1631983240,"swapAmountBNB":20,"namebuy":"biswap","buyPrice":8271.57,"namesell":"pancake","sellPrice":8247.92},{"block":11026763,"timestamp":1631983243,"swapAmountBNB":20,"namebuy":"biswap","buyPrice":8271.57,"namesell":"pancake","sellPrice":8247.71},{"block":11026764,"timestamp":1631983246,"swapAmountBNB":20,"namebuy":"biswap","buyPrice":8271.57,"namesell":"pancake","sellPrice":8247.31},{"block":11026765,"timestamp":1631983249,"swapAmountBNB":20,"namebuy":"biswap","buyPrice":8269.37,"namesell":"pancake","sellPrice":8247.32},{"block":11026766,"timestamp":1631983252,"swapAmountBNB":20,"namebuy":"biswap","buyPrice":8269.37,"namesell":"pancake","sellPrice":8247.37},{"block":11026767,"timestamp":1631983255,"swapAmountBNB":20,"namebuy":"biswap","buyPrice":8269.37,"namesell":"pancake","sellPrice":8247.38}]}