{"table":[{"block":11314527,"timestamp":1632852639,"swapAmountBNB":20,"namebuy":"biswap","buyPrice":6616.54,"namesell":"apeswap","sellPrice":6606.28},{"block":11314528,"timestamp":1632852642,"swapAmountBNB":20,"namebuy":"biswap","buyPrice":6616.54,"namesell":"apeswap","sellPrice":6606.28},{"block":11314529,"timestamp":1632852645,"swapAmountBNB":20,"namebuy":"biswap","buyPrice":6616.54,"namesell":"apeswap","sellPrice":6606.28},{"block":11314530,"timestamp":1632852648,"swapAmountBNB":20,"namebuy":"biswap","buyPrice":6616.54,"namesell":"apeswap","sellPrice":6606.28},{"block":11314531,"timestamp":1632852651,"swapAmountBNB":20,"namebuy":"biswap","buyPrice":6616.54,"namesell":"apeswap","sellPrice":6606.28},{"block":11314532,"timestamp":1632852654,"swapAmountBNB":20,"namebuy":"biswap","buyPrice":6616.54,"namesell":"apeswap","sellPrice":6606.28},{"block":11314533,"timestamp":1632852657,"swapAmountBNB":20,"namebuy":"biswap","buyPrice":6616.54,"namesell":"apeswap","sellPrice":6606.28},{"block":11314534,"timestamp":1632852660,"swapAmountBNB":20,"namebuy":"biswap","buyPrice":6616.54,"namesell":"apeswap","sellPrice":6606.28},{"block":11314535,"timestamp":1632852663,"swapAmountBNB":20,"namebuy":"biswap","buyPrice":6617.04,"namesell":"apeswap","sellPrice":6606.28},{"block":11314536,"timestamp":1632852666,"swapAmountBNB":20,"namebuy":"biswap","buyPrice":6617.04,"namesell":"apeswap","sellPrice":6606.28},{"block":11314542,"timestamp":1632852684,"swapAmountBNB":20,"namebuy":"biswap","buyPrice":6617.12,"namesell":"pancake","sellPrice":6599.97},{"block":11314543,"timestamp":1632852687,"swapAmountBNB":20,"namebuy":"biswap","buyPrice":6617.12,"namesell":"pancake","sellPrice":6599.94},{"block":11314537,"timestamp":1632852669,"swapAmountBNB":20,"namebuy":"biswap","buyPrice":6617.04,"namesell":"apeswap","sellPrice":6606.28},{"block":11314544,"timestamp":1632852690,"swapAmountBNB":20,"namebuy":"biswap","buyPrice":6617.12,"namesell":"pancake","sellPrice":6599.92},{"block":11314545,"timestamp":1632852693,"swapAmountBNB":20,"namebuy":"biswap","buyPrice":6617.15,"namesell":"pancake","sellPrice":6599.92},{"block":11314538,"timestamp":1632852672,"swapAmountBNB":20,"namebuy":"biswap","buyPrice":6617.12,"namesell":"apeswap","sellPrice":6606.28},{"block":11314546,"timestamp":1632852696,"swapAmountBNB":20,"namebuy":"biswap","buyPrice":6617.15,"namesell":"pancake","sellPrice":6599.97},{"block":11314547,"timestamp":1632852699,"swapAmountBNB":20,"namebuy":"biswap","buyPrice":6617.15,"namesell":"pancake","sellPrice":6599.9},{"block":11314548,"timestamp":1632852702,"swapAmountBNB":20,"namebuy":"biswap","buyPrice":6617.15,"namesell":"pancake","sellPrice":6599.84},{"block":11314549,"timestamp":1632852705,"swapAmountBNB":20,"namebuy":"biswap","buyPrice":6617.15,"namesell":"pancake","sellPrice":6599.83},{"block":11314539,"timestamp":1632852675,"swapAmountBNB":20,"namebuy":"biswap","buyPrice":6617.12,"namesell":"apeswap","sellPrice":6606.36},{"block":11314550,"timestamp":1632852708,"swapAmountBNB":20,"namebuy":"biswap","buyPrice":6617.15,"namesell":"pancake","sellPrice":6599.82},{"block":11314540,"timestamp":1632852678,"swapAmountBNB":20,"namebuy":"biswap","buyPrice":6617.12,"namesell":"apeswap","sellPrice":6606.36},{"block":11314551,"timestamp":1632852711,"swapAmountBNB":20,"namebuy":"biswap","buyPrice":6617.15,"namesell":"pancake","sellPrice":6599.82},{"block":11314541,"timestamp":1632852681,"swapAmountBNB":20,"namebuy":"biswap","buyPrice":6617.12,"namesell":"apeswap","sellPrice":6606.36},{"block":11314552,"timestamp":1632852714,"swapAmountBNB":20,"namebuy":"biswap","buyPrice":6617.15,"namesell":"pancake","sellPrice":6599.83},{"block":11314553,"timestamp":1632852717,"swapAmountBNB":20,"namebuy":"biswap","buyPrice":6617.18,"namesell":"pancake","sellPrice":6599.83},{"block":11314542,"timestamp":1632852684,"swapAmountBNB":20,"namebuy":"biswap","buyPrice":6617.12,"namesell":"pancake","sellPrice":6599.97},{"block":11314554,"timestamp":1632852720,"swapAmountBNB":20,"namebuy":"biswap","buyPrice":6617.18,"namesell":"pancake","sellPrice":6599.8},{"block":11314543,"timestamp":1632852687,"swapAmountBNB":20,"namebuy":"biswap","buyPrice":6617.12,"namesell":"pancake","sellPrice":6599.94},{"block":11314555,"timestamp":1632852723,"swapAmountBNB":20,"namebuy":"biswap","buyPrice":6617.18,"namesell":"pancake","sellPrice":6599.31},{"block":11314556,"timestamp":1632852726,"swapAmountBNB":20,"namebuy":"biswap","buyPrice":6617.18,"namesell":"pancake","sellPrice":6599.21},{"block":11314544,"timestamp":1632852690,"swapAmountBNB":20,"namebuy":"biswap","buyPrice":6617.12,"namesell":"pancake","sellPrice":6599.92},{"block":11314557,"timestamp":1632852729,"swapAmountBNB":20,"namebuy":"biswap","buyPrice":6617.18,"namesell":"pancake","sellPrice":6599.21},{"block":11314558,"timestamp":1632852732,"swapAmountBNB":20,"namebuy":"biswap","buyPrice":6617.23,"namesell":"pancake","sellPrice":6599.35},{"block":11314545,"timestamp":1632852693,"swapAmountBNB":20,"namebuy":"biswap","buyPrice":6617.15,"namesell":"pancake","sellPrice":6599.92},{"block":11314559,"timestamp":1632852735,"swapAmountBNB":20,"namebuy":"biswap","buyPrice":6617.59,"namesell":"pancake","sellPrice":6599.32},{"block":11314560,"timestamp":1632852738,"swapAmountBNB":20,"namebuy":"biswap","buyPrice":6617.59,"namesell":"pancake","sellPrice":6599.32},{"block":11314546,"timestamp":1632852696,"swapAmountBNB":20,"namebuy":"biswap","buyPrice":6617.15,"namesell":"pancake","sellPrice":6599.97},{"block":11314561,"timestamp":1632852741,"swapAmountBNB":20,"namebuy":"biswap","buyPrice":6617.65,"namesell":"pancake","sellPrice":6599.3},{"block":11314547,"timestamp":1632852699,"swapAmountBNB":20,"namebuy":"biswap","buyPrice":6617.15,"namesell":"pancake","sellPrice":6599.9},{"block":11314548,"timestamp":1632852702,"swapAmountBNB":20,"namebuy":"biswap","buyPrice":6617.15,"namesell":"pancake","sellPrice":6599.84},{"block":11314549,"timestamp":1632852705,"swapAmountBNB":20,"namebuy":"biswap","buyPrice":6617.15,"namesell":"pancake","sellPrice":6599.83},{"block":11314550,"timestamp":1632852708,"swapAmountBNB":20,"namebuy":"biswap","buyPrice":6617.15,"namesell":"pancake","sellPrice":6599.82},{"block":11314551,"timestamp":1632852711,"swapAmountBNB":20,"namebuy":"biswap","buyPrice":6617.15,"namesell":"pancake","sellPrice":6599.82},{"block":11314562,"timestamp":1632852744,"swapAmountBNB":20,"namebuy":"biswap","buyPrice":6617.65,"namesell":"pancake","sellPrice":6599.21},{"block":11314552,"timestamp":1632852714,"swapAmountBNB":20,"namebuy":"biswap","buyPrice":6617.15,"namesell":"pancake","sellPrice":6599.83},{"block":11314563,"timestamp":1632852747,"swapAmountBNB":20,"namebuy":"biswap","buyPrice":6617.65,"namesell":"pancake","sellPrice":6599.21},{"block":11314564,"timestamp":1632852750,"swapAmountBNB":20,"namebuy":"biswap","buyPrice":6617.65,"namesell":"pancake","sellPrice":6599.21},{"block":11314553,"timestamp":1632852717,"swapAmountBNB":20,"namebuy":"biswap","buyPrice":6617.18,"namesell":"pancake","sellPrice":6599.83},{"block":11314565,"timestamp":1632852753,"swapAmountBNB":20,"namebuy":"biswap","buyPrice":6617.74,"namesell":"pancake","sellPrice":6599.21},{"block":11314566,"timestamp":1632852756,"swapAmountBNB":20,"namebuy":"biswap","buyPrice":6617.74,"namesell":"pancake","sellPrice":6598.93},{"block":11314554,"timestamp":1632852720,"swapAmountBNB":20,"namebuy":"biswap","buyPrice":6617.18,"namesell":"pancake","sellPrice":6599.8},{"block":11314567,"timestamp":1632852759,"swapAmountBNB":20,"namebuy":"biswap","buyPrice":6617.74,"namesell":"pancake","sellPrice":6599.05},{"block":11314568,"timestamp":1632852762,"swapAmountBNB":20,"namebuy":"biswap","buyPrice":6617.74,"namesell":"pancake","sellPrice":6599.02},{"block":11314555,"timestamp":1632852723,"swapAmountBNB":20,"namebuy":"biswap","buyPrice":6617.18,"namesell":"pancake","sellPrice":6599.31},{"block":11314569,"timestamp":1632852765,"swapAmountBNB":20,"namebuy":"biswap","buyPrice":6617.74,"namesell":"pancake","sellPrice":6599.06},{"block":11314556,"timestamp":1632852726,"swapAmountBNB":20,"namebuy":"biswap","buyPrice":6617.18,"namesell":"pancake","sellPrice":6599.21},{"block":11314570,"timestamp":1632852768,"swapAmountBNB":20,"namebuy":"biswap","buyPrice":6617.79,"namesell":"pancake","sellPrice":6599.06},{"block":11314571,"timestamp":1632852771,"swapAmountBNB":20,"namebuy":"biswap","buyPrice":6621.82,"namesell":"biswap","sellPrice":6602.21},{"block":11314572,"timestamp":1632852774,"swapAmountBNB":20,"namebuy":"biswap","buyPrice":6621.82,"namesell":"biswap","sellPrice":6602.21},{"block":11314557,"timestamp":1632852729,"swapAmountBNB":20,"namebuy":"biswap","buyPrice":6617.18,"namesell":"pancake","sellPrice":6599.21},{"block":11314570,"timestamp":1632852768,"swapAmountBNB":20,"namebuy":"biswap","buyPrice":6617.79,"namesell":"pancake","sellPrice":6599.06},{"block":11314573,"timestamp":1632852777,"swapAmountBNB":20,"namebuy":"biswap","buyPrice":6621.82,"namesell":"biswap","sellPrice":6602.21},{"block":11314571,"timestamp":1632852771,"swapAmountBNB":20,"namebuy":"biswap","buyPrice":6621.82,"namesell":"biswap","sellPrice":6602.21},{"block":11314574,"timestamp":1632852780,"swapAmountBNB":20,"namebuy":"biswap","buyPrice":6621.82,"namesell":"biswap","sellPrice":6602.21},{"block":11314558,"timestamp":1632852732,"swapAmountBNB":20,"namebuy":"biswap","buyPrice":6617.23,"namesell":"pancake","sellPrice":6599.35},{"block":11314572,"timestamp":1632852774,"swapAmountBNB":20,"namebuy":"biswap","buyPrice":6621.82,"namesell":"biswap","sellPrice":6602.21},{"block":11314575,"timestamp":1632852783,"swapAmountBNB":20,"namebuy":"biswap","buyPrice":6621.82,"namesell":"biswap","sellPrice":6602.21},{"block":11314576,"timestamp":1632852786,"swapAmountBNB":20,"namebuy":"biswap","buyPrice":6621.82,"namesell":"biswap","sellPrice":6602.21},{"block":11314559,"timestamp":1632852735,"swapAmountBNB":20,"namebuy":"biswap","buyPrice":6617.59,"namesell":"pancake","sellPrice":6599.32},{"block":11314573,"timestamp":1632852777,"swapAmountBNB":20,"namebuy":"biswap","buyPrice":6621.82,"namesell":"biswap","sellPrice":6602.21},{"block":11314560,"timestamp":1632852738,"swapAmountBNB":20,"namebuy":"biswap","buyPrice":6617.59,"namesell":"pancake","sellPrice":6599.32},{"block":11314577,"timestamp":1632852789,"swapAmountBNB":20,"namebuy":"biswap","buyPrice":6621.06,"namesell":"biswap","sellPrice":6601.46},{"block":11314574,"timestamp":1632852780,"swapAmountBNB":20,"namebuy":"biswap","buyPrice":6621.82,"namesell":"biswap","sellPrice":6602.21},{"block":11314561,"timestamp":1632852741,"swapAmountBNB":20,"namebuy":"biswap","buyPrice":6617.65,"namesell":"pancake","sellPrice":6599.3},{"block":11314578,"timestamp":1632852792,"swapAmountBNB":20,"namebuy":"biswap","buyPrice":6621.06,"namesell":"biswap","sellPrice":6601.46},{"block":11314575,"timestamp":1632852783,"swapAmountBNB":20,"namebuy":"biswap","buyPrice":6621.82,"namesell":"biswap","sellPrice":6602.21},{"block":11314579,"timestamp":1632852795,"swapAmountBNB":20,"namebuy":"biswap","buyPrice":6621.06,"namesell":"biswap","sellPrice":6601.46},{"block":11314576,"timestamp":1632852786,"swapAmountBNB":20,"namebuy":"biswap","buyPrice":6621.82,"namesell":"biswap","sellPrice":6602.21},{"block":11314580,"timestamp":1632852798,"swapAmountBNB":20,"namebuy":"biswap","buyPrice":6621.06,"namesell":"biswap","sellPrice":6601.46},{"block":11314581,"timestamp":1632852801,"swapAmountBNB":20,"namebuy":"biswap","buyPrice":6621.06,"namesell":"biswap","sellPrice":6601.46},{"block":11314577,"timestamp":1632852789,"swapAmountBNB":20,"namebuy":"biswap","buyPrice":6621.06,"namesell":"biswap","sellPrice":6601.46},{"block":11314582,"timestamp":1632852804,"swapAmountBNB":20,"namebuy":"biswap","buyPrice":6621.06,"namesell":"biswap","sellPrice":6601.46},{"block":11314583,"timestamp":1632852807,"swapAmountBNB":20,"namebuy":"biswap","buyPrice":6621.06,"namesell":"biswap","sellPrice":6601.46},{"block":11314578,"timestamp":1632852792,"swapAmountBNB":20,"namebuy":"biswap","buyPrice":6621.06,"namesell":"biswap","sellPrice":6601.46},{"block":11314584,"timestamp":1632852810,"swapAmountBNB":20,"namebuy":"biswap","buyPrice":6621.11,"namesell":"biswap","sellPrice":6601.51},{"block":11314585,"timestamp":1632852813,"swapAmountBNB":20,"namebuy":"biswap","buyPrice":6621.11,"namesell":"biswap","sellPrice":6601.51},{"block":11314579,"timestamp":1632852795,"swapAmountBNB":20,"namebuy":"biswap","buyPrice":6621.06,"namesell":"biswap","sellPrice":6601.46},{"block":11314586,"timestamp":1632852816,"swapAmountBNB":20,"namebuy":"biswap","buyPrice":6621.11,"namesell":"biswap","sellPrice":6601.51},{"block":11314580,"timestamp":1632852798,"swapAmountBNB":20,"namebuy":"biswap","buyPrice":6621.06,"namesell":"biswap","sellPrice":6601.46},{"block":11314587,"timestamp":1632852819,"swapAmountBNB":20,"namebuy":"biswap","buyPrice":6621.11,"namesell":"biswap","sellPrice":6601.51},{"block":11314588,"timestamp":1632852822,"swapAmountBNB":20,"namebuy":"biswap","buyPrice":6621.11,"namesell":"biswap","sellPrice":6601.51},{"block":11314581,"timestamp":1632852801,"swapAmountBNB":20,"namebuy":"biswap","buyPrice":6621.06,"namesell":"biswap","sellPrice":6601.46},{"block":11314589,"timestamp":1632852825,"swapAmountBNB":20,"namebuy":"biswap","buyPrice":6621.11,"namesell":"biswap","sellPrice":6601.51},{"block":11314582,"timestamp":1632852804,"swapAmountBNB":20,"namebuy":"biswap","buyPrice":6621.06,"namesell":"biswap","sellPrice":6601.46},{"block":11314590,"timestamp":1632852828,"swapAmountBNB":20,"namebuy":"biswap","buyPrice":6621.11,"namesell":"biswap","sellPrice":6601.51},{"block":11314583,"timestamp":1632852807,"swapAmountBNB":20,"namebuy":"biswap","buyPrice":6621.06,"namesell":"biswap","sellPrice":6601.46},{"block":11314591,"timestamp":1632852831,"swapAmountBNB":20,"namebuy":"biswap","buyPrice":6621.11,"namesell":"biswap","sellPrice":6601.51},{"block":11314584,"timestamp":1632852810,"swapAmountBNB":20,"namebuy":"biswap","buyPrice":6621.11,"namesell":"biswap","sellPrice":6601.51},{"block":11314592,"timestamp":1632852834,"swapAmountBNB":20,"namebuy":"biswap","buyPrice":6624.63,"namesell":"biswap","sellPrice":6605.01},{"block":11314585,"timestamp":1632852813,"swapAmountBNB":20,"namebuy":"biswap","buyPrice":6621.11,"namesell":"biswap","sellPrice":6601.51},{"block":11314593,"timestamp":1632852837,"swapAmountBNB":20,"namebuy":"biswap","buyPrice":6624.63,"namesell":"biswap","sellPrice":6605.01},{"block":11314586,"timestamp":1632852816,"swapAmountBNB":20,"namebuy":"biswap","buyPrice":6621.11,"namesell":"biswap","sellPrice":6601.51},{"block":11314594,"timestamp":1632852840,"swapAmountBNB":20,"namebuy":"biswap","buyPrice":6624.63,"namesell":"biswap","sellPrice":6605.01},{"block":11314595,"timestamp":1632852843,"swapAmountBNB":20,"namebuy":"biswap","buyPrice":6624.63,"namesell":"biswap","sellPrice":6605.01},{"block":11314587,"timestamp":1632852819,"swapAmountBNB":20,"namebuy":"biswap","buyPrice":6621.11,"namesell":"biswap","sellPrice":6601.51},{"block":11314596,"timestamp":1632852846,"swapAmountBNB":20,"namebuy":"biswap","buyPrice":6624.63,"namesell":"biswap","sellPrice":6605.01},{"block":11314562,"timestamp":1632852744,"swapAmountBNB":20,"namebuy":"biswap","buyPrice":6617.65,"namesell":"pancake","sellPrice":6599.21},{"block":11314597,"timestamp":1632852849,"swapAmountBNB":20,"namebuy":"biswap","buyPrice":6625.27,"namesell":"biswap","sellPrice":6605.65},{"block":11314563,"timestamp":1632852747,"swapAmountBNB":20,"namebuy":"biswap","buyPrice":6617.65,"namesell":"pancake","sellPrice":6599.21},{"block":11314598,"timestamp":1632852852,"swapAmountBNB":20,"namebuy":"biswap","buyPrice":6625.27,"namesell":"biswap","sellPrice":6605.65},{"block":11314599,"timestamp":1632852855,"swapAmountBNB":20,"namebuy":"biswap","buyPrice":6621.24,"namesell":"biswap","sellPrice":6601.64}]}}