{"table":[{"block":11421760,"timestamp":1633177769,"swapAmountBNB":20,"namebuy":"biswap","buyPrice":8507.8,"namesell":"pancake","sellPrice":8481.98},{"block":11421761,"timestamp":1633177772,"swapAmountBNB":20,"namebuy":"biswap","buyPrice":8507.77,"namesell":"pancake","sellPrice":8481.98},{"block":11421762,"timestamp":1633177775,"swapAmountBNB":20,"namebuy":"biswap","buyPrice":8500.75,"namesell":"pancake","sellPrice":8482.03},{"block":11421763,"timestamp":1633177778,"swapAmountBNB":20,"namebuy":"biswap","buyPrice":8499.8,"namesell":"pancake","sellPrice":8482.03},{"block":11421764,"timestamp":1633177781,"swapAmountBNB":20,"namebuy":"biswap","buyPrice":8499.8,"namesell":"pancake","sellPrice":8481.99},{"block":11421765,"timestamp":1633177784,"swapAmountBNB":20,"namebuy":"biswap","buyPrice":8501.02,"namesell":"pancake","sellPrice":8481.98},{"block":11421766,"timestamp":1633177787,"swapAmountBNB":20,"namebuy":"biswap","buyPrice":8500.71,"namesell":"pancake","sellPrice":8481.97},{"block":11421767,"timestamp":1633177790,"swapAmountBNB":20,"namebuy":"biswap","buyPrice":8500.71,"namesell":"pancake","sellPrice":8481.7},{"block":11421768,"timestamp":1633177793,"swapAmountBNB":20,"namebuy":"biswap","buyPrice":8500.71,"namesell":"pancake","sellPrice":8481.69},{"block":11421769,"timestamp":1633177796,"swapAmountBNB":20,"namebuy":"biswap","buyPrice":8500.71,"namesell":"pancake","sellPrice":8481.71}]}