{"table":[{"block":11029509,"timestamp":1631991535,"swapAmountBNB":20,"namebuy":"biswap","buyPrice":8251.02,"namesell":"apeswap","sellPrice":8227.49},{"block":11029510,"timestamp":1631991538,"swapAmountBNB":20,"namebuy":"biswap","buyPrice":8251.02,"namesell":"apeswap","sellPrice":8227.49},{"block":11029511,"timestamp":1631991541,"swapAmountBNB":20,"namebuy":"biswap","buyPrice":8251.02,"namesell":"apeswap","sellPrice":8227.49},{"block":11029512,"timestamp":1631991544,"swapAmountBNB":20,"namebuy":"biswap","buyPrice":8251.02,"namesell":"apeswap","sellPrice":8227.49},{"block":11029513,"timestamp":1631991547,"swapAmountBNB":20,"namebuy":"biswap","buyPrice":8251.02,"namesell":"apeswap","sellPrice":8227.47},{"block":11029514,"timestamp":1631991550,"swapAmountBNB":20,"namebuy":"biswap","buyPrice":8251.02,"namesell":"apeswap","sellPrice":8227.47},{"block":11029515,"timestamp":1631991553,"swapAmountBNB":20,"namebuy":"biswap","buyPrice":8251.02,"namesell":"apeswap","sellPrice":8227.47},{"block":11029516,"timestamp":1631991556,"swapAmountBNB":20,"namebuy":"biswap","buyPrice":8251.02,"namesell":"apeswap","sellPrice":8227.47},{"block":11029517,"timestamp":1631991559,"swapAmountBNB":20,"namebuy":"biswap","buyPrice":8251.02,"namesell":"apeswap","sellPrice":8227.47},{"block":11029518,"timestamp":1631991562,"swapAmountBNB":20,"namebuy":"biswap","buyPrice":8255.46,"namesell":"apeswap","sellPrice":8227.47},{"block":11029519,"timestamp":1631991565,"swapAmountBNB":20,"namebuy":"biswap","buyPrice":8255.46,"namesell":"biswap","sellPrice":8230.91},{"block":11029520,"timestamp":1631991568,"swapAmountBNB":20,"namebuy":"biswap","buyPrice":8255.46,"namesell":"biswap","sellPrice":8230.91},{"block":11029521,"timestamp":1631991571,"swapAmountBNB":20,"namebuy":"biswap","buyPrice":8255.46,"namesell":"biswap","sellPrice":8230.91},{"block":11029522,"timestamp":1631991574,"swapAmountBNB":20,"namebuy":"biswap","buyPrice":8255.46,"namesell":"biswap","sellPrice":8230.91},{"block":11029523,"timestamp":1631991577,"swapAmountBNB":20,"namebuy":"biswap","buyPrice":8255.46,"namesell":"biswap","sellPrice":8230.91},{"block":11029524,"timestamp":1631991580,"swapAmountBNB":20,"namebuy":"biswap","buyPrice":8254.8,"namesell":"biswap","sellPrice":8230.26},{"block":11029525,"timestamp":1631991583,"swapAmountBNB":20,"namebuy":"biswap","buyPrice":8254.8,"namesell":"biswap","sellPrice":8230.26},{"block":11029526,"timestamp":1631991586,"swapAmountBNB":20,"namebuy":"biswap","buyPrice":8254.88,"namesell":"biswap","sellPrice":8230.34},{"block":11029527,"timestamp":1631991589,"swapAmountBNB":20,"namebuy":"biswap","buyPrice":8254.62,"namesell":"biswap","sellPrice":8230.08},{"block":11029528,"timestamp":1631991592,"swapAmountBNB":20,"namebuy":"biswap","buyPrice":8254.62,"namesell":"biswap","sellPrice":8230.08},{"block":11029529,"timestamp":1631991595,"swapAmountBNB":20,"namebuy":"biswap","buyPrice":8254.62,"namesell":"biswap","sellPrice":8230.08}]}