{"table":[{"block":11314942,"timestamp":1632853906,"swapAmountBNB":20,"namebuy":"biswap","buyPrice":6653.48,"namesell":"biswap","sellPrice":6633.73},{"block":11314943,"timestamp":1632853909,"swapAmountBNB":20,"namebuy":"pancake","buyPrice":6654.02,"namesell":"biswap","sellPrice":6636.92},{"block":11314944,"timestamp":1632853912,"swapAmountBNB":20,"namebuy":"pancake","buyPrice":6654.02,"namesell":"biswap","sellPrice":6636.92},{"block":11314945,"timestamp":1632853915,"swapAmountBNB":20,"namebuy":"pancake","buyPrice":6654.02,"namesell":"biswap","sellPrice":6636.92},{"block":11314946,"timestamp":1632853918,"swapAmountBNB":20,"namebuy":"pancake","buyPrice":6654.03,"namesell":"biswap","sellPrice":6640.47},{"block":11314947,"timestamp":1632853921,"swapAmountBNB":20,"namebuy":"pancake","buyPrice":6654.11,"namesell":"biswap","sellPrice":6640.47},{"block":11314948,"timestamp":1632853924,"swapAmountBNB":20,"namebuy":"pancake","buyPrice":6654.11,"namesell":"biswap","sellPrice":6640.47},{"block":11314949,"timestamp":1632853927,"swapAmountBNB":20,"namebuy":"pancake","buyPrice":6654.11,"namesell":"biswap","sellPrice":6640.47},{"block":11314950,"timestamp":1632853930,"swapAmountBNB":20,"namebuy":"pancake","buyPrice":6654.14,"namesell":"biswap","sellPrice":6640.47},{"block":11314951,"timestamp":1632853933,"swapAmountBNB":20,"namebuy":"pancake","buyPrice":6653.98,"namesell":"biswap","sellPrice":6640.47},{"block":11314952,"timestamp":1632853936,"swapAmountBNB":20,"namebuy":"pancake","buyPrice":6653.78,"namesell":"biswap","sellPrice":6640.47},{"block":11314953,"timestamp":1632853939,"swapAmountBNB":20,"namebuy":"pancake","buyPrice":6653.76,"namesell":"biswap","sellPrice":6640.47},{"block":11314954,"timestamp":1632853942,"swapAmountBNB":20,"namebuy":"pancake","buyPrice":6653.78,"namesell":"biswap","sellPrice":6640.47},{"block":11314955,"timestamp":1632853945,"swapAmountBNB":20,"namebuy":"pancake","buyPrice":6653.78,"namesell":"biswap","sellPrice":6640.41},{"block":11314956,"timestamp":1632853948,"swapAmountBNB":20,"namebuy":"pancake","buyPrice":6653.36,"namesell":"biswap","sellPrice":6640.41},{"block":11314957,"timestamp":1632853951,"swapAmountBNB":20,"namebuy":"pancake","buyPrice":6653.38,"namesell":"biswap","sellPrice":6638.78},{"block":11314958,"timestamp":1632853954,"swapAmountBNB":20,"namebuy":"pancake","buyPrice":6653.37,"namesell":"biswap","sellPrice":6638.78},{"block":11314959,"timestamp":1632853957,"swapAmountBNB":20,"namebuy":"pancake","buyPrice":6654.29,"namesell":"biswap","sellPrice":6638.78},{"block":11314960,"timestamp":1632853960,"swapAmountBNB":20,"namebuy":"pancake","buyPrice":6654.2,"namesell":"biswap","sellPrice":6638.78},{"block":11314961,"timestamp":1632853963,"swapAmountBNB":20,"namebuy":"pancake","buyPrice":6654.34,"namesell":"biswap","sellPrice":6642.33},{"block":11314962,"timestamp":1632853966,"swapAmountBNB":20,"namebuy":"biswap","buyPrice":6666.7,"namesell":"biswap","sellPrice":6646.92},{"block":11314963,"timestamp":1632853969,"swapAmountBNB":20,"namebuy":"biswap","buyPrice":6666.7,"namesell":"biswap","sellPrice":6646.92},{"block":11314964,"timestamp":1632853972,"swapAmountBNB":20,"namebuy":"biswap","buyPrice":6666.7,"namesell":"biswap","sellPrice":6646.92},{"block":11314965,"timestamp":1632853975,"swapAmountBNB":20,"namebuy":"biswap","buyPrice":6666.7,"namesell":"biswap","sellPrice":6646.92},{"block":11314966,"timestamp":1632853978,"swapAmountBNB":20,"namebuy":"biswap","buyPrice":6666.7,"namesell":"biswap","sellPrice":6646.92},{"block":11314967,"timestamp":1632853981,"swapAmountBNB":20,"namebuy":"biswap","buyPrice":6666.7,"namesell":"biswap","sellPrice":6646.92},{"block":11314968,"timestamp":1632853984,"swapAmountBNB":20,"namebuy":"biswap","buyPrice":6666.7,"namesell":"biswap","sellPrice":6646.92},{"block":11314969,"timestamp":1632853987,"swapAmountBNB":20,"namebuy":"biswap","buyPrice":6666.7,"namesell":"biswap","sellPrice":6646.92},{"block":11314970,"timestamp":1632853990,"swapAmountBNB":20,"namebuy":"biswap","buyPrice":6666.7,"namesell":"biswap","sellPrice":6646.92},{"block":11314971,"timestamp":1632853993,"swapAmountBNB":20,"namebuy":"biswap","buyPrice":6666.7,"namesell":"biswap","sellPrice":6646.92},{"block":11314972,"timestamp":1632853996,"swapAmountBNB":20,"namebuy":"biswap","buyPrice":6666.7,"namesell":"biswap","sellPrice":6646.92},{"block":11314973,"timestamp":1632853999,"swapAmountBNB":20,"namebuy":"biswap","buyPrice":6666.7,"namesell":"biswap","sellPrice":6646.92},{"block":11314974,"timestamp":1632854002,"swapAmountBNB":20,"namebuy":"biswap","buyPrice":6666.7,"namesell":"biswap","sellPrice":6646.92},{"block":11314975,"timestamp":1632854005,"swapAmountBNB":20,"namebuy":"biswap","buyPrice":6666.7,"namesell":"biswap","sellPrice":6646.92},{"block":11314976,"timestamp":1632854008,"swapAmountBNB":20,"namebuy":"biswap","buyPrice":6666.7,"namesell":"biswap","sellPrice":6646.92},{"block":11314977,"timestamp":1632854011,"swapAmountBNB":20,"namebuy":"biswap","buyPrice":6666.7,"namesell":"biswap","sellPrice":6646.92},{"block":11314978,"timestamp":1632854014,"swapAmountBNB":20,"namebuy":"biswap","buyPrice":6666.7,"namesell":"biswap","sellPrice":6646.92},{"block":11314979,"timestamp":1632854017,"swapAmountBNB":20,"namebuy":"biswap","buyPrice":6666.7,"namesell":"biswap","sellPrice":6646.92},{"block":11314980,"timestamp":1632854020,"swapAmountBNB":20,"namebuy":"biswap","buyPrice":6666.7,"namesell":"biswap","sellPrice":6646.92},{"block":11314981,"timestamp":1632854023,"swapAmountBNB":20,"namebuy":"biswap","buyPrice":6666.7,"namesell":"biswap","sellPrice":6646.92},{"block":11314982,"timestamp":1632854026,"swapAmountBNB":20,"namebuy":"biswap","buyPrice":6666.7,"namesell":"biswap","sellPrice":6646.92},{"block":11314983,"timestamp":1632854029,"swapAmountBNB":20,"namebuy":"biswap","buyPrice":6670.03,"namesell":"biswap","sellPrice":6650.23},{"block":11314984,"timestamp":1632854032,"swapAmountBNB":20,"namebuy":"biswap","buyPrice":6670.03,"namesell":"biswap","sellPrice":6650.23},{"block":11314985,"timestamp":1632854035,"swapAmountBNB":20,"namebuy":"biswap","buyPrice":6669.44,"namesell":"biswap","sellPrice":6649.65},{"block":11314986,"timestamp":1632854038,"swapAmountBNB":20,"namebuy":"biswap","buyPrice":6669.23,"namesell":"biswap","sellPrice":6649.44},{"block":11314987,"timestamp":1632854041,"swapAmountBNB":20,"namebuy":"biswap","buyPrice":6669.12,"namesell":"biswap","sellPrice":6649.32},{"block":11314988,"timestamp":1632854044,"swapAmountBNB":20,"namebuy":"biswap","buyPrice":6669.12,"namesell":"biswap","sellPrice":6649.32},{"block":11314989,"timestamp":1632854047,"swapAmountBNB":20,"namebuy":"biswap","buyPrice":6669.12,"namesell":"biswap","sellPrice":6649.32},{"block":11314990,"timestamp":1632854050,"swapAmountBNB":20,"namebuy":"biswap","buyPrice":6669.12,"namesell":"biswap","sellPrice":6649.32},{"block":11314991,"timestamp":1632854053,"swapAmountBNB":20,"namebuy":"biswap","buyPrice":6669.12,"namesell":"biswap","sellPrice":6649.32},{"block":11314992,"timestamp":1632854056,"swapAmountBNB":20,"namebuy":"biswap","buyPrice":6669.12,"namesell":"biswap","sellPrice":6649.32},{"block":11314993,"timestamp":1632854059,"swapAmountBNB":20,"namebuy":"biswap","buyPrice":6669.12,"namesell":"biswap","sellPrice":6649.32},{"block":11314994,"timestamp":1632854062,"swapAmountBNB":20,"namebuy":"biswap","buyPrice":6669.15,"namesell":"biswap","sellPrice":6649.36},{"block":11314995,"timestamp":1632854065,"swapAmountBNB":20,"namebuy":"biswap","buyPrice":6669.15,"namesell":"biswap","sellPrice":6649.36},{"block":11314996,"timestamp":1632854068,"swapAmountBNB":20,"namebuy":"biswap","buyPrice":6669.15,"namesell":"biswap","sellPrice":6649.36},{"block":11314997,"timestamp":1632854071,"swapAmountBNB":20,"namebuy":"biswap","buyPrice":6669.15,"namesell":"biswap","sellPrice":6649.36},{"block":11314998,"timestamp":1632854074,"swapAmountBNB":20,"namebuy":"biswap","buyPrice":6669.15,"namesell":"biswap","sellPrice":6649.36},{"block":11314999,"timestamp":1632854077,"swapAmountBNB":20,"namebuy":"biswap","buyPrice":6669.12,"namesell":"biswap","sellPrice":6649.32},{"block":11315000,"timestamp":1632854080,"swapAmountBNB":20,"namebuy":"biswap","buyPrice":6669.12,"namesell":"biswap","sellPrice":6649.32},{"block":11315001,"timestamp":1632854083,"swapAmountBNB":20,"namebuy":"biswap","buyPrice":6669.12,"namesell":"biswap","sellPrice":6649.32},{"block":11315002,"timestamp":1632854086,"swapAmountBNB":20,"namebuy":"biswap","buyPrice":6669.12,"namesell":"biswap","sellPrice":6649.32},{"block":11315003,"timestamp":1632854089,"swapAmountBNB":20,"namebuy":"biswap","buyPrice":6669.12,"namesell":"biswap","sellPrice":6649.32},{"block":11315004,"timestamp":1632854092,"swapAmountBNB":20,"namebuy":"biswap","buyPrice":6669.12,"namesell":"biswap","sellPrice":6649.32},{"block":11315005,"timestamp":1632854095,"swapAmountBNB":20,"namebuy":"biswap","buyPrice":6669.12,"namesell":"biswap","sellPrice":6649.32},{"block":11315006,"timestamp":1632854098,"swapAmountBNB":20,"namebuy":"biswap","buyPrice":6669.12,"namesell":"biswap","sellPrice":6649.32},{"block":11315007,"timestamp":1632854101,"swapAmountBNB":20,"namebuy":"biswap","buyPrice":6669.12,"namesell":"biswap","sellPrice":6649.32},{"block":11315008,"timestamp":1632854104,"swapAmountBNB":20,"namebuy":"apeswap","buyPrice":6670.08,"namesell":"biswap","sellPrice":6652.01},{"block":11315009,"timestamp":1632854107,"swapAmountBNB":20,"namebuy":"apeswap","buyPrice":6670.08,"namesell":"biswap","sellPrice":6652.01},{"block":11315010,"timestamp":1632854110,"swapAmountBNB":20,"namebuy":"apeswap","buyPrice":6670.08,"namesell":"biswap","sellPrice":6652.01},{"block":11315011,"timestamp":1632854113,"swapAmountBNB":20,"namebuy":"apeswap","buyPrice":6670.08,"namesell":"biswap","sellPrice":6652.01},{"block":11315012,"timestamp":1632854116,"swapAmountBNB":20,"namebuy":"apeswap","buyPrice":6670.08,"namesell":"biswap","sellPrice":6655.51},{"block":11315013,"timestamp":1632854119,"swapAmountBNB":20,"namebuy":"apeswap","buyPrice":6670.08,"namesell":"biswap","sellPrice":6655.51},{"block":11315014,"timestamp":1632854122,"swapAmountBNB":20,"namebuy":"apeswap","buyPrice":6670.08,"namesell":"biswap","sellPrice":6655.46},{"block":11315015,"timestamp":1632854125,"swapAmountBNB":20,"namebuy":"apeswap","buyPrice":6670.08,"namesell":"biswap","sellPrice":6655.46},{"block":11315016,"timestamp":1632854128,"swapAmountBNB":20,"namebuy":"apeswap","buyPrice":6670.08,"namesell":"biswap","sellPrice":6655.46},{"block":11315017,"timestamp":1632854131,"swapAmountBNB":20,"namebuy":"apeswap","buyPrice":6670.08,"namesell":"biswap","sellPrice":6655.38},{"block":11315018,"timestamp":1632854134,"swapAmountBNB":20,"namebuy":"apeswap","buyPrice":6670.39,"namesell":"biswap","sellPrice":6655.38},{"block":11315019,"timestamp":1632854137,"swapAmountBNB":20,"namebuy":"apeswap","buyPrice":6670.39,"namesell":"biswap","sellPrice":6655.38},{"block":11315020,"timestamp":1632854140,"swapAmountBNB":20,"namebuy":"apeswap","buyPrice":6670.39,"namesell":"biswap","sellPrice":6655.38},{"block":11315021,"timestamp":1632854143,"swapAmountBNB":20,"namebuy":"apeswap","buyPrice":6670.39,"namesell":"biswap","sellPrice":6655.38},{"block":11315022,"timestamp":1632854146,"swapAmountBNB":20,"namebuy":"apeswap","buyPrice":6670.39,"namesell":"biswap","sellPrice":6655.23},{"block":11315023,"timestamp":1632854149,"swapAmountBNB":20,"namebuy":"apeswap","buyPrice":6670.44,"namesell":"biswap","sellPrice":6655.23},{"block":11315024,"timestamp":1632854152,"swapAmountBNB":20,"namebuy":"apeswap","buyPrice":6670.44,"namesell":"biswap","sellPrice":6655.23},{"block":11315025,"timestamp":1632854155,"swapAmountBNB":20,"namebuy":"apeswap","buyPrice":6670.44,"namesell":"biswap","sellPrice":6655.23},{"block":11315026,"timestamp":1632854158,"swapAmountBNB":20,"namebuy":"apeswap","buyPrice":6670.54,"namesell":"biswap","sellPrice":6654.13},{"block":11315027,"timestamp":1632854161,"swapAmountBNB":20,"namebuy":"apeswap","buyPrice":6670.54,"namesell":"biswap","sellPrice":6654.13},{"block":11315028,"timestamp":1632854164,"swapAmountBNB":20,"namebuy":"apeswap","buyPrice":6670.54,"namesell":"biswap","sellPrice":6654.13},{"block":11315030,"timestamp":1632854170,"swapAmountBNB":20,"namebuy":"apeswap","buyPrice":6670.54,"namesell":"biswap","sellPrice":6654.13},{"block":11315031,"timestamp":1632854173,"swapAmountBNB":20,"namebuy":"apeswap","buyPrice":6670.54,"namesell":"biswap","sellPrice":6654.01},{"block":11315032,"timestamp":1632854176,"swapAmountBNB":20,"namebuy":"apeswap","buyPrice":6670.54,"namesell":"biswap","sellPrice":6654.01},{"block":11315033,"timestamp":1632854179,"swapAmountBNB":20,"namebuy":"apeswap","buyPrice":6670.54,"namesell":"biswap","sellPrice":6654.01},{"block":11315034,"timestamp":1632854182,"swapAmountBNB":20,"namebuy":"apeswap","buyPrice":6670.54,"namesell":"biswap","sellPrice":6654.01},{"block":11315035,"timestamp":1632854185,"swapAmountBNB":20,"namebuy":"apeswap","buyPrice":6670.54,"namesell":"biswap","sellPrice":6654.01},{"block":11315036,"timestamp":1632854188,"swapAmountBNB":20,"namebuy":"apeswap","buyPrice":6670.54,"namesell":"biswap","sellPrice":6654.01},{"block":11315037,"timestamp":1632854191,"swapAmountBNB":20,"namebuy":"apeswap","buyPrice":6670.54,"namesell":"biswap","sellPrice":6654.01},{"block":11315038,"timestamp":1632854194,"swapAmountBNB":20,"namebuy":"apeswap","buyPrice":6670.54,"namesell":"biswap","sellPrice":6654.81},{"block":11315039,"timestamp":1632854197,"swapAmountBNB":20,"namebuy":"apeswap","buyPrice":6670.54,"namesell":"biswap","sellPrice":6654.81},{"block":11315040,"timestamp":1632854200,"swapAmountBNB":20,"namebuy":"apeswap","buyPrice":6670.96,"namesell":"biswap","sellPrice":6654.81},{"block":11315041,"timestamp":1632854203,"swapAmountBNB":20,"namebuy":"apeswap","buyPrice":6670.96,"namesell":"biswap","sellPrice":6654.46},{"block":11315042,"timestamp":1632854206,"swapAmountBNB":20,"namebuy":"apeswap","buyPrice":6670.96,"namesell":"biswap","sellPrice":6654.46},{"block":11315043,"timestamp":1632854209,"swapAmountBNB":20,"namebuy":"apeswap","buyPrice":6670.96,"namesell":"biswap","sellPrice":6654.46},{"block":11315044,"timestamp":1632854212,"swapAmountBNB":20,"namebuy":"apeswap","buyPrice":6670.96,"namesell":"biswap","sellPrice":6654.46},{"block":11315045,"timestamp":1632854215,"swapAmountBNB":20,"namebuy":"apeswap","buyPrice":6670.96,"namesell":"biswap","sellPrice":6654.46},{"block":11315046,"timestamp":1632854218,"swapAmountBNB":20,"namebuy":"apeswap","buyPrice":6670.96,"namesell":"biswap","sellPrice":6654.46},{"block":11315047,"timestamp":1632854221,"swapAmountBNB":20,"namebuy":"apeswap","buyPrice":6670.96,"namesell":"biswap","sellPrice":6654.46},{"block":11315048,"timestamp":1632854224,"swapAmountBNB":20,"namebuy":"apeswap","buyPrice":6670.85,"namesell":"biswap","sellPrice":6654.46},{"block":11315049,"timestamp":1632854227,"swapAmountBNB":20,"namebuy":"apeswap","buyPrice":6670.85,"namesell":"biswap","sellPrice":6654.46},{"block":11315050,"timestamp":1632854230,"swapAmountBNB":20,"namebuy":"apeswap","buyPrice":6670.85,"namesell":"biswap","sellPrice":6654.46},{"block":11315051,"timestamp":1632854233,"swapAmountBNB":20,"namebuy":"apeswap","buyPrice":6670.85,"namesell":"biswap","sellPrice":6654.46},{"block":11315052,"timestamp":1632854236,"swapAmountBNB":20,"namebuy":"apeswap","buyPrice":6670.85,"namesell":"biswap","sellPrice":6654.46},{"block":11315053,"timestamp":1632854239,"swapAmountBNB":20,"namebuy":"apeswap","buyPrice":6670.85,"namesell":"biswap","sellPrice":6654.46},{"block":11315054,"timestamp":1632854242,"swapAmountBNB":20,"namebuy":"apeswap","buyPrice":6670.85,"namesell":"biswap","sellPrice":6654.46},{"block":11315055,"timestamp":1632854245,"swapAmountBNB":20,"namebuy":"apeswap","buyPrice":6670.94,"namesell":"biswap","sellPrice":6654.42},{"block":11315056,"timestamp":1632854248,"swapAmountBNB":20,"namebuy":"apeswap","buyPrice":6670.94,"namesell":"biswap","sellPrice":6654.1},{"block":11315057,"timestamp":1632854251,"swapAmountBNB":20,"namebuy":"pancake","buyPrice":6672.15,"namesell":"biswap","sellPrice":6653.89},{"block":11315058,"timestamp":1632854254,"swapAmountBNB":20,"namebuy":"pancake","buyPrice":6672.15,"namesell":"biswap","sellPrice":6653.89},{"block":11315059,"timestamp":1632854257,"swapAmountBNB":20,"namebuy":"pancake","buyPrice":6672.17,"namesell":"biswap","sellPrice":6653.89},{"block":11315060,"timestamp":1632854260,"swapAmountBNB":20,"namebuy":"pancake","buyPrice":6672.16,"namesell":"biswap","sellPrice":6657.45},{"block":11315061,"timestamp":1632854263,"swapAmountBNB":20,"namebuy":"pancake","buyPrice":6672.07,"namesell":"biswap","sellPrice":6657.39},{"block":11315062,"timestamp":1632854266,"swapAmountBNB":20,"namebuy":"pancake","buyPrice":6672.12,"namesell":"biswap","sellPrice":6657.39},{"block":11315063,"timestamp":1632854269,"swapAmountBNB":20,"namebuy":"pancake","buyPrice":6672.06,"namesell":"biswap","sellPrice":6660.81},{"block":11315064,"timestamp":1632854272,"swapAmountBNB":20,"namebuy":"pancake","buyPrice":6672.06,"namesell":"biswap","sellPrice":6660.16},{"block":11315065,"timestamp":1632854275,"swapAmountBNB":20,"namebuy":"pancake","buyPrice":6671.86,"namesell":"biswap","sellPrice":6660.16},{"block":11315066,"timestamp":1632854278,"swapAmountBNB":20,"namebuy":"pancake","buyPrice":6671.84,"namesell":"biswap","sellPrice":6660},{"block":11315067,"timestamp":1632854281,"swapAmountBNB":20,"namebuy":"pancake","buyPrice":6676.03,"namesell":"biswap","sellPrice":6663.57},{"block":11315068,"timestamp":1632854284,"swapAmountBNB":20,"namebuy":"pancake","buyPrice":6676.53,"namesell":"biswap","sellPrice":6660.24},{"block":11315069,"timestamp":1632854287,"swapAmountBNB":20,"namebuy":"pancake","buyPrice":6676.53,"namesell":"biswap","sellPrice":6660.24},{"block":11315070,"timestamp":1632854290,"swapAmountBNB":20,"namebuy":"pancake","buyPrice":6676.54,"namesell":"biswap","sellPrice":6663.81},{"block":11315071,"timestamp":1632854293,"swapAmountBNB":20,"namebuy":"pancake","buyPrice":6676.53,"namesell":"biswap","sellPrice":6663.81},{"block":11315072,"timestamp":1632854296,"swapAmountBNB":20,"namebuy":"pancake","buyPrice":6676.6,"namesell":"biswap","sellPrice":6663.67},{"block":11315073,"timestamp":1632854299,"swapAmountBNB":20,"namebuy":"pancake","buyPrice":6676.64,"namesell":"biswap","sellPrice":6663.67},{"block":11315074,"timestamp":1632854302,"swapAmountBNB":20,"namebuy":"pancake","buyPrice":6676.65,"namesell":"biswap","sellPrice":6663.49},{"block":11315075,"timestamp":1632854305,"swapAmountBNB":20,"namebuy":"pancake","buyPrice":6676.77,"namesell":"biswap","sellPrice":6663.49},{"block":11315076,"timestamp":1632854308,"swapAmountBNB":20,"namebuy":"pancake","buyPrice":6677.05,"namesell":"biswap","sellPrice":6667.06},{"block":11315077,"timestamp":1632854311,"swapAmountBNB":20,"namebuy":"apeswap","buyPrice":6677.79,"namesell":"biswap","sellPrice":6666.3},{"block":11315078,"timestamp":1632854314,"swapAmountBNB":20,"namebuy":"apeswap","buyPrice":6677.79,"namesell":"biswap","sellPrice":6665.83},{"block":11315079,"timestamp":1632854317,"swapAmountBNB":20,"namebuy":"apeswap","buyPrice":6678.83,"namesell":"biswap","sellPrice":6665.4},{"block":11315080,"timestamp":1632854320,"swapAmountBNB":20,"namebuy":"apeswap","buyPrice":6682.12,"namesell":"biswap","sellPrice":6665.28},{"block":11315081,"timestamp":1632854323,"swapAmountBNB":20,"namebuy":"apeswap","buyPrice":6682.12,"namesell":"biswap","sellPrice":6667.84},{"block":11315082,"timestamp":1632854326,"swapAmountBNB":20,"namebuy":"apeswap","buyPrice":6682.12,"namesell":"biswap","sellPrice":6667.84},{"block":11315083,"timestamp":1632854329,"swapAmountBNB":20,"namebuy":"apeswap","buyPrice":6682.12,"namesell":"biswap","sellPrice":6667.84},{"block":11315084,"timestamp":1632854332,"swapAmountBNB":20,"namebuy":"pancake","buyPrice":6685.09,"namesell":"biswap","sellPrice":6667.84},{"block":11315085,"timestamp":1632854335,"swapAmountBNB":20,"namebuy":"pancake","buyPrice":6685.37,"namesell":"biswap","sellPrice":6670.38},{"block":11315086,"timestamp":1632854338,"swapAmountBNB":20,"namebuy":"pancake","buyPrice":6685.32,"namesell":"biswap","sellPrice":6669.94},{"block":11315087,"timestamp":1632854341,"swapAmountBNB":20,"namebuy":"pancake","buyPrice":6685.34,"namesell":"biswap","sellPrice":6666.05},{"block":11315088,"timestamp":1632854344,"swapAmountBNB":20,"namebuy":"pancake","buyPrice":6685.34,"namesell":"biswap","sellPrice":6666.05},{"block":11315089,"timestamp":1632854347,"swapAmountBNB":20,"namebuy":"pancake","buyPrice":6685.34,"namesell":"biswap","sellPrice":6666.05},{"block":11315090,"timestamp":1632854350,"swapAmountBNB":20,"namebuy":"pancake","buyPrice":6685.34,"namesell":"biswap","sellPrice":6666.05},{"block":11315091,"timestamp":1632854353,"swapAmountBNB":20,"namebuy":"apeswap","buyPrice":6685.3,"namesell":"biswap","sellPrice":6666.04},{"block":11315092,"timestamp":1632854356,"swapAmountBNB":20,"namebuy":"apeswap","buyPrice":6685.3,"namesell":"biswap","sellPrice":6665.88},{"block":11315093,"timestamp":1632854359,"swapAmountBNB":20,"namebuy":"apeswap","buyPrice":6685.3,"namesell":"biswap","sellPrice":6665.88},{"block":11315094,"timestamp":1632854362,"swapAmountBNB":20,"namebuy":"pancake","buyPrice":6685.2,"namesell":"biswap","sellPrice":6665.76},{"block":11315095,"timestamp":1632854365,"swapAmountBNB":20,"namebuy":"apeswap","buyPrice":6685.17,"namesell":"biswap","sellPrice":6665.76},{"block":11315096,"timestamp":1632854368,"swapAmountBNB":20,"namebuy":"apeswap","buyPrice":6685.17,"namesell":"biswap","sellPrice":6665.76},{"block":11315097,"timestamp":1632854371,"swapAmountBNB":20,"namebuy":"apeswap","buyPrice":6685.17,"namesell":"biswap","sellPrice":6665.76},{"block":11315098,"timestamp":1632854374,"swapAmountBNB":20,"namebuy":"apeswap","buyPrice":6685.17,"namesell":"biswap","sellPrice":6665.76},{"block":11315099,"timestamp":1632854377,"swapAmountBNB":20,"namebuy":"apeswap","buyPrice":6685.17,"namesell":"biswap","sellPrice":6665.76},{"block":11315100,"timestamp":1632854380,"swapAmountBNB":20,"namebuy":"pancake","buyPrice":6684.97,"namesell":"biswap","sellPrice":6665.76},{"block":11315101,"timestamp":1632854383,"swapAmountBNB":20,"namebuy":"pancake","buyPrice":6684.97,"namesell":"biswap","sellPrice":6665.76},{"block":11315102,"timestamp":1632854386,"swapAmountBNB":20,"namebuy":"apeswap","buyPrice":6685.17,"namesell":"biswap","sellPrice":6665.76},{"block":11315103,"timestamp":1632854389,"swapAmountBNB":20,"namebuy":"apeswap","buyPrice":6685.17,"namesell":"biswap","sellPrice":6669.33},{"block":11315104,"timestamp":1632854392,"swapAmountBNB":20,"namebuy":"apeswap","buyPrice":6685.17,"namesell":"biswap","sellPrice":6670.52},{"block":11315105,"timestamp":1632854395,"swapAmountBNB":20,"namebuy":"apeswap","buyPrice":6685.25,"namesell":"biswap","sellPrice":6670.52},{"block":11315106,"timestamp":1632854398,"swapAmountBNB":20,"namebuy":"apeswap","buyPrice":6685.25,"namesell":"biswap","sellPrice":6670.36},{"block":11315107,"timestamp":1632854405,"swapAmountBNB":20,"namebuy":"apeswap","buyPrice":6685.25,"namesell":"biswap","sellPrice":6669.85},{"block":11315108,"timestamp":1632854408,"swapAmountBNB":20,"namebuy":"pancake","buyPrice":6685.12,"namesell":"biswap","sellPrice":6669.51},{"block":11315109,"timestamp":1632854411,"swapAmountBNB":20,"namebuy":"pancake","buyPrice":6685.11,"namesell":"biswap","sellPrice":6673.09},{"block":11315110,"timestamp":1632854415,"swapAmountBNB":20,"namebuy":"pancake","buyPrice":6685.11,"namesell":"biswap","sellPrice":6673.09},{"block":11315111,"timestamp":1632854418,"swapAmountBNB":20,"namebuy":"pancake","buyPrice":6685.16,"namesell":"biswap","sellPrice":6670.6},{"block":11315112,"timestamp":1632854421,"swapAmountBNB":20,"namebuy":"pancake","buyPrice":6685.21,"namesell":"biswap","sellPrice":6670.9},{"block":11315113,"timestamp":1632854424,"swapAmountBNB":20,"namebuy":"pancake","buyPrice":6685.23,"namesell":"biswap","sellPrice":6674.48},{"block":11315114,"timestamp":1632854427,"swapAmountBNB":20,"namebuy":"pancake","buyPrice":6685.22,"namesell":"biswap","sellPrice":6674.28},{"block":11315115,"timestamp":1632854431,"swapAmountBNB":20,"namebuy":"pancake","buyPrice":6685.23,"namesell":"biswap","sellPrice":6674.22},{"block":11315116,"timestamp":1632854435,"swapAmountBNB":20,"namebuy":"pancake","buyPrice":6685.2,"namesell":"biswap","sellPrice":6674.22},{"block":11315117,"timestamp":1632854438,"swapAmountBNB":20,"namebuy":"pancake","buyPrice":6685.16,"namesell":"biswap","sellPrice":6674.2},{"block":11315118,"timestamp":1632854441,"swapAmountBNB":20,"namebuy":"pancake","buyPrice":6685.16,"namesell":"biswap","sellPrice":6674.2},{"block":11315119,"timestamp":1632854444,"swapAmountBNB":20,"namebuy":"pancake","buyPrice":6685.1,"namesell":"biswap","sellPrice":6674.2},{"block":11315120,"timestamp":1632854447,"swapAmountBNB":20,"namebuy":"pancake","buyPrice":6685.11,"namesell":"biswap","sellPrice":6674.2},{"block":11315121,"timestamp":1632854450,"swapAmountBNB":20,"namebuy":"pancake","buyPrice":6684.98,"namesell":"biswap","sellPrice":6674.2},{"block":11315122,"timestamp":1632854453,"swapAmountBNB":20,"namebuy":"pancake","buyPrice":6684.85,"namesell":"biswap","sellPrice":6674.2},{"block":11315123,"timestamp":1632854456,"swapAmountBNB":20,"namebuy":"pancake","buyPrice":6684.86,"namesell":"biswap","sellPrice":6674.2},{"block":11315124,"timestamp":1632854459,"swapAmountBNB":20,"namebuy":"pancake","buyPrice":6684.85,"namesell":"biswap","sellPrice":6674.2},{"block":11315125,"timestamp":1632854463,"swapAmountBNB":20,"namebuy":"pancake","buyPrice":6684.85,"namesell":"biswap","sellPrice":6674.2},{"block":11315126,"timestamp":1632854466,"swapAmountBNB":20,"namebuy":"pancake","buyPrice":6684.78,"namesell":"biswap","sellPrice":6674.2},{"block":11315127,"timestamp":1632854469,"swapAmountBNB":20,"namebuy":"pancake","buyPrice":6684.69,"namesell":"biswap","sellPrice":6673.17},{"block":11315128,"timestamp":1632854472,"swapAmountBNB":20,"namebuy":"pancake","buyPrice":6684.69,"namesell":"biswap","sellPrice":6673.17},{"block":11315129,"timestamp":1632854475,"swapAmountBNB":20,"namebuy":"pancake","buyPrice":6684.68,"namesell":"biswap","sellPrice":6672.95},{"block":11315130,"timestamp":1632854478,"swapAmountBNB":20,"namebuy":"pancake","buyPrice":6684.74,"namesell":"biswap","sellPrice":6672.95},{"block":11315131,"timestamp":1632854481,"swapAmountBNB":20,"namebuy":"pancake","buyPrice":6684.79,"namesell":"biswap","sellPrice":6672.83},{"block":11315132,"timestamp":1632854484,"swapAmountBNB":20,"namebuy":"pancake","buyPrice":6684.8,"namesell":"biswap","sellPrice":6672.83},{"block":11315133,"timestamp":1632854487,"swapAmountBNB":20,"namebuy":"pancake","buyPrice":6684.8,"namesell":"biswap","sellPrice":6672.83},{"block":11315134,"timestamp":1632854490,"swapAmountBNB":20,"namebuy":"pancake","buyPrice":6683.58,"namesell":"biswap","sellPrice":6672.76},{"block":11315135,"timestamp":1632854493,"swapAmountBNB":20,"namebuy":"pancake","buyPrice":6683.67,"namesell":"biswap","sellPrice":6672.76},{"block":11315136,"timestamp":1632854496,"swapAmountBNB":20,"namebuy":"pancake","buyPrice":6683.66,"namesell":"biswap","sellPrice":6672.63},{"block":11315137,"timestamp":1632854499,"swapAmountBNB":20,"namebuy":"pancake","buyPrice":6683.68,"namesell":"biswap","sellPrice":6672.63},{"block":11315138,"timestamp":1632854502,"swapAmountBNB":20,"namebuy":"pancake","buyPrice":6683.45,"namesell":"biswap","sellPrice":6672.63},{"block":11315139,"timestamp":1632854505,"swapAmountBNB":20,"namebuy":"pancake","buyPrice":6683.45,"namesell":"biswap","sellPrice":6672.63},{"block":11315140,"timestamp":1632854508,"swapAmountBNB":20,"namebuy":"pancake","buyPrice":6683.43,"namesell":"biswap","sellPrice":6672.63},{"block":11315141,"timestamp":1632854511,"swapAmountBNB":20,"namebuy":"pancake","buyPrice":6683.43,"namesell":"biswap","sellPrice":6672.63},{"block":11315142,"timestamp":1632854514,"swapAmountBNB":20,"namebuy":"pancake","buyPrice":6683.4,"namesell":"biswap","sellPrice":6672.63},{"block":11315143,"timestamp":1632854517,"swapAmountBNB":20,"namebuy":"pancake","buyPrice":6683.32,"namesell":"biswap","sellPrice":6672.63},{"block":11315144,"timestamp":1632854520,"swapAmountBNB":20,"namebuy":"pancake","buyPrice":6683.28,"namesell":"biswap","sellPrice":6672.63},{"block":11315145,"timestamp":1632854523,"swapAmountBNB":20,"namebuy":"pancake","buyPrice":6683.18,"namesell":"biswap","sellPrice":6672.63},{"block":11315146,"timestamp":1632854526,"swapAmountBNB":20,"namebuy":"pancake","buyPrice":6683.18,"namesell":"biswap","sellPrice":6672.63},{"block":11315147,"timestamp":1632854529,"swapAmountBNB":20,"namebuy":"pancake","buyPrice":6683.05,"namesell":"biswap","sellPrice":6672.63},{"block":11315148,"timestamp":1632854532,"swapAmountBNB":20,"namebuy":"pancake","buyPrice":6683.01,"namesell":"biswap","sellPrice":6672.63},{"block":11315149,"timestamp":1632854535,"swapAmountBNB":20,"namebuy":"pancake","buyPrice":6683,"namesell":"biswap","sellPrice":6672.63},{"block":11315150,"timestamp":1632854538,"swapAmountBNB":20,"namebuy":"pancake","buyPrice":6683.03,"namesell":"biswap","sellPrice":6672.63},{"block":11315151,"timestamp":1632854541,"swapAmountBNB":20,"namebuy":"pancake","buyPrice":6683.01,"namesell":"biswap","sellPrice":6672.63},{"block":11315152,"timestamp":1632854544,"swapAmountBNB":20,"namebuy":"pancake","buyPrice":6683.07,"namesell":"biswap","sellPrice":6672.63},{"block":11315153,"timestamp":1632854547,"swapAmountBNB":20,"namebuy":"pancake","buyPrice":6683.07,"namesell":"biswap","sellPrice":6670.34},{"block":11315154,"timestamp":1632854550,"swapAmountBNB":20,"namebuy":"pancake","buyPrice":6683.07,"namesell":"biswap","sellPrice":6670.34},{"block":11315155,"timestamp":1632854553,"swapAmountBNB":20,"namebuy":"pancake","buyPrice":6682.71,"namesell":"biswap","sellPrice":6664.85},{"block":11315156,"timestamp":1632854556,"swapAmountBNB":20,"namebuy":"biswap","buyPrice":6679.94,"namesell":"biswap","sellPrice":6660.11},{"block":11315157,"timestamp":1632854559,"swapAmountBNB":20,"namebuy":"biswap","buyPrice":6679.94,"namesell":"biswap","sellPrice":6660.11},{"block":11315158,"timestamp":1632854562,"swapAmountBNB":20,"namebuy":"pancake","buyPrice":6681.99,"namesell":"biswap","sellPrice":6663.68},{"block":11315159,"timestamp":1632854565,"swapAmountBNB":20,"namebuy":"pancake","buyPrice":6681.98,"namesell":"biswap","sellPrice":6663.68},{"block":11315160,"timestamp":1632854568,"swapAmountBNB":20,"namebuy":"biswap","buyPrice":6681.16,"namesell":"biswap","sellPrice":6661.32},{"block":11315161,"timestamp":1632854571,"swapAmountBNB":20,"namebuy":"biswap","buyPrice":6681.16,"namesell":"biswap","sellPrice":6661.32},{"block":11315162,"timestamp":1632854574,"swapAmountBNB":20,"namebuy":"pancake","buyPrice":6681.92,"namesell":"biswap","sellPrice":6664.89},{"block":11315163,"timestamp":1632854577,"swapAmountBNB":20,"namebuy":"pancake","buyPrice":6681.98,"namesell":"biswap","sellPrice":6664.89},{"block":11315164,"timestamp":1632854580,"swapAmountBNB":20,"namebuy":"apeswap","buyPrice":6679.62,"namesell":"biswap","sellPrice":6668.47},{"block":11315165,"timestamp":1632854583,"swapAmountBNB":20,"namebuy":"apeswap","buyPrice":6679.62,"namesell":"biswap","sellPrice":6672.04},{"block":11315166,"timestamp":1632854586,"swapAmountBNB":20,"namebuy":"apeswap","buyPrice":6679.62,"namesell":"biswap","sellPrice":6672.04},{"block":11315167,"timestamp":1632854589,"swapAmountBNB":20,"namebuy":"apeswap","buyPrice":6679.62,"namesell":"biswap","sellPrice":6672.2},{"block":11315168,"timestamp":1632854592,"swapAmountBNB":20,"namebuy":"pancake","buyPrice":6686.36,"namesell":"biswap","sellPrice":6675.78},{"block":11315169,"timestamp":1632854595,"swapAmountBNB":20,"namebuy":"pancake","buyPrice":6686.36,"namesell":"biswap","sellPrice":6675.78},{"block":11315170,"timestamp":1632854598,"swapAmountBNB":20,"namebuy":"pancake","buyPrice":6686.39,"namesell":"biswap","sellPrice":6675.54},{"block":11315171,"timestamp":1632854601,"swapAmountBNB":20,"namebuy":"pancake","buyPrice":6686.39,"namesell":"biswap","sellPrice":6675.54},{"block":11315172,"timestamp":1632854604,"swapAmountBNB":20,"namebuy":"pancake","buyPrice":6686.45,"namesell":"biswap","sellPrice":6675.54},{"block":11315173,"timestamp":1632854607,"swapAmountBNB":20,"namebuy":"pancake","buyPrice":6686.44,"namesell":"biswap","sellPrice":6675.54},{"block":11315174,"timestamp":1632854610,"swapAmountBNB":20,"namebuy":"pancake","buyPrice":6686.46,"namesell":"biswap","sellPrice":6675.48},{"block":11315175,"timestamp":1632854613,"swapAmountBNB":20,"namebuy":"pancake","buyPrice":6686.5,"namesell":"biswap","sellPrice":6675.48},{"block":11315176,"timestamp":1632854616,"swapAmountBNB":20,"namebuy":"pancake","buyPrice":6686.43,"namesell":"biswap","sellPrice":6675.48},{"block":11315177,"timestamp":1632854619,"swapAmountBNB":20,"namebuy":"pancake","buyPrice":6687.61,"namesell":"biswap","sellPrice":6675.48},{"block":11315178,"timestamp":1632854622,"swapAmountBNB":20,"namebuy":"pancake","buyPrice":6687.54,"namesell":"biswap","sellPrice":6675.48},{"block":11315179,"timestamp":1632854625,"swapAmountBNB":20,"namebuy":"pancake","buyPrice":6687.54,"namesell":"biswap","sellPrice":6674.08},{"block":11315180,"timestamp":1632854628,"swapAmountBNB":20,"namebuy":"pancake","buyPrice":6687.53,"namesell":"biswap","sellPrice":6674.48},{"block":11315181,"timestamp":1632854631,"swapAmountBNB":20,"namebuy":"pancake","buyPrice":6687.53,"namesell":"biswap","sellPrice":6674.48},{"block":11315182,"timestamp":1632854634,"swapAmountBNB":20,"namebuy":"pancake","buyPrice":6687.52,"namesell":"biswap","sellPrice":6674.42},{"block":11315183,"timestamp":1632854637,"swapAmountBNB":20,"namebuy":"pancake","buyPrice":6687.52,"namesell":"biswap","sellPrice":6674.42},{"block":11315184,"timestamp":1632854640,"swapAmountBNB":20,"namebuy":"pancake","buyPrice":6687.54,"namesell":"biswap","sellPrice":6674.42},{"block":11315185,"timestamp":1632854643,"swapAmountBNB":20,"namebuy":"pancake","buyPrice":6687.53,"namesell":"biswap","sellPrice":6674.36},{"block":11315186,"timestamp":1632854646,"swapAmountBNB":20,"namebuy":"pancake","buyPrice":6687.55,"namesell":"biswap","sellPrice":6674.36},{"block":11315187,"timestamp":1632854649,"swapAmountBNB":20,"namebuy":"pancake","buyPrice":6687.52,"namesell":"biswap","sellPrice":6674.36},{"block":11315188,"timestamp":1632854652,"swapAmountBNB":20,"namebuy":"pancake","buyPrice":6687.54,"namesell":"biswap","sellPrice":6674.36},{"block":11315189,"timestamp":1632854655,"swapAmountBNB":20,"namebuy":"pancake","buyPrice":6687.57,"namesell":"biswap","sellPrice":6674.36},{"block":11315190,"timestamp":1632854658,"swapAmountBNB":20,"namebuy":"pancake","buyPrice":6687.55,"namesell":"biswap","sellPrice":6674.36},{"block":11315191,"timestamp":1632854661,"swapAmountBNB":20,"namebuy":"pancake","buyPrice":6687.55,"namesell":"biswap","sellPrice":6674.36},{"block":11315192,"timestamp":1632854664,"swapAmountBNB":20,"namebuy":"pancake","buyPrice":6687.55,"namesell":"biswap","sellPrice":6674.36},{"block":11315193,"timestamp":1632854667,"swapAmountBNB":20,"namebuy":"pancake","buyPrice":6687.53,"namesell":"biswap","sellPrice":6674.36},{"block":11315194,"timestamp":1632854670,"swapAmountBNB":20,"namebuy":"pancake","buyPrice":6687.49,"namesell":"biswap","sellPrice":6674.36},{"block":11315195,"timestamp":1632854673,"swapAmountBNB":20,"namebuy":"pancake","buyPrice":6687.2,"namesell":"biswap","sellPrice":6674.36},{"block":11315196,"timestamp":1632854676,"swapAmountBNB":20,"namebuy":"pancake","buyPrice":6687.1,"namesell":"biswap","sellPrice":6674.36},{"block":11315197,"timestamp":1632854679,"swapAmountBNB":20,"namebuy":"pancake","buyPrice":6688.63,"namesell":"biswap","sellPrice":6677.3},{"block":11315198,"timestamp":1632854682,"swapAmountBNB":20,"namebuy":"pancake","buyPrice":6688.79,"namesell":"biswap","sellPrice":6676.87},{"block":11315199,"timestamp":1632854685,"swapAmountBNB":20,"namebuy":"pancake","buyPrice":6688.78,"namesell":"biswap","sellPrice":6676.28},{"block":11315200,"timestamp":1632854688,"swapAmountBNB":20,"namebuy":"pancake","buyPrice":6688.61,"namesell":"biswap","sellPrice":6676.07},{"block":11315201,"timestamp":1632854691,"swapAmountBNB":20,"namebuy":"pancake","buyPrice":6688.59,"namesell":"biswap","sellPrice":6676.07},{"block":11315202,"timestamp":1632854694,"swapAmountBNB":20,"namebuy":"pancake","buyPrice":6688.48,"namesell":"biswap","sellPrice":6679.65},{"block":11315203,"timestamp":1632854697,"swapAmountBNB":20,"namebuy":"pancake","buyPrice":6688.52,"namesell":"biswap","sellPrice":6678.62},{"block":11315204,"timestamp":1632854700,"swapAmountBNB":20,"namebuy":"pancake","buyPrice":6688.34,"namesell":"biswap","sellPrice":6677.95},{"block":11315205,"timestamp":1632854703,"swapAmountBNB":20,"namebuy":"pancake","buyPrice":6688.34,"namesell":"biswap","sellPrice":6677.95},{"block":11315206,"timestamp":1632854706,"swapAmountBNB":20,"namebuy":"pancake","buyPrice":6688.65,"namesell":"biswap","sellPrice":6677.95},{"block":11315207,"timestamp":1632854709,"swapAmountBNB":20,"namebuy":"pancake","buyPrice":6695.8,"namesell":"biswap","sellPrice":6681.46},{"block":11315208,"timestamp":1632854712,"swapAmountBNB":20,"namebuy":"pancake","buyPrice":6697.78,"namesell":"biswap","sellPrice":6680.36},{"block":11315209,"timestamp":1632854715,"swapAmountBNB":20,"namebuy":"pancake","buyPrice":6697.8,"namesell":"biswap","sellPrice":6683.95},{"block":11315210,"timestamp":1632854718,"swapAmountBNB":20,"namebuy":"pancake","buyPrice":6697.82,"namesell":"biswap","sellPrice":6682.64},{"block":11315211,"timestamp":1632854721,"swapAmountBNB":20,"namebuy":"pancake","buyPrice":6697.82,"namesell":"biswap","sellPrice":6682.58},{"block":11315212,"timestamp":1632854724,"swapAmountBNB":20,"namebuy":"pancake","buyPrice":6697.63,"namesell":"biswap","sellPrice":6686.01},{"block":11315213,"timestamp":1632854727,"swapAmountBNB":20,"namebuy":"pancake","buyPrice":6697.61,"namesell":"biswap","sellPrice":6685.48},{"block":11315214,"timestamp":1632854730,"swapAmountBNB":20,"namebuy":"pancake","buyPrice":6697.83,"namesell":"biswap","sellPrice":6685.48},{"block":11315215,"timestamp":1632854733,"swapAmountBNB":20,"namebuy":"pancake","buyPrice":6697.83,"namesell":"biswap","sellPrice":6684.95},{"block":11315216,"timestamp":1632854736,"swapAmountBNB":20,"namebuy":"pancake","buyPrice":6696.83,"namesell":"biswap","sellPrice":6684.59},{"block":11315217,"timestamp":1632854739,"swapAmountBNB":20,"namebuy":"pancake","buyPrice":6696.83,"namesell":"biswap","sellPrice":6684.59},{"block":11315218,"timestamp":1632854742,"swapAmountBNB":20,"namebuy":"pancake","buyPrice":6696.83,"namesell":"biswap","sellPrice":6684.59},{"block":11315219,"timestamp":1632854745,"swapAmountBNB":20,"namebuy":"pancake","buyPrice":6696.83,"namesell":"biswap","sellPrice":6684.59},{"block":11315220,"timestamp":1632854748,"swapAmountBNB":20,"namebuy":"pancake","buyPrice":6698.84,"namesell":"biswap","sellPrice":6688.14},{"block":11315221,"timestamp":1632854751,"swapAmountBNB":20,"namebuy":"pancake","buyPrice":6698.79,"namesell":"biswap","sellPrice":6686.8},{"block":11315222,"timestamp":1632854754,"swapAmountBNB":20,"namebuy":"pancake","buyPrice":6698.86,"namesell":"biswap","sellPrice":6686.8},{"block":11315223,"timestamp":1632854757,"swapAmountBNB":20,"namebuy":"pancake","buyPrice":6698.8,"namesell":"biswap","sellPrice":6686.7},{"block":11315224,"timestamp":1632854760,"swapAmountBNB":20,"namebuy":"pancake","buyPrice":6699,"namesell":"biswap","sellPrice":6686.65},{"block":11315225,"timestamp":1632854763,"swapAmountBNB":20,"namebuy":"pancake","buyPrice":6701.02,"namesell":"biswap","sellPrice":6686.65},{"block":11315226,"timestamp":1632854766,"swapAmountBNB":20,"namebuy":"pancake","buyPrice":6704.58,"namesell":"biswap","sellPrice":6689.33},{"block":11315227,"timestamp":1632854769,"swapAmountBNB":20,"namebuy":"pancake","buyPrice":6704.87,"namesell":"biswap","sellPrice":6689.33},{"block":11315228,"timestamp":1632854772,"swapAmountBNB":20,"namebuy":"pancake","buyPrice":6707.31,"namesell":"biswap","sellPrice":6692.92},{"block":11315229,"timestamp":1632854775,"swapAmountBNB":20,"namebuy":"pancake","buyPrice":6707.29,"namesell":"biswap","sellPrice":6691.73},{"block":11315230,"timestamp":1632854778,"swapAmountBNB":20,"namebuy":"pancake","buyPrice":6707.26,"namesell":"biswap","sellPrice":6691.57},{"block":11315231,"timestamp":1632854781,"swapAmountBNB":20,"namebuy":"pancake","buyPrice":6707.18,"namesell":"biswap","sellPrice":6691.57},{"block":11315232,"timestamp":1632854784,"swapAmountBNB":20,"namebuy":"pancake","buyPrice":6707.13,"namesell":"biswap","sellPrice":6691.49},{"block":11315233,"timestamp":1632854787,"swapAmountBNB":20,"namebuy":"pancake","buyPrice":6707.69,"namesell":"biswap","sellPrice":6690.94},{"block":11315234,"timestamp":1632854790,"swapAmountBNB":20,"namebuy":"pancake","buyPrice":6707.7,"namesell":"biswap","sellPrice":6689.75},{"block":11315235,"timestamp":1632854793,"swapAmountBNB":20,"namebuy":"pancake","buyPrice":6707.7,"namesell":"biswap","sellPrice":6689.65},{"block":11315236,"timestamp":1632854796,"swapAmountBNB":20,"namebuy":"pancake","buyPrice":6707.62,"namesell":"biswap","sellPrice":6689.53},{"block":11315237,"timestamp":1632854799,"swapAmountBNB":20,"namebuy":"pancake","buyPrice":6707.59,"namesell":"biswap","sellPrice":6689.53},{"block":11315238,"timestamp":1632854802,"swapAmountBNB":20,"namebuy":"pancake","buyPrice":6707.63,"namesell":"biswap","sellPrice":6689.42},{"block":11315239,"timestamp":1632854805,"swapAmountBNB":20,"namebuy":"pancake","buyPrice":6707.51,"namesell":"biswap","sellPrice":6693.01}]}