{"table":[{"block":11422510,"timestamp":1633180025,"swapAmountBNB":20,"namebuy":"pancake","buyPrice":8500.81,"namesell":"biswap","sellPrice":8481.29},{"block":11422511,"timestamp":1633180028,"swapAmountBNB":20,"namebuy":"pancake","buyPrice":8499.11,"namesell":"biswap","sellPrice":8479.5},{"block":11422512,"timestamp":1633180031,"swapAmountBNB":20,"namebuy":"pancake","buyPrice":8499.15,"namesell":"biswap","sellPrice":8478.92},{"block":11422513,"timestamp":1633180034,"swapAmountBNB":20,"namebuy":"pancake","buyPrice":8499.1,"namesell":"biswap","sellPrice":8478.92},{"block":11422514,"timestamp":1633180037,"swapAmountBNB":20,"namebuy":"pancake","buyPrice":8499.09,"namesell":"biswap","sellPrice":8478.92},{"block":11422515,"timestamp":1633180040,"swapAmountBNB":20,"namebuy":"pancake","buyPrice":8499.19,"namesell":"biswap","sellPrice":8478.92},{"block":11422584,"timestamp":1633180247,"swapAmountBNB":5,"namebuy":"biswap","buyPrice":2124.45,"namesell":"biswap","sellPrice":2119.41},{"block":11422585,"timestamp":1633180250,"swapAmountBNB":5,"namebuy":"biswap","buyPrice":2124.45,"namesell":"biswap","sellPrice":2119.41},{"block":11422586,"timestamp":1633180253,"swapAmountBNB":5,"namebuy":"biswap","buyPrice":2124.25,"namesell":"biswap","sellPrice":2119.21},{"block":11422587,"timestamp":1633180256,"swapAmountBNB":5,"namebuy":"biswap","buyPrice":2124.25,"namesell":"biswap","sellPrice":2119.21},{"block":11422588,"timestamp":1633180259,"swapAmountBNB":5,"namebuy":"biswap","buyPrice":2126.01,"namesell":"biswap","sellPrice":2120.96},{"block":11422589,"timestamp":1633180262,"swapAmountBNB":5,"namebuy":"biswap","buyPrice":2126.01,"namesell":"biswap","sellPrice":2120.96},{"block":11422590,"timestamp":1633180265,"swapAmountBNB":5,"namebuy":"biswap","buyPrice":2125.16,"namesell":"biswap","sellPrice":2120.11},{"block":11422591,"timestamp":1633180268,"swapAmountBNB":5,"namebuy":"biswap","buyPrice":2125.16,"namesell":"biswap","sellPrice":2120.11},{"block":11422592,"timestamp":1633180271,"swapAmountBNB":5,"namebuy":"biswap","buyPrice":2124.78,"namesell":"biswap","sellPrice":2119.74},{"block":11422593,"timestamp":1633180274,"swapAmountBNB":5,"namebuy":"biswap","buyPrice":2124.78,"namesell":"biswap","sellPrice":2119.74},{"block":11422594,"timestamp":1633180277,"swapAmountBNB":5,"namebuy":"biswap","buyPrice":2124.76,"namesell":"biswap","sellPrice":2119.72},{"block":11422595,"timestamp":1633180280,"swapAmountBNB":5,"namebuy":"biswap","buyPrice":2124.54,"namesell":"biswap","sellPrice":2119.5},{"block":11422596,"timestamp":1633180283,"swapAmountBNB":5,"namebuy":"biswap","buyPrice":2124.45,"namesell":"biswap","sellPrice":2119.41},{"block":11422597,"timestamp":1633180286,"swapAmountBNB":5,"namebuy":"biswap","buyPrice":2124.37,"namesell":"biswap","sellPrice":2119.33},{"block":11422598,"timestamp":1633180289,"swapAmountBNB":5,"namebuy":"biswap","buyPrice":2123.74,"namesell":"biswap","sellPrice":2118.7},{"block":11422599,"timestamp":1633180292,"swapAmountBNB":5,"namebuy":"biswap","buyPrice":2123.74,"namesell":"biswap","sellPrice":2118.7},{"block":11422600,"timestamp":1633180295,"swapAmountBNB":5,"namebuy":"biswap","buyPrice":2125.49,"namesell":"biswap","sellPrice":2120.45},{"block":11422601,"timestamp":1633180298,"swapAmountBNB":5,"namebuy":"biswap","buyPrice":2125.49,"namesell":"biswap","sellPrice":2120.45},{"block":11422602,"timestamp":1633180301,"swapAmountBNB":5,"namebuy":"biswap","buyPrice":2125.49,"namesell":"biswap","sellPrice":2120.45},{"block":11422603,"timestamp":1633180304,"swapAmountBNB":5,"namebuy":"biswap","buyPrice":2125.49,"namesell":"biswap","sellPrice":2120.45},{"block":11422604,"timestamp":1633180307,"swapAmountBNB":5,"namebuy":"pancake","buyPrice":2125.83,"namesell":"biswap","sellPrice":2120.82},{"block":11422605,"timestamp":1633180310,"swapAmountBNB":5,"namebuy":"pancake","buyPrice":2125.83,"namesell":"biswap","sellPrice":2122.58},{"block":11422606,"timestamp":1633180313,"swapAmountBNB":5,"namebuy":"pancake","buyPrice":2125.88,"namesell":"biswap","sellPrice":2122.76},{"block":11422607,"timestamp":1633180316,"swapAmountBNB":5,"namebuy":"pancake","buyPrice":2125.87,"namesell":"biswap","sellPrice":2122.6},{"block":11422608,"timestamp":1633180319,"swapAmountBNB":5,"namebuy":"pancake","buyPrice":2125.88,"namesell":"biswap","sellPrice":2122.59},{"block":11422609,"timestamp":1633180322,"swapAmountBNB":5,"namebuy":"pancake","buyPrice":2125.86,"namesell":"biswap","sellPrice":2122.59},{"block":11422610,"timestamp":1633180325,"swapAmountBNB":5,"namebuy":"pancake","buyPrice":2125.81,"namesell":"biswap","sellPrice":2122.59},{"block":11422611,"timestamp":1633180328,"swapAmountBNB":5,"namebuy":"pancake","buyPrice":2125.8,"namesell":"biswap","sellPrice":2122.59},{"block":11422612,"timestamp":1633180331,"swapAmountBNB":5,"namebuy":"pancake","buyPrice":2125.88,"namesell":"biswap","sellPrice":2122.59},{"block":11422613,"timestamp":1633180335,"swapAmountBNB":5,"namebuy":"pancake","buyPrice":2125.1,"namesell":"biswap","sellPrice":2122.59},{"block":11422613,"timestamp":1633180334,"swapAmountBNB":5,"namebuy":"pancake","buyPrice":2125.1,"namesell":"biswap","sellPrice":2122.59},{"block":11422614,"timestamp":1633180337,"swapAmountBNB":5,"namebuy":"pancake","buyPrice":2125.15,"namesell":"biswap","sellPrice":2122.59},{"block":11422615,"timestamp":1633180340,"swapAmountBNB":5,"namebuy":"pancake","buyPrice":2125.21,"namesell":"biswap","sellPrice":2122.59},{"block":11422616,"timestamp":1633180343,"swapAmountBNB":5,"namebuy":"pancake","buyPrice":2125.19,"namesell":"biswap","sellPrice":2122.3},{"block":11422617,"timestamp":1633180346,"swapAmountBNB":5,"namebuy":"pancake","buyPrice":2125.2,"namesell":"biswap","sellPrice":2121.93},{"block":11422618,"timestamp":1633180349,"swapAmountBNB":5,"namebuy":"pancake","buyPrice":2125.21,"namesell":"biswap","sellPrice":2121.9},{"block":11422619,"timestamp":1633180352,"swapAmountBNB":5,"namebuy":"pancake","buyPrice":2125.26,"namesell":"biswap","sellPrice":2121.9},{"block":11422620,"timestamp":1633180355,"swapAmountBNB":5,"namebuy":"pancake","buyPrice":2125.26,"namesell":"biswap","sellPrice":2121.9},{"block":11422621,"timestamp":1633180358,"swapAmountBNB":5,"namebuy":"pancake","buyPrice":2125.35,"namesell":"biswap","sellPrice":2121.9},{"block":11422622,"timestamp":1633180361,"swapAmountBNB":5,"namebuy":"pancake","buyPrice":2125.66,"namesell":"biswap","sellPrice":2121.9},{"block":11422623,"timestamp":1633180364,"swapAmountBNB":5,"namebuy":"pancake","buyPrice":2125.82,"namesell":"biswap","sellPrice":2122.99},{"block":11422624,"timestamp":1633180367,"swapAmountBNB":5,"namebuy":"pancake","buyPrice":2125.97,"namesell":"biswap","sellPrice":2122.96},{"block":11422625,"timestamp":1633180370,"swapAmountBNB":5,"namebuy":"apeswap","buyPrice":2126,"namesell":"biswap","sellPrice":2122.89},{"block":11422626,"timestamp":1633180373,"swapAmountBNB":5,"namebuy":"apeswap","buyPrice":2126,"namesell":"biswap","sellPrice":2122.89},{"block":11422627,"timestamp":1633180376,"swapAmountBNB":5,"namebuy":"apeswap","buyPrice":2126,"namesell":"biswap","sellPrice":2122.89},{"block":11422628,"timestamp":1633180379,"swapAmountBNB":5,"namebuy":"apeswap","buyPrice":2126,"namesell":"biswap","sellPrice":2122.89},{"block":11422629,"timestamp":1633180382,"swapAmountBNB":5,"namebuy":"apeswap","buyPrice":2126,"namesell":"biswap","sellPrice":2122.89},{"block":11422630,"timestamp":1633180385,"swapAmountBNB":5,"namebuy":"apeswap","buyPrice":2126,"namesell":"biswap","sellPrice":2122.89},{"block":11422631,"timestamp":1633180388,"swapAmountBNB":5,"namebuy":"apeswap","buyPrice":2126.01,"namesell":"biswap","sellPrice":2122.89},{"block":11422632,"timestamp":1633180391,"swapAmountBNB":5,"namebuy":"apeswap","buyPrice":2126.01,"namesell":"biswap","sellPrice":2124.2},{"block":11422633,"timestamp":1633180394,"swapAmountBNB":5,"namebuy":"apeswap","buyPrice":2126.01,"namesell":"biswap","sellPrice":2123.96},{"block":11422634,"timestamp":1633180397,"swapAmountBNB":5,"namebuy":"apeswap","buyPrice":2126.33,"namesell":"biswap","sellPrice":2123.96},{"block":11422635,"timestamp":1633180400,"swapAmountBNB":5,"namebuy":"apeswap","buyPrice":2126.33,"namesell":"biswap","sellPrice":2123.49},{"block":11422636,"timestamp":1633180403,"swapAmountBNB":5,"namebuy":"pancake","buyPrice":2126.41,"namesell":"biswap","sellPrice":2123.43},{"block":11422637,"timestamp":1633180406,"swapAmountBNB":5,"namebuy":"pancake","buyPrice":2126.4,"namesell":"biswap","sellPrice":2123.43},{"block":11422638,"timestamp":1633180409,"swapAmountBNB":5,"namebuy":"pancake","buyPrice":2126.4,"namesell":"biswap","sellPrice":2121.92},{"block":11422639,"timestamp":1633180412,"swapAmountBNB":5,"namebuy":"pancake","buyPrice":2126.41,"namesell":"biswap","sellPrice":2121.92},{"block":11422640,"timestamp":1633180415,"swapAmountBNB":5,"namebuy":"pancake","buyPrice":2126.41,"namesell":"biswap","sellPrice":2123.68},{"block":11422641,"timestamp":1633180418,"swapAmountBNB":5,"namebuy":"pancake","buyPrice":2127.5,"namesell":"biswap","sellPrice":2123.68},{"block":11422642,"timestamp":1633180421,"swapAmountBNB":5,"namebuy":"pancake","buyPrice":2127.87,"namesell":"biswap","sellPrice":2123.68},{"block":11422643,"timestamp":1633180424,"swapAmountBNB":5,"namebuy":"pancake","buyPrice":2127.87,"namesell":"biswap","sellPrice":2123.68},{"block":11422644,"timestamp":1633180427,"swapAmountBNB":5,"namebuy":"pancake","buyPrice":2127.86,"namesell":"biswap","sellPrice":2125.43},{"block":11422645,"timestamp":1633180430,"swapAmountBNB":5,"namebuy":"pancake","buyPrice":2127.97,"namesell":"biswap","sellPrice":2125.32},{"block":11422646,"timestamp":1633180433,"swapAmountBNB":5,"namebuy":"pancake","buyPrice":2127.97,"namesell":"biswap","sellPrice":2125.32},{"block":11422647,"timestamp":1633180436,"swapAmountBNB":5,"namebuy":"pancake","buyPrice":2128.04,"namesell":"biswap","sellPrice":2125.07},{"block":11422648,"timestamp":1633180440,"swapAmountBNB":5,"namebuy":"apeswap","buyPrice":2128.11,"namesell":"biswap","sellPrice":2125.07},{"block":11422649,"timestamp":1633180443,"swapAmountBNB":5,"namebuy":"apeswap","buyPrice":2128.11,"namesell":"biswap","sellPrice":2123.91},{"block":11422650,"timestamp":1633180446,"swapAmountBNB":5,"namebuy":"apeswap","buyPrice":2128.11,"namesell":"biswap","sellPrice":2123.91},{"block":11422651,"timestamp":1633180449,"swapAmountBNB":5,"namebuy":"apeswap","buyPrice":2128.11,"namesell":"biswap","sellPrice":2125.67},{"block":11422652,"timestamp":1633180452,"swapAmountBNB":5,"namebuy":"apeswap","buyPrice":2128.11,"namesell":"biswap","sellPrice":2125.66},{"block":11422653,"timestamp":1633180455,"swapAmountBNB":5,"namebuy":"pancake","buyPrice":2128.74,"namesell":"biswap","sellPrice":2125.28},{"block":11422654,"timestamp":1633180458,"swapAmountBNB":5,"namebuy":"pancake","buyPrice":2128.95,"namesell":"biswap","sellPrice":2125.25},{"block":11422655,"timestamp":1633180462,"swapAmountBNB":5,"namebuy":"pancake","buyPrice":2128.97,"namesell":"biswap","sellPrice":2125.25},{"block":11422656,"timestamp":1633180465,"swapAmountBNB":5,"namebuy":"pancake","buyPrice":2128.98,"namesell":"biswap","sellPrice":2126.53},{"block":11422657,"timestamp":1633180472,"swapAmountBNB":5,"namebuy":"pancake","buyPrice":2128.99,"namesell":"biswap","sellPrice":2126.53},{"block":11422658,"timestamp":1633180475,"swapAmountBNB":5,"namebuy":"pancake","buyPrice":2129.1,"namesell":"biswap","sellPrice":2126.2},{"block":11422659,"timestamp":1633180482,"swapAmountBNB":5,"namebuy":"pancake","buyPrice":2129.1,"namesell":"biswap","sellPrice":2124.44},{"block":11422660,"timestamp":1633180485,"swapAmountBNB":5,"namebuy":"pancake","buyPrice":2128.92,"namesell":"biswap","sellPrice":2124.44},{"block":11422661,"timestamp":1633180488,"swapAmountBNB":5,"namebuy":"pancake","buyPrice":2128.91,"namesell":"biswap","sellPrice":2124.44},{"block":11422662,"timestamp":1633180491,"swapAmountBNB":5,"namebuy":"pancake","buyPrice":2128.89,"namesell":"biswap","sellPrice":2123.88},{"block":11422663,"timestamp":1633180496,"swapAmountBNB":5,"namebuy":"pancake","buyPrice":2128.89,"namesell":"biswap","sellPrice":2123.88},{"block":11422664,"timestamp":1633180499,"swapAmountBNB":5,"namebuy":"biswap","buyPrice":2128.16,"namesell":"biswap","sellPrice":2123.11},{"block":11422665,"timestamp":1633180502,"swapAmountBNB":5,"namebuy":"biswap","buyPrice":2128.16,"namesell":"biswap","sellPrice":2123.11},{"block":11422666,"timestamp":1633180505,"swapAmountBNB":5,"namebuy":"pancake","buyPrice":2128.86,"namesell":"biswap","sellPrice":2125.14},{"block":11422667,"timestamp":1633180508,"swapAmountBNB":5,"namebuy":"pancake","buyPrice":2128.86,"namesell":"biswap","sellPrice":2125},{"block":11422668,"timestamp":1633180511,"swapAmountBNB":5,"namebuy":"pancake","buyPrice":2128.86,"namesell":"biswap","sellPrice":2124.79},{"block":11422669,"timestamp":1633180516,"swapAmountBNB":5,"namebuy":"pancake","buyPrice":2128.85,"namesell":"biswap","sellPrice":2124.79},{"block":11422669,"timestamp":1633180517,"swapAmountBNB":5,"namebuy":"pancake","buyPrice":2128.86,"namesell":"biswap","sellPrice":2124.79},{"block":11422670,"timestamp":1633180520,"swapAmountBNB":5,"namebuy":"pancake","buyPrice":2128.76,"namesell":"biswap","sellPrice":2124.79},{"block":11422671,"timestamp":1633180523,"swapAmountBNB":5,"namebuy":"pancake","buyPrice":2128.75,"namesell":"biswap","sellPrice":2124.41},{"block":11422672,"timestamp":1633180529,"swapAmountBNB":5,"namebuy":"biswap","buyPrice":2127.71,"namesell":"biswap","sellPrice":2122.66},{"block":11422673,"timestamp":1633180532,"swapAmountBNB":5,"namebuy":"biswap","buyPrice":2127.71,"namesell":"biswap","sellPrice":2122.66},{"block":11422674,"timestamp":1633180535,"swapAmountBNB":5,"namebuy":"biswap","buyPrice":2127.71,"namesell":"biswap","sellPrice":2122.66},{"block":11422675,"timestamp":1633180538,"swapAmountBNB":5,"namebuy":"biswap","buyPrice":2127.61,"namesell":"biswap","sellPrice":2122.56},{"block":11422676,"timestamp":1633180541,"swapAmountBNB":5,"namebuy":"biswap","buyPrice":2124.74,"namesell":"apeswap","sellPrice":2120.44},{"block":11422677,"timestamp":1633180544,"swapAmountBNB":5,"namebuy":"biswap","buyPrice":2124.66,"namesell":"apeswap","sellPrice":2120.44},{"block":11422678,"timestamp":1633180547,"swapAmountBNB":5,"namebuy":"biswap","buyPrice":2127.75,"namesell":"biswap","sellPrice":2122.7},{"block":11422679,"timestamp":1633180551,"swapAmountBNB":5,"namebuy":"biswap","buyPrice":2127.76,"namesell":"biswap","sellPrice":2122.71},{"block":11422680,"timestamp":1633180554,"swapAmountBNB":5,"namebuy":"biswap","buyPrice":2128.08,"namesell":"biswap","sellPrice":2123.03},{"block":11422681,"timestamp":1633180557,"swapAmountBNB":5,"namebuy":"biswap","buyPrice":2128.04,"namesell":"biswap","sellPrice":2122.99},{"block":11422682,"timestamp":1633180560,"swapAmountBNB":5,"namebuy":"pancake","buyPrice":2128.61,"namesell":"biswap","sellPrice":2123.63},{"block":11422683,"timestamp":1633180563,"swapAmountBNB":5,"namebuy":"pancake","buyPrice":2128.61,"namesell":"biswap","sellPrice":2123.63},{"block":11422684,"timestamp":1633180567,"swapAmountBNB":5,"namebuy":"biswap","buyPrice":2128.56,"namesell":"biswap","sellPrice":2123.51},{"block":11422685,"timestamp":1633180570,"swapAmountBNB":5,"namebuy":"biswap","buyPrice":2128.56,"namesell":"biswap","sellPrice":2123.51},{"block":11422686,"timestamp":1633180573,"swapAmountBNB":5,"namebuy":"biswap","buyPrice":2128.56,"namesell":"biswap","sellPrice":2123.51},{"block":11422687,"timestamp":1633180576,"swapAmountBNB":5,"namebuy":"biswap","buyPrice":2128.56,"namesell":"biswap","sellPrice":2123.51},{"block":11422688,"timestamp":1633180579,"swapAmountBNB":5,"namebuy":"biswap","buyPrice":2128.56,"namesell":"biswap","sellPrice":2123.51},{"block":11422689,"timestamp":1633180582,"swapAmountBNB":5,"namebuy":"biswap","buyPrice":2128.42,"namesell":"biswap","sellPrice":2123.36},{"block":11422690,"timestamp":1633180586,"swapAmountBNB":5,"namebuy":"biswap","buyPrice":2128.42,"namesell":"biswap","sellPrice":2123.36},{"block":11422691,"timestamp":1633180589,"swapAmountBNB":5,"namebuy":"biswap","buyPrice":2128.42,"namesell":"biswap","sellPrice":2123.36},{"block":11422692,"timestamp":1633180592,"swapAmountBNB":5,"namebuy":"biswap","buyPrice":2128.49,"namesell":"biswap","sellPrice":2123.44},{"block":11422693,"timestamp":1633180595,"swapAmountBNB":5,"namebuy":"biswap","buyPrice":2128.19,"namesell":"biswap","sellPrice":2123.13},{"block":11422694,"timestamp":1633180599,"swapAmountBNB":5,"namebuy":"biswap","buyPrice":2128.19,"namesell":"biswap","sellPrice":2123.13},{"block":11422695,"timestamp":1633180602,"swapAmountBNB":5,"namebuy":"biswap","buyPrice":2128.19,"namesell":"biswap","sellPrice":2123.13},{"block":11422696,"timestamp":1633180605,"swapAmountBNB":5,"namebuy":"biswap","buyPrice":2127.95,"namesell":"biswap","sellPrice":2122.89},{"block":11422697,"timestamp":1633180608,"swapAmountBNB":5,"namebuy":"biswap","buyPrice":2127.95,"namesell":"biswap","sellPrice":2122.89},{"block":11422698,"timestamp":1633180612,"swapAmountBNB":5,"namebuy":"biswap","buyPrice":2127.77,"namesell":"biswap","sellPrice":2122.71},{"block":11422699,"timestamp":1633180615,"swapAmountBNB":5,"namebuy":"biswap","buyPrice":2127.77,"namesell":"biswap","sellPrice":2122.71},{"block":11422700,"timestamp":1633180618,"swapAmountBNB":5,"namebuy":"biswap","buyPrice":2127.68,"namesell":"biswap","sellPrice":2122.63},{"block":11422701,"timestamp":1633180621,"swapAmountBNB":5,"namebuy":"biswap","buyPrice":2127.68,"namesell":"biswap","sellPrice":2122.63},{"block":11422702,"timestamp":1633180624,"swapAmountBNB":5,"namebuy":"biswap","buyPrice":2127.39,"namesell":"biswap","sellPrice":2122.34},{"block":11422703,"timestamp":1633180627,"swapAmountBNB":5,"namebuy":"biswap","buyPrice":2127.34,"namesell":"biswap","sellPrice":2122.29},{"block":11422704,"timestamp":1633180630,"swapAmountBNB":5,"namebuy":"biswap","buyPrice":2125.59,"namesell":"biswap","sellPrice":2120.54},{"block":11422705,"timestamp":1633180633,"swapAmountBNB":5,"namebuy":"biswap","buyPrice":2125.59,"namesell":"biswap","sellPrice":2120.54},{"block":11422706,"timestamp":1633180636,"swapAmountBNB":5,"namebuy":"biswap","buyPrice":2125.59,"namesell":"biswap","sellPrice":2120.54},{"block":11422707,"timestamp":1633180640,"swapAmountBNB":5,"namebuy":"biswap","buyPrice":2125.59,"namesell":"biswap","sellPrice":2120.54},{"block":11422708,"timestamp":1633180643,"swapAmountBNB":5,"namebuy":"biswap","buyPrice":2125.59,"namesell":"biswap","sellPrice":2120.54},{"block":11422709,"timestamp":1633180646,"swapAmountBNB":5,"namebuy":"biswap","buyPrice":2125.59,"namesell":"biswap","sellPrice":2120.54},{"block":11422710,"timestamp":1633180649,"swapAmountBNB":5,"namebuy":"biswap","buyPrice":2125.58,"namesell":"biswap","sellPrice":2120.54},{"block":11422711,"timestamp":1633180652,"swapAmountBNB":5,"namebuy":"biswap","buyPrice":2125.58,"namesell":"biswap","sellPrice":2120.54},{"block":11422712,"timestamp":1633180655,"swapAmountBNB":5,"namebuy":"biswap","buyPrice":2125.58,"namesell":"biswap","sellPrice":2120.54},{"block":11422713,"timestamp":1633180658,"swapAmountBNB":5,"namebuy":"biswap","buyPrice":2125.71,"namesell":"biswap","sellPrice":2120.67},{"block":11422714,"timestamp":1633180661,"swapAmountBNB":5,"namebuy":"biswap","buyPrice":2125.71,"namesell":"biswap","sellPrice":2120.67},{"block":11422715,"timestamp":1633180664,"swapAmountBNB":5,"namebuy":"biswap","buyPrice":2125.71,"namesell":"biswap","sellPrice":2120.67},{"block":11422716,"timestamp":1633180667,"swapAmountBNB":5,"namebuy":"biswap","buyPrice":2125.71,"namesell":"biswap","sellPrice":2120.67},{"block":11422717,"timestamp":1633180673,"swapAmountBNB":5,"namebuy":"biswap","buyPrice":2123.96,"namesell":"apeswap","sellPrice":2119.68},{"block":11422718,"timestamp":1633180676,"swapAmountBNB":5,"namebuy":"biswap","buyPrice":2123.94,"namesell":"apeswap","sellPrice":2119.68},{"block":11422719,"timestamp":1633180679,"swapAmountBNB":5,"namebuy":"biswap","buyPrice":2123.96,"namesell":"apeswap","sellPrice":2119.68},{"block":11422720,"timestamp":1633180682,"swapAmountBNB":5,"namebuy":"biswap","buyPrice":2124.26,"namesell":"apeswap","sellPrice":2119.68},{"block":11422721,"timestamp":1633180685,"swapAmountBNB":5,"namebuy":"biswap","buyPrice":2124.26,"namesell":"apeswap","sellPrice":2119.68},{"block":11422722,"timestamp":1633180688,"swapAmountBNB":5,"namebuy":"biswap","buyPrice":2124.26,"namesell":"apeswap","sellPrice":2119.68},{"block":11422723,"timestamp":1633180694,"swapAmountBNB":5,"namebuy":"biswap","buyPrice":2124.26,"namesell":"apeswap","sellPrice":2119.68},{"block":11422724,"timestamp":1633180697,"swapAmountBNB":5,"namebuy":"biswap","buyPrice":2122.42,"namesell":"biswap","sellPrice":2117.38},{"block":11422725,"timestamp":1633180700,"swapAmountBNB":5,"namebuy":"biswap","buyPrice":2122.42,"namesell":"biswap","sellPrice":2117.38},{"block":11422726,"timestamp":1633180703,"swapAmountBNB":5,"namebuy":"biswap","buyPrice":2122.42,"namesell":"biswap","sellPrice":2117.38},{"block":11422727,"timestamp":1633180706,"swapAmountBNB":5,"namebuy":"biswap","buyPrice":2122.42,"namesell":"biswap","sellPrice":2117.38},{"block":11422728,"timestamp":1633180712,"swapAmountBNB":5,"namebuy":"biswap","buyPrice":2121.27,"namesell":"apeswap","sellPrice":2116.34},{"block":11422729,"timestamp":1633180716,"swapAmountBNB":5,"namebuy":"biswap","buyPrice":2121.91,"namesell":"biswap","sellPrice":2116.87},{"block":11422730,"timestamp":1633180719,"swapAmountBNB":5,"namebuy":"biswap","buyPrice":2123.54,"namesell":"biswap","sellPrice":2118.5},{"block":11422731,"timestamp":1633180722,"swapAmountBNB":5,"namebuy":"biswap","buyPrice":2123.96,"namesell":"biswap","sellPrice":2118.92},{"block":11422732,"timestamp":1633180725,"swapAmountBNB":5,"namebuy":"biswap","buyPrice":2123.96,"namesell":"biswap","sellPrice":2118.92},{"block":11422733,"timestamp":1633180728,"swapAmountBNB":5,"namebuy":"biswap","buyPrice":2122.36,"namesell":"biswap","sellPrice":2117.32},{"block":11422734,"timestamp":1633180731,"swapAmountBNB":5,"namebuy":"biswap","buyPrice":2122.36,"namesell":"biswap","sellPrice":2117.32},{"block":11422735,"timestamp":1633180734,"swapAmountBNB":5,"namebuy":"biswap","buyPrice":2120.72,"namesell":"apeswap","sellPrice":2116.34},{"block":11422736,"timestamp":1633180737,"swapAmountBNB":5,"namebuy":"biswap","buyPrice":2120.72,"namesell":"apeswap","sellPrice":2116.34},{"block":11422737,"timestamp":1633180741,"swapAmountBNB":5,"namebuy":"biswap","buyPrice":2124.87,"namesell":"biswap","sellPrice":2119.96},{"block":11422738,"timestamp":1633180744,"swapAmountBNB":5,"namebuy":"biswap","buyPrice":2124.87,"namesell":"biswap","sellPrice":2119.83},{"block":11422739,"timestamp":1633180747,"swapAmountBNB":5,"namebuy":"biswap","buyPrice":2122.84,"namesell":"biswap","sellPrice":2117.8},{"block":11422740,"timestamp":1633180750,"swapAmountBNB":5,"namebuy":"biswap","buyPrice":2119.66,"namesell":"apeswap","sellPrice":2116.38},{"block":11422741,"timestamp":1633180753,"swapAmountBNB":5,"namebuy":"biswap","buyPrice":2120.09,"namesell":"apeswap","sellPrice":2116.38},{"block":11422742,"timestamp":1633180756,"swapAmountBNB":5,"namebuy":"biswap","buyPrice":2120.26,"namesell":"apeswap","sellPrice":2116.38},{"block":11422743,"timestamp":1633180760,"swapAmountBNB":5,"namebuy":"biswap","buyPrice":2120.26,"namesell":"apeswap","sellPrice":2116.37},{"block":11422744,"timestamp":1633180763,"swapAmountBNB":5,"namebuy":"biswap","buyPrice":2119.62,"namesell":"apeswap","sellPrice":2116.37},{"block":11422745,"timestamp":1633180766,"swapAmountBNB":5,"namebuy":"biswap","buyPrice":2119.62,"namesell":"apeswap","sellPrice":2116.37},{"block":11422746,"timestamp":1633180769,"swapAmountBNB":5,"namebuy":"biswap","buyPrice":2119.9,"namesell":"apeswap","sellPrice":2116.37},{"block":11422747,"timestamp":1633180772,"swapAmountBNB":5,"namebuy":"biswap","buyPrice":2119.9,"namesell":"apeswap","sellPrice":2115.16},{"block":11422748,"timestamp":1633180775,"swapAmountBNB":5,"namebuy":"biswap","buyPrice":2119.9,"namesell":"apeswap","sellPrice":2115.16},{"block":11422749,"timestamp":1633180778,"swapAmountBNB":5,"namebuy":"biswap","buyPrice":2119.9,"namesell":"apeswap","sellPrice":2115.16},{"block":11422750,"timestamp":1633180781,"swapAmountBNB":5,"namebuy":"biswap","buyPrice":2119.9,"namesell":"apeswap","sellPrice":2115.16},{"block":11422751,"timestamp":1633180784,"swapAmountBNB":5,"namebuy":"biswap","buyPrice":2119.9,"namesell":"apeswap","sellPrice":2115.16},{"block":11422752,"timestamp":1633180788,"swapAmountBNB":5,"namebuy":"biswap","buyPrice":2118.15,"namesell":"apeswap","sellPrice":2115.32},{"block":11422753,"timestamp":1633180791,"swapAmountBNB":5,"namebuy":"biswap","buyPrice":2118.15,"namesell":"apeswap","sellPrice":2115.33},{"block":11422754,"timestamp":1633180794,"swapAmountBNB":5,"namebuy":"biswap","buyPrice":2118.15,"namesell":"apeswap","sellPrice":2115.33}]}