{"table":[{"block":11422207,"timestamp":1633179116,"swapAmountBNB":20,"namebuy":"pancake","buyPrice":8502.84,"namesell":"biswap","sellPrice":8473.39},{"block":11422208,"timestamp":1633179119,"swapAmountBNB":20,"namebuy":"pancake","buyPrice":8502.56,"namesell":"biswap","sellPrice":8473.39},{"block":11422209,"timestamp":1633179122,"swapAmountBNB":20,"namebuy":"pancake","buyPrice":8502.62,"namesell":"biswap","sellPrice":8473.39},{"block":11422210,"timestamp":1633179125,"swapAmountBNB":20,"namebuy":"pancake","buyPrice":8502.64,"namesell":"biswap","sellPrice":8473.39},{"block":11422211,"timestamp":1633179128,"swapAmountBNB":20,"namebuy":"pancake","buyPrice":8502.63,"namesell":"biswap","sellPrice":8473.39},{"block":11422212,"timestamp":1633179131,"swapAmountBNB":20,"namebuy":"pancake","buyPrice":8502.67,"namesell":"biswap","sellPrice":8473.39},{"block":11422213,"timestamp":1633179134,"swapAmountBNB":20,"namebuy":"pancake","buyPrice":8502.67,"namesell":"biswap","sellPrice":8473.39},{"block":11422214,"timestamp":1633179137,"swapAmountBNB":20,"namebuy":"pancake","buyPrice":8502.64,"namesell":"biswap","sellPrice":8473.39},{"block":11422215,"timestamp":1633179140,"swapAmountBNB":20,"namebuy":"pancake","buyPrice":8502.63,"namesell":"biswap","sellPrice":8473.39},{"block":11422216,"timestamp":1633179143,"swapAmountBNB":20,"namebuy":"pancake","buyPrice":8502.63,"namesell":"biswap","sellPrice":8473.39},{"block":11422217,"timestamp":1633179146,"swapAmountBNB":20,"namebuy":"pancake","buyPrice":8502.5,"namesell":"biswap","sellPrice":8473.39},{"block":11422218,"timestamp":1633179149,"swapAmountBNB":20,"namebuy":"pancake","buyPrice":8502.82,"namesell":"biswap","sellPrice":8473.32},{"block":11422219,"timestamp":1633179152,"swapAmountBNB":20,"namebuy":"pancake","buyPrice":8502.82,"namesell":"biswap","sellPrice":8473.32},{"block":11422220,"timestamp":1633179155,"swapAmountBNB":20,"namebuy":"biswap","buyPrice":8496.67,"namesell":"biswap","sellPrice":8466.98},{"block":11422221,"timestamp":1633179158,"swapAmountBNB":20,"namebuy":"biswap","buyPrice":8496.67,"namesell":"biswap","sellPrice":8466.98},{"block":11422222,"timestamp":1633179161,"swapAmountBNB":20,"namebuy":"biswap","buyPrice":8497.69,"namesell":"biswap","sellPrice":8467.99},{"block":11422223,"timestamp":1633179164,"swapAmountBNB":20,"namebuy":"biswap","buyPrice":8497.69,"namesell":"biswap","sellPrice":8467.99},{"block":11422224,"timestamp":1633179167,"swapAmountBNB":20,"namebuy":"biswap","buyPrice":8497.69,"namesell":"biswap","sellPrice":8467.99},{"block":11422225,"timestamp":1633179170,"swapAmountBNB":20,"namebuy":"pancake","buyPrice":8502.77,"namesell":"biswap","sellPrice":8480.23},{"block":11422226,"timestamp":1633179173,"swapAmountBNB":20,"namebuy":"pancake","buyPrice":8503.04,"namesell":"biswap","sellPrice":8480.23},{"block":11422227,"timestamp":1633179176,"swapAmountBNB":20,"namebuy":"pancake","buyPrice":8503.03,"namesell":"biswap","sellPrice":8480.23},{"block":11422228,"timestamp":1633179179,"swapAmountBNB":20,"namebuy":"pancake","buyPrice":8502.97,"namesell":"biswap","sellPrice":8479.61},{"block":11422229,"timestamp":1633179182,"swapAmountBNB":20,"namebuy":"pancake","buyPrice":8502.93,"namesell":"biswap","sellPrice":8479.61},{"block":11422230,"timestamp":1633179185,"swapAmountBNB":20,"namebuy":"pancake","buyPrice":8502.87,"namesell":"biswap","sellPrice":8479.61},{"block":11422231,"timestamp":1633179188,"swapAmountBNB":20,"namebuy":"pancake","buyPrice":8502.86,"namesell":"biswap","sellPrice":8479.61},{"block":11422232,"timestamp":1633179191,"swapAmountBNB":20,"namebuy":"pancake","buyPrice":8502.86,"namesell":"biswap","sellPrice":8479.61},{"block":11422233,"timestamp":1633179194,"swapAmountBNB":20,"namebuy":"pancake","buyPrice":8502.99,"namesell":"biswap","sellPrice":8479.61},{"block":11422234,"timestamp":1633179197,"swapAmountBNB":20,"namebuy":"pancake","buyPrice":8502.97,"namesell":"biswap","sellPrice":8479.61},{"block":11422235,"timestamp":1633179200,"swapAmountBNB":20,"namebuy":"pancake","buyPrice":8502.99,"namesell":"biswap","sellPrice":8478.08},{"block":11422236,"timestamp":1633179203,"swapAmountBNB":20,"namebuy":"pancake","buyPrice":8502.94,"namesell":"biswap","sellPrice":8478.08},{"block":11422237,"timestamp":1633179206,"swapAmountBNB":20,"namebuy":"pancake","buyPrice":8502.91,"namesell":"biswap","sellPrice":8478.08},{"block":11422238,"timestamp":1633179209,"swapAmountBNB":20,"namebuy":"pancake","buyPrice":8502.89,"namesell":"biswap","sellPrice":8478.08},{"block":11422239,"timestamp":1633179212,"swapAmountBNB":20,"namebuy":"pancake","buyPrice":8502.4,"namesell":"biswap","sellPrice":8478.08},{"block":11422240,"timestamp":1633179215,"swapAmountBNB":20,"namebuy":"pancake","buyPrice":8502.41,"namesell":"biswap","sellPrice":8478.08},{"block":11422241,"timestamp":1633179218,"swapAmountBNB":20,"namebuy":"pancake","buyPrice":8502.38,"namesell":"biswap","sellPrice":8477.97},{"block":11422242,"timestamp":1633179221,"swapAmountBNB":20,"namebuy":"pancake","buyPrice":8502.39,"namesell":"biswap","sellPrice":8473.93},{"block":11422243,"timestamp":1633179224,"swapAmountBNB":20,"namebuy":"pancake","buyPrice":8502.45,"namesell":"biswap","sellPrice":8473.91},{"block":11422244,"timestamp":1633179227,"swapAmountBNB":20,"namebuy":"pancake","buyPrice":8502.45,"namesell":"biswap","sellPrice":8473.91},{"block":11422245,"timestamp":1633179230,"swapAmountBNB":20,"namebuy":"pancake","buyPrice":8502.63,"namesell":"biswap","sellPrice":8473.91},{"block":11422246,"timestamp":1633179233,"swapAmountBNB":20,"namebuy":"pancake","buyPrice":8502.71,"namesell":"biswap","sellPrice":8473.91},{"block":11422247,"timestamp":1633179236,"swapAmountBNB":20,"namebuy":"pancake","buyPrice":8502.79,"namesell":"biswap","sellPrice":8481},{"block":11422248,"timestamp":1633179239,"swapAmountBNB":20,"namebuy":"pancake","buyPrice":8502.78,"namesell":"biswap","sellPrice":8481},{"block":11422249,"timestamp":1633179242,"swapAmountBNB":20,"namebuy":"pancake","buyPrice":8502.78,"namesell":"biswap","sellPrice":8481},{"block":11422250,"timestamp":1633179245,"swapAmountBNB":20,"namebuy":"pancake","buyPrice":8502.93,"namesell":"biswap","sellPrice":8480.74},{"block":11422251,"timestamp":1633179248,"swapAmountBNB":20,"namebuy":"pancake","buyPrice":8502.75,"namesell":"biswap","sellPrice":8480.74},{"block":11422252,"timestamp":1633179251,"swapAmountBNB":20,"namebuy":"pancake","buyPrice":8502.07,"namesell":"biswap","sellPrice":8480.74},{"block":11422253,"timestamp":1633179254,"swapAmountBNB":20,"namebuy":"pancake","buyPrice":8502.04,"namesell":"biswap","sellPrice":8480.74},{"block":11422254,"timestamp":1633179257,"swapAmountBNB":20,"namebuy":"pancake","buyPrice":8502.03,"namesell":"biswap","sellPrice":8480.74},{"block":11422255,"timestamp":1633179260,"swapAmountBNB":20,"namebuy":"pancake","buyPrice":8502.07,"namesell":"biswap","sellPrice":8480.74},{"block":11422256,"timestamp":1633179263,"swapAmountBNB":20,"namebuy":"pancake","buyPrice":8502.1,"namesell":"biswap","sellPrice":8479.18},{"block":11422257,"timestamp":1633179266,"swapAmountBNB":20,"namebuy":"pancake","buyPrice":8502.13,"namesell":"biswap","sellPrice":8479.18},{"block":11422258,"timestamp":1633179269,"swapAmountBNB":20,"namebuy":"pancake","buyPrice":8502.12,"namesell":"biswap","sellPrice":8478.54},{"block":11422259,"timestamp":1633179272,"swapAmountBNB":20,"namebuy":"pancake","buyPrice":8504.31,"namesell":"biswap","sellPrice":8478.54},{"block":11422260,"timestamp":1633179275,"swapAmountBNB":20,"namebuy":"pancake","buyPrice":8504.53,"namesell":"biswap","sellPrice":8478.54},{"block":11422261,"timestamp":1633179278,"swapAmountBNB":20,"namebuy":"pancake","buyPrice":8504.54,"namesell":"biswap","sellPrice":8478.54},{"block":11422262,"timestamp":1633179281,"swapAmountBNB":20,"namebuy":"pancake","buyPrice":8504.32,"namesell":"biswap","sellPrice":8478.39},{"block":11422263,"timestamp":1633179284,"swapAmountBNB":20,"namebuy":"pancake","buyPrice":8504.22,"namesell":"biswap","sellPrice":8478.39},{"block":11422264,"timestamp":1633179287,"swapAmountBNB":20,"namebuy":"pancake","buyPrice":8504.1,"namesell":"biswap","sellPrice":8477.03},{"block":11422265,"timestamp":1633179290,"swapAmountBNB":20,"namebuy":"pancake","buyPrice":8504.1,"namesell":"biswap","sellPrice":8476.13},{"block":11422266,"timestamp":1633179293,"swapAmountBNB":20,"namebuy":"pancake","buyPrice":8504.07,"namesell":"biswap","sellPrice":8476.13},{"block":11422267,"timestamp":1633179296,"swapAmountBNB":20,"namebuy":"pancake","buyPrice":8504.32,"namesell":"biswap","sellPrice":8476.13},{"block":11422268,"timestamp":1633179299,"swapAmountBNB":20,"namebuy":"pancake","buyPrice":8504.33,"namesell":"biswap","sellPrice":8476.13},{"block":11422269,"timestamp":1633179302,"swapAmountBNB":20,"namebuy":"biswap","buyPrice":8502.14,"namesell":"biswap","sellPrice":8472.42},{"block":11422270,"timestamp":1633179305,"swapAmountBNB":20,"namebuy":"pancake","buyPrice":8504.23,"namesell":"biswap","sellPrice":8474.95},{"block":11422271,"timestamp":1633179308,"swapAmountBNB":20,"namebuy":"pancake","buyPrice":8504.25,"namesell":"biswap","sellPrice":8474.95},{"block":11422272,"timestamp":1633179311,"swapAmountBNB":20,"namebuy":"biswap","buyPrice":8504.69,"namesell":"biswap","sellPrice":8474.95},{"block":11422273,"timestamp":1633179314,"swapAmountBNB":20,"namebuy":"biswap","buyPrice":8497.67,"namesell":"biswap","sellPrice":8467.97},{"block":11422274,"timestamp":1633179317,"swapAmountBNB":20,"namebuy":"biswap","buyPrice":8497.67,"namesell":"biswap","sellPrice":8467.97},{"block":11422275,"timestamp":1633179320,"swapAmountBNB":20,"namebuy":"biswap","buyPrice":8497.38,"namesell":"biswap","sellPrice":8467.68},{"block":11422276,"timestamp":1633179323,"swapAmountBNB":20,"namebuy":"biswap","buyPrice":8490.28,"namesell":"pancake","sellPrice":8461.71},{"block":11422277,"timestamp":1633179326,"swapAmountBNB":20,"namebuy":"biswap","buyPrice":8485.3,"namesell":"pancake","sellPrice":8461.72},{"block":11422278,"timestamp":1633179329,"swapAmountBNB":20,"namebuy":"biswap","buyPrice":8483.7,"namesell":"pancake","sellPrice":8461.73},{"block":11422279,"timestamp":1633179332,"swapAmountBNB":20,"namebuy":"biswap","buyPrice":8485.3,"namesell":"pancake","sellPrice":8461.69},{"block":11422280,"timestamp":1633179335,"swapAmountBNB":20,"namebuy":"biswap","buyPrice":8486,"namesell":"pancake","sellPrice":8461.62},{"block":11422281,"timestamp":1633179338,"swapAmountBNB":20,"namebuy":"biswap","buyPrice":8486,"namesell":"pancake","sellPrice":8461.34},{"block":11422282,"timestamp":1633179341,"swapAmountBNB":20,"namebuy":"biswap","buyPrice":8486,"namesell":"pancake","sellPrice":8461.29},{"block":11422283,"timestamp":1633179344,"swapAmountBNB":20,"namebuy":"biswap","buyPrice":8486,"namesell":"pancake","sellPrice":8460.94},{"block":11422284,"timestamp":1633179347,"swapAmountBNB":20,"namebuy":"biswap","buyPrice":8486,"namesell":"pancake","sellPrice":8460.68},{"block":11422285,"timestamp":1633179350,"swapAmountBNB":20,"namebuy":"biswap","buyPrice":8486,"namesell":"pancake","sellPrice":8460.69},{"block":11422286,"timestamp":1633179353,"swapAmountBNB":20,"namebuy":"biswap","buyPrice":8486.96,"namesell":"pancake","sellPrice":8460.64},{"block":11422287,"timestamp":1633179356,"swapAmountBNB":20,"namebuy":"biswap","buyPrice":8492.77,"namesell":"biswap","sellPrice":8463.09},{"block":11422288,"timestamp":1633179359,"swapAmountBNB":20,"namebuy":"biswap","buyPrice":8492.77,"namesell":"biswap","sellPrice":8463.09},{"block":11422289,"timestamp":1633179362,"swapAmountBNB":20,"namebuy":"biswap","buyPrice":8493.09,"namesell":"biswap","sellPrice":8463.41},{"block":11422289,"timestamp":1633179363,"swapAmountBNB":20,"namebuy":"biswap","buyPrice":8493.09,"namesell":"biswap","sellPrice":8463.41},{"block":11422290,"timestamp":1633179365,"swapAmountBNB":20,"namebuy":"biswap","buyPrice":8493.34,"namesell":"biswap","sellPrice":8463.66},{"block":11422291,"timestamp":1633179368,"swapAmountBNB":20,"namebuy":"biswap","buyPrice":8493.34,"namesell":"biswap","sellPrice":8463.66},{"block":11422292,"timestamp":1633179371,"swapAmountBNB":20,"namebuy":"biswap","buyPrice":8493.34,"namesell":"biswap","sellPrice":8463.66},{"block":11422293,"timestamp":1633179374,"swapAmountBNB":20,"namebuy":"biswap","buyPrice":8493.86,"namesell":"biswap","sellPrice":8464.18},{"block":11422294,"timestamp":1633179377,"swapAmountBNB":20,"namebuy":"biswap","buyPrice":8493.86,"namesell":"biswap","sellPrice":8464.18},{"block":11422295,"timestamp":1633179380,"swapAmountBNB":20,"namebuy":"biswap","buyPrice":8492.69,"namesell":"biswap","sellPrice":8464.18},{"block":11422296,"timestamp":1633179383,"swapAmountBNB":20,"namebuy":"biswap","buyPrice":8492.69,"namesell":"biswap","sellPrice":8463.01},{"block":11422297,"timestamp":1633179386,"swapAmountBNB":20,"namebuy":"biswap","buyPrice":8492.69,"namesell":"biswap","sellPrice":8463.01},{"block":11422298,"timestamp":1633179389,"swapAmountBNB":20,"namebuy":"biswap","buyPrice":8492.97,"namesell":"biswap","sellPrice":8463.29},{"block":11422299,"timestamp":1633179392,"swapAmountBNB":20,"namebuy":"biswap","buyPrice":8492.97,"namesell":"biswap","sellPrice":8463.29},{"block":11422300,"timestamp":1633179395,"swapAmountBNB":20,"namebuy":"biswap","buyPrice":8492.97,"namesell":"biswap","sellPrice":8463.29},{"block":11422301,"timestamp":1633179398,"swapAmountBNB":20,"namebuy":"biswap","buyPrice":8493.01,"namesell":"biswap","sellPrice":8463.33},{"block":11422302,"timestamp":1633179401,"swapAmountBNB":20,"namebuy":"biswap","buyPrice":8493.01,"namesell":"biswap","sellPrice":8463.33},{"block":11422303,"timestamp":1633179404,"swapAmountBNB":20,"namebuy":"biswap","buyPrice":8493.01,"namesell":"biswap","sellPrice":8463.33},{"block":11422304,"timestamp":1633179407,"swapAmountBNB":20,"namebuy":"biswap","buyPrice":8493.22,"namesell":"biswap","sellPrice":8463.53},{"block":11422305,"timestamp":1633179410,"swapAmountBNB":20,"namebuy":"biswap","buyPrice":8488.76,"namesell":"biswap","sellPrice":8459.1},{"block":11422306,"timestamp":1633179413,"swapAmountBNB":20,"namebuy":"biswap","buyPrice":8488.76,"namesell":"biswap","sellPrice":8459.1},{"block":11422307,"timestamp":1633179416,"swapAmountBNB":20,"namebuy":"biswap","buyPrice":8487.8,"namesell":"pancake","sellPrice":8458.85},{"block":11422308,"timestamp":1633179419,"swapAmountBNB":20,"namebuy":"biswap","buyPrice":8487.8,"namesell":"pancake","sellPrice":8458.84},{"block":11422309,"timestamp":1633179422,"swapAmountBNB":20,"namebuy":"biswap","buyPrice":8487.8,"namesell":"pancake","sellPrice":8458.84},{"block":11422310,"timestamp":1633179425,"swapAmountBNB":20,"namebuy":"biswap","buyPrice":8487.8,"namesell":"pancake","sellPrice":8458.78},{"block":11422311,"timestamp":1633179428,"swapAmountBNB":20,"namebuy":"biswap","buyPrice":8487.8,"namesell":"pancake","sellPrice":8458.77},{"block":11422312,"timestamp":1633179431,"swapAmountBNB":20,"namebuy":"biswap","buyPrice":8487.8,"namesell":"pancake","sellPrice":8458.72},{"block":11422313,"timestamp":1633179434,"swapAmountBNB":20,"namebuy":"biswap","buyPrice":8488.12,"namesell":"pancake","sellPrice":8458.7},{"block":11422314,"timestamp":1633179437,"swapAmountBNB":20,"namebuy":"biswap","buyPrice":8486.58,"namesell":"pancake","sellPrice":8458.66},{"block":11422315,"timestamp":1633179440,"swapAmountBNB":20,"namebuy":"biswap","buyPrice":8486.58,"namesell":"pancake","sellPrice":8458.52},{"block":11422316,"timestamp":1633179443,"swapAmountBNB":20,"namebuy":"biswap","buyPrice":8486.58,"namesell":"pancake","sellPrice":8458.34},{"block":11422317,"timestamp":1633179446,"swapAmountBNB":20,"namebuy":"biswap","buyPrice":8486.58,"namesell":"pancake","sellPrice":8458.33},{"block":11422318,"timestamp":1633179449,"swapAmountBNB":20,"namebuy":"biswap","buyPrice":8486.71,"namesell":"pancake","sellPrice":8457.33},{"block":11422319,"timestamp":1633179452,"swapAmountBNB":20,"namebuy":"biswap","buyPrice":8486.71,"namesell":"pancake","sellPrice":8457.35},{"block":11422320,"timestamp":1633179455,"swapAmountBNB":20,"namebuy":"biswap","buyPrice":8486.71,"namesell":"pancake","sellPrice":8457.29},{"block":11422321,"timestamp":1633179458,"swapAmountBNB":20,"namebuy":"biswap","buyPrice":8486.71,"namesell":"pancake","sellPrice":8457.25},{"block":11422322,"timestamp":1633179461,"swapAmountBNB":20,"namebuy":"biswap","buyPrice":8486.71,"namesell":"pancake","sellPrice":8457.24},{"block":11422323,"timestamp":1633179464,"swapAmountBNB":20,"namebuy":"biswap","buyPrice":8486.71,"namesell":"pancake","sellPrice":8457.28},{"block":11422324,"timestamp":1633179467,"swapAmountBNB":20,"namebuy":"biswap","buyPrice":8486.71,"namesell":"pancake","sellPrice":8457.38},{"block":11422325,"timestamp":1633179470,"swapAmountBNB":20,"namebuy":"biswap","buyPrice":8486.71,"namesell":"biswap","sellPrice":8457.05},{"block":11422326,"timestamp":1633179473,"swapAmountBNB":20,"namebuy":"biswap","buyPrice":8486.71,"namesell":"biswap","sellPrice":8457.05},{"block":11422327,"timestamp":1633179476,"swapAmountBNB":20,"namebuy":"biswap","buyPrice":8486.71,"namesell":"biswap","sellPrice":8457.05},{"block":11422328,"timestamp":1633179479,"swapAmountBNB":20,"namebuy":"biswap","buyPrice":8486.71,"namesell":"biswap","sellPrice":8457.05},{"block":11422329,"timestamp":1633179483,"swapAmountBNB":20,"namebuy":"biswap","buyPrice":8487.66,"namesell":"biswap","sellPrice":8458},{"block":11422329,"timestamp":1633179482,"swapAmountBNB":20,"namebuy":"biswap","buyPrice":8487.66,"namesell":"biswap","sellPrice":8458},{"block":11422330,"timestamp":1633179485,"swapAmountBNB":20,"namebuy":"biswap","buyPrice":8480.67,"namesell":"biswap","sellPrice":8458},{"block":11422331,"timestamp":1633179488,"swapAmountBNB":20,"namebuy":"biswap","buyPrice":8482.37,"namesell":"pancake","sellPrice":8456.64},{"block":11422332,"timestamp":1633179491,"swapAmountBNB":20,"namebuy":"biswap","buyPrice":8482.37,"namesell":"pancake","sellPrice":8456.64},{"block":11422333,"timestamp":1633179494,"swapAmountBNB":20,"namebuy":"biswap","buyPrice":8482.37,"namesell":"pancake","sellPrice":8456.59},{"block":11422334,"timestamp":1633179497,"swapAmountBNB":20,"namebuy":"biswap","buyPrice":8482.37,"namesell":"pancake","sellPrice":8456.53},{"block":11422335,"timestamp":1633179500,"swapAmountBNB":20,"namebuy":"biswap","buyPrice":8485.35,"namesell":"pancake","sellPrice":8456.54},{"block":11422336,"timestamp":1633179503,"swapAmountBNB":20,"namebuy":"biswap","buyPrice":8485.35,"namesell":"pancake","sellPrice":8456.55},{"block":11422337,"timestamp":1633179506,"swapAmountBNB":20,"namebuy":"biswap","buyPrice":8485.35,"namesell":"pancake","sellPrice":8456.5},{"block":11422338,"timestamp":1633179509,"swapAmountBNB":20,"namebuy":"biswap","buyPrice":8485.35,"namesell":"pancake","sellPrice":8456.79},{"block":11422339,"timestamp":1633179512,"swapAmountBNB":20,"namebuy":"biswap","buyPrice":8485.35,"namesell":"pancake","sellPrice":8456.83},{"block":11422340,"timestamp":1633179515,"swapAmountBNB":20,"namebuy":"biswap","buyPrice":8486.77,"namesell":"biswap","sellPrice":8457.12},{"block":11422341,"timestamp":1633179518,"swapAmountBNB":20,"namebuy":"biswap","buyPrice":8488.02,"namesell":"biswap","sellPrice":8458.36},{"block":11422342,"timestamp":1633179521,"swapAmountBNB":20,"namebuy":"biswap","buyPrice":8488.02,"namesell":"biswap","sellPrice":8458.36},{"block":11422343,"timestamp":1633179524,"swapAmountBNB":20,"namebuy":"biswap","buyPrice":8489.2,"namesell":"biswap","sellPrice":8459.54},{"block":11422344,"timestamp":1633179527,"swapAmountBNB":20,"namebuy":"biswap","buyPrice":8489.2,"namesell":"biswap","sellPrice":8459.54},{"block":11422345,"timestamp":1633179530,"swapAmountBNB":20,"namebuy":"biswap","buyPrice":8489.2,"namesell":"biswap","sellPrice":8459.54},{"block":11422346,"timestamp":1633179533,"swapAmountBNB":20,"namebuy":"biswap","buyPrice":8489.2,"namesell":"biswap","sellPrice":8459.54},{"block":11422347,"timestamp":1633179536,"swapAmountBNB":20,"namebuy":"biswap","buyPrice":8486.65,"namesell":"biswap","sellPrice":8457},{"block":11422348,"timestamp":1633179539,"swapAmountBNB":20,"namebuy":"biswap","buyPrice":8486.65,"namesell":"biswap","sellPrice":8457},{"block":11422349,"timestamp":1633179542,"swapAmountBNB":20,"namebuy":"biswap","buyPrice":8489.95,"namesell":"biswap","sellPrice":8460.28},{"block":11422350,"timestamp":1633179545,"swapAmountBNB":20,"namebuy":"biswap","buyPrice":8489.95,"namesell":"biswap","sellPrice":8460.28},{"block":11422351,"timestamp":1633179548,"swapAmountBNB":20,"namebuy":"biswap","buyPrice":8490.24,"namesell":"biswap","sellPrice":8460.57},{"block":11422352,"timestamp":1633179551,"swapAmountBNB":20,"namebuy":"biswap","buyPrice":8490.36,"namesell":"biswap","sellPrice":8460.69},{"block":11422353,"timestamp":1633179554,"swapAmountBNB":20,"namebuy":"biswap","buyPrice":8490.36,"namesell":"biswap","sellPrice":8460.69},{"block":11422354,"timestamp":1633179557,"swapAmountBNB":20,"namebuy":"biswap","buyPrice":8490.36,"namesell":"biswap","sellPrice":8460.69},{"block":11422355,"timestamp":1633179560,"swapAmountBNB":20,"namebuy":"biswap","buyPrice":8490.36,"namesell":"biswap","sellPrice":8460.69},{"block":11422356,"timestamp":1633179563,"swapAmountBNB":20,"namebuy":"biswap","buyPrice":8490.36,"namesell":"biswap","sellPrice":8460.69},{"block":11422357,"timestamp":1633179566,"swapAmountBNB":20,"namebuy":"biswap","buyPrice":8490.36,"namesell":"biswap","sellPrice":8460.69},{"block":11422358,"timestamp":1633179569,"swapAmountBNB":20,"namebuy":"biswap","buyPrice":8490.36,"namesell":"biswap","sellPrice":8460.69},{"block":11422359,"timestamp":1633179572,"swapAmountBNB":20,"namebuy":"biswap","buyPrice":8490.36,"namesell":"biswap","sellPrice":8460.69},{"block":11422360,"timestamp":1633179575,"swapAmountBNB":20,"namebuy":"biswap","buyPrice":8489.73,"namesell":"biswap","sellPrice":8460.06},{"block":11422361,"timestamp":1633179578,"swapAmountBNB":20,"namebuy":"biswap","buyPrice":8489.57,"namesell":"biswap","sellPrice":8459.91},{"block":11422362,"timestamp":1633179581,"swapAmountBNB":20,"namebuy":"biswap","buyPrice":8489.57,"namesell":"biswap","sellPrice":8459.91},{"block":11422363,"timestamp":1633179584,"swapAmountBNB":20,"namebuy":"biswap","buyPrice":8489.57,"namesell":"biswap","sellPrice":8459.91},{"block":11422364,"timestamp":1633179587,"swapAmountBNB":20,"namebuy":"biswap","buyPrice":8488.54,"namesell":"biswap","sellPrice":8458.88},{"block":11422365,"timestamp":1633179590,"swapAmountBNB":20,"namebuy":"biswap","buyPrice":8488.54,"namesell":"biswap","sellPrice":8458.88},{"block":11422366,"timestamp":1633179593,"swapAmountBNB":20,"namebuy":"biswap","buyPrice":8488.54,"namesell":"biswap","sellPrice":8458.88}]}