{"table":[{"block":11158537,"timestamp":1632380997,"swapAmountBNB":20,"namebuy":"biswap","buyPrice":7631.1,"namesell":"biswap","sellPrice":7605.04},{"block":11158538,"timestamp":1632381000,"swapAmountBNB":20,"namebuy":"biswap","buyPrice":7631.1,"namesell":"biswap","sellPrice":7605.04},{"block":11158539,"timestamp":1632381003,"swapAmountBNB":20,"namebuy":"biswap","buyPrice":7633.85,"namesell":"biswap","sellPrice":7607.77},{"block":11158540,"timestamp":1632381006,"swapAmountBNB":20,"namebuy":"biswap","buyPrice":7633.85,"namesell":"biswap","sellPrice":7607.77},{"block":11158541,"timestamp":1632381009,"swapAmountBNB":20,"namebuy":"biswap","buyPrice":7634.35,"namesell":"biswap","sellPrice":7607.77},{"block":11158542,"timestamp":1632381012,"swapAmountBNB":20,"namebuy":"biswap","buyPrice":7634.35,"namesell":"biswap","sellPrice":7608.27},{"block":11158543,"timestamp":1632381015,"swapAmountBNB":20,"namebuy":"biswap","buyPrice":7634.35,"namesell":"biswap","sellPrice":7608.27},{"block":11158544,"timestamp":1632381018,"swapAmountBNB":20,"namebuy":"biswap","buyPrice":7634.21,"namesell":"biswap","sellPrice":7608.13},{"block":11158545,"timestamp":1632381021,"swapAmountBNB":20,"namebuy":"biswap","buyPrice":7634.21,"namesell":"biswap","sellPrice":7608.13},{"block":11158546,"timestamp":1632381024,"swapAmountBNB":20,"namebuy":"biswap","buyPrice":7634.21,"namesell":"biswap","sellPrice":7608.13},{"block":11158547,"timestamp":1632381027,"swapAmountBNB":20,"namebuy":"biswap","buyPrice":7634.31,"namesell":"biswap","sellPrice":7608.22},{"block":11158548,"timestamp":1632381030,"swapAmountBNB":20,"namebuy":"biswap","buyPrice":7634.31,"namesell":"biswap","sellPrice":7608.22},{"block":11158549,"timestamp":1632381033,"swapAmountBNB":20,"namebuy":"biswap","buyPrice":7634.31,"namesell":"biswap","sellPrice":7608.22},{"block":11158550,"timestamp":1632381036,"swapAmountBNB":20,"namebuy":"biswap","buyPrice":7634.14,"namesell":"biswap","sellPrice":7608.06},{"block":11158551,"timestamp":1632381039,"swapAmountBNB":20,"namebuy":"biswap","buyPrice":7634.14,"namesell":"biswap","sellPrice":7608.06},{"block":11158552,"timestamp":1632381042,"swapAmountBNB":20,"namebuy":"biswap","buyPrice":7634.14,"namesell":"biswap","sellPrice":7608.06},{"block":11158553,"timestamp":1632381045,"swapAmountBNB":20,"namebuy":"biswap","buyPrice":7634.14,"namesell":"biswap","sellPrice":7608.06},{"block":11158554,"timestamp":1632381048,"swapAmountBNB":20,"namebuy":"biswap","buyPrice":7634.14,"namesell":"biswap","sellPrice":7608.06},{"block":11158555,"timestamp":1632381051,"swapAmountBNB":20,"namebuy":"biswap","buyPrice":7634.14,"namesell":"biswap","sellPrice":7608.06},{"block":11158556,"timestamp":1632381054,"swapAmountBNB":20,"namebuy":"biswap","buyPrice":7634.14,"namesell":"biswap","sellPrice":7608.06},{"block":11158557,"timestamp":1632381057,"swapAmountBNB":20,"namebuy":"biswap","buyPrice":7632.75,"namesell":"biswap","sellPrice":7606.68},{"block":11158558,"timestamp":1632381060,"swapAmountBNB":20,"namebuy":"biswap","buyPrice":7632.75,"namesell":"biswap","sellPrice":7606.68},{"block":11158559,"timestamp":1632381063,"swapAmountBNB":20,"namebuy":"biswap","buyPrice":7632.75,"namesell":"biswap","sellPrice":7606.68},{"block":11158560,"timestamp":1632381066,"swapAmountBNB":20,"namebuy":"biswap","buyPrice":7632.75,"namesell":"biswap","sellPrice":7606.68},{"block":11158561,"timestamp":1632381069,"swapAmountBNB":20,"namebuy":"biswap","buyPrice":7632.75,"namesell":"biswap","sellPrice":7606.68},{"block":11158562,"timestamp":1632381072,"swapAmountBNB":20,"namebuy":"biswap","buyPrice":7632.75,"namesell":"biswap","sellPrice":7606.68},{"block":11158563,"timestamp":1632381075,"swapAmountBNB":20,"namebuy":"biswap","buyPrice":7632.75,"namesell":"biswap","sellPrice":7606.68},{"block":11158564,"timestamp":1632381078,"swapAmountBNB":20,"namebuy":"biswap","buyPrice":7632.75,"namesell":"biswap","sellPrice":7606.68},{"block":11158565,"timestamp":1632381081,"swapAmountBNB":20,"namebuy":"biswap","buyPrice":7632.75,"namesell":"biswap","sellPrice":7606.68},{"block":11158566,"timestamp":1632381084,"swapAmountBNB":20,"namebuy":"biswap","buyPrice":7632.75,"namesell":"biswap","sellPrice":7606.68},{"block":11158567,"timestamp":1632381087,"swapAmountBNB":20,"namebuy":"biswap","buyPrice":7632.75,"namesell":"biswap","sellPrice":7606.68},{"block":11158568,"timestamp":1632381090,"swapAmountBNB":20,"namebuy":"biswap","buyPrice":7632.75,"namesell":"biswap","sellPrice":7606.68},{"block":11158569,"timestamp":1632381093,"swapAmountBNB":20,"namebuy":"biswap","buyPrice":7630.76,"namesell":"biswap","sellPrice":7604.69},{"block":11158570,"timestamp":1632381096,"swapAmountBNB":20,"namebuy":"biswap","buyPrice":7630.76,"namesell":"biswap","sellPrice":7604.69},{"block":11158571,"timestamp":1632381099,"swapAmountBNB":20,"namebuy":"biswap","buyPrice":7630.76,"namesell":"biswap","sellPrice":7604.69},{"block":11158572,"timestamp":1632381102,"swapAmountBNB":20,"namebuy":"biswap","buyPrice":7630.76,"namesell":"biswap","sellPrice":7604.69},{"block":11158573,"timestamp":1632381105,"swapAmountBNB":20,"namebuy":"biswap","buyPrice":7630.76,"namesell":"biswap","sellPrice":7604.69},{"block":11158574,"timestamp":1632381108,"swapAmountBNB":20,"namebuy":"biswap","buyPrice":7630.76,"namesell":"biswap","sellPrice":7604.69},{"block":11158575,"timestamp":1632381111,"swapAmountBNB":20,"namebuy":"biswap","buyPrice":7630.76,"namesell":"biswap","sellPrice":7604.69},{"block":11158576,"timestamp":1632381114,"swapAmountBNB":20,"namebuy":"biswap","buyPrice":7630.92,"namesell":"biswap","sellPrice":7604.85},{"block":11158577,"timestamp":1632381117,"swapAmountBNB":20,"namebuy":"biswap","buyPrice":7630.92,"namesell":"biswap","sellPrice":7604.85},{"block":11158578,"timestamp":1632381120,"swapAmountBNB":20,"namebuy":"biswap","buyPrice":7628.81,"namesell":"biswap","sellPrice":7602.75},{"block":11158579,"timestamp":1632381123,"swapAmountBNB":20,"namebuy":"biswap","buyPrice":7628.81,"namesell":"biswap","sellPrice":7602.75},{"block":11158580,"timestamp":1632381126,"swapAmountBNB":20,"namebuy":"biswap","buyPrice":7628.81,"namesell":"biswap","sellPrice":7602.75},{"block":11158581,"timestamp":1632381129,"swapAmountBNB":20,"namebuy":"biswap","buyPrice":7628.81,"namesell":"biswap","sellPrice":7602.75},{"block":11158582,"timestamp":1632381132,"swapAmountBNB":20,"namebuy":"biswap","buyPrice":7628.81,"namesell":"biswap","sellPrice":7602.75},{"block":11158583,"timestamp":1632381135,"swapAmountBNB":20,"namebuy":"biswap","buyPrice":7628.81,"namesell":"biswap","sellPrice":7602.75},{"block":11158584,"timestamp":1632381138,"swapAmountBNB":20,"namebuy":"biswap","buyPrice":7628.81,"namesell":"biswap","sellPrice":7602.75},{"block":11158585,"timestamp":1632381141,"swapAmountBNB":20,"namebuy":"biswap","buyPrice":7628.81,"namesell":"biswap","sellPrice":7602.75},{"block":11158586,"timestamp":1632381144,"swapAmountBNB":20,"namebuy":"biswap","buyPrice":7628.81,"namesell":"biswap","sellPrice":7602.75},{"block":11158587,"timestamp":1632381147,"swapAmountBNB":20,"namebuy":"biswap","buyPrice":7628.81,"namesell":"biswap","sellPrice":7602.75},{"block":11158588,"timestamp":1632381150,"swapAmountBNB":20,"namebuy":"biswap","buyPrice":7622.85,"namesell":"biswap","sellPrice":7596.81},{"block":11158589,"timestamp":1632381153,"swapAmountBNB":20,"namebuy":"biswap","buyPrice":7622.85,"namesell":"biswap","sellPrice":7596.81},{"block":11158590,"timestamp":1632381156,"swapAmountBNB":20,"namebuy":"biswap","buyPrice":7622.85,"namesell":"biswap","sellPrice":7596.81},{"block":11158591,"timestamp":1632381160,"swapAmountBNB":20,"namebuy":"biswap","buyPrice":7619.67,"namesell":"pancake","sellPrice":7594.8},{"block":11158591,"timestamp":1632381159,"swapAmountBNB":20,"namebuy":"biswap","buyPrice":7619.67,"namesell":"pancake","sellPrice":7594.8},{"block":11158592,"timestamp":1632381163,"swapAmountBNB":20,"namebuy":"biswap","buyPrice":7619.74,"namesell":"pancake","sellPrice":7594.81},{"block":11158593,"timestamp":1632381166,"swapAmountBNB":20,"namebuy":"biswap","buyPrice":7619.74,"namesell":"pancake","sellPrice":7594.81},{"block":11158594,"timestamp":1632381169,"swapAmountBNB":20,"namebuy":"biswap","buyPrice":7619.74,"namesell":"pancake","sellPrice":7594.82},{"block":11158595,"timestamp":1632381172,"swapAmountBNB":20,"namebuy":"biswap","buyPrice":7619.74,"namesell":"pancake","sellPrice":7594.82},{"block":11158596,"timestamp":1632381175,"swapAmountBNB":20,"namebuy":"biswap","buyPrice":7619.74,"namesell":"pancake","sellPrice":7594.75},{"block":11158597,"timestamp":1632381178,"swapAmountBNB":20,"namebuy":"biswap","buyPrice":7613.97,"namesell":"pancake","sellPrice":7594.74},{"block":11158598,"timestamp":1632381181,"swapAmountBNB":20,"namebuy":"biswap","buyPrice":7613.97,"namesell":"pancake","sellPrice":7594.75},{"block":11158599,"timestamp":1632381184,"swapAmountBNB":20,"namebuy":"biswap","buyPrice":7613.97,"namesell":"pancake","sellPrice":7594.81},{"block":11158600,"timestamp":1632381190,"swapAmountBNB":20,"namebuy":"biswap","buyPrice":7613.97,"namesell":"pancake","sellPrice":7594.76},{"block":11158601,"timestamp":1632381193,"swapAmountBNB":20,"namebuy":"biswap","buyPrice":7613.97,"namesell":"pancake","sellPrice":7594.82},{"block":11158602,"timestamp":1632381199,"swapAmountBNB":20,"namebuy":"biswap","buyPrice":7613.97,"namesell":"pancake","sellPrice":7594.85},{"block":11158603,"timestamp":1632381202,"swapAmountBNB":20,"namebuy":"biswap","buyPrice":7613.97,"namesell":"pancake","sellPrice":7594.73},{"block":11158604,"timestamp":1632381205,"swapAmountBNB":20,"namebuy":"biswap","buyPrice":7613.97,"namesell":"pancake","sellPrice":7594.72},{"block":11158605,"timestamp":1632381209,"swapAmountBNB":20,"namebuy":"biswap","buyPrice":7615.46,"namesell":"pancake","sellPrice":7594.61},{"block":11158606,"timestamp":1632381212,"swapAmountBNB":20,"namebuy":"biswap","buyPrice":7615.46,"namesell":"pancake","sellPrice":7594.61},{"block":11158607,"timestamp":1632381220,"swapAmountBNB":20,"namebuy":"biswap","buyPrice":7615.46,"namesell":"pancake","sellPrice":7594.58},{"block":11158608,"timestamp":1632381223,"swapAmountBNB":20,"namebuy":"biswap","buyPrice":7615.46,"namesell":"pancake","sellPrice":7594.55},{"block":11158609,"timestamp":1632381226,"swapAmountBNB":20,"namebuy":"biswap","buyPrice":7615.46,"namesell":"pancake","sellPrice":7594.56},{"block":11158610,"timestamp":1632381229,"swapAmountBNB":20,"namebuy":"biswap","buyPrice":7615.46,"namesell":"pancake","sellPrice":7594.59},{"block":11158611,"timestamp":1632381232,"swapAmountBNB":20,"namebuy":"biswap","buyPrice":7615.46,"namesell":"pancake","sellPrice":7594.59},{"block":11158612,"timestamp":1632381235,"swapAmountBNB":20,"namebuy":"biswap","buyPrice":7615.46,"namesell":"pancake","sellPrice":7594.63},{"block":11158613,"timestamp":1632381238,"swapAmountBNB":20,"namebuy":"biswap","buyPrice":7615.46,"namesell":"pancake","sellPrice":7594.64},{"block":11158614,"timestamp":1632381241,"swapAmountBNB":20,"namebuy":"biswap","buyPrice":7615.46,"namesell":"pancake","sellPrice":7594.63},{"block":11158615,"timestamp":1632381244,"swapAmountBNB":20,"namebuy":"biswap","buyPrice":7615.46,"namesell":"pancake","sellPrice":7594.63},{"block":11158616,"timestamp":1632381247,"swapAmountBNB":20,"namebuy":"biswap","buyPrice":7615.46,"namesell":"pancake","sellPrice":7594.68},{"block":11158617,"timestamp":1632381252,"swapAmountBNB":20,"namebuy":"biswap","buyPrice":7615.46,"namesell":"pancake","sellPrice":7594.71},{"block":11158617,"timestamp":1632381251,"swapAmountBNB":20,"namebuy":"biswap","buyPrice":7615.46,"namesell":"pancake","sellPrice":7594.71},{"block":11158618,"timestamp":1632381254,"swapAmountBNB":20,"namebuy":"biswap","buyPrice":7615.46,"namesell":"pancake","sellPrice":7594.71},{"block":11158619,"timestamp":1632381257,"swapAmountBNB":20,"namebuy":"biswap","buyPrice":7615.46,"namesell":"pancake","sellPrice":7594.75},{"block":11158620,"timestamp":1632381260,"swapAmountBNB":20,"namebuy":"biswap","buyPrice":7617.36,"namesell":"pancake","sellPrice":7594.55},{"block":11158621,"timestamp":1632381263,"swapAmountBNB":20,"namebuy":"biswap","buyPrice":7617.36,"namesell":"pancake","sellPrice":7594.37},{"block":11158622,"timestamp":1632381266,"swapAmountBNB":20,"namebuy":"biswap","buyPrice":7617.36,"namesell":"pancake","sellPrice":7594.34},{"block":11158623,"timestamp":1632381269,"swapAmountBNB":20,"namebuy":"biswap","buyPrice":7617.36,"namesell":"pancake","sellPrice":7594.34},{"block":11158624,"timestamp":1632381272,"swapAmountBNB":20,"namebuy":"biswap","buyPrice":7617.36,"namesell":"pancake","sellPrice":7594.35},{"block":11158625,"timestamp":1632381276,"swapAmountBNB":20,"namebuy":"biswap","buyPrice":7617.36,"namesell":"pancake","sellPrice":7594.37},{"block":11158626,"timestamp":1632381279,"swapAmountBNB":20,"namebuy":"biswap","buyPrice":7611.41,"namesell":"pancake","sellPrice":7594.14},{"block":11158627,"timestamp":1632381282,"swapAmountBNB":20,"namebuy":"biswap","buyPrice":7611.41,"namesell":"pancake","sellPrice":7594.1},{"block":11158628,"timestamp":1632381285,"swapAmountBNB":20,"namebuy":"biswap","buyPrice":7611.78,"namesell":"pancake","sellPrice":7594.36},{"block":11158629,"timestamp":1632381288,"swapAmountBNB":20,"namebuy":"biswap","buyPrice":7612.47,"namesell":"pancake","sellPrice":7594.35},{"block":11158630,"timestamp":1632381295,"swapAmountBNB":20,"namebuy":"biswap","buyPrice":7612.47,"namesell":"pancake","sellPrice":7594.33},{"block":11158631,"timestamp":1632381298,"swapAmountBNB":20,"namebuy":"biswap","buyPrice":7613.02,"namesell":"pancake","sellPrice":7594.34},{"block":11158632,"timestamp":1632381301,"swapAmountBNB":20,"namebuy":"biswap","buyPrice":7613.02,"namesell":"pancake","sellPrice":7594.31},{"block":11158633,"timestamp":1632381307,"swapAmountBNB":20,"namebuy":"biswap","buyPrice":7613.02,"namesell":"pancake","sellPrice":7594.31},{"block":11158633,"timestamp":1632381308,"swapAmountBNB":20,"namebuy":"biswap","buyPrice":7613.02,"namesell":"pancake","sellPrice":7594.31},{"block":11158634,"timestamp":1632381310,"swapAmountBNB":20,"namebuy":"biswap","buyPrice":7613.09,"namesell":"pancake","sellPrice":7594.35},{"block":11158635,"timestamp":1632381313,"swapAmountBNB":20,"namebuy":"biswap","buyPrice":7613.09,"namesell":"pancake","sellPrice":7594.33},{"block":11158636,"timestamp":1632381316,"swapAmountBNB":20,"namebuy":"biswap","buyPrice":7613.09,"namesell":"pancake","sellPrice":7594.34},{"block":11158637,"timestamp":1632381319,"swapAmountBNB":20,"namebuy":"biswap","buyPrice":7613.09,"namesell":"pancake","sellPrice":7594.36},{"block":11158638,"timestamp":1632381322,"swapAmountBNB":20,"namebuy":"biswap","buyPrice":7613.09,"namesell":"pancake","sellPrice":7594.39},{"block":11158639,"timestamp":1632381325,"swapAmountBNB":20,"namebuy":"biswap","buyPrice":7613.09,"namesell":"pancake","sellPrice":7594.37},{"block":11158640,"timestamp":1632381330,"swapAmountBNB":20,"namebuy":"biswap","buyPrice":7613.09,"namesell":"pancake","sellPrice":7594.32},{"block":11158641,"timestamp":1632381333,"swapAmountBNB":20,"namebuy":"biswap","buyPrice":7613.09,"namesell":"pancake","sellPrice":7593.75},{"block":11158642,"timestamp":1632381336,"swapAmountBNB":20,"namebuy":"biswap","buyPrice":7613.09,"namesell":"pancake","sellPrice":7593.77},{"block":11158643,"timestamp":1632381339,"swapAmountBNB":20,"namebuy":"biswap","buyPrice":7613.09,"namesell":"pancake","sellPrice":7593.82},{"block":11158644,"timestamp":1632381342,"swapAmountBNB":20,"namebuy":"biswap","buyPrice":7613.09,"namesell":"pancake","sellPrice":7593.82},{"block":11158645,"timestamp":1632381345,"swapAmountBNB":20,"namebuy":"biswap","buyPrice":7613.18,"namesell":"pancake","sellPrice":7593.77},{"block":11158646,"timestamp":1632381348,"swapAmountBNB":20,"namebuy":"biswap","buyPrice":7619.14,"namesell":"pancake","sellPrice":7593.77},{"block":11158647,"timestamp":1632381351,"swapAmountBNB":20,"namebuy":"biswap","buyPrice":7619.14,"namesell":"pancake","sellPrice":7593.56},{"block":11158648,"timestamp":1632381354,"swapAmountBNB":20,"namebuy":"biswap","buyPrice":7620.18,"namesell":"biswap","sellPrice":7594.16},{"block":11158649,"timestamp":1632381357,"swapAmountBNB":20,"namebuy":"biswap","buyPrice":7620.18,"namesell":"biswap","sellPrice":7594.16},{"block":11158650,"timestamp":1632381361,"swapAmountBNB":20,"namebuy":"biswap","buyPrice":7620.18,"namesell":"biswap","sellPrice":7594.16},{"block":11158651,"timestamp":1632381364,"swapAmountBNB":20,"namebuy":"biswap","buyPrice":7617.63,"namesell":"pancake","sellPrice":7593.56},{"block":11158652,"timestamp":1632381367,"swapAmountBNB":20,"namebuy":"biswap","buyPrice":7617.63,"namesell":"pancake","sellPrice":7593.56},{"block":11158653,"timestamp":1632381370,"swapAmountBNB":20,"namebuy":"biswap","buyPrice":7617.04,"namesell":"pancake","sellPrice":7593.52},{"block":11158654,"timestamp":1632381373,"swapAmountBNB":20,"namebuy":"biswap","buyPrice":7617.04,"namesell":"pancake","sellPrice":7593.49},{"block":11158655,"timestamp":1632381376,"swapAmountBNB":20,"namebuy":"biswap","buyPrice":7617.04,"namesell":"pancake","sellPrice":7593.47},{"block":11158656,"timestamp":1632381379,"swapAmountBNB":20,"namebuy":"biswap","buyPrice":7617.2,"namesell":"pancake","sellPrice":7593.57},{"block":11158657,"timestamp":1632381384,"swapAmountBNB":20,"namebuy":"biswap","buyPrice":7617.2,"namesell":"pancake","sellPrice":7593.56},{"block":11158658,"timestamp":1632381387,"swapAmountBNB":20,"namebuy":"biswap","buyPrice":7617.2,"namesell":"pancake","sellPrice":7593.56},{"block":11158659,"timestamp":1632381390,"swapAmountBNB":20,"namebuy":"biswap","buyPrice":7617.2,"namesell":"pancake","sellPrice":7594.02},{"block":11158660,"timestamp":1632381393,"swapAmountBNB":20,"namebuy":"biswap","buyPrice":7617.2,"namesell":"pancake","sellPrice":7594.02},{"block":11158661,"timestamp":1632381396,"swapAmountBNB":20,"namebuy":"biswap","buyPrice":7617.2,"namesell":"pancake","sellPrice":7593.93},{"block":11158662,"timestamp":1632381399,"swapAmountBNB":20,"namebuy":"biswap","buyPrice":7617.2,"namesell":"pancake","sellPrice":7593.97},{"block":11158663,"timestamp":1632381404,"swapAmountBNB":20,"namebuy":"biswap","buyPrice":7617.2,"namesell":"pancake","sellPrice":7593.97},{"block":11158664,"timestamp":1632381407,"swapAmountBNB":20,"namebuy":"biswap","buyPrice":7617.56,"namesell":"pancake","sellPrice":7593.97},{"block":11158665,"timestamp":1632381410,"swapAmountBNB":20,"namebuy":"biswap","buyPrice":7617.72,"namesell":"pancake","sellPrice":7593.97},{"block":11158666,"timestamp":1632381413,"swapAmountBNB":20,"namebuy":"biswap","buyPrice":7617.72,"namesell":"pancake","sellPrice":7593.94},{"block":11158667,"timestamp":1632381416,"swapAmountBNB":20,"namebuy":"biswap","buyPrice":7619.22,"namesell":"pancake","sellPrice":7593.86},{"block":11158668,"timestamp":1632381419,"swapAmountBNB":20,"namebuy":"biswap","buyPrice":7619.22,"namesell":"pancake","sellPrice":7593.84},{"block":11158669,"timestamp":1632381422,"swapAmountBNB":20,"namebuy":"biswap","buyPrice":7619.22,"namesell":"pancake","sellPrice":7594.38},{"block":11158670,"timestamp":1632381425,"swapAmountBNB":20,"namebuy":"biswap","buyPrice":7619.22,"namesell":"pancake","sellPrice":7594.37},{"block":11158671,"timestamp":1632381428,"swapAmountBNB":20,"namebuy":"biswap","buyPrice":7619.22,"namesell":"pancake","sellPrice":7594.47},{"block":11158672,"timestamp":1632381432,"swapAmountBNB":20,"namebuy":"biswap","buyPrice":7619.22,"namesell":"pancake","sellPrice":7594.48},{"block":11158673,"timestamp":1632381435,"swapAmountBNB":20,"namebuy":"biswap","buyPrice":7619.22,"namesell":"pancake","sellPrice":7594.54},{"block":11158674,"timestamp":1632381438,"swapAmountBNB":20,"namebuy":"biswap","buyPrice":7619.22,"namesell":"pancake","sellPrice":7594.54},{"block":11158675,"timestamp":1632381441,"swapAmountBNB":20,"namebuy":"biswap","buyPrice":7619.22,"namesell":"pancake","sellPrice":7594.55},{"block":11158676,"timestamp":1632381444,"swapAmountBNB":20,"namebuy":"biswap","buyPrice":7619.22,"namesell":"pancake","sellPrice":7594.55},{"block":11158677,"timestamp":1632381447,"swapAmountBNB":20,"namebuy":"biswap","buyPrice":7620.34,"namesell":"pancake","sellPrice":7594.46},{"block":11158678,"timestamp":1632381450,"swapAmountBNB":20,"namebuy":"biswap","buyPrice":7620.34,"namesell":"pancake","sellPrice":7594.53},{"block":11158679,"timestamp":1632381453,"swapAmountBNB":20,"namebuy":"biswap","buyPrice":7620.34,"namesell":"pancake","sellPrice":7594.43},{"block":11158680,"timestamp":1632381456,"swapAmountBNB":20,"namebuy":"biswap","buyPrice":7620.34,"namesell":"pancake","sellPrice":7594.51},{"block":11158681,"timestamp":1632381459,"swapAmountBNB":20,"namebuy":"biswap","buyPrice":7620.34,"namesell":"pancake","sellPrice":7594.51},{"block":11158682,"timestamp":1632381462,"swapAmountBNB":20,"namebuy":"biswap","buyPrice":7620.34,"namesell":"pancake","sellPrice":7594.52},{"block":11158683,"timestamp":1632381465,"swapAmountBNB":20,"namebuy":"biswap","buyPrice":7620.34,"namesell":"pancake","sellPrice":7594.5},{"block":11158684,"timestamp":1632381468,"swapAmountBNB":20,"namebuy":"biswap","buyPrice":7620.18,"namesell":"biswap","sellPrice":7594.16},{"block":11158685,"timestamp":1632381471,"swapAmountBNB":20,"namebuy":"biswap","buyPrice":7625.93,"namesell":"biswap","sellPrice":7599.88},{"block":11158686,"timestamp":1632381474,"swapAmountBNB":20,"namebuy":"biswap","buyPrice":7625.93,"namesell":"biswap","sellPrice":7599.88},{"block":11158687,"timestamp":1632381477,"swapAmountBNB":20,"namebuy":"biswap","buyPrice":7625.93,"namesell":"biswap","sellPrice":7599.88},{"block":11158688,"timestamp":1632381480,"swapAmountBNB":20,"namebuy":"biswap","buyPrice":7625.93,"namesell":"biswap","sellPrice":7599.88},{"block":11158689,"timestamp":1632381483,"swapAmountBNB":20,"namebuy":"biswap","buyPrice":7625.43,"namesell":"biswap","sellPrice":7599.38},{"block":11158690,"timestamp":1632381486,"swapAmountBNB":20,"namebuy":"biswap","buyPrice":7628.07,"namesell":"biswap","sellPrice":7602.01},{"block":11158691,"timestamp":1632381489,"swapAmountBNB":20,"namebuy":"biswap","buyPrice":7629.66,"namesell":"biswap","sellPrice":7603.6},{"block":11158692,"timestamp":1632381492,"swapAmountBNB":20,"namebuy":"biswap","buyPrice":7629.44,"namesell":"biswap","sellPrice":7603.38},{"block":11158693,"timestamp":1632381495,"swapAmountBNB":20,"namebuy":"biswap","buyPrice":7629.44,"namesell":"biswap","sellPrice":7603.38},{"block":11158694,"timestamp":1632381498,"swapAmountBNB":20,"namebuy":"biswap","buyPrice":7629.44,"namesell":"biswap","sellPrice":7603.38},{"block":11158695,"timestamp":1632381501,"swapAmountBNB":20,"namebuy":"biswap","buyPrice":7629.44,"namesell":"biswap","sellPrice":7603.38},{"block":11158696,"timestamp":1632381504,"swapAmountBNB":20,"namebuy":"biswap","buyPrice":7628.61,"namesell":"biswap","sellPrice":7602.55},{"block":11158697,"timestamp":1632381507,"swapAmountBNB":20,"namebuy":"biswap","buyPrice":7628.95,"namesell":"biswap","sellPrice":7602.89},{"block":11158698,"timestamp":1632381510,"swapAmountBNB":20,"namebuy":"biswap","buyPrice":7628.95,"namesell":"biswap","sellPrice":7602.89},{"block":11158699,"timestamp":1632381513,"swapAmountBNB":20,"namebuy":"biswap","buyPrice":7628.95,"namesell":"biswap","sellPrice":7602.89},{"block":11158700,"timestamp":1632381516,"swapAmountBNB":20,"namebuy":"biswap","buyPrice":7628.2,"namesell":"biswap","sellPrice":7602.14},{"block":11158701,"timestamp":1632381519,"swapAmountBNB":20,"namebuy":"biswap","buyPrice":7628.2,"namesell":"biswap","sellPrice":7602.14},{"block":11158702,"timestamp":1632381522,"swapAmountBNB":20,"namebuy":"biswap","buyPrice":7628.2,"namesell":"biswap","sellPrice":7602.14},{"block":11158703,"timestamp":1632381525,"swapAmountBNB":20,"namebuy":"biswap","buyPrice":7628.2,"namesell":"biswap","sellPrice":7602.14},{"block":11158704,"timestamp":1632381528,"swapAmountBNB":20,"namebuy":"biswap","buyPrice":7628.2,"namesell":"biswap","sellPrice":7602.14},{"block":11158705,"timestamp":1632381531,"swapAmountBNB":20,"namebuy":"biswap","buyPrice":7628.2,"namesell":"biswap","sellPrice":7602.14},{"block":11158706,"timestamp":1632381534,"swapAmountBNB":20,"namebuy":"biswap","buyPrice":7628.2,"namesell":"biswap","sellPrice":7602.14},{"block":11158707,"timestamp":1632381537,"swapAmountBNB":20,"namebuy":"pancake","buyPrice":7632.55,"namesell":"biswap","sellPrice":7607.85},{"block":11158708,"timestamp":1632381540,"swapAmountBNB":20,"namebuy":"pancake","buyPrice":7632.55,"namesell":"biswap","sellPrice":7607.85},{"block":11158709,"timestamp":1632381543,"swapAmountBNB":20,"namebuy":"pancake","buyPrice":7632.56,"namesell":"biswap","sellPrice":7608.05},{"block":11158710,"timestamp":1632381546,"swapAmountBNB":20,"namebuy":"pancake","buyPrice":7632.55,"namesell":"biswap","sellPrice":7608.05},{"block":11158711,"timestamp":1632381549,"swapAmountBNB":20,"namebuy":"pancake","buyPrice":7632.54,"namesell":"biswap","sellPrice":7608.05},{"block":11158712,"timestamp":1632381552,"swapAmountBNB":20,"namebuy":"pancake","buyPrice":7632.41,"namesell":"biswap","sellPrice":7608.05},{"block":11158713,"timestamp":1632381555,"swapAmountBNB":20,"namebuy":"pancake","buyPrice":7632.32,"namesell":"biswap","sellPrice":7608.05},{"block":11158714,"timestamp":1632381558,"swapAmountBNB":20,"namebuy":"pancake","buyPrice":7632.35,"namesell":"biswap","sellPrice":7608.05},{"block":11158715,"timestamp":1632381561,"swapAmountBNB":20,"namebuy":"pancake","buyPrice":7632.34,"namesell":"biswap","sellPrice":7608.05},{"block":11158716,"timestamp":1632381564,"swapAmountBNB":20,"namebuy":"pancake","buyPrice":7632.32,"namesell":"biswap","sellPrice":7607.97},{"block":11158717,"timestamp":1632381567,"swapAmountBNB":20,"namebuy":"pancake","buyPrice":7633.09,"namesell":"biswap","sellPrice":7607.97},{"block":11158718,"timestamp":1632381570,"swapAmountBNB":20,"namebuy":"pancake","buyPrice":7633.04,"namesell":"biswap","sellPrice":7607.83},{"block":11158719,"timestamp":1632381573,"swapAmountBNB":20,"namebuy":"pancake","buyPrice":7633.04,"namesell":"biswap","sellPrice":7607.83},{"block":11158720,"timestamp":1632381576,"swapAmountBNB":20,"namebuy":"pancake","buyPrice":7633.05,"namesell":"biswap","sellPrice":7607.83},{"block":11158721,"timestamp":1632381579,"swapAmountBNB":20,"namebuy":"pancake","buyPrice":7633.05,"namesell":"biswap","sellPrice":7607.83},{"block":11158722,"timestamp":1632381582,"swapAmountBNB":20,"namebuy":"pancake","buyPrice":7633.05,"namesell":"biswap","sellPrice":7607.83},{"block":11158723,"timestamp":1632381585,"swapAmountBNB":20,"namebuy":"pancake","buyPrice":7633.11,"namesell":"biswap","sellPrice":7607.14},{"block":11158724,"timestamp":1632381588,"swapAmountBNB":20,"namebuy":"pancake","buyPrice":7633.1,"namesell":"biswap","sellPrice":7607.14},{"block":11158725,"timestamp":1632381591,"swapAmountBNB":20,"namebuy":"pancake","buyPrice":7633.14,"namesell":"biswap","sellPrice":7607.14},{"block":11158726,"timestamp":1632381594,"swapAmountBNB":20,"namebuy":"biswap","buyPrice":7633.22,"namesell":"biswap","sellPrice":7607.14}]}