{"table":[{"block":11047699,"timestamp":1632046370,"swapAmountBNB":20,"namebuy":"biswap","buyPrice":8244.25,"namesell":"biswap","sellPrice":8219.62},{"block":11047700,"timestamp":1632046375,"swapAmountBNB":20,"namebuy":"biswap","buyPrice":8244.25,"namesell":"biswap","sellPrice":8219.62},{"block":11047701,"timestamp":1632046378,"swapAmountBNB":20,"namebuy":"biswap","buyPrice":8244.25,"namesell":"biswap","sellPrice":8219.62},{"block":11047702,"timestamp":1632046384,"swapAmountBNB":20,"namebuy":"biswap","buyPrice":8244.41,"namesell":"biswap","sellPrice":8219.78},{"block":11047593,"timestamp":1632045983,"swapAmountBNB":20,"namebuy":"biswap","buyPrice":8253.56,"namesell":"biswap","sellPrice":8228.9},{"block":11047594,"timestamp":1632045986,"swapAmountBNB":20,"namebuy":"biswap","buyPrice":8253.56,"namesell":"biswap","sellPrice":8228.9},{"block":11047595,"timestamp":1632045989,"swapAmountBNB":20,"namebuy":"biswap","buyPrice":8253.52,"namesell":"biswap","sellPrice":8228.85},{"block":11047596,"timestamp":1632045993,"swapAmountBNB":20,"namebuy":"biswap","buyPrice":8253.52,"namesell":"biswap","sellPrice":8228.85},{"block":11047597,"timestamp":1632045996,"swapAmountBNB":20,"namebuy":"biswap","buyPrice":8253.52,"namesell":"biswap","sellPrice":8228.85},{"block":11047598,"timestamp":1632046003,"swapAmountBNB":20,"namebuy":"biswap","buyPrice":8253.52,"namesell":"biswap","sellPrice":8228.85},{"block":11047599,"timestamp":1632046006,"swapAmountBNB":20,"namebuy":"biswap","buyPrice":8253.52,"namesell":"biswap","sellPrice":8228.85},{"block":11047600,"timestamp":1632046009,"swapAmountBNB":20,"namebuy":"biswap","buyPrice":8253.52,"namesell":"biswap","sellPrice":8228.85},{"block":11047601,"timestamp":1632046012,"swapAmountBNB":20,"namebuy":"biswap","buyPrice":8253.52,"namesell":"biswap","sellPrice":8228.85},{"block":11047602,"timestamp":1632046015,"swapAmountBNB":20,"namebuy":"biswap","buyPrice":8257.53,"namesell":"biswap","sellPrice":8232.85},{"block":11047603,"timestamp":1632046019,"swapAmountBNB":20,"namebuy":"biswap","buyPrice":8257.53,"namesell":"biswap","sellPrice":8232.85},{"block":11047604,"timestamp":1632046025,"swapAmountBNB":20,"namebuy":"biswap","buyPrice":8257.53,"namesell":"biswap","sellPrice":8232.85},{"block":11047605,"timestamp":1632046028,"swapAmountBNB":20,"namebuy":"biswap","buyPrice":8257.45,"namesell":"biswap","sellPrice":8232.77},{"block":11047606,"timestamp":1632046031,"swapAmountBNB":20,"namebuy":"biswap","buyPrice":8257.17,"namesell":"biswap","sellPrice":8232.49},{"block":11047607,"timestamp":1632046034,"swapAmountBNB":20,"namebuy":"biswap","buyPrice":8257.15,"namesell":"biswap","sellPrice":8232.47},{"block":11047608,"timestamp":1632046037,"swapAmountBNB":20,"namebuy":"biswap","buyPrice":8257.15,"namesell":"biswap","sellPrice":8232.47},{"block":11047609,"timestamp":1632046040,"swapAmountBNB":20,"namebuy":"biswap","buyPrice":8257.15,"namesell":"biswap","sellPrice":8232.47},{"block":11047610,"timestamp":1632046046,"swapAmountBNB":20,"namebuy":"biswap","buyPrice":8257.15,"namesell":"biswap","sellPrice":8232.47},{"block":11047625,"timestamp":1632046102,"swapAmountBNB":20,"namebuy":"biswap","buyPrice":8254.04,"namesell":"biswap","sellPrice":8229.37},{"block":11047626,"timestamp":1632046106,"swapAmountBNB":20,"namebuy":"biswap","buyPrice":8254.08,"namesell":"biswap","sellPrice":8229.41},{"block":11047627,"timestamp":1632046111,"swapAmountBNB":20,"namebuy":"biswap","buyPrice":8254.08,"namesell":"biswap","sellPrice":8229.41},{"block":11047628,"timestamp":1632046114,"swapAmountBNB":20,"namebuy":"biswap","buyPrice":8254.08,"namesell":"biswap","sellPrice":8229.41},{"block":11047629,"timestamp":1632046117,"swapAmountBNB":20,"namebuy":"biswap","buyPrice":8254.08,"namesell":"biswap","sellPrice":8229.41},{"block":11047630,"timestamp":1632046120,"swapAmountBNB":20,"namebuy":"biswap","buyPrice":8254.18,"namesell":"biswap","sellPrice":8229.51},{"block":11047631,"timestamp":1632046123,"swapAmountBNB":20,"namebuy":"biswap","buyPrice":8254.18,"namesell":"biswap","sellPrice":8229.51},{"block":11047632,"timestamp":1632046130,"swapAmountBNB":20,"namebuy":"biswap","buyPrice":8254.18,"namesell":"biswap","sellPrice":8229.51},{"block":11047633,"timestamp":1632046133,"swapAmountBNB":20,"namebuy":"biswap","buyPrice":8255.67,"namesell":"biswap","sellPrice":8231},{"block":11047634,"timestamp":1632046136,"swapAmountBNB":20,"namebuy":"biswap","buyPrice":8250.76,"namesell":"biswap","sellPrice":8226.11},{"block":11047635,"timestamp":1632046141,"swapAmountBNB":20,"namebuy":"biswap","buyPrice":8250.76,"namesell":"biswap","sellPrice":8226.11},{"block":11047636,"timestamp":1632046145,"swapAmountBNB":20,"namebuy":"biswap","buyPrice":8250.66,"namesell":"biswap","sellPrice":8226},{"block":11047637,"timestamp":1632046150,"swapAmountBNB":20,"namebuy":"biswap","buyPrice":8250.63,"namesell":"biswap","sellPrice":8225.98},{"block":11047638,"timestamp":1632046155,"swapAmountBNB":20,"namebuy":"biswap","buyPrice":8250.63,"namesell":"biswap","sellPrice":8225.98},{"block":11047639,"timestamp":1632046158,"swapAmountBNB":20,"namebuy":"biswap","buyPrice":8250.63,"namesell":"biswap","sellPrice":8225.98},{"block":11047640,"timestamp":1632046163,"swapAmountBNB":20,"namebuy":"biswap","buyPrice":8250.63,"namesell":"biswap","sellPrice":8225.98},{"block":11047641,"timestamp":1632046166,"swapAmountBNB":20,"namebuy":"biswap","buyPrice":8249.44,"namesell":"biswap","sellPrice":8224.78},{"block":11047642,"timestamp":1632046169,"swapAmountBNB":20,"namebuy":"biswap","buyPrice":8249.44,"namesell":"biswap","sellPrice":8224.78},{"block":11047644,"timestamp":1632046175,"swapAmountBNB":20,"namebuy":"biswap","buyPrice":8245.11,"namesell":"biswap","sellPrice":8220.47},{"block":11047645,"timestamp":1632046178,"swapAmountBNB":20,"namebuy":"biswap","buyPrice":8245.11,"namesell":"biswap","sellPrice":8220.47}]}