{"table":[{"block":11053141,"timestamp":1632063309,"swapAmountBNB":20,"namebuy":"biswap","buyPrice":8241.72,"namesell":"biswap","sellPrice":8216.8},{"block":11053142,"timestamp":1632063312,"swapAmountBNB":20,"namebuy":"biswap","buyPrice":8241.72,"namesell":"biswap","sellPrice":8216.8},{"block":11053143,"timestamp":1632063315,"swapAmountBNB":20,"namebuy":"biswap","buyPrice":8241.72,"namesell":"biswap","sellPrice":8216.8},{"block":11053144,"timestamp":1632063318,"swapAmountBNB":20,"namebuy":"biswap","buyPrice":8241.72,"namesell":"biswap","sellPrice":8216.8},{"block":11053145,"timestamp":1632063321,"swapAmountBNB":20,"namebuy":"biswap","buyPrice":8241.22,"namesell":"biswap","sellPrice":8216.3},{"block":11053146,"timestamp":1632063324,"swapAmountBNB":20,"namebuy":"biswap","buyPrice":8241.22,"namesell":"biswap","sellPrice":8216.3},{"block":11053147,"timestamp":1632063327,"swapAmountBNB":20,"namebuy":"biswap","buyPrice":8241.22,"namesell":"biswap","sellPrice":8216.3},{"block":11053148,"timestamp":1632063330,"swapAmountBNB":20,"namebuy":"biswap","buyPrice":8241.22,"namesell":"biswap","sellPrice":8216.3},{"block":11053149,"timestamp":1632063333,"swapAmountBNB":20,"namebuy":"biswap","buyPrice":8241.22,"namesell":"biswap","sellPrice":8216.3},{"block":11053150,"timestamp":1632063336,"swapAmountBNB":20,"namebuy":"biswap","buyPrice":8241.22,"namesell":"biswap","sellPrice":8216.3},{"block":11053151,"timestamp":1632063339,"swapAmountBNB":20,"namebuy":"biswap","buyPrice":8241.47,"namesell":"biswap","sellPrice":8216.55},{"block":11053152,"timestamp":1632063342,"swapAmountBNB":20,"namebuy":"biswap","buyPrice":8244.33,"namesell":"biswap","sellPrice":8219.4},{"block":11053153,"timestamp":1632063345,"swapAmountBNB":20,"namebuy":"biswap","buyPrice":8244.33,"namesell":"biswap","sellPrice":8219.4},{"block":11053154,"timestamp":1632063348,"swapAmountBNB":20,"namebuy":"biswap","buyPrice":8244.62,"namesell":"biswap","sellPrice":8219.69},{"block":11053155,"timestamp":1632063351,"swapAmountBNB":20,"namebuy":"biswap","buyPrice":8244.62,"namesell":"biswap","sellPrice":8219.69},{"block":11053156,"timestamp":1632063354,"swapAmountBNB":20,"namebuy":"biswap","buyPrice":8244.62,"namesell":"biswap","sellPrice":8219.69},{"block":11053157,"timestamp":1632063357,"swapAmountBNB":20,"namebuy":"biswap","buyPrice":8244.62,"namesell":"biswap","sellPrice":8219.69},{"block":11053158,"timestamp":1632063360,"swapAmountBNB":20,"namebuy":"biswap","buyPrice":8244.62,"namesell":"biswap","sellPrice":8219.69},{"block":11053159,"timestamp":1632063363,"swapAmountBNB":20,"namebuy":"biswap","buyPrice":8244.62,"namesell":"biswap","sellPrice":8219.69},{"block":11053160,"timestamp":1632063366,"swapAmountBNB":20,"namebuy":"biswap","buyPrice":8242.51,"namesell":"biswap","sellPrice":8217.59},{"block":11053161,"timestamp":1632063369,"swapAmountBNB":20,"namebuy":"biswap","buyPrice":8242.07,"namesell":"biswap","sellPrice":8217.15},{"block":11053162,"timestamp":1632063372,"swapAmountBNB":20,"namebuy":"biswap","buyPrice":8237.42,"namesell":"biswap","sellPrice":8212.52},{"block":11053163,"timestamp":1632063375,"swapAmountBNB":20,"namebuy":"biswap","buyPrice":8237.42,"namesell":"biswap","sellPrice":8212.52},{"block":11053164,"timestamp":1632063378,"swapAmountBNB":20,"namebuy":"biswap","buyPrice":8237.42,"namesell":"biswap","sellPrice":8212.52},{"block":11053165,"timestamp":1632063381,"swapAmountBNB":20,"namebuy":"biswap","buyPrice":8237.97,"namesell":"biswap","sellPrice":8213.06},{"block":11053166,"timestamp":1632063384,"swapAmountBNB":20,"namebuy":"biswap","buyPrice":8237.82,"namesell":"biswap","sellPrice":8212.91},{"block":11053167,"timestamp":1632063387,"swapAmountBNB":20,"namebuy":"biswap","buyPrice":8237.82,"namesell":"biswap","sellPrice":8212.91},{"block":11053168,"timestamp":1632063390,"swapAmountBNB":20,"namebuy":"biswap","buyPrice":8236.66,"namesell":"biswap","sellPrice":8211.75},{"block":11053169,"timestamp":1632063393,"swapAmountBNB":20,"namebuy":"biswap","buyPrice":8236.74,"namesell":"biswap","sellPrice":8211.84},{"block":11053170,"timestamp":1632063396,"swapAmountBNB":20,"namebuy":"biswap","buyPrice":8237.2,"namesell":"biswap","sellPrice":8212.3},{"block":11053171,"timestamp":1632063399,"swapAmountBNB":20,"namebuy":"biswap","buyPrice":8237.2,"namesell":"biswap","sellPrice":8212.3},{"block":11053172,"timestamp":1632063402,"swapAmountBNB":20,"namebuy":"biswap","buyPrice":8237.08,"namesell":"biswap","sellPrice":8212.17},{"block":11053173,"timestamp":1632063405,"swapAmountBNB":20,"namebuy":"biswap","buyPrice":8237.08,"namesell":"biswap","sellPrice":8212.17},{"block":11053174,"timestamp":1632063408,"swapAmountBNB":20,"namebuy":"biswap","buyPrice":8235.87,"namesell":"pancake","sellPrice":8211.3},{"block":11053175,"timestamp":1632063411,"swapAmountBNB":20,"namebuy":"biswap","buyPrice":8236.14,"namesell":"biswap","sellPrice":8211.24},{"block":11053176,"timestamp":1632063414,"swapAmountBNB":20,"namebuy":"biswap","buyPrice":8234.21,"namesell":"pancake","sellPrice":8210.98},{"block":11053177,"timestamp":1632063417,"swapAmountBNB":20,"namebuy":"biswap","buyPrice":8234.21,"namesell":"pancake","sellPrice":8210.86},{"block":11053178,"timestamp":1632063420,"swapAmountBNB":20,"namebuy":"biswap","buyPrice":8230.91,"namesell":"pancake","sellPrice":8210.35},{"block":11053179,"timestamp":1632063423,"swapAmountBNB":20,"namebuy":"biswap","buyPrice":8230.91,"namesell":"pancake","sellPrice":8210.33},{"block":11053180,"timestamp":1632063426,"swapAmountBNB":20,"namebuy":"biswap","buyPrice":8235.3,"namesell":"biswap","sellPrice":8210.4},{"block":11053181,"timestamp":1632063429,"swapAmountBNB":20,"namebuy":"biswap","buyPrice":8235.3,"namesell":"biswap","sellPrice":8210.4},{"block":11053182,"timestamp":1632063432,"swapAmountBNB":20,"namebuy":"biswap","buyPrice":8235.3,"namesell":"biswap","sellPrice":8210.4},{"block":11053183,"timestamp":1632063435,"swapAmountBNB":20,"namebuy":"biswap","buyPrice":8234.14,"namesell":"pancake","sellPrice":8209.78},{"block":11053184,"timestamp":1632063438,"swapAmountBNB":20,"namebuy":"biswap","buyPrice":8234.14,"namesell":"pancake","sellPrice":8209.74},{"block":11053185,"timestamp":1632063441,"swapAmountBNB":20,"namebuy":"biswap","buyPrice":8234.14,"namesell":"pancake","sellPrice":8209.73},{"block":11053186,"timestamp":1632063444,"swapAmountBNB":20,"namebuy":"biswap","buyPrice":8234.14,"namesell":"pancake","sellPrice":8209.72},{"block":11053187,"timestamp":1632063447,"swapAmountBNB":20,"namebuy":"biswap","buyPrice":8236.93,"namesell":"biswap","sellPrice":8212.02},{"block":11053188,"timestamp":1632063450,"swapAmountBNB":20,"namebuy":"biswap","buyPrice":8236.93,"namesell":"biswap","sellPrice":8212.02},{"block":11053189,"timestamp":1632063453,"swapAmountBNB":20,"namebuy":"biswap","buyPrice":8236.57,"namesell":"biswap","sellPrice":8211.66},{"block":11053190,"timestamp":1632063456,"swapAmountBNB":20,"namebuy":"biswap","buyPrice":8236.57,"namesell":"biswap","sellPrice":8211.66},{"block":11053191,"timestamp":1632063459,"swapAmountBNB":20,"namebuy":"biswap","buyPrice":8236.57,"namesell":"biswap","sellPrice":8211.66},{"block":11053192,"timestamp":1632063462,"swapAmountBNB":20,"namebuy":"biswap","buyPrice":8236.16,"namesell":"biswap","sellPrice":8211.26},{"block":11053193,"timestamp":1632063465,"swapAmountBNB":20,"namebuy":"biswap","buyPrice":8236.16,"namesell":"biswap","sellPrice":8211.26},{"block":11053194,"timestamp":1632063468,"swapAmountBNB":20,"namebuy":"biswap","buyPrice":8236.16,"namesell":"biswap","sellPrice":8211.26},{"block":11053195,"timestamp":1632063471,"swapAmountBNB":20,"namebuy":"biswap","buyPrice":8236.16,"namesell":"biswap","sellPrice":8211.26},{"block":11053196,"timestamp":1632063474,"swapAmountBNB":20,"namebuy":"biswap","buyPrice":8233.01,"namesell":"pancake","sellPrice":8209.81},{"block":11053197,"timestamp":1632063477,"swapAmountBNB":20,"namebuy":"biswap","buyPrice":8232.93,"namesell":"pancake","sellPrice":8209.88},{"block":11053198,"timestamp":1632063480,"swapAmountBNB":20,"namebuy":"biswap","buyPrice":8232.93,"namesell":"pancake","sellPrice":8209.94},{"block":11053199,"timestamp":1632063483,"swapAmountBNB":20,"namebuy":"biswap","buyPrice":8232.93,"namesell":"pancake","sellPrice":8209.93},{"block":11053200,"timestamp":1632063486,"swapAmountBNB":20,"namebuy":"biswap","buyPrice":8232.64,"namesell":"pancake","sellPrice":8209.92},{"block":11053201,"timestamp":1632063489,"swapAmountBNB":20,"namebuy":"biswap","buyPrice":8232.64,"namesell":"pancake","sellPrice":8209.92},{"block":11053202,"timestamp":1632063492,"swapAmountBNB":20,"namebuy":"biswap","buyPrice":8232.64,"namesell":"pancake","sellPrice":8209.87},{"block":11053203,"timestamp":1632063495,"swapAmountBNB":20,"namebuy":"biswap","buyPrice":8232.75,"namesell":"pancake","sellPrice":8209.83},{"block":11053204,"timestamp":1632063498,"swapAmountBNB":20,"namebuy":"biswap","buyPrice":8232.75,"namesell":"pancake","sellPrice":8209.84},{"block":11053205,"timestamp":1632063501,"swapAmountBNB":20,"namebuy":"biswap","buyPrice":8232.75,"namesell":"pancake","sellPrice":8209.82},{"block":11053206,"timestamp":1632063504,"swapAmountBNB":20,"namebuy":"biswap","buyPrice":8233.33,"namesell":"pancake","sellPrice":8209.85},{"block":11053207,"timestamp":1632063507,"swapAmountBNB":20,"namebuy":"biswap","buyPrice":8233.33,"namesell":"pancake","sellPrice":8209.57},{"block":11053208,"timestamp":1632063510,"swapAmountBNB":20,"namebuy":"biswap","buyPrice":8233.33,"namesell":"pancake","sellPrice":8209.6},{"block":11053209,"timestamp":1632063513,"swapAmountBNB":20,"namebuy":"biswap","buyPrice":8233.33,"namesell":"pancake","sellPrice":8208.69},{"block":11053210,"timestamp":1632063516,"swapAmountBNB":20,"namebuy":"biswap","buyPrice":8233.33,"namesell":"pancake","sellPrice":8208.67},{"block":11053211,"timestamp":1632063519,"swapAmountBNB":20,"namebuy":"biswap","buyPrice":8233.33,"namesell":"pancake","sellPrice":8208.69},{"block":11053212,"timestamp":1632063522,"swapAmountBNB":20,"namebuy":"biswap","buyPrice":8234.49,"namesell":"biswap","sellPrice":8209.6},{"block":11053213,"timestamp":1632063525,"swapAmountBNB":20,"namebuy":"biswap","buyPrice":8234.49,"namesell":"biswap","sellPrice":8209.6},{"block":11053214,"timestamp":1632063528,"swapAmountBNB":20,"namebuy":"biswap","buyPrice":8234.49,"namesell":"biswap","sellPrice":8209.6},{"block":11053215,"timestamp":1632063531,"swapAmountBNB":20,"namebuy":"biswap","buyPrice":8234.64,"namesell":"biswap","sellPrice":8209.75},{"block":11053216,"timestamp":1632063534,"swapAmountBNB":20,"namebuy":"biswap","buyPrice":8234.64,"namesell":"biswap","sellPrice":8209.75},{"block":11053217,"timestamp":1632063537,"swapAmountBNB":20,"namebuy":"biswap","buyPrice":8234.37,"namesell":"biswap","sellPrice":8209.48},{"block":11053218,"timestamp":1632063540,"swapAmountBNB":20,"namebuy":"biswap","buyPrice":8234.37,"namesell":"biswap","sellPrice":8209.48},{"block":11053219,"timestamp":1632063543,"swapAmountBNB":20,"namebuy":"biswap","buyPrice":8233.15,"namesell":"biswap","sellPrice":8208.26},{"block":11053220,"timestamp":1632063546,"swapAmountBNB":20,"namebuy":"biswap","buyPrice":8233.15,"namesell":"pancake","sellPrice":8208.3},{"block":11053221,"timestamp":1632063549,"swapAmountBNB":20,"namebuy":"biswap","buyPrice":8232.89,"namesell":"pancake","sellPrice":8208.32},{"block":11053222,"timestamp":1632063552,"swapAmountBNB":20,"namebuy":"biswap","buyPrice":8232.89,"namesell":"pancake","sellPrice":8208.3},{"block":11053223,"timestamp":1632063555,"swapAmountBNB":20,"namebuy":"biswap","buyPrice":8232.78,"namesell":"pancake","sellPrice":8208.3},{"block":11053224,"timestamp":1632063558,"swapAmountBNB":20,"namebuy":"biswap","buyPrice":8232.78,"namesell":"pancake","sellPrice":8208.32},{"block":11053225,"timestamp":1632063561,"swapAmountBNB":20,"namebuy":"biswap","buyPrice":8232.78,"namesell":"pancake","sellPrice":8208.24},{"block":11053226,"timestamp":1632063564,"swapAmountBNB":20,"namebuy":"biswap","buyPrice":8232.78,"namesell":"pancake","sellPrice":8208.22},{"block":11053227,"timestamp":1632063567,"swapAmountBNB":20,"namebuy":"biswap","buyPrice":8232.81,"namesell":"pancake","sellPrice":8208.23},{"block":11053228,"timestamp":1632063570,"swapAmountBNB":20,"namebuy":"biswap","buyPrice":8232.71,"namesell":"pancake","sellPrice":8208.14},{"block":11053229,"timestamp":1632063573,"swapAmountBNB":20,"namebuy":"biswap","buyPrice":8232.71,"namesell":"pancake","sellPrice":8208.17},{"block":11053230,"timestamp":1632063576,"swapAmountBNB":20,"namebuy":"biswap","buyPrice":8232.71,"namesell":"pancake","sellPrice":8208.24},{"block":11053231,"timestamp":1632063579,"swapAmountBNB":20,"namebuy":"biswap","buyPrice":8232.74,"namesell":"pancake","sellPrice":8208.25},{"block":11053232,"timestamp":1632063582,"swapAmountBNB":20,"namebuy":"biswap","buyPrice":8232.74,"namesell":"pancake","sellPrice":8208.26},{"block":11053233,"timestamp":1632063585,"swapAmountBNB":20,"namebuy":"biswap","buyPrice":8232.74,"namesell":"pancake","sellPrice":8208.19},{"block":11053234,"timestamp":1632063588,"swapAmountBNB":20,"namebuy":"biswap","buyPrice":8232.74,"namesell":"pancake","sellPrice":8208.07},{"block":11053235,"timestamp":1632063591,"swapAmountBNB":20,"namebuy":"biswap","buyPrice":8232.74,"namesell":"pancake","sellPrice":8208.05}]}