{"table":[{"block":11506846,"timestamp":1633434051,"swapAmountBNB":5,"namebuy":"biswap","buyPrice":2206.49,"namesell":"apeswap","sellPrice":2202.25},{"block":11506847,"timestamp":1633434054,"swapAmountBNB":5,"namebuy":"biswap","buyPrice":2206.49,"namesell":"apeswap","sellPrice":2202.25},{"block":11506848,"timestamp":1633434057,"swapAmountBNB":5,"namebuy":"biswap","buyPrice":2206.52,"namesell":"apeswap","sellPrice":2202.25},{"block":11506849,"timestamp":1633434060,"swapAmountBNB":5,"namebuy":"biswap","buyPrice":2206.52,"namesell":"apeswap","sellPrice":2202.25},{"block":11506850,"timestamp":1633434063,"swapAmountBNB":5,"namebuy":"biswap","buyPrice":2206.73,"namesell":"apeswap","sellPrice":2202.25},{"block":11506851,"timestamp":1633434066,"swapAmountBNB":5,"namebuy":"biswap","buyPrice":2206.73,"namesell":"apeswap","sellPrice":2201.77},{"block":11506852,"timestamp":1633434069,"swapAmountBNB":5,"namebuy":"biswap","buyPrice":2206.73,"namesell":"apeswap","sellPrice":2201.77},{"block":11506853,"timestamp":1633434072,"swapAmountBNB":5,"namebuy":"biswap","buyPrice":2206.73,"namesell":"apeswap","sellPrice":2201.63},{"block":11506854,"timestamp":1633434075,"swapAmountBNB":5,"namebuy":"biswap","buyPrice":2206.73,"namesell":"apeswap","sellPrice":2201.63},{"block":11506855,"timestamp":1633434078,"swapAmountBNB":5,"namebuy":"biswap","buyPrice":2206.73,"namesell":"biswap","sellPrice":2201.35},{"block":11506856,"timestamp":1633434081,"swapAmountBNB":5,"namebuy":"biswap","buyPrice":2206.73,"namesell":"biswap","sellPrice":2201.35},{"block":11506857,"timestamp":1633434084,"swapAmountBNB":5,"namebuy":"biswap","buyPrice":2206.77,"namesell":"biswap","sellPrice":2201.38},{"block":11506858,"timestamp":1633434087,"swapAmountBNB":5,"namebuy":"biswap","buyPrice":2206.79,"namesell":"apeswap","sellPrice":2201.89},{"block":11506859,"timestamp":1633434090,"swapAmountBNB":5,"namebuy":"biswap","buyPrice":2206.79,"namesell":"apeswap","sellPrice":2201.89},{"block":11506860,"timestamp":1633434093,"swapAmountBNB":5,"namebuy":"biswap","buyPrice":2206.79,"namesell":"apeswap","sellPrice":2201.89},{"block":11506861,"timestamp":1633434096,"swapAmountBNB":5,"namebuy":"biswap","buyPrice":2206.78,"namesell":"apeswap","sellPrice":2201.68},{"block":11506862,"timestamp":1633434099,"swapAmountBNB":5,"namebuy":"biswap","buyPrice":2206.76,"namesell":"apeswap","sellPrice":2201.68},{"block":11506863,"timestamp":1633434102,"swapAmountBNB":5,"namebuy":"biswap","buyPrice":2206.76,"namesell":"apeswap","sellPrice":2201.68},{"block":11506864,"timestamp":1633434105,"swapAmountBNB":5,"namebuy":"biswap","buyPrice":2206.71,"namesell":"apeswap","sellPrice":2201.68},{"block":11506865,"timestamp":1633434108,"swapAmountBNB":5,"namebuy":"biswap","buyPrice":2206.71,"namesell":"apeswap","sellPrice":2201.68},{"block":11506866,"timestamp":1633434111,"swapAmountBNB":5,"namebuy":"biswap","buyPrice":2206.71,"namesell":"apeswap","sellPrice":2201.68},{"block":11506867,"timestamp":1633434114,"swapAmountBNB":5,"namebuy":"biswap","buyPrice":2206.71,"namesell":"apeswap","sellPrice":2201.68},{"block":11506868,"timestamp":1633434117,"swapAmountBNB":5,"namebuy":"biswap","buyPrice":2206.71,"namesell":"apeswap","sellPrice":2201.68},{"block":11506869,"timestamp":1633434120,"swapAmountBNB":5,"namebuy":"biswap","buyPrice":2206.75,"namesell":"apeswap","sellPrice":2201.68},{"block":11506870,"timestamp":1633434123,"swapAmountBNB":5,"namebuy":"biswap","buyPrice":2206.75,"namesell":"apeswap","sellPrice":2201.68},{"block":11506871,"timestamp":1633434126,"swapAmountBNB":5,"namebuy":"biswap","buyPrice":2206.75,"namesell":"apeswap","sellPrice":2201.68},{"block":11506872,"timestamp":1633434129,"swapAmountBNB":5,"namebuy":"biswap","buyPrice":2206.75,"namesell":"apeswap","sellPrice":2201.67},{"block":11506873,"timestamp":1633434132,"swapAmountBNB":5,"namebuy":"biswap","buyPrice":2206.8,"namesell":"apeswap","sellPrice":2201.67},{"block":11506874,"timestamp":1633434135,"swapAmountBNB":5,"namebuy":"biswap","buyPrice":2206.8,"namesell":"apeswap","sellPrice":2201.67},{"block":11506875,"timestamp":1633434138,"swapAmountBNB":5,"namebuy":"biswap","buyPrice":2206.85,"namesell":"biswap","sellPrice":2201.47},{"block":11506876,"timestamp":1633434141,"swapAmountBNB":5,"namebuy":"biswap","buyPrice":2206.9,"namesell":"apeswap","sellPrice":2203.03},{"block":11506877,"timestamp":1633434144,"swapAmountBNB":5,"namebuy":"biswap","buyPrice":2206.9,"namesell":"apeswap","sellPrice":2203.03},{"block":11506878,"timestamp":1633434147,"swapAmountBNB":5,"namebuy":"biswap","buyPrice":2206.9,"namesell":"apeswap","sellPrice":2203.03},{"block":11506879,"timestamp":1633434150,"swapAmountBNB":5,"namebuy":"biswap","buyPrice":2206.9,"namesell":"apeswap","sellPrice":2201.96},{"block":11506880,"timestamp":1633434153,"swapAmountBNB":5,"namebuy":"biswap","buyPrice":2207.04,"namesell":"biswap","sellPrice":2201.66},{"block":11506881,"timestamp":1633434156,"swapAmountBNB":5,"namebuy":"biswap","buyPrice":2207.04,"namesell":"biswap","sellPrice":2201.66},{"block":11506882,"timestamp":1633434159,"swapAmountBNB":5,"namebuy":"biswap","buyPrice":2207.04,"namesell":"biswap","sellPrice":2201.66},{"block":11506883,"timestamp":1633434162,"swapAmountBNB":5,"namebuy":"biswap","buyPrice":2207.04,"namesell":"biswap","sellPrice":2201.66},{"block":11506884,"timestamp":1633434165,"swapAmountBNB":5,"namebuy":"biswap","buyPrice":2207.04,"namesell":"biswap","sellPrice":2201.66},{"block":11506885,"timestamp":1633434168,"swapAmountBNB":5,"namebuy":"biswap","buyPrice":2207.04,"namesell":"biswap","sellPrice":2201.66},{"block":11506886,"timestamp":1633434171,"swapAmountBNB":5,"namebuy":"biswap","buyPrice":2207.03,"namesell":"biswap","sellPrice":2201.65},{"block":11506887,"timestamp":1633434174,"swapAmountBNB":5,"namebuy":"biswap","buyPrice":2207.14,"namesell":"biswap","sellPrice":2201.76},{"block":11506888,"timestamp":1633434177,"swapAmountBNB":5,"namebuy":"biswap","buyPrice":2205.99,"namesell":"biswap","sellPrice":2200.61},{"block":11506889,"timestamp":1633434180,"swapAmountBNB":5,"namebuy":"biswap","buyPrice":2205.99,"namesell":"biswap","sellPrice":2200.61},{"block":11506890,"timestamp":1633434183,"swapAmountBNB":5,"namebuy":"biswap","buyPrice":2205.99,"namesell":"biswap","sellPrice":2200.61},{"block":11506891,"timestamp":1633434186,"swapAmountBNB":5,"namebuy":"biswap","buyPrice":2205.99,"namesell":"biswap","sellPrice":2200.61},{"block":11506892,"timestamp":1633434189,"swapAmountBNB":5,"namebuy":"biswap","buyPrice":2205.84,"namesell":"biswap","sellPrice":2200.46},{"block":11506893,"timestamp":1633434192,"swapAmountBNB":5,"namebuy":"biswap","buyPrice":2205.84,"namesell":"biswap","sellPrice":2200.46},{"block":11506894,"timestamp":1633434195,"swapAmountBNB":5,"namebuy":"biswap","buyPrice":2205.84,"namesell":"pancake","sellPrice":2200.49},{"block":11506895,"timestamp":1633434198,"swapAmountBNB":5,"namebuy":"biswap","buyPrice":2205.84,"namesell":"pancake","sellPrice":2200.51},{"block":11506896,"timestamp":1633434201,"swapAmountBNB":5,"namebuy":"biswap","buyPrice":2205.81,"namesell":"pancake","sellPrice":2200.51},{"block":11506897,"timestamp":1633434204,"swapAmountBNB":5,"namebuy":"biswap","buyPrice":2205.81,"namesell":"pancake","sellPrice":2200.5},{"block":11506898,"timestamp":1633434207,"swapAmountBNB":5,"namebuy":"biswap","buyPrice":2205.89,"namesell":"biswap","sellPrice":2200.51},{"block":11506899,"timestamp":1633434210,"swapAmountBNB":5,"namebuy":"biswap","buyPrice":2205.89,"namesell":"biswap","sellPrice":2200.51},{"block":11506900,"timestamp":1633434213,"swapAmountBNB":5,"namebuy":"biswap","buyPrice":2205.89,"namesell":"biswap","sellPrice":2200.51},{"block":11506901,"timestamp":1633434216,"swapAmountBNB":5,"namebuy":"biswap","buyPrice":2205.89,"namesell":"biswap","sellPrice":2200.51},{"block":11506902,"timestamp":1633434219,"swapAmountBNB":5,"namebuy":"biswap","buyPrice":2205.89,"namesell":"biswap","sellPrice":2200.51},{"block":11506903,"timestamp":1633434222,"swapAmountBNB":5,"namebuy":"biswap","buyPrice":2205.37,"namesell":"pancake","sellPrice":2200.49},{"block":11506904,"timestamp":1633434225,"swapAmountBNB":5,"namebuy":"biswap","buyPrice":2205.37,"namesell":"pancake","sellPrice":2200.54},{"block":11506905,"timestamp":1633434228,"swapAmountBNB":5,"namebuy":"biswap","buyPrice":2206.18,"namesell":"biswap","sellPrice":2200.8},{"block":11506906,"timestamp":1633434231,"swapAmountBNB":5,"namebuy":"biswap","buyPrice":2206.18,"namesell":"biswap","sellPrice":2200.8},{"block":11506907,"timestamp":1633434234,"swapAmountBNB":5,"namebuy":"biswap","buyPrice":2206.18,"namesell":"biswap","sellPrice":2200.8},{"block":11506908,"timestamp":1633434237,"swapAmountBNB":5,"namebuy":"biswap","buyPrice":2206.18,"namesell":"biswap","sellPrice":2200.8},{"block":11506909,"timestamp":1633434240,"swapAmountBNB":5,"namebuy":"biswap","buyPrice":2206.2,"namesell":"biswap","sellPrice":2200.82},{"block":11506910,"timestamp":1633434243,"swapAmountBNB":5,"namebuy":"biswap","buyPrice":2206.2,"namesell":"biswap","sellPrice":2200.82},{"block":11506911,"timestamp":1633434246,"swapAmountBNB":5,"namebuy":"biswap","buyPrice":2206.2,"namesell":"biswap","sellPrice":2200.82},{"block":11506912,"timestamp":1633434249,"swapAmountBNB":5,"namebuy":"biswap","buyPrice":2206.16,"namesell":"biswap","sellPrice":2200.78},{"block":11506913,"timestamp":1633434252,"swapAmountBNB":5,"namebuy":"apeswap","buyPrice":2207.27,"namesell":"biswap","sellPrice":2202.16},{"block":11506914,"timestamp":1633434255,"swapAmountBNB":5,"namebuy":"apeswap","buyPrice":2207.27,"namesell":"biswap","sellPrice":2202.16},{"block":11506915,"timestamp":1633434258,"swapAmountBNB":5,"namebuy":"apeswap","buyPrice":2207.27,"namesell":"biswap","sellPrice":2201.97},{"block":11506916,"timestamp":1633434261,"swapAmountBNB":5,"namebuy":"apeswap","buyPrice":2207.28,"namesell":"biswap","sellPrice":2201.97},{"block":11506917,"timestamp":1633434264,"swapAmountBNB":5,"namebuy":"apeswap","buyPrice":2207.28,"namesell":"biswap","sellPrice":2201.97},{"block":11506918,"timestamp":1633434267,"swapAmountBNB":5,"namebuy":"apeswap","buyPrice":2207.27,"namesell":"biswap","sellPrice":2201.97},{"block":11506919,"timestamp":1633434270,"swapAmountBNB":5,"namebuy":"biswap","buyPrice":2205.48,"namesell":"biswap","sellPrice":2200.1},{"block":11506920,"timestamp":1633434273,"swapAmountBNB":5,"namebuy":"biswap","buyPrice":2205.48,"namesell":"biswap","sellPrice":2200.1},{"block":11506921,"timestamp":1633434276,"swapAmountBNB":5,"namebuy":"biswap","buyPrice":2205.48,"namesell":"biswap","sellPrice":2200.1},{"block":11506922,"timestamp":1633434279,"swapAmountBNB":5,"namebuy":"biswap","buyPrice":2205.48,"namesell":"biswap","sellPrice":2200.1},{"block":11506923,"timestamp":1633434282,"swapAmountBNB":5,"namebuy":"biswap","buyPrice":2204.22,"namesell":"biswap","sellPrice":2198.85},{"block":11506924,"timestamp":1633434285,"swapAmountBNB":5,"namebuy":"biswap","buyPrice":2204.11,"namesell":"biswap","sellPrice":2198.74},{"block":11506925,"timestamp":1633434288,"swapAmountBNB":5,"namebuy":"biswap","buyPrice":2204.11,"namesell":"apeswap","sellPrice":2198.75},{"block":11506926,"timestamp":1633434291,"swapAmountBNB":5,"namebuy":"biswap","buyPrice":2204.1,"namesell":"apeswap","sellPrice":2198.75},{"block":11506927,"timestamp":1633434294,"swapAmountBNB":5,"namebuy":"biswap","buyPrice":2204.1,"namesell":"apeswap","sellPrice":2198.75},{"block":11506928,"timestamp":1633434297,"swapAmountBNB":5,"namebuy":"biswap","buyPrice":2204.1,"namesell":"apeswap","sellPrice":2198.74},{"block":11506929,"timestamp":1633434300,"swapAmountBNB":5,"namebuy":"biswap","buyPrice":2204.1,"namesell":"apeswap","sellPrice":2198.74},{"block":11506930,"timestamp":1633434303,"swapAmountBNB":5,"namebuy":"biswap","buyPrice":2204.1,"namesell":"apeswap","sellPrice":2198.74},{"block":11506931,"timestamp":1633434306,"swapAmountBNB":5,"namebuy":"biswap","buyPrice":2204.06,"namesell":"apeswap","sellPrice":2198.74},{"block":11506932,"timestamp":1633434309,"swapAmountBNB":5,"namebuy":"biswap","buyPrice":2204.11,"namesell":"apeswap","sellPrice":2198.81},{"block":11506933,"timestamp":1633434312,"swapAmountBNB":5,"namebuy":"biswap","buyPrice":2204.11,"namesell":"apeswap","sellPrice":2198.81},{"block":11506934,"timestamp":1633434315,"swapAmountBNB":5,"namebuy":"biswap","buyPrice":2204.11,"namesell":"biswap","sellPrice":2198.73},{"block":11506935,"timestamp":1633434318,"swapAmountBNB":5,"namebuy":"biswap","buyPrice":2205.62,"namesell":"biswap","sellPrice":2200.24},{"block":11506936,"timestamp":1633434321,"swapAmountBNB":5,"namebuy":"biswap","buyPrice":2205.62,"namesell":"biswap","sellPrice":2200.24},{"block":11506937,"timestamp":1633434324,"swapAmountBNB":5,"namebuy":"biswap","buyPrice":2206.99,"namesell":"biswap","sellPrice":2201.61},{"block":11506938,"timestamp":1633434327,"swapAmountBNB":5,"namebuy":"biswap","buyPrice":2205.59,"namesell":"biswap","sellPrice":2200.21},{"block":11506939,"timestamp":1633434330,"swapAmountBNB":5,"namebuy":"biswap","buyPrice":2205.59,"namesell":"biswap","sellPrice":2200.21},{"block":11506940,"timestamp":1633434333,"swapAmountBNB":5,"namebuy":"biswap","buyPrice":2205.59,"namesell":"biswap","sellPrice":2200.21},{"block":11506941,"timestamp":1633434336,"swapAmountBNB":5,"namebuy":"biswap","buyPrice":2205.59,"namesell":"biswap","sellPrice":2200.21},{"block":11506942,"timestamp":1633434339,"swapAmountBNB":5,"namebuy":"biswap","buyPrice":2205.59,"namesell":"biswap","sellPrice":2200.21},{"block":11506943,"timestamp":1633434342,"swapAmountBNB":5,"namebuy":"biswap","buyPrice":2205.59,"namesell":"biswap","sellPrice":2200.21},{"block":11506944,"timestamp":1633434345,"swapAmountBNB":5,"namebuy":"biswap","buyPrice":2206.11,"namesell":"biswap","sellPrice":2200.73},{"block":11506945,"timestamp":1633434348,"swapAmountBNB":5,"namebuy":"biswap","buyPrice":2206.11,"namesell":"biswap","sellPrice":2200.73},{"block":11506946,"timestamp":1633434351,"swapAmountBNB":5,"namebuy":"biswap","buyPrice":2206.11,"namesell":"biswap","sellPrice":2200.73},{"block":11506947,"timestamp":1633434354,"swapAmountBNB":5,"namebuy":"biswap","buyPrice":2206.07,"namesell":"biswap","sellPrice":2200.69},{"block":11506948,"timestamp":1633434357,"swapAmountBNB":5,"namebuy":"biswap","buyPrice":2206.07,"namesell":"biswap","sellPrice":2200.69},{"block":11506949,"timestamp":1633434360,"swapAmountBNB":5,"namebuy":"biswap","buyPrice":2206.05,"namesell":"biswap","sellPrice":2200.67},{"block":11506950,"timestamp":1633434363,"swapAmountBNB":5,"namebuy":"biswap","buyPrice":2203.92,"namesell":"biswap","sellPrice":2198.54},{"block":11506951,"timestamp":1633434366,"swapAmountBNB":5,"namebuy":"biswap","buyPrice":2203.97,"namesell":"biswap","sellPrice":2198.6},{"block":11506952,"timestamp":1633434369,"swapAmountBNB":5,"namebuy":"biswap","buyPrice":2203.97,"namesell":"biswap","sellPrice":2198.6},{"block":11506953,"timestamp":1633434372,"swapAmountBNB":5,"namebuy":"biswap","buyPrice":2203.97,"namesell":"biswap","sellPrice":2198.6},{"block":11506954,"timestamp":1633434375,"swapAmountBNB":5,"namebuy":"biswap","buyPrice":2203.97,"namesell":"biswap","sellPrice":2198.6},{"block":11506955,"timestamp":1633434378,"swapAmountBNB":5,"namebuy":"biswap","buyPrice":2203.97,"namesell":"biswap","sellPrice":2198.6},{"block":11506956,"timestamp":1633434381,"swapAmountBNB":5,"namebuy":"biswap","buyPrice":2203.97,"namesell":"biswap","sellPrice":2198.6},{"block":11506957,"timestamp":1633434384,"swapAmountBNB":5,"namebuy":"biswap","buyPrice":2203.97,"namesell":"biswap","sellPrice":2198.6},{"block":11506958,"timestamp":1633434387,"swapAmountBNB":5,"namebuy":"biswap","buyPrice":2203.97,"namesell":"biswap","sellPrice":2198.6},{"block":11506959,"timestamp":1633434390,"swapAmountBNB":5,"namebuy":"biswap","buyPrice":2203.97,"namesell":"biswap","sellPrice":2198.6},{"block":11506960,"timestamp":1633434393,"swapAmountBNB":5,"namebuy":"biswap","buyPrice":2203.97,"namesell":"biswap","sellPrice":2198.6},{"block":11506961,"timestamp":1633434396,"swapAmountBNB":5,"namebuy":"biswap","buyPrice":2203.97,"namesell":"biswap","sellPrice":2198.6},{"block":11506962,"timestamp":1633434399,"swapAmountBNB":5,"namebuy":"biswap","buyPrice":2203.97,"namesell":"biswap","sellPrice":2198.6},{"block":11506963,"timestamp":1633434402,"swapAmountBNB":5,"namebuy":"biswap","buyPrice":2203.97,"namesell":"biswap","sellPrice":2198.6},{"block":11506964,"timestamp":1633434405,"swapAmountBNB":5,"namebuy":"biswap","buyPrice":2203.97,"namesell":"biswap","sellPrice":2198.6},{"block":11506965,"timestamp":1633434408,"swapAmountBNB":5,"namebuy":"biswap","buyPrice":2203.97,"namesell":"biswap","sellPrice":2198.6},{"block":11506966,"timestamp":1633434411,"swapAmountBNB":5,"namebuy":"biswap","buyPrice":2203.97,"namesell":"biswap","sellPrice":2198.6},{"block":11506967,"timestamp":1633434414,"swapAmountBNB":5,"namebuy":"biswap","buyPrice":2203.97,"namesell":"biswap","sellPrice":2198.6},{"block":11506968,"timestamp":1633434417,"swapAmountBNB":5,"namebuy":"biswap","buyPrice":2203.98,"namesell":"biswap","sellPrice":2198.6},{"block":11506969,"timestamp":1633434420,"swapAmountBNB":5,"namebuy":"biswap","buyPrice":2203.98,"namesell":"biswap","sellPrice":2198.6},{"block":11506970,"timestamp":1633434423,"swapAmountBNB":5,"namebuy":"biswap","buyPrice":2203.98,"namesell":"biswap","sellPrice":2198.6},{"block":11506971,"timestamp":1633434426,"swapAmountBNB":5,"namebuy":"biswap","buyPrice":2203.98,"namesell":"biswap","sellPrice":2198.6},{"block":11506972,"timestamp":1633434429,"swapAmountBNB":5,"namebuy":"biswap","buyPrice":2203.98,"namesell":"biswap","sellPrice":2198.6},{"block":11506973,"timestamp":1633434432,"swapAmountBNB":5,"namebuy":"biswap","buyPrice":2203.98,"namesell":"biswap","sellPrice":2198.6},{"block":11506974,"timestamp":1633434435,"swapAmountBNB":5,"namebuy":"biswap","buyPrice":2203.98,"namesell":"biswap","sellPrice":2198.6},{"block":11506975,"timestamp":1633434438,"swapAmountBNB":5,"namebuy":"biswap","buyPrice":2203.98,"namesell":"biswap","sellPrice":2198.6},{"block":11506976,"timestamp":1633434441,"swapAmountBNB":5,"namebuy":"biswap","buyPrice":2203.98,"namesell":"biswap","sellPrice":2198.6},{"block":11506977,"timestamp":1633434444,"swapAmountBNB":5,"namebuy":"biswap","buyPrice":2203.98,"namesell":"biswap","sellPrice":2198.6},{"block":11506978,"timestamp":1633434447,"swapAmountBNB":5,"namebuy":"biswap","buyPrice":2205.2,"namesell":"biswap","sellPrice":2199.82},{"block":11506979,"timestamp":1633434450,"swapAmountBNB":5,"namebuy":"biswap","buyPrice":2205.2,"namesell":"biswap","sellPrice":2199.82},{"block":11506980,"timestamp":1633434453,"swapAmountBNB":5,"namebuy":"biswap","buyPrice":2205.42,"namesell":"biswap","sellPrice":2200.04},{"block":11506981,"timestamp":1633434456,"swapAmountBNB":5,"namebuy":"biswap","buyPrice":2205.42,"namesell":"biswap","sellPrice":2200.04},{"block":11506982,"timestamp":1633434459,"swapAmountBNB":5,"namebuy":"biswap","buyPrice":2205.55,"namesell":"biswap","sellPrice":2200.17},{"block":11506983,"timestamp":1633434462,"swapAmountBNB":5,"namebuy":"biswap","buyPrice":2205.56,"namesell":"biswap","sellPrice":2200.18},{"block":11506984,"timestamp":1633434465,"swapAmountBNB":5,"namebuy":"biswap","buyPrice":2205.6,"namesell":"biswap","sellPrice":2200.22},{"block":11506985,"timestamp":1633434468,"swapAmountBNB":5,"namebuy":"biswap","buyPrice":2205.01,"namesell":"biswap","sellPrice":2199.63},{"block":11506986,"timestamp":1633434471,"swapAmountBNB":5,"namebuy":"biswap","buyPrice":2205.01,"namesell":"biswap","sellPrice":2199.63},{"block":11506987,"timestamp":1633434474,"swapAmountBNB":5,"namebuy":"biswap","buyPrice":2205.01,"namesell":"biswap","sellPrice":2199.63},{"block":11506988,"timestamp":1633434477,"swapAmountBNB":5,"namebuy":"biswap","buyPrice":2204.85,"namesell":"biswap","sellPrice":2199.48},{"block":11506989,"timestamp":1633434480,"swapAmountBNB":5,"namebuy":"biswap","buyPrice":2204.85,"namesell":"biswap","sellPrice":2199.48},{"block":11506990,"timestamp":1633434483,"swapAmountBNB":5,"namebuy":"biswap","buyPrice":2204.85,"namesell":"biswap","sellPrice":2199.48},{"block":11506991,"timestamp":1633434486,"swapAmountBNB":5,"namebuy":"biswap","buyPrice":2205.02,"namesell":"biswap","sellPrice":2199.64},{"block":11506992,"timestamp":1633434489,"swapAmountBNB":5,"namebuy":"biswap","buyPrice":2205.02,"namesell":"biswap","sellPrice":2199.64},{"block":11506993,"timestamp":1633434492,"swapAmountBNB":5,"namebuy":"biswap","buyPrice":2205.02,"namesell":"biswap","sellPrice":2199.64},{"block":11506994,"timestamp":1633434495,"swapAmountBNB":5,"namebuy":"biswap","buyPrice":2205.72,"namesell":"biswap","sellPrice":2200.34},{"block":11506995,"timestamp":1633434498,"swapAmountBNB":5,"namebuy":"biswap","buyPrice":2205.72,"namesell":"biswap","sellPrice":2200.34},{"block":11506996,"timestamp":1633434501,"swapAmountBNB":5,"namebuy":"biswap","buyPrice":2205.72,"namesell":"biswap","sellPrice":2200.34},{"block":11506997,"timestamp":1633434504,"swapAmountBNB":5,"namebuy":"biswap","buyPrice":2205.72,"namesell":"biswap","sellPrice":2200.34},{"block":11506998,"timestamp":1633434507,"swapAmountBNB":5,"namebuy":"biswap","buyPrice":2205.98,"namesell":"biswap","sellPrice":2200.6},{"block":11506999,"timestamp":1633434510,"swapAmountBNB":5,"namebuy":"pancake","buyPrice":2209.01,"namesell":"biswap","sellPrice":2203.87},{"block":11507000,"timestamp":1633434513,"swapAmountBNB":5,"namebuy":"pancake","buyPrice":2209.02,"namesell":"biswap","sellPrice":2203.83},{"block":11507001,"timestamp":1633434516,"swapAmountBNB":5,"namebuy":"biswap","buyPrice":2207.07,"namesell":"biswap","sellPrice":2201.69},{"block":11507002,"timestamp":1633434519,"swapAmountBNB":5,"namebuy":"biswap","buyPrice":2207.07,"namesell":"biswap","sellPrice":2201.69},{"block":11507003,"timestamp":1633434522,"swapAmountBNB":5,"namebuy":"biswap","buyPrice":2207.12,"namesell":"biswap","sellPrice":2201.74},{"block":11507004,"timestamp":1633434525,"swapAmountBNB":5,"namebuy":"biswap","buyPrice":2207.06,"namesell":"biswap","sellPrice":2201.67},{"block":11507005,"timestamp":1633434528,"swapAmountBNB":5,"namebuy":"biswap","buyPrice":2208.5,"namesell":"biswap","sellPrice":2203.11},{"block":11507006,"timestamp":1633434531,"swapAmountBNB":5,"namebuy":"biswap","buyPrice":2208.5,"namesell":"biswap","sellPrice":2203.11},{"block":11507007,"timestamp":1633434534,"swapAmountBNB":5,"namebuy":"biswap","buyPrice":2208.5,"namesell":"biswap","sellPrice":2203.11},{"block":11507008,"timestamp":1633434537,"swapAmountBNB":5,"namebuy":"biswap","buyPrice":2208,"namesell":"biswap","sellPrice":2202.62},{"block":11507009,"timestamp":1633434540,"swapAmountBNB":5,"namebuy":"biswap","buyPrice":2208,"namesell":"biswap","sellPrice":2202.62},{"block":11507010,"timestamp":1633434543,"swapAmountBNB":5,"namebuy":"biswap","buyPrice":2208,"namesell":"biswap","sellPrice":2202.62},{"block":11507011,"timestamp":1633434546,"swapAmountBNB":5,"namebuy":"biswap","buyPrice":2207.71,"namesell":"biswap","sellPrice":2202.32},{"block":11507012,"timestamp":1633434549,"swapAmountBNB":5,"namebuy":"biswap","buyPrice":2207.87,"namesell":"biswap","sellPrice":2202.48},{"block":11507013,"timestamp":1633434552,"swapAmountBNB":5,"namebuy":"biswap","buyPrice":2207.87,"namesell":"biswap","sellPrice":2202.48},{"block":11507014,"timestamp":1633434555,"swapAmountBNB":5,"namebuy":"biswap","buyPrice":2207.87,"namesell":"biswap","sellPrice":2202.48},{"block":11507015,"timestamp":1633434558,"swapAmountBNB":5,"namebuy":"biswap","buyPrice":2207.87,"namesell":"biswap","sellPrice":2202.48},{"block":11507016,"timestamp":1633434561,"swapAmountBNB":5,"namebuy":"biswap","buyPrice":2207.87,"namesell":"biswap","sellPrice":2202.48},{"block":11507017,"timestamp":1633434564,"swapAmountBNB":5,"namebuy":"biswap","buyPrice":2208.01,"namesell":"biswap","sellPrice":2202.63},{"block":11507018,"timestamp":1633434567,"swapAmountBNB":5,"namebuy":"biswap","buyPrice":2208.01,"namesell":"biswap","sellPrice":2202.63},{"block":11507019,"timestamp":1633434570,"swapAmountBNB":5,"namebuy":"biswap","buyPrice":2207.96,"namesell":"biswap","sellPrice":2202.58},{"block":11507020,"timestamp":1633434573,"swapAmountBNB":5,"namebuy":"biswap","buyPrice":2207.96,"namesell":"biswap","sellPrice":2202.58},{"block":11507021,"timestamp":1633434576,"swapAmountBNB":5,"namebuy":"biswap","buyPrice":2207.96,"namesell":"biswap","sellPrice":2202.58},{"block":11507022,"timestamp":1633434579,"swapAmountBNB":5,"namebuy":"biswap","buyPrice":2205.82,"namesell":"apeswap","sellPrice":2200.49},{"block":11507023,"timestamp":1633434582,"swapAmountBNB":5,"namebuy":"biswap","buyPrice":2205.82,"namesell":"apeswap","sellPrice":2200.49},{"block":11507024,"timestamp":1633434585,"swapAmountBNB":5,"namebuy":"biswap","buyPrice":2205.82,"namesell":"apeswap","sellPrice":2200.49},{"block":11507025,"timestamp":1633434588,"swapAmountBNB":5,"namebuy":"biswap","buyPrice":2206.01,"namesell":"biswap","sellPrice":2200.63},{"block":11507026,"timestamp":1633434592,"swapAmountBNB":5,"namebuy":"biswap","buyPrice":2206.01,"namesell":"biswap","sellPrice":2200.63},{"block":11507026,"timestamp":1633434591,"swapAmountBNB":5,"namebuy":"biswap","buyPrice":2206.01,"namesell":"biswap","sellPrice":2200.63},{"block":11507027,"timestamp":1633434594,"swapAmountBNB":5,"namebuy":"biswap","buyPrice":2206.01,"namesell":"biswap","sellPrice":2200.63}]}