{"table":[{"block":11315240,"timestamp":1632854808,"swapAmountBNB":20,"namebuy":"pancake","buyPrice":6707.65,"namesell":"biswap","sellPrice":6692.9},{"block":11315241,"timestamp":1632854811,"swapAmountBNB":20,"namebuy":"pancake","buyPrice":6707.84,"namesell":"biswap","sellPrice":6692.9},{"block":11315242,"timestamp":1632854814,"swapAmountBNB":20,"namebuy":"pancake","buyPrice":6707.84,"namesell":"biswap","sellPrice":6689.23},{"block":11315243,"timestamp":1632854817,"swapAmountBNB":20,"namebuy":"pancake","buyPrice":6707.81,"namesell":"biswap","sellPrice":6688.99},{"block":11315244,"timestamp":1632854820,"swapAmountBNB":20,"namebuy":"pancake","buyPrice":6707.81,"namesell":"apeswap","sellPrice":6691.65},{"block":11315245,"timestamp":1632854823,"swapAmountBNB":20,"namebuy":"pancake","buyPrice":6707.81,"namesell":"apeswap","sellPrice":6691.65},{"block":11315246,"timestamp":1632854826,"swapAmountBNB":20,"namebuy":"pancake","buyPrice":6707.77,"namesell":"apeswap","sellPrice":6690.14},{"block":11315247,"timestamp":1632854829,"swapAmountBNB":20,"namebuy":"biswap","buyPrice":6707.89,"namesell":"apeswap","sellPrice":6690.14},{"block":11315248,"timestamp":1632854832,"swapAmountBNB":20,"namebuy":"biswap","buyPrice":6707.89,"namesell":"apeswap","sellPrice":6689.82},{"block":11315249,"timestamp":1632854835,"swapAmountBNB":20,"namebuy":"biswap","buyPrice":6707.89,"namesell":"apeswap","sellPrice":6689.82},{"block":11315250,"timestamp":1632854838,"swapAmountBNB":20,"namebuy":"biswap","buyPrice":6708.37,"namesell":"biswap","sellPrice":6688.44},{"block":11315251,"timestamp":1632854841,"swapAmountBNB":20,"namebuy":"biswap","buyPrice":6708.37,"namesell":"biswap","sellPrice":6688.44},{"block":11315252,"timestamp":1632854844,"swapAmountBNB":20,"namebuy":"biswap","buyPrice":6708.37,"namesell":"biswap","sellPrice":6688.44},{"block":11315253,"timestamp":1632854847,"swapAmountBNB":20,"namebuy":"pancake","buyPrice":6708.29,"namesell":"biswap","sellPrice":6688.44},{"block":11315254,"timestamp":1632854850,"swapAmountBNB":20,"namebuy":"pancake","buyPrice":6708.26,"namesell":"biswap","sellPrice":6688.44},{"block":11315255,"timestamp":1632854853,"swapAmountBNB":20,"namebuy":"pancake","buyPrice":6708.25,"namesell":"biswap","sellPrice":6688.44},{"block":11315256,"timestamp":1632854856,"swapAmountBNB":20,"namebuy":"pancake","buyPrice":6707.92,"namesell":"biswap","sellPrice":6688.44},{"block":11315257,"timestamp":1632854859,"swapAmountBNB":20,"namebuy":"pancake","buyPrice":6707.83,"namesell":"biswap","sellPrice":6688.44},{"block":11315258,"timestamp":1632854862,"swapAmountBNB":20,"namebuy":"pancake","buyPrice":6707.73,"namesell":"biswap","sellPrice":6688.44},{"block":11315259,"timestamp":1632854865,"swapAmountBNB":20,"namebuy":"pancake","buyPrice":6707.81,"namesell":"biswap","sellPrice":6692.03},{"block":11315260,"timestamp":1632854868,"swapAmountBNB":20,"namebuy":"pancake","buyPrice":6707.82,"namesell":"biswap","sellPrice":6692.03},{"block":11315261,"timestamp":1632854871,"swapAmountBNB":20,"namebuy":"pancake","buyPrice":6707.82,"namesell":"biswap","sellPrice":6692.03},{"block":11315262,"timestamp":1632854874,"swapAmountBNB":20,"namebuy":"pancake","buyPrice":6707.83,"namesell":"biswap","sellPrice":6692.03},{"block":11315263,"timestamp":1632854877,"swapAmountBNB":20,"namebuy":"pancake","buyPrice":6707.86,"namesell":"biswap","sellPrice":6692.03},{"block":11315264,"timestamp":1632854880,"swapAmountBNB":20,"namebuy":"pancake","buyPrice":6707.81,"namesell":"biswap","sellPrice":6692.03},{"block":11315265,"timestamp":1632854883,"swapAmountBNB":20,"namebuy":"pancake","buyPrice":6707.77,"namesell":"biswap","sellPrice":6691.92},{"block":11315266,"timestamp":1632854886,"swapAmountBNB":20,"namebuy":"pancake","buyPrice":6707.77,"namesell":"biswap","sellPrice":6691.92},{"block":11315267,"timestamp":1632854889,"swapAmountBNB":20,"namebuy":"pancake","buyPrice":6707.78,"namesell":"biswap","sellPrice":6691.92},{"block":11315268,"timestamp":1632854892,"swapAmountBNB":20,"namebuy":"pancake","buyPrice":6708.28,"namesell":"biswap","sellPrice":6691.87},{"block":11315269,"timestamp":1632854895,"swapAmountBNB":20,"namebuy":"pancake","buyPrice":6708.28,"namesell":"biswap","sellPrice":6691.87},{"block":11315270,"timestamp":1632854898,"swapAmountBNB":20,"namebuy":"pancake","buyPrice":6708.39,"namesell":"biswap","sellPrice":6691.87},{"block":11315271,"timestamp":1632854901,"swapAmountBNB":20,"namebuy":"pancake","buyPrice":6708.39,"namesell":"biswap","sellPrice":6691.89},{"block":11315272,"timestamp":1632854904,"swapAmountBNB":20,"namebuy":"pancake","buyPrice":6708.37,"namesell":"biswap","sellPrice":6691.89},{"block":11315273,"timestamp":1632854907,"swapAmountBNB":20,"namebuy":"pancake","buyPrice":6708.38,"namesell":"biswap","sellPrice":6691.89},{"block":11315274,"timestamp":1632854910,"swapAmountBNB":20,"namebuy":"pancake","buyPrice":6708.24,"namesell":"biswap","sellPrice":6691.89},{"block":11315275,"timestamp":1632854913,"swapAmountBNB":20,"namebuy":"pancake","buyPrice":6708.28,"namesell":"biswap","sellPrice":6691.89},{"block":11315276,"timestamp":1632854916,"swapAmountBNB":20,"namebuy":"pancake","buyPrice":6708.28,"namesell":"biswap","sellPrice":6691.64},{"block":11315277,"timestamp":1632854919,"swapAmountBNB":20,"namebuy":"pancake","buyPrice":6708.26,"namesell":"biswap","sellPrice":6691.64},{"block":11315278,"timestamp":1632854922,"swapAmountBNB":20,"namebuy":"pancake","buyPrice":6708.26,"namesell":"biswap","sellPrice":6691.64},{"block":11315279,"timestamp":1632854925,"swapAmountBNB":20,"namebuy":"pancake","buyPrice":6708.28,"namesell":"biswap","sellPrice":6691.64},{"block":11315280,"timestamp":1632854928,"swapAmountBNB":20,"namebuy":"pancake","buyPrice":6708.19,"namesell":"biswap","sellPrice":6691.64},{"block":11315281,"timestamp":1632854931,"swapAmountBNB":20,"namebuy":"biswap","buyPrice":6707.88,"namesell":"biswap","sellPrice":6687.95},{"block":11315282,"timestamp":1632854934,"swapAmountBNB":20,"namebuy":"biswap","buyPrice":6707.88,"namesell":"biswap","sellPrice":6687.95},{"block":11315283,"timestamp":1632854937,"swapAmountBNB":20,"namebuy":"biswap","buyPrice":6707.88,"namesell":"biswap","sellPrice":6687.95},{"block":11315284,"timestamp":1632854940,"swapAmountBNB":20,"namebuy":"biswap","buyPrice":6707.6,"namesell":"biswap","sellPrice":6687.67},{"block":11315285,"timestamp":1632854943,"swapAmountBNB":20,"namebuy":"biswap","buyPrice":6707.6,"namesell":"biswap","sellPrice":6687.67},{"block":11315286,"timestamp":1632854946,"swapAmountBNB":20,"namebuy":"biswap","buyPrice":6707.6,"namesell":"biswap","sellPrice":6687.67},{"block":11315287,"timestamp":1632854949,"swapAmountBNB":20,"namebuy":"biswap","buyPrice":6707.72,"namesell":"biswap","sellPrice":6687.79},{"block":11315288,"timestamp":1632854952,"swapAmountBNB":20,"namebuy":"biswap","buyPrice":6707.72,"namesell":"biswap","sellPrice":6687.79},{"block":11315289,"timestamp":1632854955,"swapAmountBNB":20,"namebuy":"biswap","buyPrice":6707.72,"namesell":"biswap","sellPrice":6687.79},{"block":11315290,"timestamp":1632854958,"swapAmountBNB":20,"namebuy":"biswap","buyPrice":6707.72,"namesell":"biswap","sellPrice":6687.79},{"block":11315291,"timestamp":1632854961,"swapAmountBNB":20,"namebuy":"biswap","buyPrice":6707.72,"namesell":"biswap","sellPrice":6687.79},{"block":11315292,"timestamp":1632854964,"swapAmountBNB":20,"namebuy":"biswap","buyPrice":6707.72,"namesell":"biswap","sellPrice":6687.79},{"block":11315293,"timestamp":1632854967,"swapAmountBNB":20,"namebuy":"biswap","buyPrice":6707.72,"namesell":"biswap","sellPrice":6687.79},{"block":11315294,"timestamp":1632854970,"swapAmountBNB":20,"namebuy":"biswap","buyPrice":6707.69,"namesell":"biswap","sellPrice":6687.76},{"block":11315295,"timestamp":1632854973,"swapAmountBNB":20,"namebuy":"biswap","buyPrice":6707.69,"namesell":"biswap","sellPrice":6687.76},{"block":11315296,"timestamp":1632854976,"swapAmountBNB":20,"namebuy":"biswap","buyPrice":6707.69,"namesell":"biswap","sellPrice":6687.76},{"block":11315297,"timestamp":1632854979,"swapAmountBNB":20,"namebuy":"biswap","buyPrice":6707.69,"namesell":"biswap","sellPrice":6687.76},{"block":11315298,"timestamp":1632854982,"swapAmountBNB":20,"namebuy":"biswap","buyPrice":6707.69,"namesell":"biswap","sellPrice":6687.76},{"block":11315299,"timestamp":1632854985,"swapAmountBNB":20,"namebuy":"biswap","buyPrice":6707.68,"namesell":"biswap","sellPrice":6687.75},{"block":11315300,"timestamp":1632854988,"swapAmountBNB":20,"namebuy":"biswap","buyPrice":6706.06,"namesell":"biswap","sellPrice":6686.14},{"block":11315301,"timestamp":1632854991,"swapAmountBNB":20,"namebuy":"biswap","buyPrice":6706.06,"namesell":"biswap","sellPrice":6686.14},{"block":11315302,"timestamp":1632854994,"swapAmountBNB":20,"namebuy":"biswap","buyPrice":6706.06,"namesell":"biswap","sellPrice":6686.14},{"block":11315303,"timestamp":1632854997,"swapAmountBNB":20,"namebuy":"biswap","buyPrice":6706.06,"namesell":"biswap","sellPrice":6686.14},{"block":11315304,"timestamp":1632855000,"swapAmountBNB":20,"namebuy":"biswap","buyPrice":6706.06,"namesell":"biswap","sellPrice":6686.14},{"block":11315305,"timestamp":1632855003,"swapAmountBNB":20,"namebuy":"biswap","buyPrice":6705.76,"namesell":"biswap","sellPrice":6685.84},{"block":11315306,"timestamp":1632855006,"swapAmountBNB":20,"namebuy":"biswap","buyPrice":6705.76,"namesell":"biswap","sellPrice":6685.84},{"block":11315307,"timestamp":1632855009,"swapAmountBNB":20,"namebuy":"biswap","buyPrice":6705.76,"namesell":"apeswap","sellPrice":6686.12},{"block":11315308,"timestamp":1632855012,"swapAmountBNB":20,"namebuy":"biswap","buyPrice":6705.76,"namesell":"apeswap","sellPrice":6686.12},{"block":11315309,"timestamp":1632855015,"swapAmountBNB":20,"namebuy":"biswap","buyPrice":6705.76,"namesell":"apeswap","sellPrice":6686.12},{"block":11315310,"timestamp":1632855018,"swapAmountBNB":20,"namebuy":"biswap","buyPrice":6705.76,"namesell":"apeswap","sellPrice":6686.12},{"block":11315311,"timestamp":1632855021,"swapAmountBNB":20,"namebuy":"biswap","buyPrice":6705.75,"namesell":"biswap","sellPrice":6685.83},{"block":11315312,"timestamp":1632855024,"swapAmountBNB":20,"namebuy":"biswap","buyPrice":6705.75,"namesell":"biswap","sellPrice":6685.83},{"block":11315313,"timestamp":1632855027,"swapAmountBNB":20,"namebuy":"biswap","buyPrice":6705.75,"namesell":"biswap","sellPrice":6685.83},{"block":11315314,"timestamp":1632855030,"swapAmountBNB":20,"namebuy":"biswap","buyPrice":6705.75,"namesell":"biswap","sellPrice":6685.83},{"block":11315315,"timestamp":1632855033,"swapAmountBNB":20,"namebuy":"biswap","buyPrice":6705.75,"namesell":"biswap","sellPrice":6685.83},{"block":11315316,"timestamp":1632855036,"swapAmountBNB":20,"namebuy":"biswap","buyPrice":6705.75,"namesell":"biswap","sellPrice":6685.83},{"block":11315317,"timestamp":1632855039,"swapAmountBNB":20,"namebuy":"biswap","buyPrice":6705.75,"namesell":"biswap","sellPrice":6685.83},{"block":11315318,"timestamp":1632855042,"swapAmountBNB":20,"namebuy":"biswap","buyPrice":6702.16,"namesell":"biswap","sellPrice":6682.25},{"block":11315319,"timestamp":1632855045,"swapAmountBNB":20,"namebuy":"biswap","buyPrice":6702.2,"namesell":"biswap","sellPrice":6682.29},{"block":11315320,"timestamp":1632855048,"swapAmountBNB":20,"namebuy":"biswap","buyPrice":6702.2,"namesell":"biswap","sellPrice":6682.29},{"block":11315321,"timestamp":1632855051,"swapAmountBNB":20,"namebuy":"biswap","buyPrice":6702.2,"namesell":"biswap","sellPrice":6682.29},{"block":11315322,"timestamp":1632855054,"swapAmountBNB":20,"namebuy":"biswap","buyPrice":6702.2,"namesell":"biswap","sellPrice":6682.29},{"block":11315323,"timestamp":1632855057,"swapAmountBNB":20,"namebuy":"biswap","buyPrice":6702.2,"namesell":"biswap","sellPrice":6682.29},{"block":11315324,"timestamp":1632855060,"swapAmountBNB":20,"namebuy":"biswap","buyPrice":6702.68,"namesell":"biswap","sellPrice":6682.58},{"block":11315325,"timestamp":1632855063,"swapAmountBNB":20,"namebuy":"biswap","buyPrice":6702.68,"namesell":"biswap","sellPrice":6682.77},{"block":11315326,"timestamp":1632855066,"swapAmountBNB":20,"namebuy":"biswap","buyPrice":6702.68,"namesell":"biswap","sellPrice":6682.77},{"block":11315327,"timestamp":1632855069,"swapAmountBNB":20,"namebuy":"biswap","buyPrice":6702.68,"namesell":"biswap","sellPrice":6682.77},{"block":11315328,"timestamp":1632855072,"swapAmountBNB":20,"namebuy":"biswap","buyPrice":6702.68,"namesell":"biswap","sellPrice":6682.77},{"block":11315329,"timestamp":1632855075,"swapAmountBNB":20,"namebuy":"biswap","buyPrice":6702.68,"namesell":"biswap","sellPrice":6682.77},{"block":11315330,"timestamp":1632855078,"swapAmountBNB":20,"namebuy":"biswap","buyPrice":6702.82,"namesell":"biswap","sellPrice":6682.9},{"block":11315331,"timestamp":1632855081,"swapAmountBNB":20,"namebuy":"biswap","buyPrice":6702.82,"namesell":"biswap","sellPrice":6682.9},{"block":11315332,"timestamp":1632855084,"swapAmountBNB":20,"namebuy":"biswap","buyPrice":6702.82,"namesell":"biswap","sellPrice":6682.9},{"block":11315333,"timestamp":1632855087,"swapAmountBNB":20,"namebuy":"biswap","buyPrice":6702.72,"namesell":"biswap","sellPrice":6682.9},{"block":11315334,"timestamp":1632855090,"swapAmountBNB":20,"namebuy":"biswap","buyPrice":6702.72,"namesell":"biswap","sellPrice":6682.81},{"block":11315335,"timestamp":1632855093,"swapAmountBNB":20,"namebuy":"biswap","buyPrice":6702.72,"namesell":"biswap","sellPrice":6682.81},{"block":11315336,"timestamp":1632855096,"swapAmountBNB":20,"namebuy":"biswap","buyPrice":6702.72,"namesell":"biswap","sellPrice":6682.81},{"block":11315337,"timestamp":1632855099,"swapAmountBNB":20,"namebuy":"biswap","buyPrice":6702.72,"namesell":"biswap","sellPrice":6682.81},{"block":11315338,"timestamp":1632855102,"swapAmountBNB":20,"namebuy":"biswap","buyPrice":6702.72,"namesell":"biswap","sellPrice":6682.81},{"block":11315339,"timestamp":1632855105,"swapAmountBNB":20,"namebuy":"biswap","buyPrice":6702.72,"namesell":"biswap","sellPrice":6682.81},{"block":11315340,"timestamp":1632855108,"swapAmountBNB":20,"namebuy":"biswap","buyPrice":6702.72,"namesell":"biswap","sellPrice":6682.81},{"block":11315341,"timestamp":1632855111,"swapAmountBNB":20,"namebuy":"biswap","buyPrice":6702.72,"namesell":"biswap","sellPrice":6682.81},{"block":11315342,"timestamp":1632855114,"swapAmountBNB":20,"namebuy":"biswap","buyPrice":6702.72,"namesell":"biswap","sellPrice":6682.81},{"block":11315343,"timestamp":1632855117,"swapAmountBNB":20,"namebuy":"biswap","buyPrice":6702.72,"namesell":"biswap","sellPrice":6682.81},{"block":11315344,"timestamp":1632855120,"swapAmountBNB":20,"namebuy":"biswap","buyPrice":6702.72,"namesell":"biswap","sellPrice":6682.81},{"block":11315345,"timestamp":1632855123,"swapAmountBNB":20,"namebuy":"biswap","buyPrice":6699.13,"namesell":"apeswap","sellPrice":6681.81},{"block":11315346,"timestamp":1632855126,"swapAmountBNB":20,"namebuy":"biswap","buyPrice":6699.13,"namesell":"apeswap","sellPrice":6681.81},{"block":11315347,"timestamp":1632855129,"swapAmountBNB":20,"namebuy":"biswap","buyPrice":6699.13,"namesell":"apeswap","sellPrice":6680.69},{"block":11315348,"timestamp":1632855132,"swapAmountBNB":20,"namebuy":"biswap","buyPrice":6699.13,"namesell":"apeswap","sellPrice":6680.69},{"block":11315349,"timestamp":1632855135,"swapAmountBNB":20,"namebuy":"biswap","buyPrice":6699.13,"namesell":"apeswap","sellPrice":6680.24},{"block":11315350,"timestamp":1632855138,"swapAmountBNB":20,"namebuy":"biswap","buyPrice":6699.13,"namesell":"apeswap","sellPrice":6680.24},{"block":11315351,"timestamp":1632855141,"swapAmountBNB":20,"namebuy":"biswap","buyPrice":6699.13,"namesell":"apeswap","sellPrice":6680.24},{"block":11315352,"timestamp":1632855144,"swapAmountBNB":20,"namebuy":"biswap","buyPrice":6699.13,"namesell":"apeswap","sellPrice":6680.24},{"block":11315353,"timestamp":1632855147,"swapAmountBNB":20,"namebuy":"biswap","buyPrice":6695.76,"namesell":"apeswap","sellPrice":6680.24},{"block":11315354,"timestamp":1632855150,"swapAmountBNB":20,"namebuy":"biswap","buyPrice":6695.76,"namesell":"apeswap","sellPrice":6680.24},{"block":11315355,"timestamp":1632855153,"swapAmountBNB":20,"namebuy":"biswap","buyPrice":6695.76,"namesell":"biswap","sellPrice":6675.87},{"block":11315356,"timestamp":1632855156,"swapAmountBNB":20,"namebuy":"biswap","buyPrice":6695.76,"namesell":"biswap","sellPrice":6675.87},{"block":11315357,"timestamp":1632855159,"swapAmountBNB":20,"namebuy":"biswap","buyPrice":6695.76,"namesell":"biswap","sellPrice":6675.87},{"block":11315358,"timestamp":1632855162,"swapAmountBNB":20,"namebuy":"biswap","buyPrice":6695.76,"namesell":"biswap","sellPrice":6675.87},{"block":11315359,"timestamp":1632855165,"swapAmountBNB":20,"namebuy":"biswap","buyPrice":6695.76,"namesell":"biswap","sellPrice":6675.87},{"block":11315360,"timestamp":1632855168,"swapAmountBNB":20,"namebuy":"biswap","buyPrice":6699.36,"namesell":"biswap","sellPrice":6679.45},{"block":11315361,"timestamp":1632855171,"swapAmountBNB":20,"namebuy":"biswap","buyPrice":6699.36,"namesell":"biswap","sellPrice":6679.46},{"block":11315362,"timestamp":1632855174,"swapAmountBNB":20,"namebuy":"biswap","buyPrice":6699.34,"namesell":"biswap","sellPrice":6679.44},{"block":11315363,"timestamp":1632855177,"swapAmountBNB":20,"namebuy":"biswap","buyPrice":6699.63,"namesell":"biswap","sellPrice":6679.73},{"block":11315364,"timestamp":1632855180,"swapAmountBNB":20,"namebuy":"biswap","buyPrice":6696.04,"namesell":"biswap","sellPrice":6676.15},{"block":11315365,"timestamp":1632855183,"swapAmountBNB":20,"namebuy":"biswap","buyPrice":6696.04,"namesell":"biswap","sellPrice":6676.15},{"block":11315366,"timestamp":1632855186,"swapAmountBNB":20,"namebuy":"biswap","buyPrice":6696.04,"namesell":"biswap","sellPrice":6676.15},{"block":11315367,"timestamp":1632855189,"swapAmountBNB":20,"namebuy":"biswap","buyPrice":6696.31,"namesell":"biswap","sellPrice":6676.42},{"block":11315368,"timestamp":1632855192,"swapAmountBNB":20,"namebuy":"biswap","buyPrice":6696.31,"namesell":"biswap","sellPrice":6676.42},{"block":11315369,"timestamp":1632855195,"swapAmountBNB":20,"namebuy":"biswap","buyPrice":6696.31,"namesell":"biswap","sellPrice":6676.42},{"block":11315370,"timestamp":1632855198,"swapAmountBNB":20,"namebuy":"biswap","buyPrice":6696.31,"namesell":"biswap","sellPrice":6676.42},{"block":11315371,"timestamp":1632855201,"swapAmountBNB":20,"namebuy":"biswap","buyPrice":6691.51,"namesell":"pancake","sellPrice":6674.41},{"block":11315372,"timestamp":1632855204,"swapAmountBNB":20,"namebuy":"biswap","buyPrice":6691.51,"namesell":"pancake","sellPrice":6674.4},{"block":11315373,"timestamp":1632855207,"swapAmountBNB":20,"namebuy":"biswap","buyPrice":6691.51,"namesell":"pancake","sellPrice":6674.4},{"block":11315374,"timestamp":1632855210,"swapAmountBNB":20,"namebuy":"biswap","buyPrice":6691.51,"namesell":"pancake","sellPrice":6673.24},{"block":11315375,"timestamp":1632855213,"swapAmountBNB":20,"namebuy":"biswap","buyPrice":6691.51,"namesell":"pancake","sellPrice":6673.2},{"block":11315376,"timestamp":1632855216,"swapAmountBNB":20,"namebuy":"biswap","buyPrice":6691.51,"namesell":"pancake","sellPrice":6673.03},{"block":11315377,"timestamp":1632855219,"swapAmountBNB":20,"namebuy":"biswap","buyPrice":6691.51,"namesell":"pancake","sellPrice":6673.04},{"block":11315378,"timestamp":1632855222,"swapAmountBNB":20,"namebuy":"biswap","buyPrice":6691.51,"namesell":"pancake","sellPrice":6673.03},{"block":11315379,"timestamp":1632855225,"swapAmountBNB":20,"namebuy":"biswap","buyPrice":6691.51,"namesell":"pancake","sellPrice":6673.05},{"block":11315380,"timestamp":1632855228,"swapAmountBNB":20,"namebuy":"biswap","buyPrice":6691.51,"namesell":"pancake","sellPrice":6673.04},{"block":11315381,"timestamp":1632855231,"swapAmountBNB":20,"namebuy":"biswap","buyPrice":6691.51,"namesell":"pancake","sellPrice":6673.03},{"block":11315382,"timestamp":1632855234,"swapAmountBNB":20,"namebuy":"biswap","buyPrice":6691.51,"namesell":"pancake","sellPrice":6673.02},{"block":11315383,"timestamp":1632855237,"swapAmountBNB":20,"namebuy":"biswap","buyPrice":6691.51,"namesell":"pancake","sellPrice":6672.88},{"block":11315384,"timestamp":1632855240,"swapAmountBNB":20,"namebuy":"biswap","buyPrice":6691.51,"namesell":"pancake","sellPrice":6672.88},{"block":11315385,"timestamp":1632855243,"swapAmountBNB":20,"namebuy":"biswap","buyPrice":6691.51,"namesell":"pancake","sellPrice":6672.85},{"block":11315386,"timestamp":1632855246,"swapAmountBNB":20,"namebuy":"biswap","buyPrice":6691.51,"namesell":"pancake","sellPrice":6672.73},{"block":11315387,"timestamp":1632855249,"swapAmountBNB":20,"namebuy":"biswap","buyPrice":6691.51,"namesell":"pancake","sellPrice":6672.75},{"block":11315388,"timestamp":1632855252,"swapAmountBNB":20,"namebuy":"biswap","buyPrice":6691.51,"namesell":"pancake","sellPrice":6672.75},{"block":11315389,"timestamp":1632855255,"swapAmountBNB":20,"namebuy":"biswap","buyPrice":6691.51,"namesell":"pancake","sellPrice":6672.92},{"block":11315390,"timestamp":1632855258,"swapAmountBNB":20,"namebuy":"biswap","buyPrice":6692.85,"namesell":"biswap","sellPrice":6672.97},{"block":11315391,"timestamp":1632855261,"swapAmountBNB":20,"namebuy":"biswap","buyPrice":6692.85,"namesell":"biswap","sellPrice":6672.97},{"block":11315392,"timestamp":1632855264,"swapAmountBNB":20,"namebuy":"biswap","buyPrice":6692.85,"namesell":"biswap","sellPrice":6672.97},{"block":11315393,"timestamp":1632855267,"swapAmountBNB":20,"namebuy":"biswap","buyPrice":6693.08,"namesell":"biswap","sellPrice":6673.2},{"block":11315394,"timestamp":1632855270,"swapAmountBNB":20,"namebuy":"biswap","buyPrice":6693.08,"namesell":"biswap","sellPrice":6673.2},{"block":11315395,"timestamp":1632855273,"swapAmountBNB":20,"namebuy":"biswap","buyPrice":6690.31,"namesell":"biswap","sellPrice":6673.2},{"block":11315396,"timestamp":1632855276,"swapAmountBNB":20,"namebuy":"biswap","buyPrice":6690.31,"namesell":"pancake","sellPrice":6673.01},{"block":11315397,"timestamp":1632855279,"swapAmountBNB":20,"namebuy":"biswap","buyPrice":6693.9,"namesell":"biswap","sellPrice":6674.02},{"block":11315398,"timestamp":1632855282,"swapAmountBNB":20,"namebuy":"biswap","buyPrice":6693.9,"namesell":"biswap","sellPrice":6674.02},{"block":11315399,"timestamp":1632855285,"swapAmountBNB":20,"namebuy":"biswap","buyPrice":6693.9,"namesell":"biswap","sellPrice":6674.02},{"block":11315400,"timestamp":1632855288,"swapAmountBNB":20,"namebuy":"biswap","buyPrice":6693.9,"namesell":"biswap","sellPrice":6674.02},{"block":11315401,"timestamp":1632855291,"swapAmountBNB":20,"namebuy":"biswap","buyPrice":6697.22,"namesell":"biswap","sellPrice":6677.32},{"block":11315402,"timestamp":1632855294,"swapAmountBNB":20,"namebuy":"biswap","buyPrice":6697.22,"namesell":"biswap","sellPrice":6677.32},{"block":11315403,"timestamp":1632855297,"swapAmountBNB":20,"namebuy":"biswap","buyPrice":6697.25,"namesell":"biswap","sellPrice":6677.36},{"block":11315404,"timestamp":1632855300,"swapAmountBNB":20,"namebuy":"biswap","buyPrice":6697.17,"namesell":"biswap","sellPrice":6677.28},{"block":11315405,"timestamp":1632855303,"swapAmountBNB":20,"namebuy":"biswap","buyPrice":6697.17,"namesell":"biswap","sellPrice":6677.28},{"block":11315406,"timestamp":1632855306,"swapAmountBNB":20,"namebuy":"biswap","buyPrice":6697.5,"namesell":"biswap","sellPrice":6677.61},{"block":11315407,"timestamp":1632855309,"swapAmountBNB":20,"namebuy":"biswap","buyPrice":6693.91,"namesell":"biswap","sellPrice":6674.03},{"block":11315408,"timestamp":1632855312,"swapAmountBNB":20,"namebuy":"biswap","buyPrice":6693.91,"namesell":"biswap","sellPrice":6674.03},{"block":11315409,"timestamp":1632855315,"swapAmountBNB":20,"namebuy":"biswap","buyPrice":6693.91,"namesell":"biswap","sellPrice":6674.03},{"block":11315410,"timestamp":1632855318,"swapAmountBNB":20,"namebuy":"biswap","buyPrice":6693.98,"namesell":"biswap","sellPrice":6674.1},{"block":11315411,"timestamp":1632855321,"swapAmountBNB":20,"namebuy":"biswap","buyPrice":6693.99,"namesell":"biswap","sellPrice":6674.1},{"block":11315412,"timestamp":1632855324,"swapAmountBNB":20,"namebuy":"biswap","buyPrice":6693.99,"namesell":"biswap","sellPrice":6674.1},{"block":11315413,"timestamp":1632855327,"swapAmountBNB":20,"namebuy":"biswap","buyPrice":6693.99,"namesell":"biswap","sellPrice":6674.1},{"block":11315414,"timestamp":1632855330,"swapAmountBNB":20,"namebuy":"biswap","buyPrice":6693.99,"namesell":"biswap","sellPrice":6674.1},{"block":11315415,"timestamp":1632855333,"swapAmountBNB":20,"namebuy":"biswap","buyPrice":6693.99,"namesell":"biswap","sellPrice":6674.1},{"block":11315416,"timestamp":1632855336,"swapAmountBNB":20,"namebuy":"biswap","buyPrice":6693.99,"namesell":"biswap","sellPrice":6674.1},{"block":11315417,"timestamp":1632855339,"swapAmountBNB":20,"namebuy":"biswap","buyPrice":6693.99,"namesell":"biswap","sellPrice":6674.1},{"block":11315418,"timestamp":1632855342,"swapAmountBNB":20,"namebuy":"biswap","buyPrice":6693.99,"namesell":"biswap","sellPrice":6674.1},{"block":11315419,"timestamp":1632855345,"swapAmountBNB":20,"namebuy":"biswap","buyPrice":6697.58,"namesell":"biswap","sellPrice":6677.68},{"block":11315420,"timestamp":1632855348,"swapAmountBNB":20,"namebuy":"biswap","buyPrice":6697.58,"namesell":"biswap","sellPrice":6677.68},{"block":11315421,"timestamp":1632855351,"swapAmountBNB":20,"namebuy":"biswap","buyPrice":6694.72,"namesell":"biswap","sellPrice":6674.83},{"block":11315422,"timestamp":1632855354,"swapAmountBNB":20,"namebuy":"biswap","buyPrice":6694.72,"namesell":"biswap","sellPrice":6674.83},{"block":11315423,"timestamp":1632855357,"swapAmountBNB":20,"namebuy":"biswap","buyPrice":6694.72,"namesell":"biswap","sellPrice":6674.83},{"block":11315424,"timestamp":1632855360,"swapAmountBNB":20,"namebuy":"biswap","buyPrice":6698.31,"namesell":"biswap","sellPrice":6678.41},{"block":11315425,"timestamp":1632855363,"swapAmountBNB":20,"namebuy":"biswap","buyPrice":6699.22,"namesell":"biswap","sellPrice":6679.32},{"block":11315426,"timestamp":1632855366,"swapAmountBNB":20,"namebuy":"apeswap","buyPrice":6703.86,"namesell":"biswap","sellPrice":6690.43},{"block":11315427,"timestamp":1632855369,"swapAmountBNB":20,"namebuy":"apeswap","buyPrice":6703.86,"namesell":"biswap","sellPrice":6690.43},{"block":11315428,"timestamp":1632855372,"swapAmountBNB":20,"namebuy":"apeswap","buyPrice":6703.69,"namesell":"biswap","sellPrice":6686.73},{"block":11315429,"timestamp":1632855375,"swapAmountBNB":20,"namebuy":"biswap","buyPrice":6701.04,"namesell":"biswap","sellPrice":6681.14},{"block":11315430,"timestamp":1632855378,"swapAmountBNB":20,"namebuy":"biswap","buyPrice":6701.04,"namesell":"biswap","sellPrice":6681.14},{"block":11315431,"timestamp":1632855381,"swapAmountBNB":20,"namebuy":"biswap","buyPrice":6701.04,"namesell":"biswap","sellPrice":6681.14},{"block":11315432,"timestamp":1632855384,"swapAmountBNB":20,"namebuy":"biswap","buyPrice":6701.04,"namesell":"biswap","sellPrice":6681.14},{"block":11315433,"timestamp":1632855387,"swapAmountBNB":20,"namebuy":"biswap","buyPrice":6701.04,"namesell":"biswap","sellPrice":6681.14},{"block":11315434,"timestamp":1632855390,"swapAmountBNB":20,"namebuy":"biswap","buyPrice":6701.04,"namesell":"biswap","sellPrice":6681.14},{"block":11315435,"timestamp":1632855393,"swapAmountBNB":20,"namebuy":"biswap","buyPrice":6701.04,"namesell":"biswap","sellPrice":6681.14},{"block":11315436,"timestamp":1632855396,"swapAmountBNB":20,"namebuy":"biswap","buyPrice":6701.02,"namesell":"biswap","sellPrice":6681.12},{"block":11315437,"timestamp":1632855399,"swapAmountBNB":20,"namebuy":"biswap","buyPrice":6701.02,"namesell":"biswap","sellPrice":6681.12},{"block":11315438,"timestamp":1632855402,"swapAmountBNB":20,"namebuy":"biswap","buyPrice":6701.02,"namesell":"biswap","sellPrice":6681.12},{"block":11315439,"timestamp":1632855405,"swapAmountBNB":20,"namebuy":"biswap","buyPrice":6697.43,"namesell":"biswap","sellPrice":6677.54},{"block":11315440,"timestamp":1632855408,"swapAmountBNB":20,"namebuy":"biswap","buyPrice":6697.43,"namesell":"biswap","sellPrice":6677.54},{"block":11315441,"timestamp":1632855411,"swapAmountBNB":20,"namebuy":"biswap","buyPrice":6696.05,"namesell":"biswap","sellPrice":6676.16},{"block":11315442,"timestamp":1632855414,"swapAmountBNB":20,"namebuy":"biswap","buyPrice":6696.05,"namesell":"biswap","sellPrice":6676.16},{"block":11315443,"timestamp":1632855417,"swapAmountBNB":20,"namebuy":"biswap","buyPrice":6695.99,"namesell":"biswap","sellPrice":6676.1},{"block":11315444,"timestamp":1632855420,"swapAmountBNB":20,"namebuy":"biswap","buyPrice":6695.99,"namesell":"biswap","sellPrice":6676.1},{"block":11315445,"timestamp":1632855423,"swapAmountBNB":20,"namebuy":"biswap","buyPrice":6695.99,"namesell":"biswap","sellPrice":6676.1},{"block":11315446,"timestamp":1632855426,"swapAmountBNB":20,"namebuy":"biswap","buyPrice":6695.99,"namesell":"biswap","sellPrice":6676.1},{"block":11315447,"timestamp":1632855429,"swapAmountBNB":20,"namebuy":"biswap","buyPrice":6695.98,"namesell":"biswap","sellPrice":6676.1},{"block":11315448,"timestamp":1632855432,"swapAmountBNB":20,"namebuy":"biswap","buyPrice":6695.98,"namesell":"biswap","sellPrice":6676.1},{"block":11315449,"timestamp":1632855435,"swapAmountBNB":20,"namebuy":"biswap","buyPrice":6695.98,"namesell":"biswap","sellPrice":6676.1},{"block":11315450,"timestamp":1632855438,"swapAmountBNB":20,"namebuy":"biswap","buyPrice":6698.15,"namesell":"biswap","sellPrice":6678.25},{"block":11315451,"timestamp":1632855441,"swapAmountBNB":20,"namebuy":"biswap","buyPrice":6698.15,"namesell":"biswap","sellPrice":6678.25},{"block":11315452,"timestamp":1632855444,"swapAmountBNB":20,"namebuy":"biswap","buyPrice":6698.15,"namesell":"biswap","sellPrice":6678.25},{"block":11315453,"timestamp":1632855447,"swapAmountBNB":20,"namebuy":"biswap","buyPrice":6698.15,"namesell":"biswap","sellPrice":6678.25},{"block":11315454,"timestamp":1632855450,"swapAmountBNB":20,"namebuy":"biswap","buyPrice":6698.12,"namesell":"biswap","sellPrice":6678.22},{"block":11315455,"timestamp":1632855453,"swapAmountBNB":20,"namebuy":"biswap","buyPrice":6698.12,"namesell":"biswap","sellPrice":6678.22},{"block":11315456,"timestamp":1632855456,"swapAmountBNB":20,"namebuy":"biswap","buyPrice":6698.12,"namesell":"biswap","sellPrice":6678.22},{"block":11315457,"timestamp":1632855459,"swapAmountBNB":20,"namebuy":"biswap","buyPrice":6698.89,"namesell":"biswap","sellPrice":6678.99},{"block":11315458,"timestamp":1632855462,"swapAmountBNB":20,"namebuy":"biswap","buyPrice":6698.4,"namesell":"biswap","sellPrice":6678.51},{"block":11315459,"timestamp":1632855465,"swapAmountBNB":20,"namebuy":"biswap","buyPrice":6698.4,"namesell":"biswap","sellPrice":6678.51},{"block":11315460,"timestamp":1632855468,"swapAmountBNB":20,"namebuy":"biswap","buyPrice":6698.4,"namesell":"biswap","sellPrice":6678.51},{"block":11315461,"timestamp":1632855471,"swapAmountBNB":20,"namebuy":"biswap","buyPrice":6698.94,"namesell":"biswap","sellPrice":6679.04},{"block":11315462,"timestamp":1632855474,"swapAmountBNB":20,"namebuy":"biswap","buyPrice":6698.94,"namesell":"biswap","sellPrice":6679.04},{"block":11315463,"timestamp":1632855477,"swapAmountBNB":20,"namebuy":"biswap","buyPrice":6698.94,"namesell":"biswap","sellPrice":6679.04},{"block":11315464,"timestamp":1632855480,"swapAmountBNB":20,"namebuy":"biswap","buyPrice":6698.94,"namesell":"biswap","sellPrice":6679.04},{"block":11315465,"timestamp":1632855483,"swapAmountBNB":20,"namebuy":"biswap","buyPrice":6698.94,"namesell":"biswap","sellPrice":6679.04},{"block":11315466,"timestamp":1632855486,"swapAmountBNB":20,"namebuy":"biswap","buyPrice":6699,"namesell":"biswap","sellPrice":6679.11},{"block":11315467,"timestamp":1632855489,"swapAmountBNB":20,"namebuy":"biswap","buyPrice":6699,"namesell":"biswap","sellPrice":6679.11},{"block":11315468,"timestamp":1632855492,"swapAmountBNB":20,"namebuy":"biswap","buyPrice":6699,"namesell":"biswap","sellPrice":6679.11},{"block":11315469,"timestamp":1632855495,"swapAmountBNB":20,"namebuy":"biswap","buyPrice":6699,"namesell":"biswap","sellPrice":6679.11},{"block":11315470,"timestamp":1632855498,"swapAmountBNB":20,"namebuy":"biswap","buyPrice":6699,"namesell":"biswap","sellPrice":6679.11},{"block":11315471,"timestamp":1632855501,"swapAmountBNB":20,"namebuy":"biswap","buyPrice":6699,"namesell":"biswap","sellPrice":6679.11},{"block":11315472,"timestamp":1632855504,"swapAmountBNB":20,"namebuy":"biswap","buyPrice":6696.26,"namesell":"biswap","sellPrice":6676.37},{"block":11315473,"timestamp":1632855507,"swapAmountBNB":20,"namebuy":"biswap","buyPrice":6697.42,"namesell":"biswap","sellPrice":6677.53},{"block":11315474,"timestamp":1632855510,"swapAmountBNB":20,"namebuy":"biswap","buyPrice":6697.41,"namesell":"biswap","sellPrice":6677.52}]}