{"table":[{"block":11027142,"timestamp":1631984380,"swapAmountBNB":20,"namebuy":"biswap","buyPrice":8266.11,"namesell":"biswap","sellPrice":8241.53},{"block":11027143,"timestamp":1631984383,"swapAmountBNB":20,"namebuy":"biswap","buyPrice":8266.03,"namesell":"apeswap","sellPrice":8241.53},{"block":11027144,"timestamp":1631984386,"swapAmountBNB":20,"namebuy":"biswap","buyPrice":8266.03,"namesell":"apeswap","sellPrice":8241.53},{"block":11027145,"timestamp":1631984389,"swapAmountBNB":20,"namebuy":"biswap","buyPrice":8266.03,"namesell":"apeswap","sellPrice":8241.53},{"block":11027146,"timestamp":1631984392,"swapAmountBNB":20,"namebuy":"biswap","buyPrice":8267.15,"namesell":"biswap","sellPrice":8242.56},{"block":11027147,"timestamp":1631984395,"swapAmountBNB":20,"namebuy":"biswap","buyPrice":8267.83,"namesell":"biswap","sellPrice":8242.56},{"block":11027148,"timestamp":1631984398,"swapAmountBNB":20,"namebuy":"biswap","buyPrice":8267.83,"namesell":"biswap","sellPrice":8243.25},{"block":11027149,"timestamp":1631984401,"swapAmountBNB":20,"namebuy":"biswap","buyPrice":8267.99,"namesell":"biswap","sellPrice":8243.4},{"block":11027150,"timestamp":1631984404,"swapAmountBNB":20,"namebuy":"biswap","buyPrice":8267.99,"namesell":"biswap","sellPrice":8243.4},{"block":11027151,"timestamp":1631984407,"swapAmountBNB":20,"namebuy":"biswap","buyPrice":8263.58,"namesell":"biswap","sellPrice":8239.01},{"block":11027152,"timestamp":1631984410,"swapAmountBNB":20,"namebuy":"biswap","buyPrice":8263.58,"namesell":"biswap","sellPrice":8239.01},{"block":11027153,"timestamp":1631984413,"swapAmountBNB":20,"namebuy":"biswap","buyPrice":8259.42,"namesell":"apeswap","sellPrice":8238.68},{"block":11027154,"timestamp":1631984416,"swapAmountBNB":20,"namebuy":"biswap","buyPrice":8259.42,"namesell":"apeswap","sellPrice":8238.68},{"block":11027155,"timestamp":1631984419,"swapAmountBNB":20,"namebuy":"biswap","buyPrice":8259.42,"namesell":"apeswap","sellPrice":8238.68},{"block":11027156,"timestamp":1631984422,"swapAmountBNB":20,"namebuy":"biswap","buyPrice":8259.42,"namesell":"apeswap","sellPrice":8238.76},{"block":11027157,"timestamp":1631984425,"swapAmountBNB":20,"namebuy":"biswap","buyPrice":8259.42,"namesell":"apeswap","sellPrice":8238.76},{"block":11027158,"timestamp":1631984428,"swapAmountBNB":20,"namebuy":"biswap","buyPrice":8259.42,"namesell":"apeswap","sellPrice":8238.79},{"block":11027159,"timestamp":1631984431,"swapAmountBNB":20,"namebuy":"biswap","buyPrice":8259.42,"namesell":"apeswap","sellPrice":8238.79},{"block":11027160,"timestamp":1631984434,"swapAmountBNB":20,"namebuy":"biswap","buyPrice":8259.6,"namesell":"apeswap","sellPrice":8238.79},{"block":11027161,"timestamp":1631984437,"swapAmountBNB":20,"namebuy":"biswap","buyPrice":8259.6,"namesell":"apeswap","sellPrice":8238.71},{"block":11027162,"timestamp":1631984440,"swapAmountBNB":20,"namebuy":"biswap","buyPrice":8259.6,"namesell":"apeswap","sellPrice":8238.71},{"block":11027163,"timestamp":1631984443,"swapAmountBNB":20,"namebuy":"biswap","buyPrice":8259.6,"namesell":"apeswap","sellPrice":8238.71},{"block":11027164,"timestamp":1631984446,"swapAmountBNB":20,"namebuy":"biswap","buyPrice":8259.6,"namesell":"apeswap","sellPrice":8238.71},{"block":11027165,"timestamp":1631984449,"swapAmountBNB":20,"namebuy":"biswap","buyPrice":8259.68,"namesell":"apeswap","sellPrice":8238.71},{"block":11027166,"timestamp":1631984452,"swapAmountBNB":20,"namebuy":"biswap","buyPrice":8259.68,"namesell":"apeswap","sellPrice":8238.71},{"block":11027167,"timestamp":1631984455,"swapAmountBNB":20,"namebuy":"biswap","buyPrice":8264.12,"namesell":"biswap","sellPrice":8239.55},{"block":11027168,"timestamp":1631984458,"swapAmountBNB":20,"namebuy":"biswap","buyPrice":8264.32,"namesell":"biswap","sellPrice":8239.75},{"block":11027169,"timestamp":1631984461,"swapAmountBNB":20,"namebuy":"biswap","buyPrice":8264.32,"namesell":"biswap","sellPrice":8239.75},{"block":11027170,"timestamp":1631984464,"swapAmountBNB":20,"namebuy":"biswap","buyPrice":8264.32,"namesell":"biswap","sellPrice":8239.75},{"block":11027171,"timestamp":1631984467,"swapAmountBNB":20,"namebuy":"biswap","buyPrice":8264.32,"namesell":"biswap","sellPrice":8239.75},{"block":11027172,"timestamp":1631984470,"swapAmountBNB":20,"namebuy":"biswap","buyPrice":8264.32,"namesell":"biswap","sellPrice":8239.75},{"block":11027173,"timestamp":1631984473,"swapAmountBNB":20,"namebuy":"biswap","buyPrice":8264.82,"namesell":"biswap","sellPrice":8240.25},{"block":11027174,"timestamp":1631984476,"swapAmountBNB":20,"namebuy":"biswap","buyPrice":8264.83,"namesell":"biswap","sellPrice":8240.25},{"block":11027175,"timestamp":1631984479,"swapAmountBNB":20,"namebuy":"biswap","buyPrice":8264.83,"namesell":"biswap","sellPrice":8240.25},{"block":11027176,"timestamp":1631984482,"swapAmountBNB":20,"namebuy":"biswap","buyPrice":8264.83,"namesell":"biswap","sellPrice":8240.25},{"block":11027177,"timestamp":1631984485,"swapAmountBNB":20,"namebuy":"biswap","buyPrice":8264.83,"namesell":"biswap","sellPrice":8240.25},{"block":11027178,"timestamp":1631984488,"swapAmountBNB":20,"namebuy":"biswap","buyPrice":8264.83,"namesell":"biswap","sellPrice":8240.25},{"block":11027179,"timestamp":1631984491,"swapAmountBNB":20,"namebuy":"biswap","buyPrice":8264.83,"namesell":"biswap","sellPrice":8240.25},{"block":11027180,"timestamp":1631984494,"swapAmountBNB":20,"namebuy":"biswap","buyPrice":8264.83,"namesell":"biswap","sellPrice":8240.25},{"block":11027181,"timestamp":1631984497,"swapAmountBNB":20,"namebuy":"biswap","buyPrice":8264.99,"namesell":"biswap","sellPrice":8240.41},{"block":11027182,"timestamp":1631984500,"swapAmountBNB":20,"namebuy":"biswap","buyPrice":8264.99,"namesell":"biswap","sellPrice":8240.41},{"block":11027183,"timestamp":1631984503,"swapAmountBNB":20,"namebuy":"biswap","buyPrice":8264.99,"namesell":"biswap","sellPrice":8240.41},{"block":11027184,"timestamp":1631984506,"swapAmountBNB":20,"namebuy":"biswap","buyPrice":8264.99,"namesell":"biswap","sellPrice":8240.41},{"block":11027185,"timestamp":1631984509,"swapAmountBNB":20,"namebuy":"biswap","buyPrice":8264.99,"namesell":"biswap","sellPrice":8240.41},{"block":11027186,"timestamp":1631984512,"swapAmountBNB":20,"namebuy":"biswap","buyPrice":8264.99,"namesell":"biswap","sellPrice":8240.41},{"block":11027187,"timestamp":1631984515,"swapAmountBNB":20,"namebuy":"biswap","buyPrice":8264.99,"namesell":"biswap","sellPrice":8240.41},{"block":11027188,"timestamp":1631984518,"swapAmountBNB":20,"namebuy":"biswap","buyPrice":8265.36,"namesell":"biswap","sellPrice":8240.78},{"block":11027189,"timestamp":1631984521,"swapAmountBNB":20,"namebuy":"biswap","buyPrice":8265.36,"namesell":"biswap","sellPrice":8240.78},{"block":11027190,"timestamp":1631984524,"swapAmountBNB":20,"namebuy":"biswap","buyPrice":8265.36,"namesell":"biswap","sellPrice":8240.78},{"block":11027191,"timestamp":1631984527,"swapAmountBNB":20,"namebuy":"biswap","buyPrice":8265.36,"namesell":"biswap","sellPrice":8240.78},{"block":11027192,"timestamp":1631984530,"swapAmountBNB":20,"namebuy":"biswap","buyPrice":8265.36,"namesell":"biswap","sellPrice":8240.78},{"block":11027193,"timestamp":1631984533,"swapAmountBNB":20,"namebuy":"biswap","buyPrice":8265.36,"namesell":"biswap","sellPrice":8240.78},{"block":11027194,"timestamp":1631984536,"swapAmountBNB":20,"namebuy":"biswap","buyPrice":8265.36,"namesell":"biswap","sellPrice":8240.78},{"block":11027195,"timestamp":1631984539,"swapAmountBNB":20,"namebuy":"biswap","buyPrice":8265.36,"namesell":"biswap","sellPrice":8240.78},{"block":11027196,"timestamp":1631984542,"swapAmountBNB":20,"namebuy":"biswap","buyPrice":8265.36,"namesell":"biswap","sellPrice":8240.78},{"block":11027197,"timestamp":1631984545,"swapAmountBNB":20,"namebuy":"biswap","buyPrice":8265.36,"namesell":"biswap","sellPrice":8240.78},{"block":11027198,"timestamp":1631984548,"swapAmountBNB":20,"namebuy":"biswap","buyPrice":8265.36,"namesell":"biswap","sellPrice":8240.78},{"block":11027199,"timestamp":1631984551,"swapAmountBNB":20,"namebuy":"biswap","buyPrice":8262.57,"namesell":"biswap","sellPrice":8238},{"block":11027200,"timestamp":1631984554,"swapAmountBNB":20,"namebuy":"biswap","buyPrice":8262.57,"namesell":"biswap","sellPrice":8238},{"block":11027201,"timestamp":1631984557,"swapAmountBNB":20,"namebuy":"biswap","buyPrice":8262.57,"namesell":"biswap","sellPrice":8238},{"block":11027202,"timestamp":1631984560,"swapAmountBNB":20,"namebuy":"biswap","buyPrice":8262.57,"namesell":"biswap","sellPrice":8238},{"block":11027203,"timestamp":1631984563,"swapAmountBNB":20,"namebuy":"biswap","buyPrice":8262.57,"namesell":"biswap","sellPrice":8238},{"block":11027204,"timestamp":1631984566,"swapAmountBNB":20,"namebuy":"biswap","buyPrice":8262.57,"namesell":"biswap","sellPrice":8238},{"block":11027205,"timestamp":1631984569,"swapAmountBNB":20,"namebuy":"biswap","buyPrice":8262.57,"namesell":"biswap","sellPrice":8238},{"block":11027206,"timestamp":1631984572,"swapAmountBNB":20,"namebuy":"biswap","buyPrice":8262.57,"namesell":"biswap","sellPrice":8238},{"block":11027207,"timestamp":1631984575,"swapAmountBNB":20,"namebuy":"biswap","buyPrice":8262.57,"namesell":"biswap","sellPrice":8238},{"block":11027208,"timestamp":1631984578,"swapAmountBNB":20,"namebuy":"biswap","buyPrice":8262.57,"namesell":"biswap","sellPrice":8238},{"block":11027209,"timestamp":1631984581,"swapAmountBNB":20,"namebuy":"biswap","buyPrice":8262.57,"namesell":"biswap","sellPrice":8238},{"block":11027210,"timestamp":1631984584,"swapAmountBNB":20,"namebuy":"biswap","buyPrice":8262.59,"namesell":"biswap","sellPrice":8238.03},{"block":11027211,"timestamp":1631984587,"swapAmountBNB":20,"namebuy":"biswap","buyPrice":8262.59,"namesell":"biswap","sellPrice":8238.03},{"block":11027212,"timestamp":1631984590,"swapAmountBNB":20,"namebuy":"biswap","buyPrice":8262.59,"namesell":"biswap","sellPrice":8238.03},{"block":11027213,"timestamp":1631984593,"swapAmountBNB":20,"namebuy":"biswap","buyPrice":8262.59,"namesell":"biswap","sellPrice":8238.03},{"block":11027214,"timestamp":1631984596,"swapAmountBNB":20,"namebuy":"biswap","buyPrice":8262.59,"namesell":"biswap","sellPrice":8238.03},{"block":11027215,"timestamp":1631984599,"swapAmountBNB":20,"namebuy":"biswap","buyPrice":8265.02,"namesell":"biswap","sellPrice":8240.45},{"block":11027216,"timestamp":1631984602,"swapAmountBNB":20,"namebuy":"biswap","buyPrice":8265.48,"namesell":"biswap","sellPrice":8240.9},{"block":11027217,"timestamp":1631984605,"swapAmountBNB":20,"namebuy":"biswap","buyPrice":8256.78,"namesell":"apeswap","sellPrice":8236.44},{"block":11027218,"timestamp":1631984608,"swapAmountBNB":20,"namebuy":"biswap","buyPrice":8261.51,"namesell":"biswap","sellPrice":8236.94},{"block":11027219,"timestamp":1631984611,"swapAmountBNB":20,"namebuy":"biswap","buyPrice":8261.51,"namesell":"biswap","sellPrice":8236.94},{"block":11027220,"timestamp":1631984614,"swapAmountBNB":20,"namebuy":"biswap","buyPrice":8261.51,"namesell":"biswap","sellPrice":8236.94},{"block":11027221,"timestamp":1631984617,"swapAmountBNB":20,"namebuy":"biswap","buyPrice":8261.51,"namesell":"biswap","sellPrice":8236.94},{"block":11027222,"timestamp":1631984620,"swapAmountBNB":20,"namebuy":"biswap","buyPrice":8261.57,"namesell":"biswap","sellPrice":8236.94},{"block":11027223,"timestamp":1631984623,"swapAmountBNB":20,"namebuy":"biswap","buyPrice":8261.57,"namesell":"biswap","sellPrice":8237},{"block":11027224,"timestamp":1631984626,"swapAmountBNB":20,"namebuy":"biswap","buyPrice":8261.57,"namesell":"biswap","sellPrice":8237},{"block":11027225,"timestamp":1631984629,"swapAmountBNB":20,"namebuy":"biswap","buyPrice":8261.57,"namesell":"biswap","sellPrice":8237},{"block":11027226,"timestamp":1631984632,"swapAmountBNB":20,"namebuy":"biswap","buyPrice":8261.57,"namesell":"biswap","sellPrice":8237},{"block":11027227,"timestamp":1631984635,"swapAmountBNB":20,"namebuy":"biswap","buyPrice":8261.57,"namesell":"biswap","sellPrice":8237},{"block":11027228,"timestamp":1631984638,"swapAmountBNB":20,"namebuy":"biswap","buyPrice":8261.57,"namesell":"biswap","sellPrice":8237},{"block":11027229,"timestamp":1631984641,"swapAmountBNB":20,"namebuy":"biswap","buyPrice":8261.67,"namesell":"biswap","sellPrice":8237.1},{"block":11027230,"timestamp":1631984644,"swapAmountBNB":20,"namebuy":"biswap","buyPrice":8262.33,"namesell":"biswap","sellPrice":8237.76},{"block":11027231,"timestamp":1631984647,"swapAmountBNB":20,"namebuy":"biswap","buyPrice":8262.94,"namesell":"biswap","sellPrice":8238.37},{"block":11027232,"timestamp":1631984650,"swapAmountBNB":20,"namebuy":"biswap","buyPrice":8262.94,"namesell":"biswap","sellPrice":8238.37},{"block":11027233,"timestamp":1631984653,"swapAmountBNB":20,"namebuy":"biswap","buyPrice":8262.95,"namesell":"biswap","sellPrice":8238.38},{"block":11027234,"timestamp":1631984656,"swapAmountBNB":20,"namebuy":"biswap","buyPrice":8263.04,"namesell":"biswap","sellPrice":8238.47},{"block":11027235,"timestamp":1631984659,"swapAmountBNB":20,"namebuy":"biswap","buyPrice":8263.04,"namesell":"biswap","sellPrice":8238.47},{"block":11027236,"timestamp":1631984662,"swapAmountBNB":20,"namebuy":"biswap","buyPrice":8263.04,"namesell":"biswap","sellPrice":8238.47},{"block":11027237,"timestamp":1631984665,"swapAmountBNB":20,"namebuy":"biswap","buyPrice":8263.04,"namesell":"biswap","sellPrice":8238.47},{"block":11027238,"timestamp":1631984668,"swapAmountBNB":20,"namebuy":"biswap","buyPrice":8263.04,"namesell":"biswap","sellPrice":8238.47},{"block":11027239,"timestamp":1631984671,"swapAmountBNB":20,"namebuy":"biswap","buyPrice":8263.13,"namesell":"biswap","sellPrice":8238.56},{"block":11027240,"timestamp":1631984674,"swapAmountBNB":20,"namebuy":"biswap","buyPrice":8263.46,"namesell":"biswap","sellPrice":8238.89},{"block":11027241,"timestamp":1631984677,"swapAmountBNB":20,"namebuy":"biswap","buyPrice":8259.02,"namesell":"pancake","sellPrice":8235.47},{"block":11027242,"timestamp":1631984680,"swapAmountBNB":20,"namebuy":"biswap","buyPrice":8259.02,"namesell":"pancake","sellPrice":8235.48},{"block":11027243,"timestamp":1631984683,"swapAmountBNB":20,"namebuy":"biswap","buyPrice":8259.02,"namesell":"pancake","sellPrice":8235.48},{"block":11027244,"timestamp":1631984686,"swapAmountBNB":20,"namebuy":"biswap","buyPrice":8259.02,"namesell":"pancake","sellPrice":8235.47},{"block":11027245,"timestamp":1631984689,"swapAmountBNB":20,"namebuy":"biswap","buyPrice":8258.43,"namesell":"pancake","sellPrice":8235.5},{"block":11027246,"timestamp":1631984692,"swapAmountBNB":20,"namebuy":"biswap","buyPrice":8258.9,"namesell":"pancake","sellPrice":8235.08},{"block":11027247,"timestamp":1631984695,"swapAmountBNB":20,"namebuy":"biswap","buyPrice":8258.9,"namesell":"pancake","sellPrice":8235.1},{"block":11027248,"timestamp":1631984698,"swapAmountBNB":20,"namebuy":"biswap","buyPrice":8258.9,"namesell":"pancake","sellPrice":8235.12},{"block":11027249,"timestamp":1631984701,"swapAmountBNB":20,"namebuy":"biswap","buyPrice":8258.9,"namesell":"pancake","sellPrice":8235.13},{"block":11027250,"timestamp":1631984704,"swapAmountBNB":20,"namebuy":"biswap","buyPrice":8258.9,"namesell":"pancake","sellPrice":8235.05},{"block":11027251,"timestamp":1631984707,"swapAmountBNB":20,"namebuy":"biswap","buyPrice":8258.9,"namesell":"pancake","sellPrice":8235.03},{"block":11027252,"timestamp":1631984711,"swapAmountBNB":20,"namebuy":"biswap","buyPrice":8258.9,"namesell":"pancake","sellPrice":8235.03},{"block":11027252,"timestamp":1631984710,"swapAmountBNB":20,"namebuy":"biswap","buyPrice":8258.9,"namesell":"pancake","sellPrice":8235.03},{"block":11027253,"timestamp":1631984713,"swapAmountBNB":20,"namebuy":"biswap","buyPrice":8258.9,"namesell":"pancake","sellPrice":8235.36},{"block":11027254,"timestamp":1631984716,"swapAmountBNB":20,"namebuy":"biswap","buyPrice":8254.62,"namesell":"pancake","sellPrice":8235.32},{"block":11027255,"timestamp":1631984719,"swapAmountBNB":20,"namebuy":"biswap","buyPrice":8254.62,"namesell":"pancake","sellPrice":8234.95},{"block":11027256,"timestamp":1631984722,"swapAmountBNB":20,"namebuy":"biswap","buyPrice":8254.62,"namesell":"pancake","sellPrice":8234.91},{"block":11027257,"timestamp":1631984725,"swapAmountBNB":20,"namebuy":"biswap","buyPrice":8254.62,"namesell":"pancake","sellPrice":8234.72},{"block":11027258,"timestamp":1631984728,"swapAmountBNB":20,"namebuy":"biswap","buyPrice":8250.32,"namesell":"pancake","sellPrice":8234.72},{"block":11027259,"timestamp":1631984731,"swapAmountBNB":20,"namebuy":"biswap","buyPrice":8250.32,"namesell":"pancake","sellPrice":8234.74},{"block":11027260,"timestamp":1631984734,"swapAmountBNB":20,"namebuy":"biswap","buyPrice":8250.32,"namesell":"pancake","sellPrice":8234.66},{"block":11027261,"timestamp":1631984737,"swapAmountBNB":20,"namebuy":"biswap","buyPrice":8250.32,"namesell":"pancake","sellPrice":8234.66},{"block":11027262,"timestamp":1631984740,"swapAmountBNB":20,"namebuy":"biswap","buyPrice":8250.32,"namesell":"pancake","sellPrice":8234.48},{"block":11027263,"timestamp":1631984743,"swapAmountBNB":20,"namebuy":"biswap","buyPrice":8250.37,"namesell":"pancake","sellPrice":8233.43},{"block":11027264,"timestamp":1631984746,"swapAmountBNB":20,"namebuy":"biswap","buyPrice":8250.37,"namesell":"pancake","sellPrice":8233.45},{"block":11027265,"timestamp":1631984749,"swapAmountBNB":20,"namebuy":"biswap","buyPrice":8250.37,"namesell":"pancake","sellPrice":8233.49},{"block":11027266,"timestamp":1631984752,"swapAmountBNB":20,"namebuy":"biswap","buyPrice":8250.67,"namesell":"pancake","sellPrice":8233.61},{"block":11027267,"timestamp":1631984755,"swapAmountBNB":20,"namebuy":"biswap","buyPrice":8250.67,"namesell":"pancake","sellPrice":8233.6},{"block":11027268,"timestamp":1631984758,"swapAmountBNB":20,"namebuy":"biswap","buyPrice":8250.67,"namesell":"pancake","sellPrice":8233.61},{"block":11027269,"timestamp":1631984761,"swapAmountBNB":20,"namebuy":"biswap","buyPrice":8255.1,"namesell":"pancake","sellPrice":8233.64},{"block":11027270,"timestamp":1631984764,"swapAmountBNB":20,"namebuy":"biswap","buyPrice":8255.1,"namesell":"pancake","sellPrice":8233.8},{"block":11027271,"timestamp":1631984767,"swapAmountBNB":20,"namebuy":"biswap","buyPrice":8255.1,"namesell":"pancake","sellPrice":8233.81},{"block":11027272,"timestamp":1631984770,"swapAmountBNB":20,"namebuy":"biswap","buyPrice":8257.43,"namesell":"pancake","sellPrice":8233.85},{"block":11027273,"timestamp":1631984773,"swapAmountBNB":20,"namebuy":"biswap","buyPrice":8257.5,"namesell":"pancake","sellPrice":8233.85},{"block":11027274,"timestamp":1631984776,"swapAmountBNB":20,"namebuy":"biswap","buyPrice":8257.57,"namesell":"pancake","sellPrice":8233.69},{"block":11027275,"timestamp":1631984779,"swapAmountBNB":20,"namebuy":"biswap","buyPrice":8257.57,"namesell":"pancake","sellPrice":8234.32},{"block":11027276,"timestamp":1631984782,"swapAmountBNB":20,"namebuy":"biswap","buyPrice":8257.67,"namesell":"pancake","sellPrice":8234.27},{"block":11027277,"timestamp":1631984785,"swapAmountBNB":20,"namebuy":"biswap","buyPrice":8257.67,"namesell":"pancake","sellPrice":8234.26},{"block":11027278,"timestamp":1631984788,"swapAmountBNB":20,"namebuy":"biswap","buyPrice":8257.67,"namesell":"pancake","sellPrice":8234.32},{"block":11027279,"timestamp":1631984791,"swapAmountBNB":20,"namebuy":"biswap","buyPrice":8257.67,"namesell":"pancake","sellPrice":8234.35},{"block":11027280,"timestamp":1631984794,"swapAmountBNB":20,"namebuy":"biswap","buyPrice":8257.67,"namesell":"pancake","sellPrice":8234.27},{"block":11027281,"timestamp":1631984797,"swapAmountBNB":20,"namebuy":"biswap","buyPrice":8257.67,"namesell":"pancake","sellPrice":8233.66},{"block":11027282,"timestamp":1631984800,"swapAmountBNB":20,"namebuy":"biswap","buyPrice":8257.67,"namesell":"pancake","sellPrice":8233.66},{"block":11027283,"timestamp":1631984803,"swapAmountBNB":20,"namebuy":"biswap","buyPrice":8257.67,"namesell":"pancake","sellPrice":8233.96},{"block":11027284,"timestamp":1631984806,"swapAmountBNB":20,"namebuy":"biswap","buyPrice":8257.67,"namesell":"pancake","sellPrice":8234.09},{"block":11027285,"timestamp":1631984809,"swapAmountBNB":20,"namebuy":"biswap","buyPrice":8257.67,"namesell":"pancake","sellPrice":8234.09},{"block":11027286,"timestamp":1631984812,"swapAmountBNB":20,"namebuy":"biswap","buyPrice":8257.67,"namesell":"pancake","sellPrice":8233.92},{"block":11027287,"timestamp":1631984815,"swapAmountBNB":20,"namebuy":"biswap","buyPrice":8257.67,"namesell":"pancake","sellPrice":8234.01},{"block":11027288,"timestamp":1631984818,"swapAmountBNB":20,"namebuy":"biswap","buyPrice":8257.67,"namesell":"pancake","sellPrice":8234.01},{"block":11027289,"timestamp":1631984821,"swapAmountBNB":20,"namebuy":"biswap","buyPrice":8255.46,"namesell":"pancake","sellPrice":8234.15},{"block":11027290,"timestamp":1631984824,"swapAmountBNB":20,"namebuy":"biswap","buyPrice":8255.46,"namesell":"pancake","sellPrice":8234.14},{"block":11027291,"timestamp":1631984827,"swapAmountBNB":20,"namebuy":"biswap","buyPrice":8255.46,"namesell":"pancake","sellPrice":8234.19},{"block":11027292,"timestamp":1631984830,"swapAmountBNB":20,"namebuy":"biswap","buyPrice":8255.77,"namesell":"pancake","sellPrice":8234.19},{"block":11027293,"timestamp":1631984833,"swapAmountBNB":20,"namebuy":"biswap","buyPrice":8255.77,"namesell":"pancake","sellPrice":8234.19},{"block":11027294,"timestamp":1631984836,"swapAmountBNB":20,"namebuy":"biswap","buyPrice":8255.77,"namesell":"pancake","sellPrice":8234.2},{"block":11027295,"timestamp":1631984839,"swapAmountBNB":20,"namebuy":"biswap","buyPrice":8255.77,"namesell":"pancake","sellPrice":8234.07},{"block":11027296,"timestamp":1631984842,"swapAmountBNB":20,"namebuy":"biswap","buyPrice":8255.77,"namesell":"pancake","sellPrice":8234.13},{"block":11027297,"timestamp":1631984845,"swapAmountBNB":20,"namebuy":"biswap","buyPrice":8255.77,"namesell":"pancake","sellPrice":8234.13},{"block":11027298,"timestamp":1631984848,"swapAmountBNB":20,"namebuy":"biswap","buyPrice":8255.77,"namesell":"pancake","sellPrice":8234.06},{"block":11027299,"timestamp":1631984851,"swapAmountBNB":20,"namebuy":"biswap","buyPrice":8255.77,"namesell":"pancake","sellPrice":8233.99},{"block":11027300,"timestamp":1631984854,"swapAmountBNB":20,"namebuy":"biswap","buyPrice":8255.98,"namesell":"pancake","sellPrice":8234},{"block":11027301,"timestamp":1631984857,"swapAmountBNB":20,"namebuy":"biswap","buyPrice":8255.98,"namesell":"pancake","sellPrice":8233.79},{"block":11027302,"timestamp":1631984860,"swapAmountBNB":20,"namebuy":"biswap","buyPrice":8255.9,"namesell":"pancake","sellPrice":8233.78},{"block":11027303,"timestamp":1631984863,"swapAmountBNB":20,"namebuy":"biswap","buyPrice":8255.9,"namesell":"pancake","sellPrice":8233.76},{"block":11027304,"timestamp":1631984866,"swapAmountBNB":20,"namebuy":"biswap","buyPrice":8255.9,"namesell":"pancake","sellPrice":8233.75},{"block":11027305,"timestamp":1631984869,"swapAmountBNB":20,"namebuy":"biswap","buyPrice":8255.9,"namesell":"pancake","sellPrice":8233.74},{"block":11027306,"timestamp":1631984872,"swapAmountBNB":20,"namebuy":"biswap","buyPrice":8256.37,"namesell":"biswap","sellPrice":8231.82},{"block":11027307,"timestamp":1631984875,"swapAmountBNB":20,"namebuy":"biswap","buyPrice":8256.45,"namesell":"biswap","sellPrice":8231.9},{"block":11027308,"timestamp":1631984878,"swapAmountBNB":20,"namebuy":"biswap","buyPrice":8256.54,"namesell":"biswap","sellPrice":8231.99},{"block":11027309,"timestamp":1631984881,"swapAmountBNB":20,"namebuy":"biswap","buyPrice":8256.54,"namesell":"biswap","sellPrice":8231.99},{"block":11027310,"timestamp":1631984884,"swapAmountBNB":20,"namebuy":"biswap","buyPrice":8252.11,"namesell":"pancake","sellPrice":8229.34},{"block":11027311,"timestamp":1631984887,"swapAmountBNB":20,"namebuy":"biswap","buyPrice":8252.11,"namesell":"pancake","sellPrice":8229.34},{"block":11027312,"timestamp":1631984890,"swapAmountBNB":20,"namebuy":"biswap","buyPrice":8252.11,"namesell":"pancake","sellPrice":8229.34},{"block":11027313,"timestamp":1631984893,"swapAmountBNB":20,"namebuy":"biswap","buyPrice":8252.27,"namesell":"pancake","sellPrice":8229.55},{"block":11027314,"timestamp":1631984896,"swapAmountBNB":20,"namebuy":"biswap","buyPrice":8252.27,"namesell":"pancake","sellPrice":8229.31},{"block":11027315,"timestamp":1631984899,"swapAmountBNB":20,"namebuy":"biswap","buyPrice":8252.27,"namesell":"pancake","sellPrice":8229.29},{"block":11027316,"timestamp":1631984902,"swapAmountBNB":20,"namebuy":"biswap","buyPrice":8252.27,"namesell":"pancake","sellPrice":8229.38},{"block":11027317,"timestamp":1631984905,"swapAmountBNB":20,"namebuy":"biswap","buyPrice":8252.73,"namesell":"pancake","sellPrice":8230.03},{"block":11027318,"timestamp":1631984908,"swapAmountBNB":20,"namebuy":"biswap","buyPrice":8253.1,"namesell":"pancake","sellPrice":8229.98},{"block":11027319,"timestamp":1631984911,"swapAmountBNB":20,"namebuy":"biswap","buyPrice":8253.1,"namesell":"pancake","sellPrice":8229.98},{"block":11027320,"timestamp":1631984914,"swapAmountBNB":20,"namebuy":"biswap","buyPrice":8253.1,"namesell":"pancake","sellPrice":8230.01},{"block":11027321,"timestamp":1631984917,"swapAmountBNB":20,"namebuy":"biswap","buyPrice":8253.1,"namesell":"pancake","sellPrice":8230.01},{"block":11027322,"timestamp":1631984920,"swapAmountBNB":20,"namebuy":"biswap","buyPrice":8257.43,"namesell":"biswap","sellPrice":8232.88},{"block":11027323,"timestamp":1631984923,"swapAmountBNB":20,"namebuy":"biswap","buyPrice":8257.43,"namesell":"biswap","sellPrice":8232.88},{"block":11027324,"timestamp":1631984926,"swapAmountBNB":20,"namebuy":"biswap","buyPrice":8257.17,"namesell":"biswap","sellPrice":8232.62},{"block":11027325,"timestamp":1631984929,"swapAmountBNB":20,"namebuy":"biswap","buyPrice":8257.21,"namesell":"biswap","sellPrice":8232.66},{"block":11027326,"timestamp":1631984932,"swapAmountBNB":20,"namebuy":"biswap","buyPrice":8257.21,"namesell":"biswap","sellPrice":8232.66},{"block":11027327,"timestamp":1631984935,"swapAmountBNB":20,"namebuy":"biswap","buyPrice":8257.33,"namesell":"biswap","sellPrice":8232.78},{"block":11027328,"timestamp":1631984938,"swapAmountBNB":20,"namebuy":"biswap","buyPrice":8257.33,"namesell":"biswap","sellPrice":8232.78},{"block":11027329,"timestamp":1631984941,"swapAmountBNB":20,"namebuy":"biswap","buyPrice":8257.33,"namesell":"biswap","sellPrice":8232.78},{"block":11027330,"timestamp":1631984944,"swapAmountBNB":20,"namebuy":"biswap","buyPrice":8257.33,"namesell":"biswap","sellPrice":8232.78},{"block":11027331,"timestamp":1631984947,"swapAmountBNB":20,"namebuy":"biswap","buyPrice":8257.34,"namesell":"biswap","sellPrice":8232.78},{"block":11027332,"timestamp":1631984950,"swapAmountBNB":20,"namebuy":"biswap","buyPrice":8257.34,"namesell":"biswap","sellPrice":8232.79},{"block":11027333,"timestamp":1631984953,"swapAmountBNB":20,"namebuy":"biswap","buyPrice":8257.34,"namesell":"biswap","sellPrice":8232.79},{"block":11027334,"timestamp":1631984956,"swapAmountBNB":20,"namebuy":"biswap","buyPrice":8257.34,"namesell":"biswap","sellPrice":8232.79},{"block":11027335,"timestamp":1631984959,"swapAmountBNB":20,"namebuy":"biswap","buyPrice":8257.34,"namesell":"biswap","sellPrice":8232.79},{"block":11027336,"timestamp":1631984962,"swapAmountBNB":20,"namebuy":"biswap","buyPrice":8257.06,"namesell":"biswap","sellPrice":8232.51},{"block":11027337,"timestamp":1631984965,"swapAmountBNB":20,"namebuy":"biswap","buyPrice":8256.93,"namesell":"biswap","sellPrice":8232.38},{"block":11027338,"timestamp":1631984968,"swapAmountBNB":20,"namebuy":"biswap","buyPrice":8256.93,"namesell":"biswap","sellPrice":8232.38},{"block":11027339,"timestamp":1631984971,"swapAmountBNB":20,"namebuy":"biswap","buyPrice":8256.67,"namesell":"biswap","sellPrice":8232.13},{"block":11027340,"timestamp":1631984974,"swapAmountBNB":20,"namebuy":"biswap","buyPrice":8256.67,"namesell":"biswap","sellPrice":8232.13},{"block":11027341,"timestamp":1631984977,"swapAmountBNB":20,"namebuy":"biswap","buyPrice":8256.67,"namesell":"biswap","sellPrice":8232.13},{"block":11027342,"timestamp":1631984980,"swapAmountBNB":20,"namebuy":"biswap","buyPrice":8256.67,"namesell":"biswap","sellPrice":8232.13},{"block":11027343,"timestamp":1631984983,"swapAmountBNB":20,"namebuy":"biswap","buyPrice":8256.67,"namesell":"biswap","sellPrice":8232.13},{"block":11027344,"timestamp":1631984986,"swapAmountBNB":20,"namebuy":"biswap","buyPrice":8256.67,"namesell":"biswap","sellPrice":8232.13},{"block":11027345,"timestamp":1631984989,"swapAmountBNB":20,"namebuy":"biswap","buyPrice":8252.24,"namesell":"pancake","sellPrice":8230.08},{"block":11027346,"timestamp":1631984992,"swapAmountBNB":20,"namebuy":"biswap","buyPrice":8252.24,"namesell":"pancake","sellPrice":8230.03},{"block":11027347,"timestamp":1631984995,"swapAmountBNB":20,"namebuy":"biswap","buyPrice":8252.24,"namesell":"pancake","sellPrice":8230.03},{"block":11027348,"timestamp":1631984998,"swapAmountBNB":20,"namebuy":"biswap","buyPrice":8252.24,"namesell":"pancake","sellPrice":8229.99},{"block":11027349,"timestamp":1631985001,"swapAmountBNB":20,"namebuy":"biswap","buyPrice":8247.81,"namesell":"pancake","sellPrice":8230.07},{"block":11027350,"timestamp":1631985004,"swapAmountBNB":20,"namebuy":"biswap","buyPrice":8247.81,"namesell":"pancake","sellPrice":8230.08},{"block":11027351,"timestamp":1631985007,"swapAmountBNB":20,"namebuy":"biswap","buyPrice":8247.81,"namesell":"pancake","sellPrice":8229.87},{"block":11027352,"timestamp":1631985010,"swapAmountBNB":20,"namebuy":"biswap","buyPrice":8247.81,"namesell":"pancake","sellPrice":8229.87},{"block":11027353,"timestamp":1631985013,"swapAmountBNB":20,"namebuy":"biswap","buyPrice":8247.81,"namesell":"pancake","sellPrice":8230.04},{"block":11027354,"timestamp":1631985016,"swapAmountBNB":20,"namebuy":"biswap","buyPrice":8247.81,"namesell":"pancake","sellPrice":8230.02},{"block":11027355,"timestamp":1631985019,"swapAmountBNB":20,"namebuy":"biswap","buyPrice":8247.87,"namesell":"pancake","sellPrice":8230.05},{"block":11027356,"timestamp":1631985022,"swapAmountBNB":20,"namebuy":"biswap","buyPrice":8247.87,"namesell":"pancake","sellPrice":8230.02},{"block":11027357,"timestamp":1631985025,"swapAmountBNB":20,"namebuy":"biswap","buyPrice":8248.16,"namesell":"pancake","sellPrice":8230.38},{"block":11027358,"timestamp":1631985028,"swapAmountBNB":20,"namebuy":"biswap","buyPrice":8248.16,"namesell":"pancake","sellPrice":8230.34},{"block":11027359,"timestamp":1631985031,"swapAmountBNB":20,"namebuy":"biswap","buyPrice":8248.16,"namesell":"pancake","sellPrice":8230.35},{"block":11027360,"timestamp":1631985034,"swapAmountBNB":20,"namebuy":"biswap","buyPrice":8248.04,"namesell":"pancake","sellPrice":8230.26},{"block":11027361,"timestamp":1631985037,"swapAmountBNB":20,"namebuy":"biswap","buyPrice":8248.04,"namesell":"pancake","sellPrice":8230.34},{"block":11027362,"timestamp":1631985040,"swapAmountBNB":20,"namebuy":"biswap","buyPrice":8248.04,"namesell":"pancake","sellPrice":8230.54},{"block":11027363,"timestamp":1631985043,"swapAmountBNB":20,"namebuy":"biswap","buyPrice":8248.04,"namesell":"pancake","sellPrice":8230.57},{"block":11027364,"timestamp":1631985046,"swapAmountBNB":20,"namebuy":"biswap","buyPrice":8248.04,"namesell":"pancake","sellPrice":8230.49},{"block":11027365,"timestamp":1631985049,"swapAmountBNB":20,"namebuy":"biswap","buyPrice":8248.04,"namesell":"pancake","sellPrice":8230.46},{"block":11027366,"timestamp":1631985052,"swapAmountBNB":20,"namebuy":"biswap","buyPrice":8248.04,"namesell":"pancake","sellPrice":8230.49},{"block":11027367,"timestamp":1631985055,"swapAmountBNB":20,"namebuy":"biswap","buyPrice":8248.04,"namesell":"pancake","sellPrice":8230.51},{"block":11027368,"timestamp":1631985058,"swapAmountBNB":20,"namebuy":"biswap","buyPrice":8248.04,"namesell":"pancake","sellPrice":8230.48},{"block":11027369,"timestamp":1631985061,"swapAmountBNB":20,"namebuy":"biswap","buyPrice":8248.04,"namesell":"pancake","sellPrice":8230.48},{"block":11027370,"timestamp":1631985064,"swapAmountBNB":20,"namebuy":"biswap","buyPrice":8248.04,"namesell":"pancake","sellPrice":8230.59},{"block":11027371,"timestamp":1631985067,"swapAmountBNB":20,"namebuy":"biswap","buyPrice":8248.04,"namesell":"pancake","sellPrice":8230.71},{"block":11027372,"timestamp":1631985070,"swapAmountBNB":20,"namebuy":"biswap","buyPrice":8248.04,"namesell":"pancake","sellPrice":8230.69},{"block":11027373,"timestamp":1631985073,"swapAmountBNB":20,"namebuy":"biswap","buyPrice":8248.04,"namesell":"pancake","sellPrice":8229.94},{"block":11027374,"timestamp":1631985076,"swapAmountBNB":20,"namebuy":"biswap","buyPrice":8248.17,"namesell":"pancake","sellPrice":8229.95},{"block":11027375,"timestamp":1631985079,"swapAmountBNB":20,"namebuy":"biswap","buyPrice":8248.17,"namesell":"pancake","sellPrice":8229.95},{"block":11027376,"timestamp":1631985082,"swapAmountBNB":20,"namebuy":"biswap","buyPrice":8248.17,"namesell":"pancake","sellPrice":8229.95},{"block":11027377,"timestamp":1631985085,"swapAmountBNB":20,"namebuy":"biswap","buyPrice":8248.17,"namesell":"pancake","sellPrice":8229.95},{"block":11027378,"timestamp":1631985088,"swapAmountBNB":20,"namebuy":"biswap","buyPrice":8248.41,"namesell":"pancake","sellPrice":8229.95},{"block":11027379,"timestamp":1631985091,"swapAmountBNB":20,"namebuy":"biswap","buyPrice":8248.41,"namesell":"pancake","sellPrice":8230.02},{"block":11027380,"timestamp":1631985094,"swapAmountBNB":20,"namebuy":"biswap","buyPrice":8248.41,"namesell":"pancake","sellPrice":8230.35},{"block":11027381,"timestamp":1631985097,"swapAmountBNB":20,"namebuy":"biswap","buyPrice":8248.53,"namesell":"pancake","sellPrice":8229.88},{"block":11027382,"timestamp":1631985100,"swapAmountBNB":20,"namebuy":"biswap","buyPrice":8248.53,"namesell":"pancake","sellPrice":8229.86},{"block":11027383,"timestamp":1631985103,"swapAmountBNB":20,"namebuy":"biswap","buyPrice":8248.58,"namesell":"pancake","sellPrice":8230.17},{"block":11027384,"timestamp":1631985106,"swapAmountBNB":20,"namebuy":"biswap","buyPrice":8248.58,"namesell":"pancake","sellPrice":8230.12},{"block":11027385,"timestamp":1631985109,"swapAmountBNB":20,"namebuy":"biswap","buyPrice":8248.72,"namesell":"pancake","sellPrice":8230.13},{"block":11027386,"timestamp":1631985112,"swapAmountBNB":20,"namebuy":"biswap","buyPrice":8248.92,"namesell":"pancake","sellPrice":8230.11},{"block":11027387,"timestamp":1631985115,"swapAmountBNB":20,"namebuy":"biswap","buyPrice":8248.92,"namesell":"pancake","sellPrice":8229.9},{"block":11027388,"timestamp":1631985118,"swapAmountBNB":20,"namebuy":"biswap","buyPrice":8248.92,"namesell":"pancake","sellPrice":8229.82},{"block":11027389,"timestamp":1631985121,"swapAmountBNB":20,"namebuy":"biswap","buyPrice":8248.92,"namesell":"pancake","sellPrice":8229.83},{"block":11027390,"timestamp":1631985124,"swapAmountBNB":20,"namebuy":"biswap","buyPrice":8248.92,"namesell":"pancake","sellPrice":8229.7},{"block":11027391,"timestamp":1631985127,"swapAmountBNB":20,"namebuy":"biswap","buyPrice":8249.17,"namesell":"pancake","sellPrice":8229.77},{"block":11027392,"timestamp":1631985130,"swapAmountBNB":20,"namebuy":"biswap","buyPrice":8249.35,"namesell":"pancake","sellPrice":8229.81},{"block":11027393,"timestamp":1631985133,"swapAmountBNB":20,"namebuy":"biswap","buyPrice":8249.35,"namesell":"pancake","sellPrice":8229.98},{"block":11027394,"timestamp":1631985136,"swapAmountBNB":20,"namebuy":"biswap","buyPrice":8249.35,"namesell":"pancake","sellPrice":8229.82},{"block":11027395,"timestamp":1631985139,"swapAmountBNB":20,"namebuy":"biswap","buyPrice":8249.35,"namesell":"pancake","sellPrice":8229.78},{"block":11027396,"timestamp":1631985142,"swapAmountBNB":20,"namebuy":"biswap","buyPrice":8249.35,"namesell":"pancake","sellPrice":8229.71},{"block":11027397,"timestamp":1631985145,"swapAmountBNB":20,"namebuy":"biswap","buyPrice":8249.35,"namesell":"pancake","sellPrice":8229.75},{"block":11027398,"timestamp":1631985148,"swapAmountBNB":20,"namebuy":"biswap","buyPrice":8249.35,"namesell":"pancake","sellPrice":8230.11},{"block":11027399,"timestamp":1631985151,"swapAmountBNB":20,"namebuy":"biswap","buyPrice":8249.52,"namesell":"pancake","sellPrice":8230.03},{"block":11027400,"timestamp":1631985154,"swapAmountBNB":20,"namebuy":"biswap","buyPrice":8249.59,"namesell":"pancake","sellPrice":8230.03},{"block":11027401,"timestamp":1631985157,"swapAmountBNB":20,"namebuy":"biswap","buyPrice":8249.67,"namesell":"pancake","sellPrice":8229.99},{"block":11027402,"timestamp":1631985160,"swapAmountBNB":20,"namebuy":"biswap","buyPrice":8249.67,"namesell":"pancake","sellPrice":8229.57},{"block":11027403,"timestamp":1631985163,"swapAmountBNB":20,"namebuy":"biswap","buyPrice":8249.87,"namesell":"pancake","sellPrice":8229.59},{"block":11027404,"timestamp":1631985166,"swapAmountBNB":20,"namebuy":"biswap","buyPrice":8249.87,"namesell":"pancake","sellPrice":8229.62},{"block":11027405,"timestamp":1631985169,"swapAmountBNB":20,"namebuy":"biswap","buyPrice":8249.87,"namesell":"pancake","sellPrice":8229.78},{"block":11027406,"timestamp":1631985172,"swapAmountBNB":20,"namebuy":"biswap","buyPrice":8249.87,"namesell":"pancake","sellPrice":8229.58},{"block":11027407,"timestamp":1631985175,"swapAmountBNB":20,"namebuy":"biswap","buyPrice":8249.97,"namesell":"pancake","sellPrice":8229.6},{"block":11027408,"timestamp":1631985178,"swapAmountBNB":20,"namebuy":"biswap","buyPrice":8244.99,"namesell":"pancake","sellPrice":8229.65},{"block":11027409,"timestamp":1631985181,"swapAmountBNB":20,"namebuy":"biswap","buyPrice":8244.99,"namesell":"pancake","sellPrice":8229.59},{"block":11027410,"timestamp":1631985184,"swapAmountBNB":20,"namebuy":"biswap","buyPrice":8244.99,"namesell":"pancake","sellPrice":8229.61},{"block":11027411,"timestamp":1631985187,"swapAmountBNB":20,"namebuy":"biswap","buyPrice":8245.15,"namesell":"pancake","sellPrice":8229.64},{"block":11027412,"timestamp":1631985190,"swapAmountBNB":20,"namebuy":"biswap","buyPrice":8244.91,"namesell":"pancake","sellPrice":8229.75},{"block":11027413,"timestamp":1631985193,"swapAmountBNB":20,"namebuy":"biswap","buyPrice":8244.91,"namesell":"pancake","sellPrice":8229.73},{"block":11027414,"timestamp":1631985196,"swapAmountBNB":20,"namebuy":"biswap","buyPrice":8244.91,"namesell":"pancake","sellPrice":8229.56},{"block":11027415,"timestamp":1631985199,"swapAmountBNB":20,"namebuy":"biswap","buyPrice":8244.91,"namesell":"pancake","sellPrice":8229.54},{"block":11027416,"timestamp":1631985202,"swapAmountBNB":20,"namebuy":"biswap","buyPrice":8244.91,"namesell":"pancake","sellPrice":8229.44},{"block":11027417,"timestamp":1631985205,"swapAmountBNB":20,"namebuy":"biswap","buyPrice":8244.91,"namesell":"pancake","sellPrice":8229.46},{"block":11027418,"timestamp":1631985208,"swapAmountBNB":20,"namebuy":"biswap","buyPrice":8244.95,"namesell":"pancake","sellPrice":8229.27},{"block":11027419,"timestamp":1631985211,"swapAmountBNB":20,"namebuy":"biswap","buyPrice":8244.95,"namesell":"pancake","sellPrice":8229.1},{"block":11027420,"timestamp":1631985214,"swapAmountBNB":20,"namebuy":"biswap","buyPrice":8244.95,"namesell":"pancake","sellPrice":8228.93},{"block":11027421,"timestamp":1631985217,"swapAmountBNB":20,"namebuy":"biswap","buyPrice":8244.95,"namesell":"pancake","sellPrice":8228.38},{"block":11027422,"timestamp":1631985220,"swapAmountBNB":20,"namebuy":"biswap","buyPrice":8244.95,"namesell":"pancake","sellPrice":8228.38},{"block":11027423,"timestamp":1631985223,"swapAmountBNB":20,"namebuy":"biswap","buyPrice":8248.1,"namesell":"pancake","sellPrice":8228.27},{"block":11027424,"timestamp":1631985226,"swapAmountBNB":20,"namebuy":"biswap","buyPrice":8248.16,"namesell":"pancake","sellPrice":8228.23},{"block":11027425,"timestamp":1631985229,"swapAmountBNB":20,"namebuy":"biswap","buyPrice":8248.16,"namesell":"pancake","sellPrice":8228.24},{"block":11027426,"timestamp":1631985232,"swapAmountBNB":20,"namebuy":"biswap","buyPrice":8248.16,"namesell":"pancake","sellPrice":8228.37},{"block":11027427,"timestamp":1631985235,"swapAmountBNB":20,"namebuy":"biswap","buyPrice":8248.26,"namesell":"pancake","sellPrice":8228.52},{"block":11027428,"timestamp":1631985238,"swapAmountBNB":20,"namebuy":"biswap","buyPrice":8248.62,"namesell":"pancake","sellPrice":8228.3},{"block":11027429,"timestamp":1631985241,"swapAmountBNB":20,"namebuy":"biswap","buyPrice":8248.62,"namesell":"pancake","sellPrice":8228.27},{"block":11027430,"timestamp":1631985244,"swapAmountBNB":20,"namebuy":"biswap","buyPrice":8244.2,"namesell":"pancake","sellPrice":8229.04},{"block":11027431,"timestamp":1631985247,"swapAmountBNB":20,"namebuy":"biswap","buyPrice":8244.2,"namesell":"pancake","sellPrice":8229.01},{"block":11027432,"timestamp":1631985250,"swapAmountBNB":20,"namebuy":"biswap","buyPrice":8244.2,"namesell":"pancake","sellPrice":8229.01},{"block":11027433,"timestamp":1631985253,"swapAmountBNB":20,"namebuy":"biswap","buyPrice":8244.2,"namesell":"pancake","sellPrice":8228.98},{"block":11027434,"timestamp":1631985256,"swapAmountBNB":20,"namebuy":"biswap","buyPrice":8244.2,"namesell":"pancake","sellPrice":8228.91},{"block":11027435,"timestamp":1631985259,"swapAmountBNB":20,"namebuy":"biswap","buyPrice":8244.2,"namesell":"pancake","sellPrice":8229.06},{"block":11027436,"timestamp":1631985262,"swapAmountBNB":20,"namebuy":"biswap","buyPrice":8244.2,"namesell":"pancake","sellPrice":8229.05},{"block":11027437,"timestamp":1631985265,"swapAmountBNB":20,"namebuy":"biswap","buyPrice":8244.2,"namesell":"pancake","sellPrice":8229.07},{"block":11027438,"timestamp":1631985268,"swapAmountBNB":20,"namebuy":"biswap","buyPrice":8244.2,"namesell":"pancake","sellPrice":8229.05},{"block":11027439,"timestamp":1631985271,"swapAmountBNB":20,"namebuy":"biswap","buyPrice":8244.2,"namesell":"pancake","sellPrice":8229.01},{"block":11027440,"timestamp":1631985274,"swapAmountBNB":20,"namebuy":"biswap","buyPrice":8242.12,"namesell":"pancake","sellPrice":8229.04},{"block":11027441,"timestamp":1631985277,"swapAmountBNB":20,"namebuy":"biswap","buyPrice":8242.12,"namesell":"pancake","sellPrice":8229.04},{"block":11027442,"timestamp":1631985280,"swapAmountBNB":20,"namebuy":"biswap","buyPrice":8242.32,"namesell":"pancake","sellPrice":8228.88},{"block":11027443,"timestamp":1631985283,"swapAmountBNB":20,"namebuy":"biswap","buyPrice":8242.32,"namesell":"pancake","sellPrice":8228.19},{"block":11027444,"timestamp":1631985286,"swapAmountBNB":20,"namebuy":"biswap","buyPrice":8242.32,"namesell":"pancake","sellPrice":8228.17},{"block":11027445,"timestamp":1631985289,"swapAmountBNB":20,"namebuy":"biswap","buyPrice":8242.32,"namesell":"pancake","sellPrice":8227.93},{"block":11027446,"timestamp":1631985292,"swapAmountBNB":20,"namebuy":"biswap","buyPrice":8242.32,"namesell":"pancake","sellPrice":8228.06},{"block":11027447,"timestamp":1631985295,"swapAmountBNB":20,"namebuy":"biswap","buyPrice":8242.32,"namesell":"pancake","sellPrice":8228.07},{"block":11027448,"timestamp":1631985298,"swapAmountBNB":20,"namebuy":"biswap","buyPrice":8242.32,"namesell":"pancake","sellPrice":8228.01},{"block":11027449,"timestamp":1631985301,"swapAmountBNB":20,"namebuy":"biswap","buyPrice":8242.32,"namesell":"pancake","sellPrice":8228.04},{"block":11027450,"timestamp":1631985304,"swapAmountBNB":20,"namebuy":"biswap","buyPrice":8242.32,"namesell":"pancake","sellPrice":8228.21}]}