{"table":[{"block":11030130,"timestamp":1631993398,"swapAmountBNB":20,"namebuy":"biswap","buyPrice":8230.56,"namesell":"pancake","sellPrice":8211.53},{"block":11030131,"timestamp":1631993401,"swapAmountBNB":20,"namebuy":"biswap","buyPrice":8230.56,"namesell":"pancake","sellPrice":8211.5},{"block":11030132,"timestamp":1631993404,"swapAmountBNB":20,"namebuy":"biswap","buyPrice":8230.56,"namesell":"pancake","sellPrice":8211.48},{"block":11030133,"timestamp":1631993407,"swapAmountBNB":20,"namebuy":"biswap","buyPrice":8230.56,"namesell":"pancake","sellPrice":8211.56},{"block":11030134,"timestamp":1631993410,"swapAmountBNB":20,"namebuy":"biswap","buyPrice":8230.56,"namesell":"pancake","sellPrice":8211.53},{"block":11030135,"timestamp":1631993413,"swapAmountBNB":20,"namebuy":"biswap","buyPrice":8230.56,"namesell":"pancake","sellPrice":8211.53},{"block":11030136,"timestamp":1631993416,"swapAmountBNB":20,"namebuy":"biswap","buyPrice":8230.56,"namesell":"pancake","sellPrice":8211.24},{"block":11030137,"timestamp":1631993419,"swapAmountBNB":20,"namebuy":"biswap","buyPrice":8230.56,"namesell":"pancake","sellPrice":8211.2},{"block":11030138,"timestamp":1631993422,"swapAmountBNB":20,"namebuy":"biswap","buyPrice":8230.56,"namesell":"pancake","sellPrice":8211.21},{"block":11030139,"timestamp":1631993425,"swapAmountBNB":20,"namebuy":"biswap","buyPrice":8230.56,"namesell":"pancake","sellPrice":8211.18},{"block":11030140,"timestamp":1631993428,"swapAmountBNB":20,"namebuy":"biswap","buyPrice":8230.56,"namesell":"pancake","sellPrice":8211.21},{"block":11030141,"timestamp":1631993431,"swapAmountBNB":20,"namebuy":"biswap","buyPrice":8230.56,"namesell":"pancake","sellPrice":8211.22},{"block":11030142,"timestamp":1631993434,"swapAmountBNB":20,"namebuy":"biswap","buyPrice":8230.56,"namesell":"pancake","sellPrice":8211.14},{"block":11030143,"timestamp":1631993437,"swapAmountBNB":20,"namebuy":"biswap","buyPrice":8230.59,"namesell":"pancake","sellPrice":8211.15},{"block":11030144,"timestamp":1631993440,"swapAmountBNB":20,"namebuy":"biswap","buyPrice":8230.59,"namesell":"pancake","sellPrice":8211.15},{"block":11030145,"timestamp":1631993443,"swapAmountBNB":20,"namebuy":"biswap","buyPrice":8230.59,"namesell":"pancake","sellPrice":8211.2},{"block":11030146,"timestamp":1631993446,"swapAmountBNB":20,"namebuy":"biswap","buyPrice":8230.59,"namesell":"pancake","sellPrice":8211.27},{"block":11030147,"timestamp":1631993449,"swapAmountBNB":20,"namebuy":"biswap","buyPrice":8230.9,"namesell":"pancake","sellPrice":8211.23},{"block":11030148,"timestamp":1631993452,"swapAmountBNB":20,"namebuy":"biswap","buyPrice":8230.9,"namesell":"pancake","sellPrice":8211.8},{"block":11030149,"timestamp":1631993455,"swapAmountBNB":20,"namebuy":"biswap","buyPrice":8230.9,"namesell":"pancake","sellPrice":8211.42},{"block":11030150,"timestamp":1631993458,"swapAmountBNB":20,"namebuy":"biswap","buyPrice":8230.9,"namesell":"pancake","sellPrice":8211.41},{"block":11030151,"timestamp":1631993461,"swapAmountBNB":20,"namebuy":"biswap","buyPrice":8230.96,"namesell":"pancake","sellPrice":8211.36},{"block":11030152,"timestamp":1631993464,"swapAmountBNB":20,"namebuy":"biswap","buyPrice":8226.55,"namesell":"pancake","sellPrice":8211.37},{"block":11030153,"timestamp":1631993467,"swapAmountBNB":20,"namebuy":"biswap","buyPrice":8226.55,"namesell":"pancake","sellPrice":8211.38},{"block":11030154,"timestamp":1631993470,"swapAmountBNB":20,"namebuy":"biswap","buyPrice":8227.08,"namesell":"pancake","sellPrice":8211.31},{"block":11030155,"timestamp":1631993473,"swapAmountBNB":20,"namebuy":"biswap","buyPrice":8227.08,"namesell":"pancake","sellPrice":8211.32},{"block":11030156,"timestamp":1631993476,"swapAmountBNB":20,"namebuy":"biswap","buyPrice":8227.08,"namesell":"pancake","sellPrice":8211.32},{"block":11030157,"timestamp":1631993480,"swapAmountBNB":20,"namebuy":"biswap","buyPrice":8227.08,"namesell":"pancake","sellPrice":8211.34},{"block":11030157,"timestamp":1631993479,"swapAmountBNB":20,"namebuy":"biswap","buyPrice":8222.67,"namesell":"pancake","sellPrice":8210.71},{"block":11030158,"timestamp":1631993482,"swapAmountBNB":20,"namebuy":"biswap","buyPrice":8222.67,"namesell":"pancake","sellPrice":8210.71},{"block":11030159,"timestamp":1631993485,"swapAmountBNB":20,"namebuy":"biswap","buyPrice":8222.67,"namesell":"pancake","sellPrice":8210.69},{"block":11030160,"timestamp":1631993488,"swapAmountBNB":20,"namebuy":"biswap","buyPrice":8222.67,"namesell":"pancake","sellPrice":8209.89},{"block":11030161,"timestamp":1631993491,"swapAmountBNB":20,"namebuy":"biswap","buyPrice":8222.67,"namesell":"pancake","sellPrice":8209.63},{"block":11030162,"timestamp":1631993494,"swapAmountBNB":20,"namebuy":"biswap","buyPrice":8222.67,"namesell":"pancake","sellPrice":8209.63},{"block":11030163,"timestamp":1631993497,"swapAmountBNB":20,"namebuy":"biswap","buyPrice":8222.67,"namesell":"pancake","sellPrice":8209.58},{"block":11030164,"timestamp":1631993500,"swapAmountBNB":20,"namebuy":"biswap","buyPrice":8222.67,"namesell":"pancake","sellPrice":8209.31},{"block":11030165,"timestamp":1631993503,"swapAmountBNB":20,"namebuy":"biswap","buyPrice":8222.67,"namesell":"pancake","sellPrice":8206.64},{"block":11030166,"timestamp":1631993506,"swapAmountBNB":20,"namebuy":"biswap","buyPrice":8218.27,"namesell":"pancake","sellPrice":8206.68},{"block":11030167,"timestamp":1631993509,"swapAmountBNB":20,"namebuy":"biswap","buyPrice":8218.27,"namesell":"pancake","sellPrice":8206.66},{"block":11030168,"timestamp":1631993512,"swapAmountBNB":20,"namebuy":"biswap","buyPrice":8218.27,"namesell":"pancake","sellPrice":8206.66},{"block":11030169,"timestamp":1631993515,"swapAmountBNB":20,"namebuy":"biswap","buyPrice":8218.9,"namesell":"pancake","sellPrice":8206.39},{"block":11030170,"timestamp":1631993518,"swapAmountBNB":20,"namebuy":"biswap","buyPrice":8218.9,"namesell":"pancake","sellPrice":8206.39},{"block":11030171,"timestamp":1631993521,"swapAmountBNB":20,"namebuy":"biswap","buyPrice":8218.9,"namesell":"pancake","sellPrice":8206.33},{"block":11030172,"timestamp":1631993524,"swapAmountBNB":20,"namebuy":"biswap","buyPrice":8218.9,"namesell":"pancake","sellPrice":8206.34},{"block":11030173,"timestamp":1631993527,"swapAmountBNB":20,"namebuy":"biswap","buyPrice":8219.03,"namesell":"pancake","sellPrice":8206.38},{"block":11030174,"timestamp":1631993530,"swapAmountBNB":20,"namebuy":"biswap","buyPrice":8219.03,"namesell":"pancake","sellPrice":8206.38},{"block":11030175,"timestamp":1631993533,"swapAmountBNB":20,"namebuy":"biswap","buyPrice":8219.03,"namesell":"pancake","sellPrice":8206.41},{"block":11030176,"timestamp":1631993536,"swapAmountBNB":20,"namebuy":"biswap","buyPrice":8219.03,"namesell":"pancake","sellPrice":8206.41},{"block":11030177,"timestamp":1631993539,"swapAmountBNB":20,"namebuy":"biswap","buyPrice":8219.03,"namesell":"pancake","sellPrice":8206.45},{"block":11030178,"timestamp":1631993542,"swapAmountBNB":20,"namebuy":"biswap","buyPrice":8219.51,"namesell":"pancake","sellPrice":8206.12},{"block":11030179,"timestamp":1631993545,"swapAmountBNB":20,"namebuy":"biswap","buyPrice":8219.51,"namesell":"pancake","sellPrice":8206.1}]}