{"table":[{"block":11029570,"timestamp":1631991718,"swapAmountBNB":20,"namebuy":"biswap","buyPrice":8254.88,"namesell":"biswap","sellPrice":8230.34},{"block":11029571,"timestamp":1631991721,"swapAmountBNB":20,"namebuy":"biswap","buyPrice":8254.88,"namesell":"biswap","sellPrice":8230.34},{"block":11029572,"timestamp":1631991724,"swapAmountBNB":20,"namebuy":"biswap","buyPrice":8254.88,"namesell":"biswap","sellPrice":8230.34},{"block":11029573,"timestamp":1631991728,"swapAmountBNB":20,"namebuy":"biswap","buyPrice":8254.88,"namesell":"biswap","sellPrice":8230.34},{"block":11029573,"timestamp":1631991727,"swapAmountBNB":20,"namebuy":"biswap","buyPrice":8254.88,"namesell":"biswap","sellPrice":8230.34},{"block":11029574,"timestamp":1631991730,"swapAmountBNB":20,"namebuy":"biswap","buyPrice":8254.88,"namesell":"biswap","sellPrice":8230.34},{"block":11029575,"timestamp":1631991733,"swapAmountBNB":20,"namebuy":"biswap","buyPrice":8254.88,"namesell":"biswap","sellPrice":8230.34},{"block":11029576,"timestamp":1631991736,"swapAmountBNB":20,"namebuy":"biswap","buyPrice":8254.88,"namesell":"biswap","sellPrice":8230.34},{"block":11029577,"timestamp":1631991739,"swapAmountBNB":20,"namebuy":"biswap","buyPrice":8254.88,"namesell":"biswap","sellPrice":8230.34},{"block":11029578,"timestamp":1631991742,"swapAmountBNB":20,"namebuy":"biswap","buyPrice":8254.88,"namesell":"biswap","sellPrice":8230.34},{"block":11029579,"timestamp":1631991745,"swapAmountBNB":20,"namebuy":"biswap","buyPrice":8254.88,"namesell":"biswap","sellPrice":8230.34},{"block":11029580,"timestamp":1631991748,"swapAmountBNB":20,"namebuy":"biswap","buyPrice":8250.44,"namesell":"apeswap","sellPrice":8227.8},{"block":11029581,"timestamp":1631991751,"swapAmountBNB":20,"namebuy":"biswap","buyPrice":8250.44,"namesell":"apeswap","sellPrice":8227.8},{"block":11029582,"timestamp":1631991755,"swapAmountBNB":20,"namebuy":"biswap","buyPrice":8250.44,"namesell":"apeswap","sellPrice":8227.8},{"block":11029582,"timestamp":1631991754,"swapAmountBNB":20,"namebuy":"biswap","buyPrice":8250.44,"namesell":"apeswap","sellPrice":8227.8},{"block":11029583,"timestamp":1631991757,"swapAmountBNB":20,"namebuy":"biswap","buyPrice":8250.44,"namesell":"apeswap","sellPrice":8227.8},{"block":11029584,"timestamp":1631991760,"swapAmountBNB":20,"namebuy":"biswap","buyPrice":8252.26,"namesell":"apeswap","sellPrice":8227.8},{"block":11029585,"timestamp":1631991763,"swapAmountBNB":20,"namebuy":"biswap","buyPrice":8252.41,"namesell":"biswap","sellPrice":8227.88},{"block":11029586,"timestamp":1631991766,"swapAmountBNB":20,"namebuy":"biswap","buyPrice":8252.41,"namesell":"biswap","sellPrice":8227.88},{"block":11029587,"timestamp":1631991769,"swapAmountBNB":20,"namebuy":"biswap","buyPrice":8252.52,"namesell":"biswap","sellPrice":8227.98},{"block":11029588,"timestamp":1631991772,"swapAmountBNB":20,"namebuy":"biswap","buyPrice":8252.52,"namesell":"biswap","sellPrice":8227.98},{"block":11029589,"timestamp":1631991775,"swapAmountBNB":20,"namebuy":"biswap","buyPrice":8252.52,"namesell":"biswap","sellPrice":8227.98}]}