{"table":[{"block":11026348,"timestamp":1631981998,"swapAmountBNB":20,"namebuy":"biswap","buyPrice":8288.63,"namesell":"pancake","sellPrice":8268.7},{"block":11026349,"timestamp":1631982001,"swapAmountBNB":20,"namebuy":"biswap","buyPrice":8288.63,"namesell":"pancake","sellPrice":8268.3},{"block":11026350,"timestamp":1631982004,"swapAmountBNB":20,"namebuy":"biswap","buyPrice":8288.63,"namesell":"pancake","sellPrice":8268},{"block":11026351,"timestamp":1631982007,"swapAmountBNB":20,"namebuy":"biswap","buyPrice":8288.72,"namesell":"pancake","sellPrice":8267.74},{"block":11026352,"timestamp":1631982010,"swapAmountBNB":20,"namebuy":"biswap","buyPrice":8288.72,"namesell":"pancake","sellPrice":8267.71},{"block":11026353,"timestamp":1631982013,"swapAmountBNB":20,"namebuy":"biswap","buyPrice":8288.72,"namesell":"pancake","sellPrice":8267.83},{"block":11026354,"timestamp":1631982016,"swapAmountBNB":20,"namebuy":"biswap","buyPrice":8288.72,"namesell":"pancake","sellPrice":8267.9},{"block":11026355,"timestamp":1631982019,"swapAmountBNB":20,"namebuy":"biswap","buyPrice":8288.72,"namesell":"pancake","sellPrice":8267.7},{"block":11026356,"timestamp":1631982022,"swapAmountBNB":20,"namebuy":"biswap","buyPrice":8288.72,"namesell":"pancake","sellPrice":8267.65},{"block":11026357,"timestamp":1631982025,"swapAmountBNB":20,"namebuy":"biswap","buyPrice":8288.72,"namesell":"pancake","sellPrice":8267.62},{"block":11026358,"timestamp":1631982028,"swapAmountBNB":20,"namebuy":"biswap","buyPrice":8288.72,"namesell":"pancake","sellPrice":8267.63},{"block":11026359,"timestamp":1631982031,"swapAmountBNB":20,"namebuy":"biswap","buyPrice":8289.17,"namesell":"pancake","sellPrice":8267.64},{"block":11026360,"timestamp":1631982034,"swapAmountBNB":20,"namebuy":"biswap","buyPrice":8289.17,"namesell":"pancake","sellPrice":8267.55},{"block":11026361,"timestamp":1631982037,"swapAmountBNB":20,"namebuy":"biswap","buyPrice":8284.71,"namesell":"apeswap","sellPrice":8265.85},{"block":11026362,"timestamp":1631982040,"swapAmountBNB":20,"namebuy":"biswap","buyPrice":8284.71,"namesell":"apeswap","sellPrice":8265.85},{"block":11026363,"timestamp":1631982043,"swapAmountBNB":20,"namebuy":"biswap","buyPrice":8281.32,"namesell":"apeswap","sellPrice":8265.85},{"block":11026364,"timestamp":1631982046,"swapAmountBNB":20,"namebuy":"biswap","buyPrice":8281.32,"namesell":"pancake","sellPrice":8263.4},{"block":11026365,"timestamp":1631982049,"swapAmountBNB":20,"namebuy":"biswap","buyPrice":8281.32,"namesell":"pancake","sellPrice":8263.39},{"block":11026366,"timestamp":1631982052,"swapAmountBNB":20,"namebuy":"biswap","buyPrice":8281.32,"namesell":"pancake","sellPrice":8263.31},{"block":11026367,"timestamp":1631982055,"swapAmountBNB":20,"namebuy":"biswap","buyPrice":8281.82,"namesell":"pancake","sellPrice":8263.37}]}