{"table":[{"block":11507028,"timestamp":1633434597,"swapAmountBNB":5,"namebuy":"biswap","buyPrice":2204.69,"namesell":"apeswap","sellPrice":2200.4},{"block":11507029,"timestamp":1633434600,"swapAmountBNB":5,"namebuy":"biswap","buyPrice":2203.18,"namesell":"apeswap","sellPrice":2200.4},{"block":11507030,"timestamp":1633434603,"swapAmountBNB":5,"namebuy":"biswap","buyPrice":2203.16,"namesell":"apeswap","sellPrice":2200.4},{"block":11507031,"timestamp":1633434606,"swapAmountBNB":5,"namebuy":"biswap","buyPrice":2203.16,"namesell":"apeswap","sellPrice":2200.4},{"block":11507032,"timestamp":1633434609,"swapAmountBNB":5,"namebuy":"biswap","buyPrice":2205.27,"namesell":"apeswap","sellPrice":2200.4},{"block":11507033,"timestamp":1633434612,"swapAmountBNB":5,"namebuy":"biswap","buyPrice":2205.27,"namesell":"apeswap","sellPrice":2200.4},{"block":11507034,"timestamp":1633434615,"swapAmountBNB":5,"namebuy":"biswap","buyPrice":2205.39,"namesell":"apeswap","sellPrice":2200.4},{"block":11507035,"timestamp":1633434618,"swapAmountBNB":5,"namebuy":"biswap","buyPrice":2205.39,"namesell":"apeswap","sellPrice":2200.4},{"block":11507036,"timestamp":1633434621,"swapAmountBNB":5,"namebuy":"biswap","buyPrice":2205.39,"namesell":"apeswap","sellPrice":2200.4},{"block":11507037,"timestamp":1633434624,"swapAmountBNB":5,"namebuy":"biswap","buyPrice":2207.69,"namesell":"biswap","sellPrice":2202.3},{"block":11507038,"timestamp":1633434627,"swapAmountBNB":5,"namebuy":"biswap","buyPrice":2207.69,"namesell":"biswap","sellPrice":2202.3},{"block":11507039,"timestamp":1633434630,"swapAmountBNB":5,"namebuy":"biswap","buyPrice":2205.55,"namesell":"apeswap","sellPrice":2200.4},{"block":11507040,"timestamp":1633434633,"swapAmountBNB":5,"namebuy":"biswap","buyPrice":2205.55,"namesell":"apeswap","sellPrice":2200.18},{"block":11507041,"timestamp":1633434636,"swapAmountBNB":5,"namebuy":"biswap","buyPrice":2205.55,"namesell":"biswap","sellPrice":2200.17},{"block":11507042,"timestamp":1633434639,"swapAmountBNB":5,"namebuy":"biswap","buyPrice":2204.66,"namesell":"apeswap","sellPrice":2200.16},{"block":11507043,"timestamp":1633434642,"swapAmountBNB":5,"namebuy":"biswap","buyPrice":2204.66,"namesell":"apeswap","sellPrice":2200.16},{"block":11507044,"timestamp":1633434645,"swapAmountBNB":5,"namebuy":"biswap","buyPrice":2206.81,"namesell":"biswap","sellPrice":2201.42},{"block":11507045,"timestamp":1633434648,"swapAmountBNB":5,"namebuy":"biswap","buyPrice":2206.81,"namesell":"biswap","sellPrice":2201.42},{"block":11507046,"timestamp":1633434651,"swapAmountBNB":5,"namebuy":"biswap","buyPrice":2206.81,"namesell":"biswap","sellPrice":2201.42},{"block":11507047,"timestamp":1633434654,"swapAmountBNB":5,"namebuy":"biswap","buyPrice":2206.81,"namesell":"biswap","sellPrice":2201.42},{"block":11507048,"timestamp":1633434657,"swapAmountBNB":5,"namebuy":"biswap","buyPrice":2206.81,"namesell":"biswap","sellPrice":2201.42},{"block":11507049,"timestamp":1633434660,"swapAmountBNB":5,"namebuy":"biswap","buyPrice":2206.81,"namesell":"biswap","sellPrice":2201.42},{"block":11507050,"timestamp":1633434663,"swapAmountBNB":5,"namebuy":"biswap","buyPrice":2206.8,"namesell":"biswap","sellPrice":2201.42},{"block":11507051,"timestamp":1633434666,"swapAmountBNB":5,"namebuy":"biswap","buyPrice":2206.85,"namesell":"biswap","sellPrice":2201.47},{"block":11507052,"timestamp":1633434669,"swapAmountBNB":5,"namebuy":"biswap","buyPrice":2206.85,"namesell":"biswap","sellPrice":2201.47},{"block":11507053,"timestamp":1633434672,"swapAmountBNB":5,"namebuy":"biswap","buyPrice":2207.95,"namesell":"biswap","sellPrice":2202.56},{"block":11507054,"timestamp":1633434675,"swapAmountBNB":5,"namebuy":"biswap","buyPrice":2207.95,"namesell":"biswap","sellPrice":2202.56},{"block":11507055,"timestamp":1633434678,"swapAmountBNB":5,"namebuy":"biswap","buyPrice":2207.95,"namesell":"biswap","sellPrice":2202.56},{"block":11507056,"timestamp":1633434681,"swapAmountBNB":5,"namebuy":"biswap","buyPrice":2207.91,"namesell":"biswap","sellPrice":2202.53},{"block":11507057,"timestamp":1633434684,"swapAmountBNB":5,"namebuy":"biswap","buyPrice":2207.91,"namesell":"biswap","sellPrice":2202.53},{"block":11507058,"timestamp":1633434687,"swapAmountBNB":5,"namebuy":"biswap","buyPrice":2207.91,"namesell":"biswap","sellPrice":2202.53},{"block":11507059,"timestamp":1633434690,"swapAmountBNB":5,"namebuy":"biswap","buyPrice":2207.91,"namesell":"biswap","sellPrice":2202.53},{"block":11507060,"timestamp":1633434693,"swapAmountBNB":5,"namebuy":"biswap","buyPrice":2207.91,"namesell":"biswap","sellPrice":2202.53},{"block":11507061,"timestamp":1633434696,"swapAmountBNB":5,"namebuy":"biswap","buyPrice":2207.91,"namesell":"biswap","sellPrice":2202.53},{"block":11507062,"timestamp":1633434699,"swapAmountBNB":5,"namebuy":"biswap","buyPrice":2207.91,"namesell":"biswap","sellPrice":2202.53},{"block":11507063,"timestamp":1633434702,"swapAmountBNB":5,"namebuy":"biswap","buyPrice":2207.91,"namesell":"biswap","sellPrice":2202.53},{"block":11507064,"timestamp":1633434705,"swapAmountBNB":5,"namebuy":"biswap","buyPrice":2207.91,"namesell":"biswap","sellPrice":2202.53},{"block":11507065,"timestamp":1633434708,"swapAmountBNB":5,"namebuy":"biswap","buyPrice":2207.91,"namesell":"biswap","sellPrice":2202.53},{"block":11507066,"timestamp":1633434711,"swapAmountBNB":5,"namebuy":"biswap","buyPrice":2206.23,"namesell":"apeswap","sellPrice":2201.53},{"block":11507067,"timestamp":1633434714,"swapAmountBNB":5,"namebuy":"biswap","buyPrice":2206.23,"namesell":"apeswap","sellPrice":2201.53},{"block":11507068,"timestamp":1633434717,"swapAmountBNB":5,"namebuy":"biswap","buyPrice":2206.23,"namesell":"apeswap","sellPrice":2203.09},{"block":11507069,"timestamp":1633434720,"swapAmountBNB":5,"namebuy":"biswap","buyPrice":2206.23,"namesell":"apeswap","sellPrice":2203.03},{"block":11507070,"timestamp":1633434723,"swapAmountBNB":5,"namebuy":"biswap","buyPrice":2206.32,"namesell":"apeswap","sellPrice":2203.03},{"block":11507071,"timestamp":1633434726,"swapAmountBNB":5,"namebuy":"biswap","buyPrice":2206.32,"namesell":"apeswap","sellPrice":2203.03},{"block":11507072,"timestamp":1633434729,"swapAmountBNB":5,"namebuy":"biswap","buyPrice":2206.32,"namesell":"apeswap","sellPrice":2203.03},{"block":11507073,"timestamp":1633434732,"swapAmountBNB":5,"namebuy":"biswap","buyPrice":2210.85,"namesell":"biswap","sellPrice":2205.46},{"block":11507074,"timestamp":1633434735,"swapAmountBNB":5,"namebuy":"biswap","buyPrice":2210.85,"namesell":"biswap","sellPrice":2205.46},{"block":11507075,"timestamp":1633434738,"swapAmountBNB":5,"namebuy":"pancake","buyPrice":2211.41,"namesell":"biswap","sellPrice":2207.3},{"block":11507076,"timestamp":1633434741,"swapAmountBNB":5,"namebuy":"pancake","buyPrice":2211.41,"namesell":"biswap","sellPrice":2207.3},{"block":11507077,"timestamp":1633434744,"swapAmountBNB":5,"namebuy":"biswap","buyPrice":2211.32,"namesell":"biswap","sellPrice":2205.92},{"block":11507078,"timestamp":1633434747,"swapAmountBNB":5,"namebuy":"biswap","buyPrice":2209.13,"namesell":"biswap","sellPrice":2205.92},{"block":11507079,"timestamp":1633434750,"swapAmountBNB":5,"namebuy":"biswap","buyPrice":2209.13,"namesell":"apeswap","sellPrice":2205.22},{"block":11507080,"timestamp":1633434753,"swapAmountBNB":5,"namebuy":"biswap","buyPrice":2209.13,"namesell":"apeswap","sellPrice":2205.22},{"block":11507081,"timestamp":1633434756,"swapAmountBNB":5,"namebuy":"biswap","buyPrice":2209.13,"namesell":"biswap","sellPrice":2203.74},{"block":11507082,"timestamp":1633434760,"swapAmountBNB":5,"namebuy":"biswap","buyPrice":2206.99,"namesell":"apeswap","sellPrice":2203.16},{"block":11507082,"timestamp":1633434759,"swapAmountBNB":5,"namebuy":"biswap","buyPrice":2206.99,"namesell":"apeswap","sellPrice":2203.1},{"block":11507083,"timestamp":1633434762,"swapAmountBNB":5,"namebuy":"biswap","buyPrice":2205.66,"namesell":"apeswap","sellPrice":2203.04},{"block":11507084,"timestamp":1633434765,"swapAmountBNB":5,"namebuy":"biswap","buyPrice":2205.66,"namesell":"apeswap","sellPrice":2203.04},{"block":11507085,"timestamp":1633434768,"swapAmountBNB":5,"namebuy":"biswap","buyPrice":2205.66,"namesell":"apeswap","sellPrice":2202.87},{"block":11507086,"timestamp":1633434771,"swapAmountBNB":5,"namebuy":"biswap","buyPrice":2205.66,"namesell":"apeswap","sellPrice":2202.87},{"block":11507087,"timestamp":1633434774,"swapAmountBNB":5,"namebuy":"biswap","buyPrice":2205.66,"namesell":"apeswap","sellPrice":2202.87},{"block":11507088,"timestamp":1633434777,"swapAmountBNB":5,"namebuy":"biswap","buyPrice":2205.73,"namesell":"apeswap","sellPrice":2202.86},{"block":11507089,"timestamp":1633434780,"swapAmountBNB":5,"namebuy":"biswap","buyPrice":2205.73,"namesell":"apeswap","sellPrice":2201.05},{"block":11507090,"timestamp":1633434783,"swapAmountBNB":5,"namebuy":"biswap","buyPrice":2206.86,"namesell":"biswap","sellPrice":2201.48},{"block":11507091,"timestamp":1633434786,"swapAmountBNB":5,"namebuy":"biswap","buyPrice":2206.9,"namesell":"biswap","sellPrice":2201.51},{"block":11507092,"timestamp":1633434789,"swapAmountBNB":5,"namebuy":"biswap","buyPrice":2206.9,"namesell":"biswap","sellPrice":2201.51},{"block":11507093,"timestamp":1633434792,"swapAmountBNB":5,"namebuy":"biswap","buyPrice":2208.86,"namesell":"biswap","sellPrice":2203.48},{"block":11507094,"timestamp":1633434795,"swapAmountBNB":5,"namebuy":"biswap","buyPrice":2207.69,"namesell":"biswap","sellPrice":2202.31},{"block":11507095,"timestamp":1633434798,"swapAmountBNB":5,"namebuy":"biswap","buyPrice":2207.48,"namesell":"biswap","sellPrice":2202.1},{"block":11507096,"timestamp":1633434801,"swapAmountBNB":5,"namebuy":"biswap","buyPrice":2207.08,"namesell":"biswap","sellPrice":2201.7},{"block":11507097,"timestamp":1633434804,"swapAmountBNB":5,"namebuy":"biswap","buyPrice":2207.09,"namesell":"biswap","sellPrice":2201.7},{"block":11507098,"timestamp":1633434807,"swapAmountBNB":5,"namebuy":"biswap","buyPrice":2207.09,"namesell":"biswap","sellPrice":2201.7},{"block":11507099,"timestamp":1633434810,"swapAmountBNB":5,"namebuy":"biswap","buyPrice":2207,"namesell":"biswap","sellPrice":2201.62},{"block":11507100,"timestamp":1633434813,"swapAmountBNB":5,"namebuy":"biswap","buyPrice":2206.84,"namesell":"biswap","sellPrice":2201.45},{"block":11507101,"timestamp":1633434816,"swapAmountBNB":5,"namebuy":"biswap","buyPrice":2206.84,"namesell":"biswap","sellPrice":2201.45},{"block":11507102,"timestamp":1633434819,"swapAmountBNB":5,"namebuy":"biswap","buyPrice":2206.16,"namesell":"apeswap","sellPrice":2200.93},{"block":11507103,"timestamp":1633434822,"swapAmountBNB":5,"namebuy":"biswap","buyPrice":2206.16,"namesell":"apeswap","sellPrice":2200.94},{"block":11507104,"timestamp":1633434825,"swapAmountBNB":5,"namebuy":"biswap","buyPrice":2206.16,"namesell":"apeswap","sellPrice":2200.94},{"block":11507105,"timestamp":1633434828,"swapAmountBNB":5,"namebuy":"biswap","buyPrice":2207.52,"namesell":"biswap","sellPrice":2202.14},{"block":11507106,"timestamp":1633434831,"swapAmountBNB":5,"namebuy":"biswap","buyPrice":2207.53,"namesell":"biswap","sellPrice":2202.15},{"block":11507107,"timestamp":1633434834,"swapAmountBNB":5,"namebuy":"biswap","buyPrice":2207.53,"namesell":"biswap","sellPrice":2202.15},{"block":11507108,"timestamp":1633434837,"swapAmountBNB":5,"namebuy":"biswap","buyPrice":2207.61,"namesell":"biswap","sellPrice":2202.23},{"block":11507109,"timestamp":1633434840,"swapAmountBNB":5,"namebuy":"biswap","buyPrice":2207.61,"namesell":"biswap","sellPrice":2202.23},{"block":11507110,"timestamp":1633434843,"swapAmountBNB":5,"namebuy":"biswap","buyPrice":2206.37,"namesell":"biswap","sellPrice":2200.99},{"block":11507111,"timestamp":1633434846,"swapAmountBNB":5,"namebuy":"biswap","buyPrice":2206.37,"namesell":"biswap","sellPrice":2200.99},{"block":11507112,"timestamp":1633434849,"swapAmountBNB":5,"namebuy":"biswap","buyPrice":2206.37,"namesell":"biswap","sellPrice":2200.99},{"block":11507113,"timestamp":1633434852,"swapAmountBNB":5,"namebuy":"biswap","buyPrice":2206.27,"namesell":"apeswap","sellPrice":2200.9},{"block":11507114,"timestamp":1633434855,"swapAmountBNB":5,"namebuy":"apeswap","buyPrice":2210.93,"namesell":"biswap","sellPrice":2208.8},{"block":11507115,"timestamp":1633434858,"swapAmountBNB":5,"namebuy":"apeswap","buyPrice":2210.93,"namesell":"biswap","sellPrice":2206.96},{"block":11507116,"timestamp":1633434861,"swapAmountBNB":5,"namebuy":"biswap","buyPrice":2210.02,"namesell":"biswap","sellPrice":2204.63},{"block":11507117,"timestamp":1633434864,"swapAmountBNB":5,"namebuy":"biswap","buyPrice":2210.02,"namesell":"biswap","sellPrice":2204.63},{"block":11507118,"timestamp":1633434867,"swapAmountBNB":5,"namebuy":"biswap","buyPrice":2208.97,"namesell":"biswap","sellPrice":2203.58},{"block":11507119,"timestamp":1633434870,"swapAmountBNB":5,"namebuy":"biswap","buyPrice":2208.99,"namesell":"biswap","sellPrice":2203.6},{"block":11507120,"timestamp":1633434873,"swapAmountBNB":5,"namebuy":"biswap","buyPrice":2208.19,"namesell":"biswap","sellPrice":2202.8},{"block":11507121,"timestamp":1633434876,"swapAmountBNB":5,"namebuy":"biswap","buyPrice":2208.19,"namesell":"biswap","sellPrice":2202.8},{"block":11507122,"timestamp":1633434879,"swapAmountBNB":5,"namebuy":"biswap","buyPrice":2206.95,"namesell":"biswap","sellPrice":2201.57},{"block":11507123,"timestamp":1633434882,"swapAmountBNB":5,"namebuy":"biswap","buyPrice":2206.95,"namesell":"biswap","sellPrice":2201.57},{"block":11507124,"timestamp":1633434885,"swapAmountBNB":5,"namebuy":"biswap","buyPrice":2206.95,"namesell":"biswap","sellPrice":2201.57},{"block":11507125,"timestamp":1633434888,"swapAmountBNB":5,"namebuy":"biswap","buyPrice":2206.51,"namesell":"apeswap","sellPrice":2201.44},{"block":11507126,"timestamp":1633434891,"swapAmountBNB":5,"namebuy":"biswap","buyPrice":2206.58,"namesell":"apeswap","sellPrice":2201.44},{"block":11507127,"timestamp":1633434894,"swapAmountBNB":5,"namebuy":"biswap","buyPrice":2204.43,"namesell":"apeswap","sellPrice":2201.44},{"block":11507128,"timestamp":1633434897,"swapAmountBNB":5,"namebuy":"biswap","buyPrice":2204.43,"namesell":"apeswap","sellPrice":2201.44},{"block":11507129,"timestamp":1633434900,"swapAmountBNB":5,"namebuy":"biswap","buyPrice":2204.43,"namesell":"apeswap","sellPrice":2201.44},{"block":11507130,"timestamp":1633434903,"swapAmountBNB":5,"namebuy":"biswap","buyPrice":2204.38,"namesell":"apeswap","sellPrice":2201.44},{"block":11507131,"timestamp":1633434906,"swapAmountBNB":5,"namebuy":"biswap","buyPrice":2204.38,"namesell":"apeswap","sellPrice":2201.13},{"block":11507132,"timestamp":1633434909,"swapAmountBNB":5,"namebuy":"biswap","buyPrice":2204.38,"namesell":"apeswap","sellPrice":2201.13},{"block":11507133,"timestamp":1633434912,"swapAmountBNB":5,"namebuy":"biswap","buyPrice":2207.18,"namesell":"biswap","sellPrice":2201.79},{"block":11507134,"timestamp":1633434915,"swapAmountBNB":5,"namebuy":"biswap","buyPrice":2207.18,"namesell":"biswap","sellPrice":2201.79},{"block":11507135,"timestamp":1633434918,"swapAmountBNB":5,"namebuy":"biswap","buyPrice":2207.18,"namesell":"biswap","sellPrice":2201.79},{"block":11507136,"timestamp":1633434921,"swapAmountBNB":5,"namebuy":"biswap","buyPrice":2207.18,"namesell":"biswap","sellPrice":2201.79},{"block":11507137,"timestamp":1633434924,"swapAmountBNB":5,"namebuy":"biswap","buyPrice":2206.5,"namesell":"apeswap","sellPrice":2201.13},{"block":11507138,"timestamp":1633434927,"swapAmountBNB":5,"namebuy":"biswap","buyPrice":2206.5,"namesell":"apeswap","sellPrice":2201.13},{"block":11507139,"timestamp":1633434930,"swapAmountBNB":5,"namebuy":"biswap","buyPrice":2206.5,"namesell":"apeswap","sellPrice":2201.13},{"block":11507140,"timestamp":1633434933,"swapAmountBNB":5,"namebuy":"biswap","buyPrice":2206.5,"namesell":"apeswap","sellPrice":2201.13},{"block":11507141,"timestamp":1633434936,"swapAmountBNB":5,"namebuy":"biswap","buyPrice":2206.45,"namesell":"apeswap","sellPrice":2201.08},{"block":11507142,"timestamp":1633434939,"swapAmountBNB":5,"namebuy":"biswap","buyPrice":2206.45,"namesell":"apeswap","sellPrice":2201.08},{"block":11507143,"timestamp":1633434942,"swapAmountBNB":5,"namebuy":"biswap","buyPrice":2206.49,"namesell":"biswap","sellPrice":2201.11},{"block":11507144,"timestamp":1633434945,"swapAmountBNB":5,"namebuy":"biswap","buyPrice":2206.49,"namesell":"biswap","sellPrice":2201.11},{"block":11507145,"timestamp":1633434948,"swapAmountBNB":5,"namebuy":"biswap","buyPrice":2206.49,"namesell":"biswap","sellPrice":2201.11},{"block":11507146,"timestamp":1633434951,"swapAmountBNB":5,"namebuy":"biswap","buyPrice":2204.36,"namesell":"apeswap","sellPrice":2201.11},{"block":11507147,"timestamp":1633434954,"swapAmountBNB":5,"namebuy":"biswap","buyPrice":2204.31,"namesell":"apeswap","sellPrice":2201.11},{"block":11507148,"timestamp":1633434957,"swapAmountBNB":5,"namebuy":"biswap","buyPrice":2204.33,"namesell":"apeswap","sellPrice":2201.11},{"block":11507149,"timestamp":1633434960,"swapAmountBNB":5,"namebuy":"biswap","buyPrice":2204.33,"namesell":"apeswap","sellPrice":2201.11},{"block":11507150,"timestamp":1633434963,"swapAmountBNB":5,"namebuy":"biswap","buyPrice":2204.42,"namesell":"apeswap","sellPrice":2201.11},{"block":11507151,"timestamp":1633434966,"swapAmountBNB":5,"namebuy":"biswap","buyPrice":2204.42,"namesell":"apeswap","sellPrice":2201.11},{"block":11507152,"timestamp":1633434969,"swapAmountBNB":5,"namebuy":"biswap","buyPrice":2204.42,"namesell":"pancake","sellPrice":2200.37},{"block":11507153,"timestamp":1633434972,"swapAmountBNB":5,"namebuy":"biswap","buyPrice":2204.42,"namesell":"pancake","sellPrice":2200.36},{"block":11507154,"timestamp":1633434975,"swapAmountBNB":5,"namebuy":"biswap","buyPrice":2204.48,"namesell":"pancake","sellPrice":2200.3},{"block":11507155,"timestamp":1633434978,"swapAmountBNB":5,"namebuy":"biswap","buyPrice":2204.48,"namesell":"pancake","sellPrice":2200.3},{"block":11507156,"timestamp":1633434981,"swapAmountBNB":5,"namebuy":"biswap","buyPrice":2204.48,"namesell":"pancake","sellPrice":2200.28},{"block":11507157,"timestamp":1633434984,"swapAmountBNB":5,"namebuy":"biswap","buyPrice":2204.48,"namesell":"pancake","sellPrice":2200.26},{"block":11507158,"timestamp":1633434987,"swapAmountBNB":5,"namebuy":"biswap","buyPrice":2204.48,"namesell":"pancake","sellPrice":2200.24},{"block":11507159,"timestamp":1633434990,"swapAmountBNB":5,"namebuy":"apeswap","buyPrice":2209.63,"namesell":"biswap","sellPrice":2208.03},{"block":11507160,"timestamp":1633434993,"swapAmountBNB":5,"namebuy":"apeswap","buyPrice":2209.63,"namesell":"biswap","sellPrice":2208.03},{"block":11507161,"timestamp":1633434996,"swapAmountBNB":5,"namebuy":"apeswap","buyPrice":2209.63,"namesell":"biswap","sellPrice":2206.95},{"block":11507162,"timestamp":1633434999,"swapAmountBNB":5,"namebuy":"biswap","buyPrice":2208.07,"namesell":"biswap","sellPrice":2202.68},{"block":11507163,"timestamp":1633435002,"swapAmountBNB":5,"namebuy":"biswap","buyPrice":2208.13,"namesell":"biswap","sellPrice":2202.75},{"block":11507164,"timestamp":1633435005,"swapAmountBNB":5,"namebuy":"biswap","buyPrice":2202.14,"namesell":"pancake","sellPrice":2200.65},{"block":11507165,"timestamp":1633435008,"swapAmountBNB":5,"namebuy":"biswap","buyPrice":2202.29,"namesell":"apeswap","sellPrice":2199.58},{"block":11507166,"timestamp":1633435011,"swapAmountBNB":5,"namebuy":"biswap","buyPrice":2202.82,"namesell":"apeswap","sellPrice":2199.58},{"block":11507167,"timestamp":1633435014,"swapAmountBNB":5,"namebuy":"biswap","buyPrice":2202.92,"namesell":"apeswap","sellPrice":2199.09},{"block":11507168,"timestamp":1633435017,"swapAmountBNB":5,"namebuy":"biswap","buyPrice":2202.92,"namesell":"apeswap","sellPrice":2199.09},{"block":11507169,"timestamp":1633435020,"swapAmountBNB":5,"namebuy":"biswap","buyPrice":2202.92,"namesell":"apeswap","sellPrice":2199.09},{"block":11507170,"timestamp":1633435023,"swapAmountBNB":5,"namebuy":"biswap","buyPrice":2202.92,"namesell":"apeswap","sellPrice":2199.09},{"block":11507171,"timestamp":1633435026,"swapAmountBNB":5,"namebuy":"biswap","buyPrice":2202.92,"namesell":"apeswap","sellPrice":2199.09},{"block":11507172,"timestamp":1633435029,"swapAmountBNB":5,"namebuy":"biswap","buyPrice":2202.92,"namesell":"apeswap","sellPrice":2199.09},{"block":11507173,"timestamp":1633435032,"swapAmountBNB":5,"namebuy":"biswap","buyPrice":2203.4,"namesell":"pancake","sellPrice":2198.92},{"block":11507174,"timestamp":1633435035,"swapAmountBNB":5,"namebuy":"biswap","buyPrice":2203.4,"namesell":"pancake","sellPrice":2198.92},{"block":11507175,"timestamp":1633435038,"swapAmountBNB":5,"namebuy":"biswap","buyPrice":2203.53,"namesell":"pancake","sellPrice":2198.95},{"block":11507176,"timestamp":1633435041,"swapAmountBNB":5,"namebuy":"biswap","buyPrice":2203.53,"namesell":"pancake","sellPrice":2198.95},{"block":11507177,"timestamp":1633435044,"swapAmountBNB":5,"namebuy":"biswap","buyPrice":2203.53,"namesell":"pancake","sellPrice":2198.95},{"block":11507178,"timestamp":1633435047,"swapAmountBNB":5,"namebuy":"biswap","buyPrice":2203.53,"namesell":"pancake","sellPrice":2198.99},{"block":11507179,"timestamp":1633435050,"swapAmountBNB":5,"namebuy":"biswap","buyPrice":2203.53,"namesell":"pancake","sellPrice":2199.01},{"block":11507180,"timestamp":1633435053,"swapAmountBNB":5,"namebuy":"biswap","buyPrice":2203.68,"namesell":"pancake","sellPrice":2199.03},{"block":11507181,"timestamp":1633435056,"swapAmountBNB":5,"namebuy":"biswap","buyPrice":2203.68,"namesell":"pancake","sellPrice":2199.04},{"block":11507182,"timestamp":1633435059,"swapAmountBNB":5,"namebuy":"biswap","buyPrice":2203.74,"namesell":"pancake","sellPrice":2199.04},{"block":11507183,"timestamp":1633435062,"swapAmountBNB":5,"namebuy":"biswap","buyPrice":2203.74,"namesell":"pancake","sellPrice":2198.86},{"block":11507184,"timestamp":1633435065,"swapAmountBNB":5,"namebuy":"biswap","buyPrice":2203.74,"namesell":"pancake","sellPrice":2198.87},{"block":11507185,"timestamp":1633435068,"swapAmountBNB":5,"namebuy":"biswap","buyPrice":2203.74,"namesell":"pancake","sellPrice":2198.88},{"block":11507186,"timestamp":1633435071,"swapAmountBNB":5,"namebuy":"biswap","buyPrice":2203.94,"namesell":"pancake","sellPrice":2198.88},{"block":11507187,"timestamp":1633435074,"swapAmountBNB":5,"namebuy":"biswap","buyPrice":2203.95,"namesell":"pancake","sellPrice":2198.86},{"block":11507188,"timestamp":1633435077,"swapAmountBNB":5,"namebuy":"biswap","buyPrice":2203.95,"namesell":"pancake","sellPrice":2198.86},{"block":11507189,"timestamp":1633435080,"swapAmountBNB":5,"namebuy":"biswap","buyPrice":2203.95,"namesell":"pancake","sellPrice":2198.82},{"block":11507190,"timestamp":1633435083,"swapAmountBNB":5,"namebuy":"biswap","buyPrice":2204.03,"namesell":"pancake","sellPrice":2198.84},{"block":11507191,"timestamp":1633435086,"swapAmountBNB":5,"namebuy":"biswap","buyPrice":2204.03,"namesell":"pancake","sellPrice":2198.84},{"block":11507192,"timestamp":1633435089,"swapAmountBNB":5,"namebuy":"biswap","buyPrice":2204.03,"namesell":"pancake","sellPrice":2198.66},{"block":11507193,"timestamp":1633435092,"swapAmountBNB":5,"namebuy":"biswap","buyPrice":2204.08,"namesell":"biswap","sellPrice":2198.7},{"block":11507194,"timestamp":1633435095,"swapAmountBNB":5,"namebuy":"biswap","buyPrice":2204.08,"namesell":"biswap","sellPrice":2198.7},{"block":11507195,"timestamp":1633435098,"swapAmountBNB":5,"namebuy":"biswap","buyPrice":2204.08,"namesell":"biswap","sellPrice":2198.7},{"block":11507196,"timestamp":1633435101,"swapAmountBNB":5,"namebuy":"biswap","buyPrice":2204.08,"namesell":"pancake","sellPrice":2198.71},{"block":11507197,"timestamp":1633435104,"swapAmountBNB":5,"namebuy":"biswap","buyPrice":2204.08,"namesell":"pancake","sellPrice":2198.71},{"block":11507198,"timestamp":1633435107,"swapAmountBNB":5,"namebuy":"biswap","buyPrice":2204.08,"namesell":"pancake","sellPrice":2198.72},{"block":11507199,"timestamp":1633435110,"swapAmountBNB":5,"namebuy":"biswap","buyPrice":2204.08,"namesell":"pancake","sellPrice":2198.8},{"block":11507200,"timestamp":1633435113,"swapAmountBNB":5,"namebuy":"biswap","buyPrice":2204.04,"namesell":"pancake","sellPrice":2198.84},{"block":11507201,"timestamp":1633435116,"swapAmountBNB":5,"namebuy":"biswap","buyPrice":2204.04,"namesell":"pancake","sellPrice":2198.83},{"block":11507202,"timestamp":1633435119,"swapAmountBNB":5,"namebuy":"biswap","buyPrice":2204.04,"namesell":"pancake","sellPrice":2198.83},{"block":11507203,"timestamp":1633435122,"swapAmountBNB":5,"namebuy":"biswap","buyPrice":2204.04,"namesell":"pancake","sellPrice":2198.8},{"block":11507204,"timestamp":1633435126,"swapAmountBNB":5,"namebuy":"biswap","buyPrice":2204.04,"namesell":"pancake","sellPrice":2198.86},{"block":11507204,"timestamp":1633435125,"swapAmountBNB":5,"namebuy":"biswap","buyPrice":2204.04,"namesell":"pancake","sellPrice":2198.86},{"block":11507205,"timestamp":1633435128,"swapAmountBNB":5,"namebuy":"biswap","buyPrice":2204.04,"namesell":"pancake","sellPrice":2198.91},{"block":11507206,"timestamp":1633435132,"swapAmountBNB":5,"namebuy":"biswap","buyPrice":2204.04,"namesell":"pancake","sellPrice":2198.88},{"block":11507206,"timestamp":1633435131,"swapAmountBNB":5,"namebuy":"biswap","buyPrice":2204.04,"namesell":"pancake","sellPrice":2199.01},{"block":11507207,"timestamp":1633435134,"swapAmountBNB":5,"namebuy":"biswap","buyPrice":2204.04,"namesell":"pancake","sellPrice":2198.95},{"block":11507208,"timestamp":1633435137,"swapAmountBNB":5,"namebuy":"biswap","buyPrice":2204.04,"namesell":"pancake","sellPrice":2198.96},{"block":11507209,"timestamp":1633435140,"swapAmountBNB":5,"namebuy":"biswap","buyPrice":2204.09,"namesell":"pancake","sellPrice":2198.96},{"block":11507210,"timestamp":1633435143,"swapAmountBNB":5,"namebuy":"biswap","buyPrice":2204.09,"namesell":"pancake","sellPrice":2199.12}]}