{"table":[{"block":11029530,"timestamp":1631991598,"swapAmountBNB":20,"namebuy":"biswap","buyPrice":8254.62,"namesell":"biswap","sellPrice":8230.08},{"block":11029531,"timestamp":1631991601,"swapAmountBNB":20,"namebuy":"biswap","buyPrice":8254.84,"namesell":"biswap","sellPrice":8230.29},{"block":11029532,"timestamp":1631991604,"swapAmountBNB":20,"namebuy":"biswap","buyPrice":8254.84,"namesell":"biswap","sellPrice":8230.29},{"block":11029533,"timestamp":1631991607,"swapAmountBNB":20,"namebuy":"biswap","buyPrice":8254.84,"namesell":"biswap","sellPrice":8230.29},{"block":11029534,"timestamp":1631991610,"swapAmountBNB":20,"namebuy":"biswap","buyPrice":8254.84,"namesell":"biswap","sellPrice":8230.29},{"block":11029535,"timestamp":1631991613,"swapAmountBNB":20,"namebuy":"biswap","buyPrice":8252.96,"namesell":"biswap","sellPrice":8228.43},{"block":11029536,"timestamp":1631991616,"swapAmountBNB":20,"namebuy":"biswap","buyPrice":8252.96,"namesell":"biswap","sellPrice":8228.43},{"block":11029537,"timestamp":1631991619,"swapAmountBNB":20,"namebuy":"biswap","buyPrice":8252.96,"namesell":"biswap","sellPrice":8228.43},{"block":11029538,"timestamp":1631991622,"swapAmountBNB":20,"namebuy":"biswap","buyPrice":8253.02,"namesell":"biswap","sellPrice":8228.49},{"block":11029539,"timestamp":1631991625,"swapAmountBNB":20,"namebuy":"biswap","buyPrice":8253.02,"namesell":"biswap","sellPrice":8228.49},{"block":11029540,"timestamp":1631991628,"swapAmountBNB":20,"namebuy":"biswap","buyPrice":8253.02,"namesell":"biswap","sellPrice":8228.49},{"block":11029541,"timestamp":1631991631,"swapAmountBNB":20,"namebuy":"biswap","buyPrice":8253.02,"namesell":"biswap","sellPrice":8228.49},{"block":11029542,"timestamp":1631991634,"swapAmountBNB":20,"namebuy":"biswap","buyPrice":8253.02,"namesell":"biswap","sellPrice":8228.49},{"block":11029543,"timestamp":1631991637,"swapAmountBNB":20,"namebuy":"biswap","buyPrice":8253.02,"namesell":"biswap","sellPrice":8228.49},{"block":11029544,"timestamp":1631991640,"swapAmountBNB":20,"namebuy":"biswap","buyPrice":8253.02,"namesell":"biswap","sellPrice":8228.49},{"block":11029545,"timestamp":1631991643,"swapAmountBNB":20,"namebuy":"biswap","buyPrice":8248.59,"namesell":"apeswap","sellPrice":8227.84},{"block":11029546,"timestamp":1631991646,"swapAmountBNB":20,"namebuy":"biswap","buyPrice":8248.59,"namesell":"apeswap","sellPrice":8227.84},{"block":11029547,"timestamp":1631991649,"swapAmountBNB":20,"namebuy":"biswap","buyPrice":8248.59,"namesell":"apeswap","sellPrice":8227.84},{"block":11029548,"timestamp":1631991652,"swapAmountBNB":20,"namebuy":"biswap","buyPrice":8250.47,"namesell":"apeswap","sellPrice":8227.84},{"block":11029549,"timestamp":1631991655,"swapAmountBNB":20,"namebuy":"biswap","buyPrice":8250.47,"namesell":"apeswap","sellPrice":8227.84}]}