{"table":[{"block":11313830,"timestamp":1632850541,"swapAmountBNB":20,"namebuy":"biswap","buyPrice":6632.35,"namesell":"biswap","sellPrice":6612.88},{"block":11313831,"timestamp":1632850544,"swapAmountBNB":20,"namebuy":"biswap","buyPrice":6632.35,"namesell":"pancake","sellPrice":6612.89},{"block":11313832,"timestamp":1632850547,"swapAmountBNB":20,"namebuy":"biswap","buyPrice":6632.35,"namesell":"pancake","sellPrice":6612.98},{"block":11313833,"timestamp":1632850550,"swapAmountBNB":20,"namebuy":"biswap","buyPrice":6628.92,"namesell":"pancake","sellPrice":6612.94},{"block":11313834,"timestamp":1632850553,"swapAmountBNB":20,"namebuy":"biswap","buyPrice":6628.92,"namesell":"pancake","sellPrice":6612.92},{"block":11313835,"timestamp":1632850556,"swapAmountBNB":20,"namebuy":"biswap","buyPrice":6628.92,"namesell":"pancake","sellPrice":6612.95},{"block":11313836,"timestamp":1632850559,"swapAmountBNB":20,"namebuy":"biswap","buyPrice":6628.92,"namesell":"pancake","sellPrice":6612.9},{"block":11313837,"timestamp":1632850562,"swapAmountBNB":20,"namebuy":"biswap","buyPrice":6630.16,"namesell":"pancake","sellPrice":6612.86},{"block":11313838,"timestamp":1632850565,"swapAmountBNB":20,"namebuy":"biswap","buyPrice":6630.16,"namesell":"pancake","sellPrice":6612.78},{"block":11313838,"timestamp":1632850565,"swapAmountBNB":20,"namebuy":"biswap","buyPrice":6630.16,"namesell":"pancake","sellPrice":6612.78},{"block":11313839,"timestamp":1632850568,"swapAmountBNB":20,"namebuy":"biswap","buyPrice":6630.16,"namesell":"pancake","sellPrice":6612.78},{"block":11313839,"timestamp":1632850568,"swapAmountBNB":20,"namebuy":"biswap","buyPrice":6630.16,"namesell":"pancake","sellPrice":6612.78},{"block":11313840,"timestamp":1632850571,"swapAmountBNB":20,"namebuy":"biswap","buyPrice":6630.16,"namesell":"pancake","sellPrice":6612.77},{"block":11313840,"timestamp":1632850571,"swapAmountBNB":20,"namebuy":"biswap","buyPrice":6630.16,"namesell":"pancake","sellPrice":6612.77},{"block":11313841,"timestamp":1632850574,"swapAmountBNB":20,"namebuy":"biswap","buyPrice":6630.16,"namesell":"pancake","sellPrice":6612.77},{"block":11313841,"timestamp":1632850574,"swapAmountBNB":20,"namebuy":"biswap","buyPrice":6630.16,"namesell":"pancake","sellPrice":6612.77},{"block":11313842,"timestamp":1632850577,"swapAmountBNB":20,"namebuy":"biswap","buyPrice":6630.16,"namesell":"pancake","sellPrice":6612.77},{"block":11313842,"timestamp":1632850577,"swapAmountBNB":20,"namebuy":"biswap","buyPrice":6630.16,"namesell":"pancake","sellPrice":6612.77},{"block":11313843,"timestamp":1632850580,"swapAmountBNB":20,"namebuy":"biswap","buyPrice":6630.16,"namesell":"pancake","sellPrice":6612.77},{"block":11313843,"timestamp":1632850580,"swapAmountBNB":20,"namebuy":"biswap","buyPrice":6630.16,"namesell":"pancake","sellPrice":6612.77},{"block":11313844,"timestamp":1632850583,"swapAmountBNB":20,"namebuy":"biswap","buyPrice":6630.46,"namesell":"pancake","sellPrice":6612.44},{"block":11313844,"timestamp":1632850583,"swapAmountBNB":20,"namebuy":"biswap","buyPrice":6630.46,"namesell":"pancake","sellPrice":6612.44},{"block":11313845,"timestamp":1632850586,"swapAmountBNB":20,"namebuy":"biswap","buyPrice":6630.46,"namesell":"pancake","sellPrice":6612.45},{"block":11313845,"timestamp":1632850586,"swapAmountBNB":20,"namebuy":"biswap","buyPrice":6630.46,"namesell":"pancake","sellPrice":6612.45},{"block":11313846,"timestamp":1632850589,"swapAmountBNB":20,"namebuy":"biswap","buyPrice":6630.46,"namesell":"pancake","sellPrice":6612.85},{"block":11313846,"timestamp":1632850589,"swapAmountBNB":20,"namebuy":"biswap","buyPrice":6630.46,"namesell":"pancake","sellPrice":6612.85},{"block":11313847,"timestamp":1632850592,"swapAmountBNB":20,"namebuy":"biswap","buyPrice":6630.46,"namesell":"pancake","sellPrice":6612.85},{"block":11313847,"timestamp":1632850592,"swapAmountBNB":20,"namebuy":"biswap","buyPrice":6630.46,"namesell":"pancake","sellPrice":6612.85},{"block":11313848,"timestamp":1632850595,"swapAmountBNB":20,"namebuy":"biswap","buyPrice":6630.46,"namesell":"pancake","sellPrice":6612.94},{"block":11313849,"timestamp":1632850598,"swapAmountBNB":20,"namebuy":"biswap","buyPrice":6630.46,"namesell":"pancake","sellPrice":6612.94},{"block":11313849,"timestamp":1632850598,"swapAmountBNB":20,"namebuy":"biswap","buyPrice":6630.46,"namesell":"pancake","sellPrice":6612.94},{"block":11313850,"timestamp":1632850601,"swapAmountBNB":20,"namebuy":"biswap","buyPrice":6630.46,"namesell":"pancake","sellPrice":6613.01},{"block":11313850,"timestamp":1632850601,"swapAmountBNB":20,"namebuy":"biswap","buyPrice":6630.46,"namesell":"pancake","sellPrice":6613.01},{"block":11313851,"timestamp":1632850604,"swapAmountBNB":20,"namebuy":"biswap","buyPrice":6630.46,"namesell":"pancake","sellPrice":6613.4},{"block":11313851,"timestamp":1632850604,"swapAmountBNB":20,"namebuy":"biswap","buyPrice":6630.46,"namesell":"pancake","sellPrice":6613.4},{"block":11313852,"timestamp":1632850607,"swapAmountBNB":20,"namebuy":"biswap","buyPrice":6630.46,"namesell":"pancake","sellPrice":6613.39},{"block":11313852,"timestamp":1632850607,"swapAmountBNB":20,"namebuy":"biswap","buyPrice":6630.46,"namesell":"pancake","sellPrice":6613.39},{"block":11313853,"timestamp":1632850610,"swapAmountBNB":20,"namebuy":"biswap","buyPrice":6629.95,"namesell":"pancake","sellPrice":6613.38},{"block":11313854,"timestamp":1632850613,"swapAmountBNB":20,"namebuy":"biswap","buyPrice":6633.38,"namesell":"biswap","sellPrice":6613.9},{"block":11313854,"timestamp":1632850613,"swapAmountBNB":20,"namebuy":"biswap","buyPrice":6633.38,"namesell":"biswap","sellPrice":6613.9},{"block":11313855,"timestamp":1632850616,"swapAmountBNB":20,"namebuy":"biswap","buyPrice":6633.38,"namesell":"biswap","sellPrice":6613.9},{"block":11313856,"timestamp":1632850619,"swapAmountBNB":20,"namebuy":"biswap","buyPrice":6637.02,"namesell":"biswap","sellPrice":6617.53},{"block":11313857,"timestamp":1632850622,"swapAmountBNB":20,"namebuy":"biswap","buyPrice":6637.02,"namesell":"biswap","sellPrice":6617.53},{"block":11313858,"timestamp":1632850625,"swapAmountBNB":20,"namebuy":"biswap","buyPrice":6637.02,"namesell":"biswap","sellPrice":6617.53},{"block":11313859,"timestamp":1632850628,"swapAmountBNB":20,"namebuy":"biswap","buyPrice":6637.02,"namesell":"biswap","sellPrice":6617.53},{"block":11313860,"timestamp":1632850631,"swapAmountBNB":20,"namebuy":"biswap","buyPrice":6637.02,"namesell":"biswap","sellPrice":6617.53},{"block":11313861,"timestamp":1632850634,"swapAmountBNB":20,"namebuy":"biswap","buyPrice":6637.02,"namesell":"biswap","sellPrice":6617.53},{"block":11313862,"timestamp":1632850637,"swapAmountBNB":20,"namebuy":"biswap","buyPrice":6637.02,"namesell":"biswap","sellPrice":6617.53},{"block":11313863,"timestamp":1632850640,"swapAmountBNB":20,"namebuy":"biswap","buyPrice":6637.02,"namesell":"biswap","sellPrice":6617.53},{"block":11313864,"timestamp":1632850643,"swapAmountBNB":20,"namebuy":"biswap","buyPrice":6637.13,"namesell":"biswap","sellPrice":6617.64},{"block":11313865,"timestamp":1632850646,"swapAmountBNB":20,"namebuy":"biswap","buyPrice":6637.13,"namesell":"biswap","sellPrice":6617.64},{"block":11313866,"timestamp":1632850649,"swapAmountBNB":20,"namebuy":"biswap","buyPrice":6637.13,"namesell":"biswap","sellPrice":6617.64},{"block":11313867,"timestamp":1632850652,"swapAmountBNB":20,"namebuy":"biswap","buyPrice":6637.36,"namesell":"biswap","sellPrice":6617.87},{"block":11313868,"timestamp":1632850656,"swapAmountBNB":20,"namebuy":"biswap","buyPrice":6637.36,"namesell":"biswap","sellPrice":6617.87},{"block":11313869,"timestamp":1632850659,"swapAmountBNB":20,"namebuy":"biswap","buyPrice":6637.36,"namesell":"biswap","sellPrice":6617.87},{"block":11313870,"timestamp":1632850662,"swapAmountBNB":20,"namebuy":"biswap","buyPrice":6637.36,"namesell":"biswap","sellPrice":6617.87},{"block":11313904,"timestamp":1632850766,"swapAmountBNB":20,"namebuy":"biswap","buyPrice":6627.91,"namesell":"pancake","sellPrice":6612.72},{"block":11313871,"timestamp":1632850665,"swapAmountBNB":20,"namebuy":"biswap","buyPrice":6637.36,"namesell":"biswap","sellPrice":6617.87},{"block":11313905,"timestamp":1632850769,"swapAmountBNB":20,"namebuy":"biswap","buyPrice":6627.91,"namesell":"pancake","sellPrice":6612.71},{"block":11313872,"timestamp":1632850670,"swapAmountBNB":20,"namebuy":"biswap","buyPrice":6637.31,"namesell":"biswap","sellPrice":6617.83},{"block":11313906,"timestamp":1632850772,"swapAmountBNB":20,"namebuy":"biswap","buyPrice":6631.34,"namesell":"pancake","sellPrice":6612.69},{"block":11313873,"timestamp":1632850673,"swapAmountBNB":20,"namebuy":"biswap","buyPrice":6637.31,"namesell":"biswap","sellPrice":6617.83},{"block":11313907,"timestamp":1632850775,"swapAmountBNB":20,"namebuy":"biswap","buyPrice":6631.34,"namesell":"pancake","sellPrice":6612.68},{"block":11313874,"timestamp":1632850676,"swapAmountBNB":20,"namebuy":"biswap","buyPrice":6633.84,"namesell":"biswap","sellPrice":6617.83},{"block":11313875,"timestamp":1632850679,"swapAmountBNB":20,"namebuy":"biswap","buyPrice":6633.66,"namesell":"biswap","sellPrice":6614.36},{"block":11313908,"timestamp":1632850778,"swapAmountBNB":20,"namebuy":"biswap","buyPrice":6631.34,"namesell":"pancake","sellPrice":6612.63},{"block":11313876,"timestamp":1632850682,"swapAmountBNB":20,"namebuy":"biswap","buyPrice":6633.66,"namesell":"biswap","sellPrice":6614.18},{"block":11313909,"timestamp":1632850781,"swapAmountBNB":20,"namebuy":"biswap","buyPrice":6635.32,"namesell":"biswap","sellPrice":6615.83},{"block":11313877,"timestamp":1632850685,"swapAmountBNB":20,"namebuy":"biswap","buyPrice":6633.66,"namesell":"biswap","sellPrice":6614.18},{"block":11313910,"timestamp":1632850784,"swapAmountBNB":20,"namebuy":"biswap","buyPrice":6635.32,"namesell":"biswap","sellPrice":6615.83},{"block":11313878,"timestamp":1632850688,"swapAmountBNB":20,"namebuy":"biswap","buyPrice":6633.66,"namesell":"biswap","sellPrice":6614.18},{"block":11313911,"timestamp":1632850787,"swapAmountBNB":20,"namebuy":"biswap","buyPrice":6635.41,"namesell":"biswap","sellPrice":6615.93},{"block":11313879,"timestamp":1632850691,"swapAmountBNB":20,"namebuy":"biswap","buyPrice":6630.23,"namesell":"pancake","sellPrice":6613.27},{"block":11313912,"timestamp":1632850790,"swapAmountBNB":20,"namebuy":"biswap","buyPrice":6635.41,"namesell":"biswap","sellPrice":6615.93},{"block":11313913,"timestamp":1632850793,"swapAmountBNB":20,"namebuy":"biswap","buyPrice":6635.41,"namesell":"biswap","sellPrice":6615.93},{"block":11313880,"timestamp":1632850694,"swapAmountBNB":20,"namebuy":"biswap","buyPrice":6630.23,"namesell":"pancake","sellPrice":6613.24},{"block":11313881,"timestamp":1632850697,"swapAmountBNB":20,"namebuy":"biswap","buyPrice":6626.81,"namesell":"pancake","sellPrice":6613.24},{"block":11313882,"timestamp":1632850700,"swapAmountBNB":20,"namebuy":"biswap","buyPrice":6626.81,"namesell":"pancake","sellPrice":6613.25},{"block":11313914,"timestamp":1632850796,"swapAmountBNB":20,"namebuy":"biswap","buyPrice":6635.73,"namesell":"biswap","sellPrice":6616.25},{"block":11313883,"timestamp":1632850703,"swapAmountBNB":20,"namebuy":"biswap","buyPrice":6626.81,"namesell":"pancake","sellPrice":6613.24},{"block":11313915,"timestamp":1632850799,"swapAmountBNB":20,"namebuy":"biswap","buyPrice":6635.73,"namesell":"biswap","sellPrice":6616.25},{"block":11313884,"timestamp":1632850706,"swapAmountBNB":20,"namebuy":"biswap","buyPrice":6626.81,"namesell":"pancake","sellPrice":6613.11},{"block":11313885,"timestamp":1632850709,"swapAmountBNB":20,"namebuy":"biswap","buyPrice":6626.81,"namesell":"pancake","sellPrice":6613.11},{"block":11313916,"timestamp":1632850802,"swapAmountBNB":20,"namebuy":"biswap","buyPrice":6632.36,"namesell":"biswap","sellPrice":6612.89},{"block":11313886,"timestamp":1632850712,"swapAmountBNB":20,"namebuy":"biswap","buyPrice":6626.81,"namesell":"pancake","sellPrice":6613},{"block":11313887,"timestamp":1632850715,"swapAmountBNB":20,"namebuy":"biswap","buyPrice":6626.81,"namesell":"pancake","sellPrice":6613},{"block":11313917,"timestamp":1632850805,"swapAmountBNB":20,"namebuy":"biswap","buyPrice":6632.36,"namesell":"pancake","sellPrice":6613.22},{"block":11313918,"timestamp":1632850808,"swapAmountBNB":20,"namebuy":"biswap","buyPrice":6632.36,"namesell":"pancake","sellPrice":6613.23},{"block":11313888,"timestamp":1632850718,"swapAmountBNB":20,"namebuy":"biswap","buyPrice":6628.08,"namesell":"pancake","sellPrice":6612.82},{"block":11313919,"timestamp":1632850811,"swapAmountBNB":20,"namebuy":"biswap","buyPrice":6632.31,"namesell":"pancake","sellPrice":6613.29},{"block":11313889,"timestamp":1632850721,"swapAmountBNB":20,"namebuy":"biswap","buyPrice":6628.08,"namesell":"pancake","sellPrice":6612.82},{"block":11313920,"timestamp":1632850814,"swapAmountBNB":20,"namebuy":"biswap","buyPrice":6632.31,"namesell":"pancake","sellPrice":6613.29},{"block":11313890,"timestamp":1632850724,"swapAmountBNB":20,"namebuy":"biswap","buyPrice":6628.08,"namesell":"pancake","sellPrice":6612.85},{"block":11313921,"timestamp":1632850817,"swapAmountBNB":20,"namebuy":"biswap","buyPrice":6632.31,"namesell":"pancake","sellPrice":6613.37},{"block":11313891,"timestamp":1632850727,"swapAmountBNB":20,"namebuy":"biswap","buyPrice":6627.78,"namesell":"pancake","sellPrice":6612.82},{"block":11313922,"timestamp":1632850820,"swapAmountBNB":20,"namebuy":"biswap","buyPrice":6632.44,"namesell":"pancake","sellPrice":6613.36},{"block":11313892,"timestamp":1632850730,"swapAmountBNB":20,"namebuy":"biswap","buyPrice":6627.82,"namesell":"pancake","sellPrice":6612.79},{"block":11313923,"timestamp":1632850823,"swapAmountBNB":20,"namebuy":"biswap","buyPrice":6632.4,"namesell":"pancake","sellPrice":6613.53},{"block":11313893,"timestamp":1632850733,"swapAmountBNB":20,"namebuy":"biswap","buyPrice":6627.82,"namesell":"pancake","sellPrice":6612.88},{"block":11313924,"timestamp":1632850826,"swapAmountBNB":20,"namebuy":"biswap","buyPrice":6632.4,"namesell":"pancake","sellPrice":6613.5},{"block":11313894,"timestamp":1632850736,"swapAmountBNB":20,"namebuy":"biswap","buyPrice":6627.82,"namesell":"pancake","sellPrice":6612.88},{"block":11313895,"timestamp":1632850739,"swapAmountBNB":20,"namebuy":"biswap","buyPrice":6627.82,"namesell":"pancake","sellPrice":6612.87},{"block":11313925,"timestamp":1632850829,"swapAmountBNB":20,"namebuy":"biswap","buyPrice":6632.4,"namesell":"pancake","sellPrice":6613.51},{"block":11313896,"timestamp":1632850742,"swapAmountBNB":20,"namebuy":"biswap","buyPrice":6627.85,"namesell":"pancake","sellPrice":6612.97},{"block":11313926,"timestamp":1632850832,"swapAmountBNB":20,"namebuy":"biswap","buyPrice":6632.4,"namesell":"pancake","sellPrice":6613.51},{"block":11313897,"timestamp":1632850745,"swapAmountBNB":20,"namebuy":"biswap","buyPrice":6627.85,"namesell":"pancake","sellPrice":6612.97},{"block":11313927,"timestamp":1632850835,"swapAmountBNB":20,"namebuy":"biswap","buyPrice":6632.4,"namesell":"pancake","sellPrice":6613.51},{"block":11313898,"timestamp":1632850748,"swapAmountBNB":20,"namebuy":"biswap","buyPrice":6627.85,"namesell":"pancake","sellPrice":6612.96},{"block":11313928,"timestamp":1632850838,"swapAmountBNB":20,"namebuy":"biswap","buyPrice":6632.29,"namesell":"pancake","sellPrice":6613.53},{"block":11313899,"timestamp":1632850751,"swapAmountBNB":20,"namebuy":"biswap","buyPrice":6627.85,"namesell":"pancake","sellPrice":6612.97},{"block":11313929,"timestamp":1632850841,"swapAmountBNB":20,"namebuy":"biswap","buyPrice":6635.72,"namesell":"biswap","sellPrice":6616.24},{"block":11313929,"timestamp":1632850841,"swapAmountBNB":20,"namebuy":"biswap","buyPrice":6635.72,"namesell":"biswap","sellPrice":6616.24},{"block":11313900,"timestamp":1632850754,"swapAmountBNB":20,"namebuy":"biswap","buyPrice":6627.85,"namesell":"pancake","sellPrice":6612.89},{"block":11313930,"timestamp":1632850844,"swapAmountBNB":20,"namebuy":"biswap","buyPrice":6635.72,"namesell":"biswap","sellPrice":6616.24},{"block":11313930,"timestamp":1632850844,"swapAmountBNB":20,"namebuy":"biswap","buyPrice":6635.72,"namesell":"biswap","sellPrice":6616.24},{"block":11313901,"timestamp":1632850757,"swapAmountBNB":20,"namebuy":"biswap","buyPrice":6627.85,"namesell":"pancake","sellPrice":6612.75},{"block":11313902,"timestamp":1632850760,"swapAmountBNB":20,"namebuy":"biswap","buyPrice":6622.9,"namesell":"pancake","sellPrice":6612.78},{"block":11313931,"timestamp":1632850847,"swapAmountBNB":20,"namebuy":"biswap","buyPrice":6634.75,"namesell":"biswap","sellPrice":6615.27},{"block":11313931,"timestamp":1632850847,"swapAmountBNB":20,"namebuy":"biswap","buyPrice":6634.75,"namesell":"biswap","sellPrice":6615.27},{"block":11313932,"timestamp":1632850850,"swapAmountBNB":20,"namebuy":"biswap","buyPrice":6634.75,"namesell":"biswap","sellPrice":6615.27},{"block":11313932,"timestamp":1632850850,"swapAmountBNB":20,"namebuy":"biswap","buyPrice":6634.75,"namesell":"biswap","sellPrice":6615.27},{"block":11313903,"timestamp":1632850763,"swapAmountBNB":20,"namebuy":"biswap","buyPrice":6623.14,"namesell":"pancake","sellPrice":6612.72},{"block":11313933,"timestamp":1632850853,"swapAmountBNB":20,"namebuy":"biswap","buyPrice":6634.21,"namesell":"biswap","sellPrice":6614.73},{"block":11313904,"timestamp":1632850766,"swapAmountBNB":20,"namebuy":"biswap","buyPrice":6627.91,"namesell":"pancake","sellPrice":6612.72},{"block":11313934,"timestamp":1632850856,"swapAmountBNB":20,"namebuy":"biswap","buyPrice":6634.21,"namesell":"biswap","sellPrice":6614.73},{"block":11313905,"timestamp":1632850769,"swapAmountBNB":20,"namebuy":"biswap","buyPrice":6627.91,"namesell":"pancake","sellPrice":6612.71},{"block":11313935,"timestamp":1632850859,"swapAmountBNB":20,"namebuy":"biswap","buyPrice":6637.64,"namesell":"biswap","sellPrice":6618.16},{"block":11313936,"timestamp":1632850862,"swapAmountBNB":20,"namebuy":"biswap","buyPrice":6637.64,"namesell":"biswap","sellPrice":6618.16},{"block":11313906,"timestamp":1632850772,"swapAmountBNB":20,"namebuy":"biswap","buyPrice":6631.34,"namesell":"pancake","sellPrice":6612.69},{"block":11313907,"timestamp":1632850775,"swapAmountBNB":20,"namebuy":"biswap","buyPrice":6631.34,"namesell":"pancake","sellPrice":6612.68},{"block":11313937,"timestamp":1632850865,"swapAmountBNB":20,"namebuy":"biswap","buyPrice":6637.64,"namesell":"biswap","sellPrice":6618.16},{"block":11313908,"timestamp":1632850778,"swapAmountBNB":20,"namebuy":"biswap","buyPrice":6635.32,"namesell":"pancake","sellPrice":6612.63},{"block":11313938,"timestamp":1632850868,"swapAmountBNB":20,"namebuy":"biswap","buyPrice":6637.64,"namesell":"biswap","sellPrice":6618.16},{"block":11313909,"timestamp":1632850781,"swapAmountBNB":20,"namebuy":"biswap","buyPrice":6635.32,"namesell":"biswap","sellPrice":6615.83},{"block":11313910,"timestamp":1632850784,"swapAmountBNB":20,"namebuy":"biswap","buyPrice":6635.32,"namesell":"biswap","sellPrice":6615.83},{"block":11313939,"timestamp":1632850871,"swapAmountBNB":20,"namebuy":"biswap","buyPrice":6637.64,"namesell":"biswap","sellPrice":6618.16},{"block":11313940,"timestamp":1632850874,"swapAmountBNB":20,"namebuy":"biswap","buyPrice":6637.68,"namesell":"biswap","sellPrice":6618.19},{"block":11313911,"timestamp":1632850787,"swapAmountBNB":20,"namebuy":"biswap","buyPrice":6635.41,"namesell":"biswap","sellPrice":6615.93},{"block":11313912,"timestamp":1632850790,"swapAmountBNB":20,"namebuy":"biswap","buyPrice":6635.41,"namesell":"biswap","sellPrice":6615.93},{"block":11313941,"timestamp":1632850877,"swapAmountBNB":20,"namebuy":"apeswap","buyPrice":6639.71,"namesell":"biswap","sellPrice":6621.61},{"block":11313913,"timestamp":1632850793,"swapAmountBNB":20,"namebuy":"biswap","buyPrice":6635.41,"namesell":"biswap","sellPrice":6615.93},{"block":11313942,"timestamp":1632850880,"swapAmountBNB":20,"namebuy":"apeswap","buyPrice":6639.71,"namesell":"biswap","sellPrice":6621.22},{"block":11313943,"timestamp":1632850883,"swapAmountBNB":20,"namebuy":"apeswap","buyPrice":6639.71,"namesell":"biswap","sellPrice":6621.22},{"block":11313914,"timestamp":1632850796,"swapAmountBNB":20,"namebuy":"biswap","buyPrice":6635.73,"namesell":"biswap","sellPrice":6616.25},{"block":11313944,"timestamp":1632850886,"swapAmountBNB":20,"namebuy":"apeswap","buyPrice":6639.79,"namesell":"biswap","sellPrice":6621.22},{"block":11313915,"timestamp":1632850799,"swapAmountBNB":20,"namebuy":"biswap","buyPrice":6635.73,"namesell":"biswap","sellPrice":6616.25},{"block":11313945,"timestamp":1632850889,"swapAmountBNB":20,"namebuy":"apeswap","buyPrice":6640.43,"namesell":"biswap","sellPrice":6621.22},{"block":11313946,"timestamp":1632850892,"swapAmountBNB":20,"namebuy":"apeswap","buyPrice":6640.43,"namesell":"biswap","sellPrice":6621.22},{"block":11313916,"timestamp":1632850802,"swapAmountBNB":20,"namebuy":"biswap","buyPrice":6632.36,"namesell":"biswap","sellPrice":6612.89},{"block":11313947,"timestamp":1632850895,"swapAmountBNB":20,"namebuy":"apeswap","buyPrice":6640.43,"namesell":"biswap","sellPrice":6624.64},{"block":11313917,"timestamp":1632850805,"swapAmountBNB":20,"namebuy":"biswap","buyPrice":6632.36,"namesell":"pancake","sellPrice":6613.22},{"block":11313948,"timestamp":1632850898,"swapAmountBNB":20,"namebuy":"apeswap","buyPrice":6640.43,"namesell":"biswap","sellPrice":6624.78},{"block":11313918,"timestamp":1632850808,"swapAmountBNB":20,"namebuy":"biswap","buyPrice":6632.36,"namesell":"pancake","sellPrice":6613.23},{"block":11313949,"timestamp":1632850901,"swapAmountBNB":20,"namebuy":"apeswap","buyPrice":6640.43,"namesell":"biswap","sellPrice":6624.78},{"block":11313919,"timestamp":1632850811,"swapAmountBNB":20,"namebuy":"biswap","buyPrice":6632.31,"namesell":"pancake","sellPrice":6613.29},{"block":11313950,"timestamp":1632850904,"swapAmountBNB":20,"namebuy":"apeswap","buyPrice":6640.43,"namesell":"biswap","sellPrice":6624.78},{"block":11313920,"timestamp":1632850814,"swapAmountBNB":20,"namebuy":"biswap","buyPrice":6632.31,"namesell":"pancake","sellPrice":6613.29},{"block":11313951,"timestamp":1632850907,"swapAmountBNB":20,"namebuy":"apeswap","buyPrice":6643.77,"namesell":"biswap","sellPrice":6624.78},{"block":11313921,"timestamp":1632850817,"swapAmountBNB":20,"namebuy":"biswap","buyPrice":6632.31,"namesell":"pancake","sellPrice":6613.37},{"block":11313952,"timestamp":1632850910,"swapAmountBNB":20,"namebuy":"apeswap","buyPrice":6644.19,"namesell":"biswap","sellPrice":6624.78},{"block":11313922,"timestamp":1632850820,"swapAmountBNB":20,"namebuy":"biswap","buyPrice":6632.44,"namesell":"pancake","sellPrice":6613.36},{"block":11313953,"timestamp":1632850913,"swapAmountBNB":20,"namebuy":"apeswap","buyPrice":6644.19,"namesell":"biswap","sellPrice":6624.78},{"block":11313923,"timestamp":1632850823,"swapAmountBNB":20,"namebuy":"biswap","buyPrice":6632.4,"namesell":"pancake","sellPrice":6613.53},{"block":11313954,"timestamp":1632850916,"swapAmountBNB":20,"namebuy":"apeswap","buyPrice":6644.19,"namesell":"biswap","sellPrice":6624.78},{"block":11313924,"timestamp":1632850826,"swapAmountBNB":20,"namebuy":"biswap","buyPrice":6632.4,"namesell":"pancake","sellPrice":6613.5},{"block":11313955,"timestamp":1632850919,"swapAmountBNB":20,"namebuy":"apeswap","buyPrice":6644.19,"namesell":"biswap","sellPrice":6624.78},{"block":11313956,"timestamp":1632850922,"swapAmountBNB":20,"namebuy":"apeswap","buyPrice":6644.19,"namesell":"biswap","sellPrice":6624.78},{"block":11313925,"timestamp":1632850829,"swapAmountBNB":20,"namebuy":"biswap","buyPrice":6632.4,"namesell":"pancake","sellPrice":6613.51},{"block":11313926,"timestamp":1632850832,"swapAmountBNB":20,"namebuy":"biswap","buyPrice":6632.4,"namesell":"pancake","sellPrice":6613.51},{"block":11313957,"timestamp":1632850925,"swapAmountBNB":20,"namebuy":"biswap","buyPrice":6644.05,"namesell":"biswap","sellPrice":6624.54},{"block":11313927,"timestamp":1632850835,"swapAmountBNB":20,"namebuy":"biswap","buyPrice":6632.4,"namesell":"pancake","sellPrice":6613.51},{"block":11313958,"timestamp":1632850928,"swapAmountBNB":20,"namebuy":"biswap","buyPrice":6641.21,"namesell":"biswap","sellPrice":6621.71},{"block":11313928,"timestamp":1632850838,"swapAmountBNB":20,"namebuy":"biswap","buyPrice":6632.29,"namesell":"pancake","sellPrice":6613.53},{"block":11313959,"timestamp":1632850931,"swapAmountBNB":20,"namebuy":"biswap","buyPrice":6641.27,"namesell":"biswap","sellPrice":6621.76},{"block":11313929,"timestamp":1632850841,"swapAmountBNB":20,"namebuy":"biswap","buyPrice":6635.72,"namesell":"biswap","sellPrice":6616.24},{"block":11313960,"timestamp":1632850934,"swapAmountBNB":20,"namebuy":"biswap","buyPrice":6641.27,"namesell":"biswap","sellPrice":6621.76},{"block":11313961,"timestamp":1632850937,"swapAmountBNB":20,"namebuy":"biswap","buyPrice":6641.27,"namesell":"biswap","sellPrice":6621.76},{"block":11313930,"timestamp":1632850844,"swapAmountBNB":20,"namebuy":"biswap","buyPrice":6635.72,"namesell":"biswap","sellPrice":6616.24},{"block":11313931,"timestamp":1632850847,"swapAmountBNB":20,"namebuy":"biswap","buyPrice":6635.85,"namesell":"biswap","sellPrice":6616.37},{"block":11313962,"timestamp":1632850940,"swapAmountBNB":20,"namebuy":"biswap","buyPrice":6642.63,"namesell":"biswap","sellPrice":6623.13},{"block":11313932,"timestamp":1632850850,"swapAmountBNB":20,"namebuy":"biswap","buyPrice":6634.75,"namesell":"biswap","sellPrice":6615.27},{"block":11313963,"timestamp":1632850943,"swapAmountBNB":20,"namebuy":"biswap","buyPrice":6640.76,"namesell":"biswap","sellPrice":6621.26},{"block":11313933,"timestamp":1632850853,"swapAmountBNB":20,"namebuy":"biswap","buyPrice":6634.21,"namesell":"biswap","sellPrice":6614.73},{"block":11313964,"timestamp":1632850946,"swapAmountBNB":20,"namebuy":"biswap","buyPrice":6640.76,"namesell":"biswap","sellPrice":6621.26},{"block":11313934,"timestamp":1632850856,"swapAmountBNB":20,"namebuy":"biswap","buyPrice":6634.21,"namesell":"biswap","sellPrice":6614.73},{"block":11313965,"timestamp":1632850949,"swapAmountBNB":20,"namebuy":"biswap","buyPrice":6640.76,"namesell":"biswap","sellPrice":6621.26},{"block":11313935,"timestamp":1632850859,"swapAmountBNB":20,"namebuy":"biswap","buyPrice":6637.64,"namesell":"biswap","sellPrice":6618.16},{"block":11313966,"timestamp":1632850952,"swapAmountBNB":20,"namebuy":"biswap","buyPrice":6639.07,"namesell":"biswap","sellPrice":6619.58},{"block":11313936,"timestamp":1632850862,"swapAmountBNB":20,"namebuy":"biswap","buyPrice":6637.64,"namesell":"biswap","sellPrice":6618.16},{"block":11313967,"timestamp":1632850955,"swapAmountBNB":20,"namebuy":"biswap","buyPrice":6639.07,"namesell":"biswap","sellPrice":6619.58},{"block":11313937,"timestamp":1632850865,"swapAmountBNB":20,"namebuy":"biswap","buyPrice":6637.64,"namesell":"biswap","sellPrice":6618.16}]}