{"table":[{"block":11029129,"timestamp":1631990394,"swapAmountBNB":20,"namebuy":"pancake","buyPrice":8266.49,"namesell":"biswap","sellPrice":8242.57},{"block":11029130,"timestamp":1631990397,"swapAmountBNB":20,"namebuy":"pancake","buyPrice":8266.47,"namesell":"biswap","sellPrice":8242.57},{"block":11029130,"timestamp":1631990397,"swapAmountBNB":20,"namebuy":"pancake","buyPrice":8266.47,"namesell":"biswap","sellPrice":8242.57},{"block":11029131,"timestamp":1631990400,"swapAmountBNB":20,"namebuy":"pancake","buyPrice":8266.32,"namesell":"biswap","sellPrice":8242.57},{"block":11029131,"timestamp":1631990400,"swapAmountBNB":20,"namebuy":"pancake","buyPrice":8266.32,"namesell":"biswap","sellPrice":8242.57},{"block":11029132,"timestamp":1631990403,"swapAmountBNB":20,"namebuy":"pancake","buyPrice":8266.5,"namesell":"biswap","sellPrice":8242.66},{"block":11029132,"timestamp":1631990403,"swapAmountBNB":20,"namebuy":"pancake","buyPrice":8266.5,"namesell":"biswap","sellPrice":8242.66},{"block":11029133,"timestamp":1631990406,"swapAmountBNB":20,"namebuy":"pancake","buyPrice":8266.27,"namesell":"biswap","sellPrice":8241.85},{"block":11029134,"timestamp":1631990409,"swapAmountBNB":20,"namebuy":"biswap","buyPrice":8264.67,"namesell":"biswap","sellPrice":8240.1},{"block":11029133,"timestamp":1631990406,"swapAmountBNB":20,"namebuy":"biswap","buyPrice":8264.67,"namesell":"biswap","sellPrice":8240.1},{"block":11029134,"timestamp":1631990409,"swapAmountBNB":20,"namebuy":"biswap","buyPrice":8264.67,"namesell":"biswap","sellPrice":8240.1},{"block":11029135,"timestamp":1631990412,"swapAmountBNB":20,"namebuy":"biswap","buyPrice":8264.67,"namesell":"biswap","sellPrice":8240.1},{"block":11029135,"timestamp":1631990412,"swapAmountBNB":20,"namebuy":"biswap","buyPrice":8264.67,"namesell":"biswap","sellPrice":8240.1},{"block":11029136,"timestamp":1631990415,"swapAmountBNB":20,"namebuy":"biswap","buyPrice":8264.67,"namesell":"biswap","sellPrice":8240.1},{"block":11029136,"timestamp":1631990415,"swapAmountBNB":20,"namebuy":"biswap","buyPrice":8264.67,"namesell":"biswap","sellPrice":8240.1},{"block":11029137,"timestamp":1631990418,"swapAmountBNB":20,"namebuy":"biswap","buyPrice":8264.67,"namesell":"biswap","sellPrice":8240.1},{"block":11029138,"timestamp":1631990421,"swapAmountBNB":20,"namebuy":"biswap","buyPrice":8264.67,"namesell":"biswap","sellPrice":8240.1},{"block":11029138,"timestamp":1631990421,"swapAmountBNB":20,"namebuy":"biswap","buyPrice":8264.67,"namesell":"biswap","sellPrice":8240.1},{"block":11029139,"timestamp":1631990424,"swapAmountBNB":20,"namebuy":"biswap","buyPrice":8264.67,"namesell":"biswap","sellPrice":8240.1},{"block":11029140,"timestamp":1631990427,"swapAmountBNB":20,"namebuy":"biswap","buyPrice":8264.67,"namesell":"biswap","sellPrice":8240.1},{"block":11029141,"timestamp":1631990430,"swapAmountBNB":20,"namebuy":"biswap","buyPrice":8264.67,"namesell":"biswap","sellPrice":8240.1},{"block":11029142,"timestamp":1631990433,"swapAmountBNB":20,"namebuy":"biswap","buyPrice":8264.67,"namesell":"biswap","sellPrice":8240.1},{"block":11029142,"timestamp":1631990433,"swapAmountBNB":20,"namebuy":"biswap","buyPrice":8264.67,"namesell":"biswap","sellPrice":8240.1},{"block":11029143,"timestamp":1631990436,"swapAmountBNB":20,"namebuy":"biswap","buyPrice":8264.67,"namesell":"biswap","sellPrice":8240.1},{"block":11029144,"timestamp":1631990439,"swapAmountBNB":20,"namebuy":"biswap","buyPrice":8264.67,"namesell":"biswap","sellPrice":8240.1},{"block":11029144,"timestamp":1631990439,"swapAmountBNB":20,"namebuy":"biswap","buyPrice":8264.67,"namesell":"biswap","sellPrice":8240.1},{"block":11029145,"timestamp":1631990442,"swapAmountBNB":20,"namebuy":"biswap","buyPrice":8264.55,"namesell":"biswap","sellPrice":8239.97},{"block":11029145,"timestamp":1631990442,"swapAmountBNB":20,"namebuy":"biswap","buyPrice":8264.55,"namesell":"biswap","sellPrice":8239.97},{"block":11029146,"timestamp":1631990445,"swapAmountBNB":20,"namebuy":"biswap","buyPrice":8264.55,"namesell":"biswap","sellPrice":8239.97},{"block":11029146,"timestamp":1631990445,"swapAmountBNB":20,"namebuy":"biswap","buyPrice":8264.55,"namesell":"biswap","sellPrice":8239.97},{"block":11029147,"timestamp":1631990448,"swapAmountBNB":20,"namebuy":"biswap","buyPrice":8264.55,"namesell":"biswap","sellPrice":8239.97},{"block":11029147,"timestamp":1631990448,"swapAmountBNB":20,"namebuy":"biswap","buyPrice":8264.55,"namesell":"biswap","sellPrice":8239.97},{"block":11029148,"timestamp":1631990451,"swapAmountBNB":20,"namebuy":"biswap","buyPrice":8264.55,"namesell":"biswap","sellPrice":8239.97},{"block":11029149,"timestamp":1631990454,"swapAmountBNB":20,"namebuy":"biswap","buyPrice":8264.55,"namesell":"biswap","sellPrice":8239.97},{"block":11029148,"timestamp":1631990451,"swapAmountBNB":20,"namebuy":"biswap","buyPrice":8264.55,"namesell":"biswap","sellPrice":8239.97}]}