{"table":[{"block":11023434,"timestamp":1631973159,"swapAmountBNB":20,"namebuy":"apeswap","buyPrice":8341.57,"namesell":"biswap","sellPrice":8317.53},{"block":11023435,"timestamp":1631973162,"swapAmountBNB":20,"namebuy":"apeswap","buyPrice":8341.57,"namesell":"biswap","sellPrice":8316.77},{"block":11023436,"timestamp":1631973165,"swapAmountBNB":20,"namebuy":"apeswap","buyPrice":8341.57,"namesell":"biswap","sellPrice":8316.77},{"block":11023437,"timestamp":1631973168,"swapAmountBNB":20,"namebuy":"biswap","buyPrice":8341.21,"namesell":"biswap","sellPrice":8316.36},{"block":11023438,"timestamp":1631973171,"swapAmountBNB":20,"namebuy":"biswap","buyPrice":8341.21,"namesell":"biswap","sellPrice":8316.36},{"block":11023439,"timestamp":1631973174,"swapAmountBNB":20,"namebuy":"biswap","buyPrice":8341.21,"namesell":"biswap","sellPrice":8316.36},{"block":11023440,"timestamp":1631973177,"swapAmountBNB":20,"namebuy":"biswap","buyPrice":8341.21,"namesell":"biswap","sellPrice":8316.36},{"block":11023441,"timestamp":1631973180,"swapAmountBNB":20,"namebuy":"biswap","buyPrice":8341.21,"namesell":"biswap","sellPrice":8316.36},{"block":11023442,"timestamp":1631973183,"swapAmountBNB":20,"namebuy":"biswap","buyPrice":8341.23,"namesell":"biswap","sellPrice":8316.39},{"block":11023443,"timestamp":1631973186,"swapAmountBNB":20,"namebuy":"biswap","buyPrice":8340.76,"namesell":"biswap","sellPrice":8315.91},{"block":11023444,"timestamp":1631973189,"swapAmountBNB":20,"namebuy":"biswap","buyPrice":8339.56,"namesell":"biswap","sellPrice":8314.72},{"block":11023445,"timestamp":1631973192,"swapAmountBNB":20,"namebuy":"biswap","buyPrice":8335.02,"namesell":"biswap","sellPrice":8310.2},{"block":11023446,"timestamp":1631973195,"swapAmountBNB":20,"namebuy":"biswap","buyPrice":8332.94,"namesell":"biswap","sellPrice":8308.12},{"block":11023447,"timestamp":1631973198,"swapAmountBNB":20,"namebuy":"biswap","buyPrice":8332.94,"namesell":"biswap","sellPrice":8308.12},{"block":11023448,"timestamp":1631973201,"swapAmountBNB":20,"namebuy":"biswap","buyPrice":8332.94,"namesell":"biswap","sellPrice":8308.12},{"block":11023449,"timestamp":1631973204,"swapAmountBNB":20,"namebuy":"biswap","buyPrice":8333.08,"namesell":"biswap","sellPrice":8308.27},{"block":11023450,"timestamp":1631973207,"swapAmountBNB":20,"namebuy":"biswap","buyPrice":8333.09,"namesell":"biswap","sellPrice":8308.27},{"block":11023451,"timestamp":1631973210,"swapAmountBNB":20,"namebuy":"biswap","buyPrice":8333.09,"namesell":"biswap","sellPrice":8308.27},{"block":11023452,"timestamp":1631973213,"swapAmountBNB":20,"namebuy":"biswap","buyPrice":8333.09,"namesell":"biswap","sellPrice":8308.27},{"block":11023453,"timestamp":1631973216,"swapAmountBNB":20,"namebuy":"biswap","buyPrice":8332.63,"namesell":"biswap","sellPrice":8307.82},{"block":11023454,"timestamp":1631973219,"swapAmountBNB":20,"namebuy":"biswap","buyPrice":8332.63,"namesell":"biswap","sellPrice":8307.82},{"block":11023455,"timestamp":1631973222,"swapAmountBNB":20,"namebuy":"biswap","buyPrice":8332.63,"namesell":"biswap","sellPrice":8307.82},{"block":11023456,"timestamp":1631973225,"swapAmountBNB":20,"namebuy":"biswap","buyPrice":8332.63,"namesell":"biswap","sellPrice":8307.82},{"block":11023457,"timestamp":1631973228,"swapAmountBNB":20,"namebuy":"biswap","buyPrice":8332.58,"namesell":"biswap","sellPrice":8307.77},{"block":11023458,"timestamp":1631973231,"swapAmountBNB":20,"namebuy":"biswap","buyPrice":8329.88,"namesell":"biswap","sellPrice":8305.07},{"block":11023459,"timestamp":1631973234,"swapAmountBNB":20,"namebuy":"biswap","buyPrice":8329.88,"namesell":"biswap","sellPrice":8305.07},{"block":11023460,"timestamp":1631973237,"swapAmountBNB":20,"namebuy":"biswap","buyPrice":8329.88,"namesell":"biswap","sellPrice":8305.07},{"block":11023461,"timestamp":1631973240,"swapAmountBNB":20,"namebuy":"biswap","buyPrice":8329.88,"namesell":"biswap","sellPrice":8305.07},{"block":11023462,"timestamp":1631973243,"swapAmountBNB":20,"namebuy":"biswap","buyPrice":8334.29,"namesell":"biswap","sellPrice":8309.47},{"block":11023463,"timestamp":1631973246,"swapAmountBNB":20,"namebuy":"biswap","buyPrice":8335,"namesell":"biswap","sellPrice":8310.17},{"block":11023464,"timestamp":1631973249,"swapAmountBNB":20,"namebuy":"biswap","buyPrice":8335,"namesell":"biswap","sellPrice":8310.17},{"block":11023465,"timestamp":1631973252,"swapAmountBNB":20,"namebuy":"biswap","buyPrice":8339.59,"namesell":"biswap","sellPrice":8314.75},{"block":11023466,"timestamp":1631973255,"swapAmountBNB":20,"namebuy":"biswap","buyPrice":8339.59,"namesell":"biswap","sellPrice":8314.75},{"block":11023467,"timestamp":1631973258,"swapAmountBNB":20,"namebuy":"biswap","buyPrice":8339.59,"namesell":"biswap","sellPrice":8314.75},{"block":11023468,"timestamp":1631973261,"swapAmountBNB":20,"namebuy":"biswap","buyPrice":8339.59,"namesell":"biswap","sellPrice":8314.75},{"block":11023469,"timestamp":1631973264,"swapAmountBNB":20,"namebuy":"biswap","buyPrice":8339.59,"namesell":"biswap","sellPrice":8314.75},{"block":11023470,"timestamp":1631973267,"swapAmountBNB":20,"namebuy":"biswap","buyPrice":8339.59,"namesell":"biswap","sellPrice":8314.75},{"block":11023471,"timestamp":1631973270,"swapAmountBNB":20,"namebuy":"biswap","buyPrice":8339.59,"namesell":"biswap","sellPrice":8314.75},{"block":11023472,"timestamp":1631973273,"swapAmountBNB":20,"namebuy":"biswap","buyPrice":8339.59,"namesell":"biswap","sellPrice":8314.75},{"block":11023473,"timestamp":1631973276,"swapAmountBNB":20,"namebuy":"biswap","buyPrice":8339.59,"namesell":"biswap","sellPrice":8314.75},{"block":11023474,"timestamp":1631973279,"swapAmountBNB":20,"namebuy":"biswap","buyPrice":8339.59,"namesell":"biswap","sellPrice":8314.75},{"block":11023475,"timestamp":1631973282,"swapAmountBNB":20,"namebuy":"biswap","buyPrice":8339.59,"namesell":"biswap","sellPrice":8314.75},{"block":11023476,"timestamp":1631973285,"swapAmountBNB":20,"namebuy":"biswap","buyPrice":8340.33,"namesell":"biswap","sellPrice":8315.48},{"block":11023477,"timestamp":1631973288,"swapAmountBNB":20,"namebuy":"biswap","buyPrice":8340.33,"namesell":"biswap","sellPrice":8315.48},{"block":11023478,"timestamp":1631973291,"swapAmountBNB":20,"namebuy":"biswap","buyPrice":8340.33,"namesell":"biswap","sellPrice":8315.48},{"block":11023479,"timestamp":1631973294,"swapAmountBNB":20,"namebuy":"biswap","buyPrice":8340.27,"namesell":"biswap","sellPrice":8315.43},{"block":11023480,"timestamp":1631973297,"swapAmountBNB":20,"namebuy":"biswap","buyPrice":8340.27,"namesell":"biswap","sellPrice":8315.43},{"block":11023481,"timestamp":1631973300,"swapAmountBNB":20,"namebuy":"biswap","buyPrice":8340.27,"namesell":"biswap","sellPrice":8315.43},{"block":11023482,"timestamp":1631973303,"swapAmountBNB":20,"namebuy":"biswap","buyPrice":8340.27,"namesell":"biswap","sellPrice":8315.43},{"block":11023483,"timestamp":1631973306,"swapAmountBNB":20,"namebuy":"biswap","buyPrice":8340.27,"namesell":"biswap","sellPrice":8315.43},{"block":11023484,"timestamp":1631973309,"swapAmountBNB":20,"namebuy":"biswap","buyPrice":8340.27,"namesell":"biswap","sellPrice":8315.43},{"block":11023485,"timestamp":1631973312,"swapAmountBNB":20,"namebuy":"biswap","buyPrice":8340.27,"namesell":"biswap","sellPrice":8315.43},{"block":11023486,"timestamp":1631973315,"swapAmountBNB":20,"namebuy":"biswap","buyPrice":8340.27,"namesell":"biswap","sellPrice":8315.43},{"block":11023487,"timestamp":1631973318,"swapAmountBNB":20,"namebuy":"biswap","buyPrice":8340.27,"namesell":"biswap","sellPrice":8315.43},{"block":11023488,"timestamp":1631973321,"swapAmountBNB":20,"namebuy":"biswap","buyPrice":8340.27,"namesell":"biswap","sellPrice":8315.43},{"block":11023489,"timestamp":1631973324,"swapAmountBNB":20,"namebuy":"biswap","buyPrice":8340.21,"namesell":"biswap","sellPrice":8315.37},{"block":11023490,"timestamp":1631973327,"swapAmountBNB":20,"namebuy":"biswap","buyPrice":8340.09,"namesell":"biswap","sellPrice":8315.25},{"block":11023491,"timestamp":1631973330,"swapAmountBNB":20,"namebuy":"biswap","buyPrice":8340.16,"namesell":"biswap","sellPrice":8315.33},{"block":11023492,"timestamp":1631973333,"swapAmountBNB":20,"namebuy":"biswap","buyPrice":8340.16,"namesell":"biswap","sellPrice":8315.33},{"block":11023493,"timestamp":1631973336,"swapAmountBNB":20,"namebuy":"biswap","buyPrice":8335.79,"namesell":"biswap","sellPrice":8310.97},{"block":11023494,"timestamp":1631973339,"swapAmountBNB":20,"namebuy":"biswap","buyPrice":8335.79,"namesell":"biswap","sellPrice":8310.97},{"block":11023495,"timestamp":1631973342,"swapAmountBNB":20,"namebuy":"biswap","buyPrice":8335.79,"namesell":"biswap","sellPrice":8310.97},{"block":11023496,"timestamp":1631973345,"swapAmountBNB":20,"namebuy":"biswap","buyPrice":8335.79,"namesell":"biswap","sellPrice":8310.97},{"block":11023497,"timestamp":1631973348,"swapAmountBNB":20,"namebuy":"biswap","buyPrice":8336.04,"namesell":"biswap","sellPrice":8311.22},{"block":11023498,"timestamp":1631973351,"swapAmountBNB":20,"namebuy":"biswap","buyPrice":8336.04,"namesell":"biswap","sellPrice":8311.22},{"block":11023499,"timestamp":1631973354,"swapAmountBNB":20,"namebuy":"biswap","buyPrice":8336.04,"namesell":"biswap","sellPrice":8311.22},{"block":11023500,"timestamp":1631973358,"swapAmountBNB":20,"namebuy":"biswap","buyPrice":8336.14,"namesell":"biswap","sellPrice":8311.31},{"block":11023500,"timestamp":1631973357,"swapAmountBNB":20,"namebuy":"biswap","buyPrice":8337.65,"namesell":"biswap","sellPrice":8312.82},{"block":11023501,"timestamp":1631973360,"swapAmountBNB":20,"namebuy":"biswap","buyPrice":8337.65,"namesell":"biswap","sellPrice":8312.82},{"block":11023502,"timestamp":1631973363,"swapAmountBNB":20,"namebuy":"biswap","buyPrice":8337.65,"namesell":"biswap","sellPrice":8312.82},{"block":11023503,"timestamp":1631973366,"swapAmountBNB":20,"namebuy":"biswap","buyPrice":8338.17,"namesell":"biswap","sellPrice":8313.34},{"block":11023504,"timestamp":1631973369,"swapAmountBNB":20,"namebuy":"biswap","buyPrice":8338.17,"namesell":"biswap","sellPrice":8313.34},{"block":11023505,"timestamp":1631973372,"swapAmountBNB":20,"namebuy":"biswap","buyPrice":8338.17,"namesell":"biswap","sellPrice":8313.34},{"block":11023506,"timestamp":1631973375,"swapAmountBNB":20,"namebuy":"biswap","buyPrice":8338.18,"namesell":"biswap","sellPrice":8313.35},{"block":11023507,"timestamp":1631973378,"swapAmountBNB":20,"namebuy":"biswap","buyPrice":8338.18,"namesell":"biswap","sellPrice":8313.35},{"block":11023508,"timestamp":1631973381,"swapAmountBNB":20,"namebuy":"biswap","buyPrice":8338.18,"namesell":"biswap","sellPrice":8313.35},{"block":11023509,"timestamp":1631973384,"swapAmountBNB":20,"namebuy":"biswap","buyPrice":8338.18,"namesell":"biswap","sellPrice":8313.35},{"block":11023510,"timestamp":1631973387,"swapAmountBNB":20,"namebuy":"biswap","buyPrice":8337.55,"namesell":"biswap","sellPrice":8312.72},{"block":11023511,"timestamp":1631973390,"swapAmountBNB":20,"namebuy":"biswap","buyPrice":8337.55,"namesell":"biswap","sellPrice":8312.72},{"block":11023512,"timestamp":1631973393,"swapAmountBNB":20,"namebuy":"biswap","buyPrice":8337.69,"namesell":"biswap","sellPrice":8312.86},{"block":11023513,"timestamp":1631973396,"swapAmountBNB":20,"namebuy":"apeswap","buyPrice":8340.83,"namesell":"biswap","sellPrice":8317.36},{"block":11023514,"timestamp":1631973399,"swapAmountBNB":20,"namebuy":"biswap","buyPrice":8342.35,"namesell":"biswap","sellPrice":8317.5},{"block":11023515,"timestamp":1631973402,"swapAmountBNB":20,"namebuy":"biswap","buyPrice":8342.35,"namesell":"biswap","sellPrice":8317.5},{"block":11023516,"timestamp":1631973405,"swapAmountBNB":20,"namebuy":"pancake","buyPrice":8342.56,"namesell":"biswap","sellPrice":8321.36},{"block":11023517,"timestamp":1631973408,"swapAmountBNB":20,"namebuy":"pancake","buyPrice":8342.79,"namesell":"biswap","sellPrice":8321.88},{"block":11023518,"timestamp":1631973411,"swapAmountBNB":20,"namebuy":"pancake","buyPrice":8342.76,"namesell":"biswap","sellPrice":8321.88},{"block":11023519,"timestamp":1631973414,"swapAmountBNB":20,"namebuy":"pancake","buyPrice":8342.91,"namesell":"biswap","sellPrice":8321.88},{"block":11023520,"timestamp":1631973417,"swapAmountBNB":20,"namebuy":"pancake","buyPrice":8342.91,"namesell":"biswap","sellPrice":8321.88},{"block":11023521,"timestamp":1631973420,"swapAmountBNB":20,"namebuy":"pancake","buyPrice":8342.74,"namesell":"biswap","sellPrice":8321.88},{"block":11023522,"timestamp":1631973423,"swapAmountBNB":20,"namebuy":"pancake","buyPrice":8343.98,"namesell":"biswap","sellPrice":8321.88},{"block":11023523,"timestamp":1631973426,"swapAmountBNB":20,"namebuy":"pancake","buyPrice":8344.28,"namesell":"biswap","sellPrice":8321.88},{"block":11023524,"timestamp":1631973429,"swapAmountBNB":20,"namebuy":"pancake","buyPrice":8344.31,"namesell":"biswap","sellPrice":8321.88},{"block":11023525,"timestamp":1631973432,"swapAmountBNB":20,"namebuy":"pancake","buyPrice":8344.33,"namesell":"biswap","sellPrice":8321.88},{"block":11023526,"timestamp":1631973435,"swapAmountBNB":20,"namebuy":"pancake","buyPrice":8344.34,"namesell":"biswap","sellPrice":8321.88},{"block":11023527,"timestamp":1631973438,"swapAmountBNB":20,"namebuy":"pancake","buyPrice":8344.36,"namesell":"biswap","sellPrice":8321.67},{"block":11023528,"timestamp":1631973441,"swapAmountBNB":20,"namebuy":"pancake","buyPrice":8344.36,"namesell":"biswap","sellPrice":8321.67},{"block":11023529,"timestamp":1631973444,"swapAmountBNB":20,"namebuy":"pancake","buyPrice":8344.32,"namesell":"biswap","sellPrice":8321.67},{"block":11023530,"timestamp":1631973447,"swapAmountBNB":20,"namebuy":"pancake","buyPrice":8344.6,"namesell":"biswap","sellPrice":8321.67},{"block":11023531,"timestamp":1631973450,"swapAmountBNB":20,"namebuy":"pancake","buyPrice":8344.51,"namesell":"biswap","sellPrice":8326.17},{"block":11023532,"timestamp":1631973453,"swapAmountBNB":20,"namebuy":"pancake","buyPrice":8344.58,"namesell":"biswap","sellPrice":8326.17},{"block":11023533,"timestamp":1631973456,"swapAmountBNB":20,"namebuy":"pancake","buyPrice":8344.65,"namesell":"biswap","sellPrice":8326.17},{"block":11023534,"timestamp":1631973459,"swapAmountBNB":20,"namebuy":"pancake","buyPrice":8344.82,"namesell":"biswap","sellPrice":8326.17},{"block":11023535,"timestamp":1631973462,"swapAmountBNB":20,"namebuy":"pancake","buyPrice":8344.81,"namesell":"biswap","sellPrice":8326.17},{"block":11023537,"timestamp":1631973468,"swapAmountBNB":20,"namebuy":"pancake","buyPrice":8344.81,"namesell":"biswap","sellPrice":8325.47},{"block":11023538,"timestamp":1631973471,"swapAmountBNB":20,"namebuy":"pancake","buyPrice":8344.81,"namesell":"biswap","sellPrice":8325.47},{"block":11023539,"timestamp":1631973474,"swapAmountBNB":20,"namebuy":"pancake","buyPrice":8344.69,"namesell":"biswap","sellPrice":8325.33},{"block":11023540,"timestamp":1631973477,"swapAmountBNB":20,"namebuy":"pancake","buyPrice":8344.69,"namesell":"biswap","sellPrice":8325.33},{"block":11023541,"timestamp":1631973480,"swapAmountBNB":20,"namebuy":"pancake","buyPrice":8344.69,"namesell":"biswap","sellPrice":8325.33},{"block":11023542,"timestamp":1631973483,"swapAmountBNB":20,"namebuy":"pancake","buyPrice":8344.75,"namesell":"biswap","sellPrice":8324.68},{"block":11023543,"timestamp":1631973486,"swapAmountBNB":20,"namebuy":"pancake","buyPrice":8344.81,"namesell":"biswap","sellPrice":8324.68},{"block":11023544,"timestamp":1631973489,"swapAmountBNB":20,"namebuy":"pancake","buyPrice":8344.82,"namesell":"biswap","sellPrice":8324.68},{"block":11023545,"timestamp":1631973492,"swapAmountBNB":20,"namebuy":"pancake","buyPrice":8344.8,"namesell":"biswap","sellPrice":8322.1},{"block":11023546,"timestamp":1631973495,"swapAmountBNB":20,"namebuy":"pancake","buyPrice":8344.77,"namesell":"biswap","sellPrice":8320.78},{"block":11023547,"timestamp":1631973498,"swapAmountBNB":20,"namebuy":"pancake","buyPrice":8344.81,"namesell":"biswap","sellPrice":8320.78},{"block":11023548,"timestamp":1631973501,"swapAmountBNB":20,"namebuy":"pancake","buyPrice":8343.78,"namesell":"biswap","sellPrice":8320.78},{"block":11023549,"timestamp":1631973504,"swapAmountBNB":20,"namebuy":"pancake","buyPrice":8343.78,"namesell":"biswap","sellPrice":8320.78},{"block":11023550,"timestamp":1631973507,"swapAmountBNB":20,"namebuy":"pancake","buyPrice":8343.46,"namesell":"biswap","sellPrice":8320.1},{"block":11023551,"timestamp":1631973510,"swapAmountBNB":20,"namebuy":"pancake","buyPrice":8343.46,"namesell":"biswap","sellPrice":8320.1},{"block":11023552,"timestamp":1631973513,"swapAmountBNB":20,"namebuy":"pancake","buyPrice":8343.37,"namesell":"biswap","sellPrice":8320.1},{"block":11023553,"timestamp":1631973516,"swapAmountBNB":20,"namebuy":"pancake","buyPrice":8343.42,"namesell":"biswap","sellPrice":8320.1},{"block":11023554,"timestamp":1631973519,"swapAmountBNB":20,"namebuy":"pancake","buyPrice":8343.42,"namesell":"biswap","sellPrice":8320.1},{"block":11023555,"timestamp":1631973522,"swapAmountBNB":20,"namebuy":"pancake","buyPrice":8343.62,"namesell":"biswap","sellPrice":8320.1},{"block":11023556,"timestamp":1631973525,"swapAmountBNB":20,"namebuy":"pancake","buyPrice":8343.7,"namesell":"biswap","sellPrice":8320},{"block":11023557,"timestamp":1631973528,"swapAmountBNB":20,"namebuy":"pancake","buyPrice":8343.74,"namesell":"biswap","sellPrice":8324.37},{"block":11023558,"timestamp":1631973531,"swapAmountBNB":20,"namebuy":"pancake","buyPrice":8343.73,"namesell":"biswap","sellPrice":8324.77},{"block":11023559,"timestamp":1631973534,"swapAmountBNB":20,"namebuy":"pancake","buyPrice":8343.77,"namesell":"biswap","sellPrice":8324.77},{"block":11023560,"timestamp":1631973537,"swapAmountBNB":20,"namebuy":"pancake","buyPrice":8343.77,"namesell":"biswap","sellPrice":8324.77},{"block":11023561,"timestamp":1631973540,"swapAmountBNB":20,"namebuy":"pancake","buyPrice":8343.73,"namesell":"biswap","sellPrice":8324.64},{"block":11023562,"timestamp":1631973543,"swapAmountBNB":20,"namebuy":"pancake","buyPrice":8343.73,"namesell":"biswap","sellPrice":8324.64},{"block":11023563,"timestamp":1631973546,"swapAmountBNB":20,"namebuy":"pancake","buyPrice":8343.87,"namesell":"biswap","sellPrice":8324.5},{"block":11023564,"timestamp":1631973549,"swapAmountBNB":20,"namebuy":"pancake","buyPrice":8344.07,"namesell":"biswap","sellPrice":8324.33},{"block":11023565,"timestamp":1631973552,"swapAmountBNB":20,"namebuy":"pancake","buyPrice":8344.18,"namesell":"biswap","sellPrice":8324.33},{"block":11023566,"timestamp":1631973555,"swapAmountBNB":20,"namebuy":"pancake","buyPrice":8344.18,"namesell":"biswap","sellPrice":8324.33},{"block":11023567,"timestamp":1631973558,"swapAmountBNB":20,"namebuy":"pancake","buyPrice":8344.15,"namesell":"biswap","sellPrice":8324.33},{"block":11023568,"timestamp":1631973561,"swapAmountBNB":20,"namebuy":"pancake","buyPrice":8344.12,"namesell":"biswap","sellPrice":8324.33},{"block":11023569,"timestamp":1631973564,"swapAmountBNB":20,"namebuy":"pancake","buyPrice":8344.08,"namesell":"biswap","sellPrice":8324.33},{"block":11023570,"timestamp":1631973567,"swapAmountBNB":20,"namebuy":"pancake","buyPrice":8344.04,"namesell":"biswap","sellPrice":8324.33},{"block":11023571,"timestamp":1631973570,"swapAmountBNB":20,"namebuy":"pancake","buyPrice":8344.05,"namesell":"biswap","sellPrice":8324.33},{"block":11023572,"timestamp":1631973573,"swapAmountBNB":20,"namebuy":"pancake","buyPrice":8343.95,"namesell":"biswap","sellPrice":8324.33},{"block":11023573,"timestamp":1631973576,"swapAmountBNB":20,"namebuy":"pancake","buyPrice":8343.96,"namesell":"biswap","sellPrice":8323.75},{"block":11023574,"timestamp":1631973579,"swapAmountBNB":20,"namebuy":"pancake","buyPrice":8343.99,"namesell":"biswap","sellPrice":8323.75},{"block":11023575,"timestamp":1631973582,"swapAmountBNB":20,"namebuy":"pancake","buyPrice":8344.13,"namesell":"biswap","sellPrice":8323.77},{"block":11023576,"timestamp":1631973585,"swapAmountBNB":20,"namebuy":"pancake","buyPrice":8344.13,"namesell":"biswap","sellPrice":8323.77},{"block":11023577,"timestamp":1631973588,"swapAmountBNB":20,"namebuy":"pancake","buyPrice":8344.05,"namesell":"biswap","sellPrice":8323.77},{"block":11023578,"timestamp":1631973591,"swapAmountBNB":20,"namebuy":"pancake","buyPrice":8344.11,"namesell":"biswap","sellPrice":8323.77}]}