{"table":[{"block":11421770,"timestamp":1633177799,"swapAmountBNB":20,"namebuy":"biswap","buyPrice":8500.87,"namesell":"pancake","sellPrice":8481.67},{"block":11421771,"timestamp":1633177802,"swapAmountBNB":20,"namebuy":"biswap","buyPrice":8501.62,"namesell":"pancake","sellPrice":8481.67},{"block":11421772,"timestamp":1633177805,"swapAmountBNB":20,"namebuy":"biswap","buyPrice":8502.09,"namesell":"pancake","sellPrice":8481.61},{"block":11421773,"timestamp":1633177808,"swapAmountBNB":20,"namebuy":"biswap","buyPrice":8502.09,"namesell":"pancake","sellPrice":8481.51},{"block":11421774,"timestamp":1633177811,"swapAmountBNB":20,"namebuy":"biswap","buyPrice":8495.08,"namesell":"pancake","sellPrice":8475.81},{"block":11421775,"timestamp":1633177815,"swapAmountBNB":20,"namebuy":"biswap","buyPrice":8495.38,"namesell":"pancake","sellPrice":8476.65},{"block":11421775,"timestamp":1633177814,"swapAmountBNB":20,"namebuy":"biswap","buyPrice":8495.38,"namesell":"pancake","sellPrice":8476.65},{"block":11421776,"timestamp":1633177817,"swapAmountBNB":20,"namebuy":"biswap","buyPrice":8497.02,"namesell":"pancake","sellPrice":8476.67},{"block":11421777,"timestamp":1633177820,"swapAmountBNB":20,"namebuy":"biswap","buyPrice":8497.02,"namesell":"pancake","sellPrice":8476.56},{"block":11421778,"timestamp":1633177823,"swapAmountBNB":20,"namebuy":"biswap","buyPrice":8502.33,"namesell":"pancake","sellPrice":8476.52},{"block":11421779,"timestamp":1633177826,"swapAmountBNB":20,"namebuy":"biswap","buyPrice":8502.33,"namesell":"pancake","sellPrice":8476.32},{"block":11421780,"timestamp":1633177829,"swapAmountBNB":20,"namebuy":"biswap","buyPrice":8505.28,"namesell":"pancake","sellPrice":8477.22},{"block":11421781,"timestamp":1633177832,"swapAmountBNB":20,"namebuy":"biswap","buyPrice":8505.52,"namesell":"pancake","sellPrice":8476.84},{"block":11421782,"timestamp":1633177835,"swapAmountBNB":20,"namebuy":"biswap","buyPrice":8505.85,"namesell":"pancake","sellPrice":8476.84},{"block":11421783,"timestamp":1633177839,"swapAmountBNB":20,"namebuy":"biswap","buyPrice":8498.86,"namesell":"pancake","sellPrice":8476.9},{"block":11421783,"timestamp":1633177838,"swapAmountBNB":20,"namebuy":"biswap","buyPrice":8498.86,"namesell":"pancake","sellPrice":8476.9},{"block":11421784,"timestamp":1633177841,"swapAmountBNB":20,"namebuy":"biswap","buyPrice":8498.88,"namesell":"pancake","sellPrice":8476.87},{"block":11421785,"timestamp":1633177844,"swapAmountBNB":20,"namebuy":"biswap","buyPrice":8498.88,"namesell":"pancake","sellPrice":8476.82},{"block":11421786,"timestamp":1633177847,"swapAmountBNB":20,"namebuy":"biswap","buyPrice":8498.88,"namesell":"pancake","sellPrice":8476.67},{"block":11421787,"timestamp":1633177850,"swapAmountBNB":20,"namebuy":"biswap","buyPrice":8498.88,"namesell":"pancake","sellPrice":8476.71},{"block":11421788,"timestamp":1633177853,"swapAmountBNB":20,"namebuy":"biswap","buyPrice":8500.02,"namesell":"pancake","sellPrice":8476.72},{"block":11421789,"timestamp":1633177856,"swapAmountBNB":20,"namebuy":"biswap","buyPrice":8500.02,"namesell":"pancake","sellPrice":8476.74},{"block":11421790,"timestamp":1633177859,"swapAmountBNB":20,"namebuy":"biswap","buyPrice":8500.02,"namesell":"pancake","sellPrice":8476.74},{"block":11421791,"timestamp":1633177862,"swapAmountBNB":20,"namebuy":"biswap","buyPrice":8500.02,"namesell":"pancake","sellPrice":8476.74},{"block":11421792,"timestamp":1633177865,"swapAmountBNB":20,"namebuy":"biswap","buyPrice":8500.02,"namesell":"pancake","sellPrice":8476.64},{"block":11421793,"timestamp":1633177868,"swapAmountBNB":20,"namebuy":"biswap","buyPrice":8500.02,"namesell":"pancake","sellPrice":8476.37},{"block":11421794,"timestamp":1633177871,"swapAmountBNB":20,"namebuy":"biswap","buyPrice":8500.02,"namesell":"pancake","sellPrice":8476.32},{"block":11421795,"timestamp":1633177874,"swapAmountBNB":20,"namebuy":"biswap","buyPrice":8500.02,"namesell":"pancake","sellPrice":8476.39},{"block":11421796,"timestamp":1633177877,"swapAmountBNB":20,"namebuy":"biswap","buyPrice":8500.02,"namesell":"pancake","sellPrice":8476.39},{"block":11421797,"timestamp":1633177880,"swapAmountBNB":20,"namebuy":"biswap","buyPrice":8500.02,"namesell":"pancake","sellPrice":8475.99},{"block":11421798,"timestamp":1633177883,"swapAmountBNB":20,"namebuy":"biswap","buyPrice":8500.02,"namesell":"pancake","sellPrice":8476},{"block":11421799,"timestamp":1633177886,"swapAmountBNB":20,"namebuy":"biswap","buyPrice":8500.02,"namesell":"pancake","sellPrice":8476},{"block":11421800,"timestamp":1633177889,"swapAmountBNB":20,"namebuy":"biswap","buyPrice":8500.02,"namesell":"pancake","sellPrice":8475.99},{"block":11421801,"timestamp":1633177892,"swapAmountBNB":20,"namebuy":"biswap","buyPrice":8500.02,"namesell":"pancake","sellPrice":8475.96},{"block":11421802,"timestamp":1633177895,"swapAmountBNB":20,"namebuy":"biswap","buyPrice":8500.02,"namesell":"pancake","sellPrice":8475.97},{"block":11421803,"timestamp":1633177898,"swapAmountBNB":20,"namebuy":"biswap","buyPrice":8507.05,"namesell":"biswap","sellPrice":8477.32},{"block":11421804,"timestamp":1633177901,"swapAmountBNB":20,"namebuy":"biswap","buyPrice":8507.05,"namesell":"biswap","sellPrice":8477.32},{"block":11421805,"timestamp":1633177904,"swapAmountBNB":20,"namebuy":"biswap","buyPrice":8507.05,"namesell":"biswap","sellPrice":8477.32},{"block":11421806,"timestamp":1633177907,"swapAmountBNB":20,"namebuy":"biswap","buyPrice":8507.26,"namesell":"biswap","sellPrice":8477.53},{"block":11421807,"timestamp":1633177910,"swapAmountBNB":20,"namebuy":"biswap","buyPrice":8507.26,"namesell":"biswap","sellPrice":8477.53},{"block":11421808,"timestamp":1633177913,"swapAmountBNB":20,"namebuy":"biswap","buyPrice":8507.26,"namesell":"biswap","sellPrice":8477.53},{"block":11421809,"timestamp":1633177916,"swapAmountBNB":20,"namebuy":"biswap","buyPrice":8507.26,"namesell":"biswap","sellPrice":8477.53},{"block":11421810,"timestamp":1633177919,"swapAmountBNB":20,"namebuy":"biswap","buyPrice":8507.26,"namesell":"biswap","sellPrice":8477.53},{"block":11421811,"timestamp":1633177922,"swapAmountBNB":20,"namebuy":"biswap","buyPrice":8507.26,"namesell":"biswap","sellPrice":8477.53},{"block":11421812,"timestamp":1633177925,"swapAmountBNB":20,"namebuy":"biswap","buyPrice":8507.37,"namesell":"biswap","sellPrice":8477.63},{"block":11421813,"timestamp":1633177928,"swapAmountBNB":20,"namebuy":"biswap","buyPrice":8507.66,"namesell":"biswap","sellPrice":8477.93},{"block":11421814,"timestamp":1633177931,"swapAmountBNB":20,"namebuy":"biswap","buyPrice":8507.66,"namesell":"biswap","sellPrice":8477.93},{"block":11421815,"timestamp":1633177934,"swapAmountBNB":20,"namebuy":"biswap","buyPrice":8507.66,"namesell":"biswap","sellPrice":8477.93},{"block":11421816,"timestamp":1633177937,"swapAmountBNB":20,"namebuy":"biswap","buyPrice":8507.66,"namesell":"biswap","sellPrice":8477.93},{"block":11421817,"timestamp":1633177940,"swapAmountBNB":20,"namebuy":"biswap","buyPrice":8507.66,"namesell":"biswap","sellPrice":8477.93},{"block":11421818,"timestamp":1633177943,"swapAmountBNB":20,"namebuy":"biswap","buyPrice":8507.66,"namesell":"biswap","sellPrice":8477.93},{"block":11421819,"timestamp":1633177947,"swapAmountBNB":20,"namebuy":"biswap","buyPrice":8507.64,"namesell":"biswap","sellPrice":8477.91},{"block":11421819,"timestamp":1633177946,"swapAmountBNB":20,"namebuy":"biswap","buyPrice":8507.64,"namesell":"biswap","sellPrice":8477.91},{"block":11421820,"timestamp":1633177949,"swapAmountBNB":20,"namebuy":"biswap","buyPrice":8507.58,"namesell":"biswap","sellPrice":8477.85},{"block":11421821,"timestamp":1633177952,"swapAmountBNB":20,"namebuy":"biswap","buyPrice":8507.58,"namesell":"biswap","sellPrice":8477.85},{"block":11421822,"timestamp":1633177955,"swapAmountBNB":20,"namebuy":"biswap","buyPrice":8500.56,"namesell":"pancake","sellPrice":8476.31},{"block":11421823,"timestamp":1633177958,"swapAmountBNB":20,"namebuy":"biswap","buyPrice":8500.56,"namesell":"pancake","sellPrice":8476.2},{"block":11421824,"timestamp":1633177961,"swapAmountBNB":20,"namebuy":"biswap","buyPrice":8500.56,"namesell":"pancake","sellPrice":8476.23},{"block":11421825,"timestamp":1633177964,"swapAmountBNB":20,"namebuy":"biswap","buyPrice":8500.56,"namesell":"pancake","sellPrice":8476.23},{"block":11421826,"timestamp":1633177967,"swapAmountBNB":20,"namebuy":"biswap","buyPrice":8500.56,"namesell":"pancake","sellPrice":8476.2},{"block":11421827,"timestamp":1633177970,"swapAmountBNB":20,"namebuy":"biswap","buyPrice":8500.56,"namesell":"pancake","sellPrice":8476.23},{"block":11421828,"timestamp":1633177973,"swapAmountBNB":20,"namebuy":"biswap","buyPrice":8500.56,"namesell":"pancake","sellPrice":8476.16},{"block":11421829,"timestamp":1633177976,"swapAmountBNB":20,"namebuy":"biswap","buyPrice":8500.56,"namesell":"pancake","sellPrice":8476.16},{"block":11421830,"timestamp":1633177979,"swapAmountBNB":20,"namebuy":"biswap","buyPrice":8500.56,"namesell":"pancake","sellPrice":8476.16},{"block":11421831,"timestamp":1633177982,"swapAmountBNB":20,"namebuy":"biswap","buyPrice":8500.56,"namesell":"pancake","sellPrice":8476.12},{"block":11421832,"timestamp":1633177985,"swapAmountBNB":20,"namebuy":"biswap","buyPrice":8500.77,"namesell":"pancake","sellPrice":8476.51},{"block":11421833,"timestamp":1633177988,"swapAmountBNB":20,"namebuy":"biswap","buyPrice":8500.77,"namesell":"pancake","sellPrice":8476.52},{"block":11421834,"timestamp":1633177991,"swapAmountBNB":20,"namebuy":"biswap","buyPrice":8501.04,"namesell":"pancake","sellPrice":8476.51},{"block":11421835,"timestamp":1633177994,"swapAmountBNB":20,"namebuy":"biswap","buyPrice":8501.04,"namesell":"pancake","sellPrice":8476.96},{"block":11421836,"timestamp":1633177997,"swapAmountBNB":20,"namebuy":"biswap","buyPrice":8501.04,"namesell":"pancake","sellPrice":8476.98},{"block":11421837,"timestamp":1633178000,"swapAmountBNB":20,"namebuy":"biswap","buyPrice":8501.04,"namesell":"pancake","sellPrice":8476.98},{"block":11421838,"timestamp":1633178003,"swapAmountBNB":20,"namebuy":"biswap","buyPrice":8501.22,"namesell":"pancake","sellPrice":8476.72},{"block":11421839,"timestamp":1633178006,"swapAmountBNB":20,"namebuy":"biswap","buyPrice":8501.22,"namesell":"pancake","sellPrice":8476.44},{"block":11421840,"timestamp":1633178009,"swapAmountBNB":20,"namebuy":"biswap","buyPrice":8501.22,"namesell":"pancake","sellPrice":8476.53},{"block":11421841,"timestamp":1633178012,"swapAmountBNB":20,"namebuy":"biswap","buyPrice":8501.22,"namesell":"pancake","sellPrice":8476.49},{"block":11421842,"timestamp":1633178015,"swapAmountBNB":20,"namebuy":"biswap","buyPrice":8501.22,"namesell":"pancake","sellPrice":8476.56},{"block":11421843,"timestamp":1633178018,"swapAmountBNB":20,"namebuy":"biswap","buyPrice":8494.21,"namesell":"pancake","sellPrice":8476.57},{"block":11421844,"timestamp":1633178021,"swapAmountBNB":20,"namebuy":"biswap","buyPrice":8494.21,"namesell":"pancake","sellPrice":8476.81},{"block":11421845,"timestamp":1633178024,"swapAmountBNB":20,"namebuy":"biswap","buyPrice":8494.5,"namesell":"pancake","sellPrice":8476.79},{"block":11421846,"timestamp":1633178027,"swapAmountBNB":20,"namebuy":"biswap","buyPrice":8495.03,"namesell":"pancake","sellPrice":8476.87},{"block":11421847,"timestamp":1633178030,"swapAmountBNB":20,"namebuy":"biswap","buyPrice":8495.03,"namesell":"pancake","sellPrice":8476.85},{"block":11421848,"timestamp":1633178033,"swapAmountBNB":20,"namebuy":"biswap","buyPrice":8495.03,"namesell":"pancake","sellPrice":8477.09},{"block":11421849,"timestamp":1633178036,"swapAmountBNB":20,"namebuy":"biswap","buyPrice":8495.03,"namesell":"pancake","sellPrice":8477.05},{"block":11421850,"timestamp":1633178039,"swapAmountBNB":20,"namebuy":"biswap","buyPrice":8495.03,"namesell":"pancake","sellPrice":8476.98},{"block":11421851,"timestamp":1633178042,"swapAmountBNB":20,"namebuy":"biswap","buyPrice":8495.03,"namesell":"pancake","sellPrice":8476.87},{"block":11421852,"timestamp":1633178045,"swapAmountBNB":20,"namebuy":"biswap","buyPrice":8495.03,"namesell":"pancake","sellPrice":8476.87},{"block":11421853,"timestamp":1633178048,"swapAmountBNB":20,"namebuy":"biswap","buyPrice":8495.02,"namesell":"pancake","sellPrice":8476.79},{"block":11421854,"timestamp":1633178051,"swapAmountBNB":20,"namebuy":"biswap","buyPrice":8495.02,"namesell":"pancake","sellPrice":8476.75},{"block":11421855,"timestamp":1633178054,"swapAmountBNB":20,"namebuy":"biswap","buyPrice":8495.02,"namesell":"pancake","sellPrice":8476.75},{"block":11421856,"timestamp":1633178057,"swapAmountBNB":20,"namebuy":"biswap","buyPrice":8495.02,"namesell":"pancake","sellPrice":8476.78},{"block":11421857,"timestamp":1633178060,"swapAmountBNB":20,"namebuy":"biswap","buyPrice":8496.39,"namesell":"pancake","sellPrice":8474.91},{"block":11421858,"timestamp":1633178063,"swapAmountBNB":20,"namebuy":"biswap","buyPrice":8496.39,"namesell":"pancake","sellPrice":8474.95},{"block":11421859,"timestamp":1633178066,"swapAmountBNB":20,"namebuy":"biswap","buyPrice":8492.86,"namesell":"pancake","sellPrice":8474.74},{"block":11421860,"timestamp":1633178069,"swapAmountBNB":20,"namebuy":"biswap","buyPrice":8492.89,"namesell":"pancake","sellPrice":8474.75},{"block":11421861,"timestamp":1633178072,"swapAmountBNB":20,"namebuy":"biswap","buyPrice":8492.89,"namesell":"pancake","sellPrice":8467.88},{"block":11421862,"timestamp":1633178075,"swapAmountBNB":20,"namebuy":"biswap","buyPrice":8486.89,"namesell":"pancake","sellPrice":8467.96},{"block":11421863,"timestamp":1633178078,"swapAmountBNB":20,"namebuy":"pancake","buyPrice":8510.74,"namesell":"biswap","sellPrice":8485.62},{"block":11421864,"timestamp":1633178081,"swapAmountBNB":20,"namebuy":"pancake","buyPrice":8510.65,"namesell":"biswap","sellPrice":8485.62},{"block":11421865,"timestamp":1633178084,"swapAmountBNB":20,"namebuy":"biswap","buyPrice":8489.22,"namesell":"pancake","sellPrice":8467.09},{"block":11421866,"timestamp":1633178087,"swapAmountBNB":20,"namebuy":"biswap","buyPrice":8480.19,"namesell":"pancake","sellPrice":8467.15},{"block":11421867,"timestamp":1633178090,"swapAmountBNB":20,"namebuy":"biswap","buyPrice":8481.98,"namesell":"pancake","sellPrice":8466.35},{"block":11421868,"timestamp":1633178093,"swapAmountBNB":20,"namebuy":"biswap","buyPrice":8486.79,"namesell":"pancake","sellPrice":8466.32},{"block":11421869,"timestamp":1633178096,"swapAmountBNB":20,"namebuy":"biswap","buyPrice":8486.79,"namesell":"pancake","sellPrice":8465.92},{"block":11421870,"timestamp":1633178099,"swapAmountBNB":20,"namebuy":"biswap","buyPrice":8486.79,"namesell":"pancake","sellPrice":8466.8},{"block":11421871,"timestamp":1633178102,"swapAmountBNB":20,"namebuy":"biswap","buyPrice":8486.79,"namesell":"pancake","sellPrice":8466.98},{"block":11421872,"timestamp":1633178105,"swapAmountBNB":20,"namebuy":"biswap","buyPrice":8486.79,"namesell":"pancake","sellPrice":8466.85},{"block":11421873,"timestamp":1633178108,"swapAmountBNB":20,"namebuy":"biswap","buyPrice":8486.79,"namesell":"pancake","sellPrice":8466.85},{"block":11421874,"timestamp":1633178111,"swapAmountBNB":20,"namebuy":"biswap","buyPrice":8486.79,"namesell":"pancake","sellPrice":8466.75},{"block":11421875,"timestamp":1633178114,"swapAmountBNB":20,"namebuy":"biswap","buyPrice":8486.79,"namesell":"pancake","sellPrice":8466.81},{"block":11421876,"timestamp":1633178117,"swapAmountBNB":20,"namebuy":"biswap","buyPrice":8487.31,"namesell":"pancake","sellPrice":8466.8},{"block":11421877,"timestamp":1633178120,"swapAmountBNB":20,"namebuy":"biswap","buyPrice":8487.31,"namesell":"pancake","sellPrice":8466.81},{"block":11421878,"timestamp":1633178123,"swapAmountBNB":20,"namebuy":"biswap","buyPrice":8487.31,"namesell":"pancake","sellPrice":8466.82},{"block":11421879,"timestamp":1633178126,"swapAmountBNB":20,"namebuy":"biswap","buyPrice":8487.31,"namesell":"pancake","sellPrice":8466.83},{"block":11421880,"timestamp":1633178129,"swapAmountBNB":20,"namebuy":"biswap","buyPrice":8487.55,"namesell":"pancake","sellPrice":8466.91},{"block":11421881,"timestamp":1633178132,"swapAmountBNB":20,"namebuy":"biswap","buyPrice":8487.55,"namesell":"pancake","sellPrice":8466.56},{"block":11421882,"timestamp":1633178135,"swapAmountBNB":20,"namebuy":"biswap","buyPrice":8487.55,"namesell":"pancake","sellPrice":8466.51},{"block":11421883,"timestamp":1633178138,"swapAmountBNB":20,"namebuy":"biswap","buyPrice":8487.55,"namesell":"pancake","sellPrice":8466.57},{"block":11421884,"timestamp":1633178141,"swapAmountBNB":20,"namebuy":"biswap","buyPrice":8493.52,"namesell":"pancake","sellPrice":8466.6},{"block":11421885,"timestamp":1633178144,"swapAmountBNB":20,"namebuy":"biswap","buyPrice":8493.52,"namesell":"pancake","sellPrice":8466.63},{"block":11421886,"timestamp":1633178147,"swapAmountBNB":20,"namebuy":"biswap","buyPrice":8486.52,"namesell":"pancake","sellPrice":8466.63},{"block":11421887,"timestamp":1633178150,"swapAmountBNB":20,"namebuy":"biswap","buyPrice":8486.56,"namesell":"pancake","sellPrice":8466.51},{"block":11421888,"timestamp":1633178153,"swapAmountBNB":20,"namebuy":"biswap","buyPrice":8488.42,"namesell":"pancake","sellPrice":8466.8},{"block":11421889,"timestamp":1633178156,"swapAmountBNB":20,"namebuy":"biswap","buyPrice":8483.14,"namesell":"pancake","sellPrice":8466.69},{"block":11421890,"timestamp":1633178159,"swapAmountBNB":20,"namebuy":"biswap","buyPrice":8483.14,"namesell":"pancake","sellPrice":8466.91},{"block":11421891,"timestamp":1633178162,"swapAmountBNB":20,"namebuy":"biswap","buyPrice":8484.5,"namesell":"pancake","sellPrice":8466.98},{"block":11421892,"timestamp":1633178165,"swapAmountBNB":20,"namebuy":"biswap","buyPrice":8485.57,"namesell":"pancake","sellPrice":8466.97},{"block":11421893,"timestamp":1633178168,"swapAmountBNB":20,"namebuy":"biswap","buyPrice":8485.57,"namesell":"pancake","sellPrice":8466.97},{"block":11421894,"timestamp":1633178171,"swapAmountBNB":20,"namebuy":"biswap","buyPrice":8485.57,"namesell":"pancake","sellPrice":8467.23},{"block":11421895,"timestamp":1633178174,"swapAmountBNB":20,"namebuy":"biswap","buyPrice":8485.57,"namesell":"pancake","sellPrice":8467.01},{"block":11421896,"timestamp":1633178177,"swapAmountBNB":20,"namebuy":"biswap","buyPrice":8491.58,"namesell":"pancake","sellPrice":8467.02},{"block":11421897,"timestamp":1633178180,"swapAmountBNB":20,"namebuy":"biswap","buyPrice":8491.58,"namesell":"pancake","sellPrice":8465.69},{"block":11421898,"timestamp":1633178183,"swapAmountBNB":20,"namebuy":"biswap","buyPrice":8484.58,"namesell":"pancake","sellPrice":8465.73},{"block":11421899,"timestamp":1633178186,"swapAmountBNB":20,"namebuy":"biswap","buyPrice":8484.58,"namesell":"pancake","sellPrice":8465.73},{"block":11421900,"timestamp":1633178189,"swapAmountBNB":20,"namebuy":"biswap","buyPrice":8484.58,"namesell":"pancake","sellPrice":8465.54},{"block":11421901,"timestamp":1633178192,"swapAmountBNB":20,"namebuy":"biswap","buyPrice":8484.58,"namesell":"pancake","sellPrice":8465.56},{"block":11421902,"timestamp":1633178195,"swapAmountBNB":20,"namebuy":"biswap","buyPrice":8484.66,"namesell":"pancake","sellPrice":8465.4},{"block":11421903,"timestamp":1633178198,"swapAmountBNB":20,"namebuy":"biswap","buyPrice":8484.66,"namesell":"pancake","sellPrice":8465.28},{"block":11421904,"timestamp":1633178201,"swapAmountBNB":20,"namebuy":"biswap","buyPrice":8484.67,"namesell":"pancake","sellPrice":8465.22},{"block":11421905,"timestamp":1633178204,"swapAmountBNB":20,"namebuy":"biswap","buyPrice":8484.67,"namesell":"pancake","sellPrice":8465.22},{"block":11421906,"timestamp":1633178207,"swapAmountBNB":20,"namebuy":"biswap","buyPrice":8484.67,"namesell":"pancake","sellPrice":8465.16},{"block":11421907,"timestamp":1633178210,"swapAmountBNB":20,"namebuy":"biswap","buyPrice":8486.03,"namesell":"pancake","sellPrice":8465.14},{"block":11421908,"timestamp":1633178213,"swapAmountBNB":20,"namebuy":"biswap","buyPrice":8486.4,"namesell":"pancake","sellPrice":8465.2},{"block":11421909,"timestamp":1633178216,"swapAmountBNB":20,"namebuy":"biswap","buyPrice":8486.72,"namesell":"pancake","sellPrice":8465.24},{"block":11421910,"timestamp":1633178219,"swapAmountBNB":20,"namebuy":"biswap","buyPrice":8486.72,"namesell":"pancake","sellPrice":8464.61},{"block":11421911,"timestamp":1633178222,"swapAmountBNB":20,"namebuy":"biswap","buyPrice":8486.72,"namesell":"pancake","sellPrice":8464.34},{"block":11421912,"timestamp":1633178225,"swapAmountBNB":20,"namebuy":"biswap","buyPrice":8486.72,"namesell":"pancake","sellPrice":8464.34},{"block":11421913,"timestamp":1633178228,"swapAmountBNB":20,"namebuy":"biswap","buyPrice":8487.24,"namesell":"pancake","sellPrice":8464.35},{"block":11421914,"timestamp":1633178231,"swapAmountBNB":20,"namebuy":"biswap","buyPrice":8487.24,"namesell":"pancake","sellPrice":8464.45},{"block":11421915,"timestamp":1633178234,"swapAmountBNB":20,"namebuy":"biswap","buyPrice":8487.24,"namesell":"biswap","sellPrice":8457.59},{"block":11421916,"timestamp":1633178237,"swapAmountBNB":20,"namebuy":"biswap","buyPrice":8487.24,"namesell":"biswap","sellPrice":8457.59},{"block":11421917,"timestamp":1633178240,"swapAmountBNB":20,"namebuy":"biswap","buyPrice":8487.24,"namesell":"biswap","sellPrice":8457.59},{"block":11421918,"timestamp":1633178243,"swapAmountBNB":20,"namebuy":"biswap","buyPrice":8487.69,"namesell":"biswap","sellPrice":8458.04},{"block":11421919,"timestamp":1633178246,"swapAmountBNB":20,"namebuy":"biswap","buyPrice":8488.78,"namesell":"biswap","sellPrice":8459.13},{"block":11421920,"timestamp":1633178249,"swapAmountBNB":20,"namebuy":"biswap","buyPrice":8488.78,"namesell":"biswap","sellPrice":8459.13},{"block":11421921,"timestamp":1633178252,"swapAmountBNB":20,"namebuy":"biswap","buyPrice":8488.78,"namesell":"biswap","sellPrice":8459.13},{"block":11421922,"timestamp":1633178255,"swapAmountBNB":20,"namebuy":"biswap","buyPrice":8488.78,"namesell":"biswap","sellPrice":8459.13},{"block":11421923,"timestamp":1633178258,"swapAmountBNB":20,"namebuy":"biswap","buyPrice":8488.78,"namesell":"biswap","sellPrice":8459.13},{"block":11421924,"timestamp":1633178261,"swapAmountBNB":20,"namebuy":"biswap","buyPrice":8488.78,"namesell":"biswap","sellPrice":8459.13},{"block":11421925,"timestamp":1633178264,"swapAmountBNB":20,"namebuy":"biswap","buyPrice":8488.78,"namesell":"biswap","sellPrice":8459.13},{"block":11421926,"timestamp":1633178267,"swapAmountBNB":20,"namebuy":"biswap","buyPrice":8488.78,"namesell":"biswap","sellPrice":8459.13},{"block":11421927,"timestamp":1633178270,"swapAmountBNB":20,"namebuy":"biswap","buyPrice":8488.78,"namesell":"biswap","sellPrice":8459.13},{"block":11421928,"timestamp":1633178273,"swapAmountBNB":20,"namebuy":"biswap","buyPrice":8488.78,"namesell":"biswap","sellPrice":8459.13},{"block":11421929,"timestamp":1633178276,"swapAmountBNB":20,"namebuy":"biswap","buyPrice":8488.95,"namesell":"biswap","sellPrice":8459.3},{"block":11421930,"timestamp":1633178279,"swapAmountBNB":20,"namebuy":"biswap","buyPrice":8488.74,"namesell":"biswap","sellPrice":8459.09},{"block":11421931,"timestamp":1633178282,"swapAmountBNB":20,"namebuy":"biswap","buyPrice":8488.74,"namesell":"biswap","sellPrice":8459.09},{"block":11421932,"timestamp":1633178285,"swapAmountBNB":20,"namebuy":"biswap","buyPrice":8488.74,"namesell":"biswap","sellPrice":8459.09},{"block":11421933,"timestamp":1633178288,"swapAmountBNB":20,"namebuy":"biswap","buyPrice":8488.74,"namesell":"biswap","sellPrice":8459.09},{"block":11421934,"timestamp":1633178291,"swapAmountBNB":20,"namebuy":"biswap","buyPrice":8488.74,"namesell":"biswap","sellPrice":8459.09},{"block":11421935,"timestamp":1633178294,"swapAmountBNB":20,"namebuy":"biswap","buyPrice":8488.74,"namesell":"biswap","sellPrice":8459.09},{"block":11421936,"timestamp":1633178297,"swapAmountBNB":20,"namebuy":"biswap","buyPrice":8488.74,"namesell":"biswap","sellPrice":8459.09},{"block":11421937,"timestamp":1633178300,"swapAmountBNB":20,"namebuy":"biswap","buyPrice":8488.74,"namesell":"biswap","sellPrice":8459.09},{"block":11421938,"timestamp":1633178303,"swapAmountBNB":20,"namebuy":"biswap","buyPrice":8487.06,"namesell":"biswap","sellPrice":8457.41},{"block":11421939,"timestamp":1633178306,"swapAmountBNB":20,"namebuy":"biswap","buyPrice":8488.6,"namesell":"biswap","sellPrice":8458.75},{"block":11421940,"timestamp":1633178309,"swapAmountBNB":20,"namebuy":"biswap","buyPrice":8488.6,"namesell":"biswap","sellPrice":8458.94},{"block":11421941,"timestamp":1633178312,"swapAmountBNB":20,"namebuy":"biswap","buyPrice":8491.65,"namesell":"biswap","sellPrice":8461.99},{"block":11421942,"timestamp":1633178315,"swapAmountBNB":20,"namebuy":"pancake","buyPrice":8496.72,"namesell":"biswap","sellPrice":8471.21},{"block":11421943,"timestamp":1633178318,"swapAmountBNB":20,"namebuy":"pancake","buyPrice":8496.82,"namesell":"biswap","sellPrice":8471.3},{"block":11421944,"timestamp":1633178321,"swapAmountBNB":20,"namebuy":"pancake","buyPrice":8497.67,"namesell":"biswap","sellPrice":8470.34},{"block":11421945,"timestamp":1633178324,"swapAmountBNB":20,"namebuy":"pancake","buyPrice":8497.59,"namesell":"biswap","sellPrice":8470.55},{"block":11421946,"timestamp":1633178327,"swapAmountBNB":20,"namebuy":"pancake","buyPrice":8497.46,"namesell":"biswap","sellPrice":8470.55},{"block":11421947,"timestamp":1633178330,"swapAmountBNB":20,"namebuy":"pancake","buyPrice":8497.47,"namesell":"biswap","sellPrice":8470.55},{"block":11421948,"timestamp":1633178333,"swapAmountBNB":20,"namebuy":"pancake","buyPrice":8497.48,"namesell":"biswap","sellPrice":8470.55},{"block":11421949,"timestamp":1633178336,"swapAmountBNB":20,"namebuy":"pancake","buyPrice":8497.36,"namesell":"biswap","sellPrice":8470.55},{"block":11421950,"timestamp":1633178339,"swapAmountBNB":20,"namebuy":"pancake","buyPrice":8497.34,"namesell":"biswap","sellPrice":8470.55},{"block":11421951,"timestamp":1633178342,"swapAmountBNB":20,"namebuy":"pancake","buyPrice":8497.09,"namesell":"biswap","sellPrice":8470.55},{"block":11421952,"timestamp":1633178345,"swapAmountBNB":20,"namebuy":"pancake","buyPrice":8497.03,"namesell":"biswap","sellPrice":8470.48},{"block":11421953,"timestamp":1633178348,"swapAmountBNB":20,"namebuy":"biswap","buyPrice":8496.02,"namesell":"biswap","sellPrice":8469.19},{"block":11421954,"timestamp":1633178351,"swapAmountBNB":20,"namebuy":"biswap","buyPrice":8496.02,"namesell":"biswap","sellPrice":8466.33},{"block":11421955,"timestamp":1633178354,"swapAmountBNB":20,"namebuy":"biswap","buyPrice":8496.02,"namesell":"biswap","sellPrice":8466.33},{"block":11421956,"timestamp":1633178357,"swapAmountBNB":20,"namebuy":"biswap","buyPrice":8496.02,"namesell":"biswap","sellPrice":8466.33},{"block":11421957,"timestamp":1633178360,"swapAmountBNB":20,"namebuy":"biswap","buyPrice":8496.02,"namesell":"biswap","sellPrice":8466.33},{"block":11421958,"timestamp":1633178363,"swapAmountBNB":20,"namebuy":"biswap","buyPrice":8496.02,"namesell":"biswap","sellPrice":8466.33},{"block":11421959,"timestamp":1633178366,"swapAmountBNB":20,"namebuy":"biswap","buyPrice":8496.02,"namesell":"biswap","sellPrice":8466.33},{"block":11421960,"timestamp":1633178369,"swapAmountBNB":20,"namebuy":"biswap","buyPrice":8496.02,"namesell":"biswap","sellPrice":8466.33},{"block":11421961,"timestamp":1633178372,"swapAmountBNB":20,"namebuy":"biswap","buyPrice":8490.72,"namesell":"biswap","sellPrice":8461.06},{"block":11421962,"timestamp":1633178375,"swapAmountBNB":20,"namebuy":"biswap","buyPrice":8490.09,"namesell":"biswap","sellPrice":8460.42},{"block":11421963,"timestamp":1633178378,"swapAmountBNB":20,"namebuy":"biswap","buyPrice":8488.56,"namesell":"biswap","sellPrice":8458.9},{"block":11421964,"timestamp":1633178381,"swapAmountBNB":20,"namebuy":"biswap","buyPrice":8491.05,"namesell":"biswap","sellPrice":8461.38},{"block":11421965,"timestamp":1633178384,"swapAmountBNB":20,"namebuy":"biswap","buyPrice":8491.05,"namesell":"biswap","sellPrice":8461.38},{"block":11421966,"timestamp":1633178387,"swapAmountBNB":20,"namebuy":"biswap","buyPrice":8490.41,"namesell":"biswap","sellPrice":8460.75},{"block":11421967,"timestamp":1633178390,"swapAmountBNB":20,"namebuy":"biswap","buyPrice":8490.41,"namesell":"biswap","sellPrice":8460.75},{"block":11421968,"timestamp":1633178393,"swapAmountBNB":20,"namebuy":"biswap","buyPrice":8490.28,"namesell":"biswap","sellPrice":8460.62},{"block":11421969,"timestamp":1633178396,"swapAmountBNB":20,"namebuy":"biswap","buyPrice":8490.28,"namesell":"biswap","sellPrice":8460.62}]}