{"table":[{"block":11422755,"timestamp":1633180797,"swapAmountBNB":5,"namebuy":"biswap","buyPrice":2118.15,"namesell":"apeswap","sellPrice":2115.33},{"block":11422756,"timestamp":1633180800,"swapAmountBNB":5,"namebuy":"biswap","buyPrice":2118.15,"namesell":"pancake","sellPrice":2114.31},{"block":11422757,"timestamp":1633180803,"swapAmountBNB":5,"namebuy":"biswap","buyPrice":2118.15,"namesell":"pancake","sellPrice":2114.46},{"block":11422758,"timestamp":1633180806,"swapAmountBNB":5,"namebuy":"biswap","buyPrice":2118.15,"namesell":"apeswap","sellPrice":2115.31},{"block":11422759,"timestamp":1633180809,"swapAmountBNB":5,"namebuy":"biswap","buyPrice":2118.15,"namesell":"apeswap","sellPrice":2115.31},{"block":11422760,"timestamp":1633180813,"swapAmountBNB":5,"namebuy":"biswap","buyPrice":2118.15,"namesell":"apeswap","sellPrice":2115.31},{"block":11422761,"timestamp":1633180816,"swapAmountBNB":5,"namebuy":"biswap","buyPrice":2118.19,"namesell":"apeswap","sellPrice":2115.31},{"block":11422762,"timestamp":1633180819,"swapAmountBNB":5,"namebuy":"biswap","buyPrice":2118.19,"namesell":"apeswap","sellPrice":2115.31},{"block":11422763,"timestamp":1633180822,"swapAmountBNB":5,"namebuy":"biswap","buyPrice":2118.19,"namesell":"apeswap","sellPrice":2115.31},{"block":11422764,"timestamp":1633180827,"swapAmountBNB":5,"namebuy":"biswap","buyPrice":2118.35,"namesell":"apeswap","sellPrice":2115.31},{"block":11422765,"timestamp":1633180834,"swapAmountBNB":5,"namebuy":"biswap","buyPrice":2118.53,"namesell":"pancake","sellPrice":2114.67},{"block":11422766,"timestamp":1633180837,"swapAmountBNB":5,"namebuy":"biswap","buyPrice":2118.66,"namesell":"pancake","sellPrice":2114.48},{"block":11422767,"timestamp":1633180840,"swapAmountBNB":5,"namebuy":"biswap","buyPrice":2116.91,"namesell":"pancake","sellPrice":2114.48},{"block":11422768,"timestamp":1633180843,"swapAmountBNB":5,"namebuy":"biswap","buyPrice":2116.91,"namesell":"pancake","sellPrice":2114.47},{"block":11422769,"timestamp":1633180846,"swapAmountBNB":5,"namebuy":"biswap","buyPrice":2116.91,"namesell":"pancake","sellPrice":2114.47},{"block":11422770,"timestamp":1633180849,"swapAmountBNB":5,"namebuy":"biswap","buyPrice":2117.57,"namesell":"pancake","sellPrice":2114.48},{"block":11422771,"timestamp":1633180852,"swapAmountBNB":5,"namebuy":"biswap","buyPrice":2119.49,"namesell":"pancake","sellPrice":2114.48},{"block":11422772,"timestamp":1633180855,"swapAmountBNB":5,"namebuy":"biswap","buyPrice":2119.49,"namesell":"pancake","sellPrice":2114.5},{"block":11422773,"timestamp":1633180858,"swapAmountBNB":5,"namebuy":"biswap","buyPrice":2118.96,"namesell":"pancake","sellPrice":2114.57},{"block":11422774,"timestamp":1633180864,"swapAmountBNB":5,"namebuy":"biswap","buyPrice":2118.95,"namesell":"pancake","sellPrice":2114.59},{"block":11422774,"timestamp":1633180865,"swapAmountBNB":5,"namebuy":"biswap","buyPrice":2118.95,"namesell":"pancake","sellPrice":2114.59},{"block":11422775,"timestamp":1633180868,"swapAmountBNB":5,"namebuy":"biswap","buyPrice":2118.95,"namesell":"pancake","sellPrice":2114.59},{"block":11422776,"timestamp":1633180872,"swapAmountBNB":5,"namebuy":"biswap","buyPrice":2118.95,"namesell":"pancake","sellPrice":2114.59},{"block":11422777,"timestamp":1633180875,"swapAmountBNB":5,"namebuy":"biswap","buyPrice":2118.95,"namesell":"pancake","sellPrice":2114.59},{"block":11422778,"timestamp":1633180878,"swapAmountBNB":5,"namebuy":"biswap","buyPrice":2119.11,"namesell":"pancake","sellPrice":2114.6},{"block":11422779,"timestamp":1633180881,"swapAmountBNB":5,"namebuy":"biswap","buyPrice":2119.11,"namesell":"pancake","sellPrice":2114.6},{"block":11422780,"timestamp":1633180884,"swapAmountBNB":5,"namebuy":"biswap","buyPrice":2119.11,"namesell":"pancake","sellPrice":2114.23},{"block":11422781,"timestamp":1633180887,"swapAmountBNB":5,"namebuy":"biswap","buyPrice":2119.27,"namesell":"pancake","sellPrice":2114.26},{"block":11422782,"timestamp":1633180890,"swapAmountBNB":5,"namebuy":"biswap","buyPrice":2119.27,"namesell":"pancake","sellPrice":2114.32},{"block":11422783,"timestamp":1633180893,"swapAmountBNB":5,"namebuy":"biswap","buyPrice":2117.52,"namesell":"pancake","sellPrice":2114.35},{"block":11422784,"timestamp":1633180896,"swapAmountBNB":5,"namebuy":"biswap","buyPrice":2117.52,"namesell":"pancake","sellPrice":2114.84},{"block":11422785,"timestamp":1633180899,"swapAmountBNB":5,"namebuy":"biswap","buyPrice":2117.52,"namesell":"pancake","sellPrice":2114.8},{"block":11422786,"timestamp":1633180902,"swapAmountBNB":5,"namebuy":"biswap","buyPrice":2117.52,"namesell":"pancake","sellPrice":2114.74},{"block":11422787,"timestamp":1633180905,"swapAmountBNB":5,"namebuy":"biswap","buyPrice":2117.54,"namesell":"pancake","sellPrice":2114.72},{"block":11422788,"timestamp":1633180908,"swapAmountBNB":5,"namebuy":"biswap","buyPrice":2117.54,"namesell":"pancake","sellPrice":2114.81},{"block":11422789,"timestamp":1633180911,"swapAmountBNB":5,"namebuy":"biswap","buyPrice":2117.54,"namesell":"pancake","sellPrice":2114.81},{"block":11422790,"timestamp":1633180914,"swapAmountBNB":5,"namebuy":"biswap","buyPrice":2118.1,"namesell":"pancake","sellPrice":2114.81},{"block":11422791,"timestamp":1633180917,"swapAmountBNB":5,"namebuy":"biswap","buyPrice":2118.1,"namesell":"pancake","sellPrice":2114.9},{"block":11422792,"timestamp":1633180920,"swapAmountBNB":5,"namebuy":"biswap","buyPrice":2118.1,"namesell":"pancake","sellPrice":2114.86},{"block":11422793,"timestamp":1633180923,"swapAmountBNB":5,"namebuy":"biswap","buyPrice":2118.1,"namesell":"pancake","sellPrice":2114.73},{"block":11422794,"timestamp":1633180926,"swapAmountBNB":5,"namebuy":"biswap","buyPrice":2118.33,"namesell":"pancake","sellPrice":2114.7},{"block":11422795,"timestamp":1633180929,"swapAmountBNB":5,"namebuy":"biswap","buyPrice":2118.7,"namesell":"pancake","sellPrice":2114.69},{"block":11422796,"timestamp":1633180932,"swapAmountBNB":5,"namebuy":"biswap","buyPrice":2118.65,"namesell":"pancake","sellPrice":2114.69},{"block":11422797,"timestamp":1633180935,"swapAmountBNB":5,"namebuy":"biswap","buyPrice":2118.65,"namesell":"pancake","sellPrice":2114.69},{"block":11422798,"timestamp":1633180938,"swapAmountBNB":5,"namebuy":"biswap","buyPrice":2118.65,"namesell":"pancake","sellPrice":2114.69},{"block":11422799,"timestamp":1633180941,"swapAmountBNB":5,"namebuy":"biswap","buyPrice":2118.73,"namesell":"pancake","sellPrice":2114.69},{"block":11422800,"timestamp":1633180944,"swapAmountBNB":5,"namebuy":"biswap","buyPrice":2118.73,"namesell":"pancake","sellPrice":2114.83},{"block":11422801,"timestamp":1633180947,"swapAmountBNB":5,"namebuy":"biswap","buyPrice":2118.73,"namesell":"pancake","sellPrice":2114.81},{"block":11422802,"timestamp":1633180950,"swapAmountBNB":5,"namebuy":"biswap","buyPrice":2118.73,"namesell":"pancake","sellPrice":2114.77},{"block":11422803,"timestamp":1633180953,"swapAmountBNB":5,"namebuy":"biswap","buyPrice":2118.73,"namesell":"pancake","sellPrice":2114.77},{"block":11422804,"timestamp":1633180956,"swapAmountBNB":5,"namebuy":"biswap","buyPrice":2118.9,"namesell":"pancake","sellPrice":2114.77},{"block":11422805,"timestamp":1633180959,"swapAmountBNB":5,"namebuy":"biswap","buyPrice":2118.9,"namesell":"pancake","sellPrice":2114.73},{"block":11422806,"timestamp":1633180962,"swapAmountBNB":5,"namebuy":"biswap","buyPrice":2118.9,"namesell":"pancake","sellPrice":2114.72},{"block":11422807,"timestamp":1633180965,"swapAmountBNB":5,"namebuy":"biswap","buyPrice":2119.43,"namesell":"pancake","sellPrice":2114.73},{"block":11422808,"timestamp":1633180968,"swapAmountBNB":5,"namebuy":"biswap","buyPrice":2119.59,"namesell":"pancake","sellPrice":2114.6},{"block":11422809,"timestamp":1633180971,"swapAmountBNB":5,"namebuy":"biswap","buyPrice":2120.08,"namesell":"biswap","sellPrice":2115.05},{"block":11422810,"timestamp":1633180974,"swapAmountBNB":5,"namebuy":"biswap","buyPrice":2119.04,"namesell":"pancake","sellPrice":2114.56},{"block":11422811,"timestamp":1633180977,"swapAmountBNB":5,"namebuy":"biswap","buyPrice":2119.04,"namesell":"pancake","sellPrice":2114.56},{"block":11422812,"timestamp":1633180980,"swapAmountBNB":5,"namebuy":"biswap","buyPrice":2119.04,"namesell":"pancake","sellPrice":2114.51},{"block":11422813,"timestamp":1633180983,"swapAmountBNB":5,"namebuy":"biswap","buyPrice":2119.04,"namesell":"pancake","sellPrice":2114.51},{"block":11422814,"timestamp":1633180986,"swapAmountBNB":5,"namebuy":"biswap","buyPrice":2119.04,"namesell":"pancake","sellPrice":2114.45},{"block":11422815,"timestamp":1633180989,"swapAmountBNB":5,"namebuy":"biswap","buyPrice":2119.52,"namesell":"biswap","sellPrice":2114.49},{"block":11422816,"timestamp":1633180992,"swapAmountBNB":5,"namebuy":"biswap","buyPrice":2119.52,"namesell":"biswap","sellPrice":2114.49},{"block":11422817,"timestamp":1633180995,"swapAmountBNB":5,"namebuy":"biswap","buyPrice":2119.52,"namesell":"biswap","sellPrice":2114.49},{"block":11422818,"timestamp":1633180998,"swapAmountBNB":5,"namebuy":"biswap","buyPrice":2120.16,"namesell":"biswap","sellPrice":2115.12},{"block":11422819,"timestamp":1633181001,"swapAmountBNB":5,"namebuy":"biswap","buyPrice":2120.16,"namesell":"biswap","sellPrice":2115.12},{"block":11422820,"timestamp":1633181004,"swapAmountBNB":5,"namebuy":"biswap","buyPrice":2119.78,"namesell":"biswap","sellPrice":2114.75},{"block":11422821,"timestamp":1633181007,"swapAmountBNB":5,"namebuy":"biswap","buyPrice":2119.78,"namesell":"biswap","sellPrice":2114.75},{"block":11422822,"timestamp":1633181010,"swapAmountBNB":5,"namebuy":"biswap","buyPrice":2120.01,"namesell":"biswap","sellPrice":2114.98},{"block":11422823,"timestamp":1633181013,"swapAmountBNB":5,"namebuy":"biswap","buyPrice":2120.83,"namesell":"biswap","sellPrice":2115.8},{"block":11422824,"timestamp":1633181016,"swapAmountBNB":5,"namebuy":"biswap","buyPrice":2120.83,"namesell":"biswap","sellPrice":2115.8},{"block":11422825,"timestamp":1633181019,"swapAmountBNB":5,"namebuy":"biswap","buyPrice":2119.08,"namesell":"pancake","sellPrice":2114.31},{"block":11422826,"timestamp":1633181022,"swapAmountBNB":5,"namebuy":"biswap","buyPrice":2119.08,"namesell":"pancake","sellPrice":2114.33},{"block":11422827,"timestamp":1633181025,"swapAmountBNB":5,"namebuy":"biswap","buyPrice":2119.09,"namesell":"pancake","sellPrice":2114.3},{"block":11422828,"timestamp":1633181028,"swapAmountBNB":5,"namebuy":"biswap","buyPrice":2119.09,"namesell":"pancake","sellPrice":2114.3},{"block":11422829,"timestamp":1633181031,"swapAmountBNB":5,"namebuy":"biswap","buyPrice":2119.46,"namesell":"biswap","sellPrice":2114.43},{"block":11422830,"timestamp":1633181034,"swapAmountBNB":5,"namebuy":"biswap","buyPrice":2119.59,"namesell":"biswap","sellPrice":2114.43},{"block":11422831,"timestamp":1633181037,"swapAmountBNB":5,"namebuy":"biswap","buyPrice":2119.59,"namesell":"biswap","sellPrice":2114.56},{"block":11422832,"timestamp":1633181040,"swapAmountBNB":5,"namebuy":"biswap","buyPrice":2119.59,"namesell":"biswap","sellPrice":2114.56},{"block":11422833,"timestamp":1633181043,"swapAmountBNB":5,"namebuy":"biswap","buyPrice":2119.59,"namesell":"biswap","sellPrice":2114.56},{"block":11422834,"timestamp":1633181046,"swapAmountBNB":5,"namebuy":"biswap","buyPrice":2119.59,"namesell":"biswap","sellPrice":2114.56},{"block":11422835,"timestamp":1633181049,"swapAmountBNB":5,"namebuy":"biswap","buyPrice":2119.59,"namesell":"biswap","sellPrice":2114.56},{"block":11422836,"timestamp":1633181052,"swapAmountBNB":5,"namebuy":"biswap","buyPrice":2118.96,"namesell":"pancake","sellPrice":2114.33},{"block":11422837,"timestamp":1633181055,"swapAmountBNB":5,"namebuy":"biswap","buyPrice":2118.96,"namesell":"pancake","sellPrice":2114.27},{"block":11422838,"timestamp":1633181058,"swapAmountBNB":5,"namebuy":"biswap","buyPrice":2119.68,"namesell":"biswap","sellPrice":2114.65},{"block":11422839,"timestamp":1633181061,"swapAmountBNB":5,"namebuy":"biswap","buyPrice":2119.68,"namesell":"biswap","sellPrice":2114.65},{"block":11422840,"timestamp":1633181064,"swapAmountBNB":5,"namebuy":"biswap","buyPrice":2119.68,"namesell":"biswap","sellPrice":2114.65},{"block":11422841,"timestamp":1633181067,"swapAmountBNB":5,"namebuy":"biswap","buyPrice":2119.68,"namesell":"biswap","sellPrice":2114.65},{"block":11422842,"timestamp":1633181070,"swapAmountBNB":5,"namebuy":"biswap","buyPrice":2119.68,"namesell":"biswap","sellPrice":2114.65},{"block":11422843,"timestamp":1633181073,"swapAmountBNB":5,"namebuy":"biswap","buyPrice":2119.79,"namesell":"biswap","sellPrice":2114.76},{"block":11422844,"timestamp":1633181076,"swapAmountBNB":5,"namebuy":"biswap","buyPrice":2118.05,"namesell":"pancake","sellPrice":2114.5},{"block":11422845,"timestamp":1633181079,"swapAmountBNB":5,"namebuy":"biswap","buyPrice":2118.05,"namesell":"pancake","sellPrice":2114.51},{"block":11422846,"timestamp":1633181082,"swapAmountBNB":5,"namebuy":"biswap","buyPrice":2118.03,"namesell":"pancake","sellPrice":2114.39},{"block":11422847,"timestamp":1633181085,"swapAmountBNB":5,"namebuy":"biswap","buyPrice":2118.03,"namesell":"pancake","sellPrice":2114.34},{"block":11422848,"timestamp":1633181088,"swapAmountBNB":5,"namebuy":"biswap","buyPrice":2118.27,"namesell":"pancake","sellPrice":2114.28},{"block":11422849,"timestamp":1633181091,"swapAmountBNB":5,"namebuy":"biswap","buyPrice":2118.27,"namesell":"pancake","sellPrice":2113.96},{"block":11422850,"timestamp":1633181094,"swapAmountBNB":5,"namebuy":"biswap","buyPrice":2118.27,"namesell":"pancake","sellPrice":2113.96},{"block":11422851,"timestamp":1633181097,"swapAmountBNB":5,"namebuy":"biswap","buyPrice":2118.34,"namesell":"pancake","sellPrice":2114},{"block":11422852,"timestamp":1633181100,"swapAmountBNB":5,"namebuy":"biswap","buyPrice":2119.01,"namesell":"pancake","sellPrice":2114},{"block":11422853,"timestamp":1633181103,"swapAmountBNB":5,"namebuy":"biswap","buyPrice":2119.01,"namesell":"pancake","sellPrice":2114.1},{"block":11422854,"timestamp":1633181106,"swapAmountBNB":5,"namebuy":"biswap","buyPrice":2117.26,"namesell":"pancake","sellPrice":2114.03},{"block":11422855,"timestamp":1633181109,"swapAmountBNB":5,"namebuy":"biswap","buyPrice":2117.41,"namesell":"pancake","sellPrice":2114.03},{"block":11422856,"timestamp":1633181112,"swapAmountBNB":5,"namebuy":"biswap","buyPrice":2117.41,"namesell":"pancake","sellPrice":2113.81},{"block":11422857,"timestamp":1633181115,"swapAmountBNB":5,"namebuy":"biswap","buyPrice":2117.97,"namesell":"pancake","sellPrice":2113.75},{"block":11422858,"timestamp":1633181118,"swapAmountBNB":5,"namebuy":"biswap","buyPrice":2117.67,"namesell":"pancake","sellPrice":2113.79},{"block":11422859,"timestamp":1633181121,"swapAmountBNB":5,"namebuy":"biswap","buyPrice":2117.67,"namesell":"pancake","sellPrice":2113.75},{"block":11422860,"timestamp":1633181124,"swapAmountBNB":5,"namebuy":"biswap","buyPrice":2117.67,"namesell":"pancake","sellPrice":2113.76},{"block":11422861,"timestamp":1633181127,"swapAmountBNB":5,"namebuy":"biswap","buyPrice":2117.99,"namesell":"pancake","sellPrice":2113.76},{"block":11422862,"timestamp":1633181130,"swapAmountBNB":5,"namebuy":"biswap","buyPrice":2117.99,"namesell":"pancake","sellPrice":2113.74},{"block":11422863,"timestamp":1633181133,"swapAmountBNB":5,"namebuy":"biswap","buyPrice":2117.99,"namesell":"pancake","sellPrice":2113.75},{"block":11422864,"timestamp":1633181136,"swapAmountBNB":5,"namebuy":"biswap","buyPrice":2117.99,"namesell":"pancake","sellPrice":2113.75},{"block":11422865,"timestamp":1633181139,"swapAmountBNB":5,"namebuy":"biswap","buyPrice":2117.99,"namesell":"pancake","sellPrice":2113.75},{"block":11422866,"timestamp":1633181142,"swapAmountBNB":5,"namebuy":"biswap","buyPrice":2118.31,"namesell":"pancake","sellPrice":2113.75},{"block":11422867,"timestamp":1633181145,"swapAmountBNB":5,"namebuy":"biswap","buyPrice":2118.31,"namesell":"pancake","sellPrice":2113.75},{"block":11422868,"timestamp":1633181148,"swapAmountBNB":5,"namebuy":"biswap","buyPrice":2118.31,"namesell":"pancake","sellPrice":2113.76},{"block":11422869,"timestamp":1633181151,"swapAmountBNB":5,"namebuy":"biswap","buyPrice":2118.31,"namesell":"pancake","sellPrice":2113.84},{"block":11422870,"timestamp":1633181154,"swapAmountBNB":5,"namebuy":"biswap","buyPrice":2118.46,"namesell":"pancake","sellPrice":2113.81},{"block":11422871,"timestamp":1633181157,"swapAmountBNB":5,"namebuy":"biswap","buyPrice":2118.44,"namesell":"pancake","sellPrice":2113.81},{"block":11422872,"timestamp":1633181160,"swapAmountBNB":5,"namebuy":"biswap","buyPrice":2118.46,"namesell":"pancake","sellPrice":2113.82},{"block":11422873,"timestamp":1633181163,"swapAmountBNB":5,"namebuy":"biswap","buyPrice":2118.41,"namesell":"pancake","sellPrice":2113.82},{"block":11422874,"timestamp":1633181166,"swapAmountBNB":5,"namebuy":"biswap","buyPrice":2118.41,"namesell":"pancake","sellPrice":2113.82},{"block":11422875,"timestamp":1633181169,"swapAmountBNB":5,"namebuy":"biswap","buyPrice":2118.41,"namesell":"pancake","sellPrice":2113.83},{"block":11422876,"timestamp":1633181172,"swapAmountBNB":5,"namebuy":"biswap","buyPrice":2118.41,"namesell":"pancake","sellPrice":2113.82},{"block":11422877,"timestamp":1633181175,"swapAmountBNB":5,"namebuy":"biswap","buyPrice":2118.41,"namesell":"pancake","sellPrice":2113.87},{"block":11422878,"timestamp":1633181178,"swapAmountBNB":5,"namebuy":"biswap","buyPrice":2118.74,"namesell":"pancake","sellPrice":2113.84},{"block":11422879,"timestamp":1633181181,"swapAmountBNB":5,"namebuy":"biswap","buyPrice":2118.74,"namesell":"pancake","sellPrice":2113.82},{"block":11422880,"timestamp":1633181184,"swapAmountBNB":5,"namebuy":"biswap","buyPrice":2118.74,"namesell":"pancake","sellPrice":2113.81},{"block":11422881,"timestamp":1633181187,"swapAmountBNB":5,"namebuy":"biswap","buyPrice":2118.74,"namesell":"pancake","sellPrice":2113.81},{"block":11422882,"timestamp":1633181190,"swapAmountBNB":5,"namebuy":"biswap","buyPrice":2118.74,"namesell":"pancake","sellPrice":2113.79},{"block":11422883,"timestamp":1633181193,"swapAmountBNB":5,"namebuy":"biswap","buyPrice":2118.88,"namesell":"biswap","sellPrice":2113.85},{"block":11422884,"timestamp":1633181196,"swapAmountBNB":5,"namebuy":"biswap","buyPrice":2118.88,"namesell":"biswap","sellPrice":2113.85},{"block":11422885,"timestamp":1633181199,"swapAmountBNB":5,"namebuy":"biswap","buyPrice":2118.88,"namesell":"biswap","sellPrice":2113.85},{"block":11422886,"timestamp":1633181202,"swapAmountBNB":5,"namebuy":"biswap","buyPrice":2118.88,"namesell":"biswap","sellPrice":2113.85},{"block":11422887,"timestamp":1633181205,"swapAmountBNB":5,"namebuy":"biswap","buyPrice":2118.88,"namesell":"biswap","sellPrice":2113.85},{"block":11422888,"timestamp":1633181208,"swapAmountBNB":5,"namebuy":"biswap","buyPrice":2118.88,"namesell":"biswap","sellPrice":2113.85},{"block":11422889,"timestamp":1633181211,"swapAmountBNB":5,"namebuy":"biswap","buyPrice":2118.97,"namesell":"biswap","sellPrice":2113.94},{"block":11422890,"timestamp":1633181214,"swapAmountBNB":5,"namebuy":"biswap","buyPrice":2119,"namesell":"biswap","sellPrice":2113.97},{"block":11422891,"timestamp":1633181217,"swapAmountBNB":5,"namebuy":"biswap","buyPrice":2119,"namesell":"biswap","sellPrice":2113.97},{"block":11422892,"timestamp":1633181220,"swapAmountBNB":5,"namebuy":"biswap","buyPrice":2118.62,"namesell":"biswap","sellPrice":2113.59},{"block":11422893,"timestamp":1633181223,"swapAmountBNB":5,"namebuy":"biswap","buyPrice":2118.66,"namesell":"biswap","sellPrice":2113.63},{"block":11422894,"timestamp":1633181226,"swapAmountBNB":5,"namebuy":"biswap","buyPrice":2119.07,"namesell":"biswap","sellPrice":2114.04},{"block":11422895,"timestamp":1633181229,"swapAmountBNB":5,"namebuy":"biswap","buyPrice":2119.46,"namesell":"biswap","sellPrice":2114.43},{"block":11422896,"timestamp":1633181232,"swapAmountBNB":5,"namebuy":"biswap","buyPrice":2119.46,"namesell":"biswap","sellPrice":2114.43},{"block":11422897,"timestamp":1633181235,"swapAmountBNB":5,"namebuy":"biswap","buyPrice":2119.46,"namesell":"biswap","sellPrice":2114.43},{"block":11422898,"timestamp":1633181238,"swapAmountBNB":5,"namebuy":"biswap","buyPrice":2119.48,"namesell":"biswap","sellPrice":2114.46},{"block":11422899,"timestamp":1633181241,"swapAmountBNB":5,"namebuy":"biswap","buyPrice":2119.49,"namesell":"biswap","sellPrice":2114.46},{"block":11422900,"timestamp":1633181244,"swapAmountBNB":5,"namebuy":"biswap","buyPrice":2119.49,"namesell":"biswap","sellPrice":2114.46},{"block":11422901,"timestamp":1633181247,"swapAmountBNB":5,"namebuy":"biswap","buyPrice":2119.49,"namesell":"biswap","sellPrice":2114.46},{"block":11422902,"timestamp":1633181250,"swapAmountBNB":5,"namebuy":"biswap","buyPrice":2119.49,"namesell":"biswap","sellPrice":2114.46},{"block":11422903,"timestamp":1633181253,"swapAmountBNB":5,"namebuy":"biswap","buyPrice":2119.49,"namesell":"biswap","sellPrice":2114.46},{"block":11422904,"timestamp":1633181256,"swapAmountBNB":5,"namebuy":"biswap","buyPrice":2119.49,"namesell":"biswap","sellPrice":2114.46},{"block":11422905,"timestamp":1633181259,"swapAmountBNB":5,"namebuy":"biswap","buyPrice":2119.49,"namesell":"biswap","sellPrice":2114.46},{"block":11422906,"timestamp":1633181262,"swapAmountBNB":5,"namebuy":"biswap","buyPrice":2119.49,"namesell":"biswap","sellPrice":2114.46},{"block":11422907,"timestamp":1633181265,"swapAmountBNB":5,"namebuy":"biswap","buyPrice":2119.49,"namesell":"biswap","sellPrice":2114.46},{"block":11422908,"timestamp":1633181268,"swapAmountBNB":5,"namebuy":"biswap","buyPrice":2116.86,"namesell":"pancake","sellPrice":2113.35},{"block":11422909,"timestamp":1633181271,"swapAmountBNB":5,"namebuy":"biswap","buyPrice":2116.86,"namesell":"pancake","sellPrice":2113.32},{"block":11422910,"timestamp":1633181274,"swapAmountBNB":5,"namebuy":"biswap","buyPrice":2116.86,"namesell":"pancake","sellPrice":2113.35},{"block":11422911,"timestamp":1633181277,"swapAmountBNB":5,"namebuy":"biswap","buyPrice":2119.1,"namesell":"biswap","sellPrice":2114.07},{"block":11422912,"timestamp":1633181280,"swapAmountBNB":5,"namebuy":"biswap","buyPrice":2119.1,"namesell":"biswap","sellPrice":2114.07},{"block":11422913,"timestamp":1633181283,"swapAmountBNB":5,"namebuy":"biswap","buyPrice":2120.85,"namesell":"biswap","sellPrice":2115.82},{"block":11422914,"timestamp":1633181286,"swapAmountBNB":5,"namebuy":"biswap","buyPrice":2120.85,"namesell":"biswap","sellPrice":2115.82},{"block":11422915,"timestamp":1633181289,"swapAmountBNB":5,"namebuy":"biswap","buyPrice":2120.85,"namesell":"biswap","sellPrice":2115.82},{"block":11422916,"timestamp":1633181292,"swapAmountBNB":5,"namebuy":"biswap","buyPrice":2121.28,"namesell":"biswap","sellPrice":2116.25},{"block":11422917,"timestamp":1633181295,"swapAmountBNB":5,"namebuy":"biswap","buyPrice":2121.28,"namesell":"biswap","sellPrice":2116.25},{"block":11422918,"timestamp":1633181298,"swapAmountBNB":5,"namebuy":"biswap","buyPrice":2120.8,"namesell":"biswap","sellPrice":2115.77},{"block":11422919,"timestamp":1633181301,"swapAmountBNB":5,"namebuy":"biswap","buyPrice":2120.8,"namesell":"biswap","sellPrice":2115.77},{"block":11422920,"timestamp":1633181304,"swapAmountBNB":5,"namebuy":"biswap","buyPrice":2120.8,"namesell":"biswap","sellPrice":2115.77},{"block":11422921,"timestamp":1633181307,"swapAmountBNB":5,"namebuy":"biswap","buyPrice":2120.8,"namesell":"biswap","sellPrice":2115.77},{"block":11422922,"timestamp":1633181310,"swapAmountBNB":5,"namebuy":"apeswap","buyPrice":2122.21,"namesell":"biswap","sellPrice":2117.52},{"block":11422923,"timestamp":1633181313,"swapAmountBNB":5,"namebuy":"biswap","buyPrice":2122.18,"namesell":"biswap","sellPrice":2117.14},{"block":11422924,"timestamp":1633181316,"swapAmountBNB":5,"namebuy":"apeswap","buyPrice":2122.21,"namesell":"biswap","sellPrice":2117.24},{"block":11422925,"timestamp":1633181319,"swapAmountBNB":5,"namebuy":"apeswap","buyPrice":2122.21,"namesell":"biswap","sellPrice":2117.24},{"block":11422926,"timestamp":1633181322,"swapAmountBNB":5,"namebuy":"biswap","buyPrice":2122.16,"namesell":"biswap","sellPrice":2117.12},{"block":11422927,"timestamp":1633181325,"swapAmountBNB":5,"namebuy":"biswap","buyPrice":2122.16,"namesell":"biswap","sellPrice":2117.12},{"block":11422928,"timestamp":1633181328,"swapAmountBNB":5,"namebuy":"biswap","buyPrice":2122.16,"namesell":"biswap","sellPrice":2117.12},{"block":11422929,"timestamp":1633181331,"swapAmountBNB":5,"namebuy":"biswap","buyPrice":2122.16,"namesell":"biswap","sellPrice":2117.12},{"block":11422930,"timestamp":1633181334,"swapAmountBNB":5,"namebuy":"biswap","buyPrice":2122.16,"namesell":"biswap","sellPrice":2117.12},{"block":11422931,"timestamp":1633181337,"swapAmountBNB":5,"namebuy":"biswap","buyPrice":2122.14,"namesell":"biswap","sellPrice":2117.1},{"block":11422932,"timestamp":1633181340,"swapAmountBNB":5,"namebuy":"biswap","buyPrice":2122.23,"namesell":"biswap","sellPrice":2117.19},{"block":11422933,"timestamp":1633181343,"swapAmountBNB":5,"namebuy":"biswap","buyPrice":2121.77,"namesell":"biswap","sellPrice":2116.74},{"block":11422934,"timestamp":1633181346,"swapAmountBNB":5,"namebuy":"biswap","buyPrice":2120.02,"namesell":"apeswap","sellPrice":2115.02},{"block":11422935,"timestamp":1633181349,"swapAmountBNB":5,"namebuy":"biswap","buyPrice":2120.02,"namesell":"apeswap","sellPrice":2115.02},{"block":11422936,"timestamp":1633181352,"swapAmountBNB":5,"namebuy":"biswap","buyPrice":2119.96,"namesell":"apeswap","sellPrice":2115.02},{"block":11422937,"timestamp":1633181355,"swapAmountBNB":5,"namebuy":"biswap","buyPrice":2119.73,"namesell":"apeswap","sellPrice":2115.02},{"block":11422938,"timestamp":1633181358,"swapAmountBNB":5,"namebuy":"biswap","buyPrice":2119.73,"namesell":"apeswap","sellPrice":2115.02},{"block":11422939,"timestamp":1633181361,"swapAmountBNB":5,"namebuy":"biswap","buyPrice":2119.73,"namesell":"apeswap","sellPrice":2115.02},{"block":11422940,"timestamp":1633181364,"swapAmountBNB":5,"namebuy":"biswap","buyPrice":2119.73,"namesell":"apeswap","sellPrice":2115.02},{"block":11422941,"timestamp":1633181367,"swapAmountBNB":5,"namebuy":"biswap","buyPrice":2119.73,"namesell":"apeswap","sellPrice":2115.02},{"block":11422942,"timestamp":1633181370,"swapAmountBNB":5,"namebuy":"biswap","buyPrice":2119.73,"namesell":"apeswap","sellPrice":2114.88},{"block":11422943,"timestamp":1633181373,"swapAmountBNB":5,"namebuy":"biswap","buyPrice":2120.97,"namesell":"biswap","sellPrice":2115.94},{"block":11422944,"timestamp":1633181376,"swapAmountBNB":5,"namebuy":"biswap","buyPrice":2120.97,"namesell":"biswap","sellPrice":2115.94},{"block":11422945,"timestamp":1633181379,"swapAmountBNB":5,"namebuy":"biswap","buyPrice":2120.97,"namesell":"biswap","sellPrice":2115.94},{"block":11422946,"timestamp":1633181382,"swapAmountBNB":5,"namebuy":"biswap","buyPrice":2120.96,"namesell":"biswap","sellPrice":2115.92},{"block":11422947,"timestamp":1633181385,"swapAmountBNB":5,"namebuy":"biswap","buyPrice":2120.99,"namesell":"biswap","sellPrice":2115.96},{"block":11422948,"timestamp":1633181388,"swapAmountBNB":5,"namebuy":"biswap","buyPrice":2120.76,"namesell":"biswap","sellPrice":2115.72},{"block":11422949,"timestamp":1633181391,"swapAmountBNB":5,"namebuy":"biswap","buyPrice":2120.73,"namesell":"biswap","sellPrice":2115.7},{"block":11422950,"timestamp":1633181394,"swapAmountBNB":5,"namebuy":"biswap","buyPrice":2120.43,"namesell":"biswap","sellPrice":2115.4}]}