{"table":[{"block":11029550,"timestamp":1631991658,"swapAmountBNB":20,"namebuy":"biswap","buyPrice":8250.47,"namesell":"apeswap","sellPrice":8227.84},{"block":11029551,"timestamp":1631991661,"swapAmountBNB":20,"namebuy":"biswap","buyPrice":8250.76,"namesell":"apeswap","sellPrice":8227.84},{"block":11029552,"timestamp":1631991664,"swapAmountBNB":20,"namebuy":"biswap","buyPrice":8250.92,"namesell":"apeswap","sellPrice":8227.84},{"block":11029553,"timestamp":1631991667,"swapAmountBNB":20,"namebuy":"biswap","buyPrice":8250.92,"namesell":"apeswap","sellPrice":8227.84},{"block":11029554,"timestamp":1631991670,"swapAmountBNB":20,"namebuy":"biswap","buyPrice":8250.92,"namesell":"apeswap","sellPrice":8227.84},{"block":11029555,"timestamp":1631991673,"swapAmountBNB":20,"namebuy":"biswap","buyPrice":8250.92,"namesell":"apeswap","sellPrice":8227.84},{"block":11029556,"timestamp":1631991676,"swapAmountBNB":20,"namebuy":"biswap","buyPrice":8250.92,"namesell":"apeswap","sellPrice":8227.84},{"block":11029557,"timestamp":1631991679,"swapAmountBNB":20,"namebuy":"biswap","buyPrice":8250.92,"namesell":"apeswap","sellPrice":8227.84},{"block":11029558,"timestamp":1631991682,"swapAmountBNB":20,"namebuy":"biswap","buyPrice":8250.92,"namesell":"apeswap","sellPrice":8227.78},{"block":11029559,"timestamp":1631991685,"swapAmountBNB":20,"namebuy":"biswap","buyPrice":8253.06,"namesell":"biswap","sellPrice":8228.53},{"block":11029560,"timestamp":1631991688,"swapAmountBNB":20,"namebuy":"biswap","buyPrice":8254.88,"namesell":"biswap","sellPrice":8230.34},{"block":11029561,"timestamp":1631991691,"swapAmountBNB":20,"namebuy":"biswap","buyPrice":8254.88,"namesell":"biswap","sellPrice":8230.34},{"block":11029562,"timestamp":1631991694,"swapAmountBNB":20,"namebuy":"biswap","buyPrice":8254.88,"namesell":"biswap","sellPrice":8230.34},{"block":11029563,"timestamp":1631991697,"swapAmountBNB":20,"namebuy":"biswap","buyPrice":8254.88,"namesell":"biswap","sellPrice":8230.34},{"block":11029564,"timestamp":1631991700,"swapAmountBNB":20,"namebuy":"biswap","buyPrice":8254.88,"namesell":"biswap","sellPrice":8230.34},{"block":11029565,"timestamp":1631991703,"swapAmountBNB":20,"namebuy":"biswap","buyPrice":8254.88,"namesell":"biswap","sellPrice":8230.34},{"block":11029566,"timestamp":1631991706,"swapAmountBNB":20,"namebuy":"biswap","buyPrice":8254.88,"namesell":"biswap","sellPrice":8230.34},{"block":11029567,"timestamp":1631991709,"swapAmountBNB":20,"namebuy":"biswap","buyPrice":8254.88,"namesell":"biswap","sellPrice":8230.34},{"block":11029568,"timestamp":1631991712,"swapAmountBNB":20,"namebuy":"biswap","buyPrice":8254.88,"namesell":"biswap","sellPrice":8230.34},{"block":11029569,"timestamp":1631991715,"swapAmountBNB":20,"namebuy":"biswap","buyPrice":8254.88,"namesell":"biswap","sellPrice":8230.34}]}