{"table":[{"block":11048048,"timestamp":1632047630,"swapAmountBNB":20,"namebuy":"biswap","buyPrice":8215.56,"namesell":"pancake","sellPrice":8199.99},{"block":11048049,"timestamp":1632047634,"swapAmountBNB":20,"namebuy":"biswap","buyPrice":8215.56,"namesell":"pancake","sellPrice":8200.02},{"block":11047884,"timestamp":1632047042,"swapAmountBNB":20,"namebuy":"biswap","buyPrice":8224.53,"namesell":"pancake","sellPrice":8207.4},{"block":11047885,"timestamp":1632047045,"swapAmountBNB":20,"namebuy":"biswap","buyPrice":8224.53,"namesell":"pancake","sellPrice":8207.41},{"block":11047886,"timestamp":1632047048,"swapAmountBNB":20,"namebuy":"biswap","buyPrice":8224.53,"namesell":"pancake","sellPrice":8207.46},{"block":11047887,"timestamp":1632047051,"swapAmountBNB":20,"namebuy":"biswap","buyPrice":8224.53,"namesell":"pancake","sellPrice":8207.44},{"block":11047888,"timestamp":1632047054,"swapAmountBNB":20,"namebuy":"biswap","buyPrice":8224.53,"namesell":"pancake","sellPrice":8207.43},{"block":11047889,"timestamp":1632047057,"swapAmountBNB":20,"namebuy":"biswap","buyPrice":8224.53,"namesell":"pancake","sellPrice":8207.43},{"block":11047890,"timestamp":1632047060,"swapAmountBNB":20,"namebuy":"biswap","buyPrice":8224.53,"namesell":"pancake","sellPrice":8207.63},{"block":11047891,"timestamp":1632047063,"swapAmountBNB":20,"namebuy":"biswap","buyPrice":8224.53,"namesell":"pancake","sellPrice":8207.63},{"block":11047892,"timestamp":1632047068,"swapAmountBNB":20,"namebuy":"biswap","buyPrice":8224.53,"namesell":"pancake","sellPrice":8207.61},{"block":11047893,"timestamp":1632047071,"swapAmountBNB":20,"namebuy":"biswap","buyPrice":8224.53,"namesell":"pancake","sellPrice":8207.61},{"block":11047894,"timestamp":1632047074,"swapAmountBNB":20,"namebuy":"biswap","buyPrice":8224.53,"namesell":"pancake","sellPrice":8207.71},{"block":11047895,"timestamp":1632047077,"swapAmountBNB":20,"namebuy":"biswap","buyPrice":8224.53,"namesell":"pancake","sellPrice":8207.72},{"block":11047896,"timestamp":1632047080,"swapAmountBNB":20,"namebuy":"biswap","buyPrice":8224.53,"namesell":"pancake","sellPrice":8207.7},{"block":11047897,"timestamp":1632047083,"swapAmountBNB":20,"namebuy":"biswap","buyPrice":8224.59,"namesell":"pancake","sellPrice":8207.69},{"block":11047898,"timestamp":1632047086,"swapAmountBNB":20,"namebuy":"biswap","buyPrice":8224.59,"namesell":"pancake","sellPrice":8207.53},{"block":11047899,"timestamp":1632047089,"swapAmountBNB":20,"namebuy":"biswap","buyPrice":8224.59,"namesell":"pancake","sellPrice":8207.26},{"block":11048114,"timestamp":1632047899,"swapAmountBNB":20,"namebuy":"biswap","buyPrice":8215.04,"namesell":"pancake","sellPrice":8193.11},{"block":11048115,"timestamp":1632047902,"swapAmountBNB":20,"namebuy":"biswap","buyPrice":8215.04,"namesell":"pancake","sellPrice":8193.07},{"block":11048116,"timestamp":1632047906,"swapAmountBNB":20,"namebuy":"biswap","buyPrice":8215.04,"namesell":"pancake","sellPrice":8193.23},{"block":11048117,"timestamp":1632047914,"swapAmountBNB":20,"namebuy":"biswap","buyPrice":8215.04,"namesell":"pancake","sellPrice":8193.28},{"block":11048118,"timestamp":1632047918,"swapAmountBNB":20,"namebuy":"biswap","buyPrice":8215.14,"namesell":"pancake","sellPrice":8193.07},{"block":11048119,"timestamp":1632047921,"swapAmountBNB":20,"namebuy":"biswap","buyPrice":8210.67,"namesell":"pancake","sellPrice":8193.14},{"block":11048120,"timestamp":1632047924,"swapAmountBNB":20,"namebuy":"biswap","buyPrice":8210.67,"namesell":"pancake","sellPrice":8193.12},{"block":11048121,"timestamp":1632047927,"swapAmountBNB":20,"namebuy":"biswap","buyPrice":8210.67,"namesell":"pancake","sellPrice":8193.13},{"block":11048122,"timestamp":1632047930,"swapAmountBNB":20,"namebuy":"biswap","buyPrice":8210.67,"namesell":"pancake","sellPrice":8193.12},{"block":11048123,"timestamp":1632047937,"swapAmountBNB":20,"namebuy":"biswap","buyPrice":8210.67,"namesell":"pancake","sellPrice":8193.11},{"block":11048124,"timestamp":1632047941,"swapAmountBNB":20,"namebuy":"biswap","buyPrice":8209.61,"namesell":"pancake","sellPrice":8193.3},{"block":11048125,"timestamp":1632047947,"swapAmountBNB":20,"namebuy":"biswap","buyPrice":8209.61,"namesell":"pancake","sellPrice":8192.92},{"block":11048126,"timestamp":1632047950,"swapAmountBNB":20,"namebuy":"biswap","buyPrice":8209.61,"namesell":"pancake","sellPrice":8192.25},{"block":11048127,"timestamp":1632047953,"swapAmountBNB":20,"namebuy":"biswap","buyPrice":8209.61,"namesell":"pancake","sellPrice":8192.29},{"block":11048128,"timestamp":1632047956,"swapAmountBNB":20,"namebuy":"biswap","buyPrice":8212.61,"namesell":"pancake","sellPrice":8192.25},{"block":11048129,"timestamp":1632047959,"swapAmountBNB":20,"namebuy":"biswap","buyPrice":8212.61,"namesell":"pancake","sellPrice":8192.33},{"block":11048130,"timestamp":1632047962,"swapAmountBNB":20,"namebuy":"biswap","buyPrice":8212.61,"namesell":"pancake","sellPrice":8192.36},{"block":11048131,"timestamp":1632047965,"swapAmountBNB":20,"namebuy":"biswap","buyPrice":8212.61,"namesell":"pancake","sellPrice":8192.3},{"block":11048132,"timestamp":1632047968,"swapAmountBNB":20,"namebuy":"biswap","buyPrice":8212.61,"namesell":"pancake","sellPrice":8192.28},{"block":11048133,"timestamp":1632047973,"swapAmountBNB":20,"namebuy":"biswap","buyPrice":8213.32,"namesell":"pancake","sellPrice":8192.26},{"block":11048134,"timestamp":1632047976,"swapAmountBNB":20,"namebuy":"biswap","buyPrice":8213.32,"namesell":"pancake","sellPrice":8192.18},{"block":11048135,"timestamp":1632047979,"swapAmountBNB":20,"namebuy":"biswap","buyPrice":8213.32,"namesell":"pancake","sellPrice":8192.23},{"block":11048136,"timestamp":1632047982,"swapAmountBNB":20,"namebuy":"biswap","buyPrice":8213.32,"namesell":"pancake","sellPrice":8192.23}]}