{"table":[{"block":11048301,"timestamp":1632048595,"swapAmountBNB":20,"namebuy":"biswap","buyPrice":8227.14,"namesell":"biswap","sellPrice":8202.57},{"block":11048302,"timestamp":1632048602,"swapAmountBNB":20,"namebuy":"biswap","buyPrice":8221.56,"namesell":"biswap","sellPrice":8197.01},{"block":11048303,"timestamp":1632048606,"swapAmountBNB":20,"namebuy":"biswap","buyPrice":8221.45,"namesell":"biswap","sellPrice":8196.89},{"block":11048303,"timestamp":1632048606,"swapAmountBNB":20,"namebuy":"biswap","buyPrice":8221.45,"namesell":"biswap","sellPrice":8196.89},{"block":11048304,"timestamp":1632048609,"swapAmountBNB":20,"namebuy":"biswap","buyPrice":8221.45,"namesell":"biswap","sellPrice":8196.89},{"block":11048305,"timestamp":1632048612,"swapAmountBNB":20,"namebuy":"biswap","buyPrice":8221.45,"namesell":"biswap","sellPrice":8196.89},{"block":11048306,"timestamp":1632048615,"swapAmountBNB":20,"namebuy":"biswap","buyPrice":8221.45,"namesell":"biswap","sellPrice":8196.89},{"block":11048307,"timestamp":1632048619,"swapAmountBNB":20,"namebuy":"biswap","buyPrice":8221.45,"namesell":"biswap","sellPrice":8196.89},{"block":11048308,"timestamp":1632048622,"swapAmountBNB":20,"namebuy":"biswap","buyPrice":8221.68,"namesell":"biswap","sellPrice":8197.13},{"block":11048309,"timestamp":1632048625,"swapAmountBNB":20,"namebuy":"biswap","buyPrice":8221.68,"namesell":"biswap","sellPrice":8197.13},{"block":11048310,"timestamp":1632048628,"swapAmountBNB":20,"namebuy":"biswap","buyPrice":8221.68,"namesell":"biswap","sellPrice":8197.13},{"block":11048311,"timestamp":1632048631,"swapAmountBNB":20,"namebuy":"biswap","buyPrice":8221.68,"namesell":"biswap","sellPrice":8197.13},{"block":11048312,"timestamp":1632048635,"swapAmountBNB":20,"namebuy":"biswap","buyPrice":8221.68,"namesell":"apeswap","sellPrice":8200.73},{"block":11048313,"timestamp":1632048638,"swapAmountBNB":20,"namebuy":"biswap","buyPrice":8221.68,"namesell":"apeswap","sellPrice":8200.73},{"block":11048314,"timestamp":1632048641,"swapAmountBNB":20,"namebuy":"biswap","buyPrice":8221.6,"namesell":"apeswap","sellPrice":8200.73},{"block":11048315,"timestamp":1632048645,"swapAmountBNB":20,"namebuy":"biswap","buyPrice":8221.57,"namesell":"apeswap","sellPrice":8200.73},{"block":11048316,"timestamp":1632048648,"swapAmountBNB":20,"namebuy":"biswap","buyPrice":8221.57,"namesell":"apeswap","sellPrice":8200.13},{"block":11048317,"timestamp":1632048652,"swapAmountBNB":20,"namebuy":"biswap","buyPrice":8221.57,"namesell":"apeswap","sellPrice":8199.77},{"block":11048318,"timestamp":1632048658,"swapAmountBNB":20,"namebuy":"biswap","buyPrice":8221.42,"namesell":"apeswap","sellPrice":8199.78},{"block":11048319,"timestamp":1632048663,"swapAmountBNB":20,"namebuy":"biswap","buyPrice":8221.42,"namesell":"apeswap","sellPrice":8199.39},{"block":11048320,"timestamp":1632048666,"swapAmountBNB":20,"namebuy":"biswap","buyPrice":8220.89,"namesell":"apeswap","sellPrice":8199.39},{"block":11048321,"timestamp":1632048672,"swapAmountBNB":20,"namebuy":"biswap","buyPrice":8220.89,"namesell":"apeswap","sellPrice":8199.26},{"block":11048322,"timestamp":1632048675,"swapAmountBNB":20,"namebuy":"biswap","buyPrice":8221,"namesell":"apeswap","sellPrice":8199.26},{"block":11048323,"timestamp":1632048678,"swapAmountBNB":20,"namebuy":"biswap","buyPrice":8221,"namesell":"apeswap","sellPrice":8199.26},{"block":11048324,"timestamp":1632048681,"swapAmountBNB":20,"namebuy":"biswap","buyPrice":8221,"namesell":"apeswap","sellPrice":8199.26},{"block":11048325,"timestamp":1632048684,"swapAmountBNB":20,"namebuy":"biswap","buyPrice":8221,"namesell":"apeswap","sellPrice":8199.26},{"block":11048326,"timestamp":1632048687,"swapAmountBNB":20,"namebuy":"biswap","buyPrice":8221,"namesell":"apeswap","sellPrice":8199.07},{"block":11048327,"timestamp":1632048690,"swapAmountBNB":20,"namebuy":"biswap","buyPrice":8221,"namesell":"apeswap","sellPrice":8199.07},{"block":11048328,"timestamp":1632048695,"swapAmountBNB":20,"namebuy":"biswap","buyPrice":8221,"namesell":"apeswap","sellPrice":8199.07},{"block":11048329,"timestamp":1632048703,"swapAmountBNB":20,"namebuy":"biswap","buyPrice":8221,"namesell":"apeswap","sellPrice":8196.58},{"block":11048329,"timestamp":1632048702,"swapAmountBNB":20,"namebuy":"biswap","buyPrice":8221,"namesell":"apeswap","sellPrice":8196.58},{"block":11048330,"timestamp":1632048705,"swapAmountBNB":20,"namebuy":"biswap","buyPrice":8221,"namesell":"apeswap","sellPrice":8196.58},{"block":11048331,"timestamp":1632048708,"swapAmountBNB":20,"namebuy":"biswap","buyPrice":8221,"namesell":"biswap","sellPrice":8196.45},{"block":11048332,"timestamp":1632048711,"swapAmountBNB":20,"namebuy":"biswap","buyPrice":8221,"namesell":"biswap","sellPrice":8196.45},{"block":11048333,"timestamp":1632048715,"swapAmountBNB":20,"namebuy":"biswap","buyPrice":8221,"namesell":"biswap","sellPrice":8196.45},{"block":11048334,"timestamp":1632048718,"swapAmountBNB":20,"namebuy":"biswap","buyPrice":8221.04,"namesell":"biswap","sellPrice":8196.48},{"block":11048335,"timestamp":1632048722,"swapAmountBNB":20,"namebuy":"biswap","buyPrice":8221.04,"namesell":"biswap","sellPrice":8196.48},{"block":11048336,"timestamp":1632048725,"swapAmountBNB":20,"namebuy":"biswap","buyPrice":8221.04,"namesell":"biswap","sellPrice":8196.48},{"block":11048337,"timestamp":1632048729,"swapAmountBNB":20,"namebuy":"biswap","buyPrice":8221.04,"namesell":"biswap","sellPrice":8196.48},{"block":11048338,"timestamp":1632048732,"swapAmountBNB":20,"namebuy":"biswap","buyPrice":8221.04,"namesell":"biswap","sellPrice":8196.48},{"block":11048339,"timestamp":1632048735,"swapAmountBNB":20,"namebuy":"biswap","buyPrice":8221.04,"namesell":"biswap","sellPrice":8196.48},{"block":11048340,"timestamp":1632048738,"swapAmountBNB":20,"namebuy":"biswap","buyPrice":8221.04,"namesell":"biswap","sellPrice":8196.48},{"block":11048341,"timestamp":1632048741,"swapAmountBNB":20,"namebuy":"biswap","buyPrice":8221.04,"namesell":"biswap","sellPrice":8196.48},{"block":11048342,"timestamp":1632048744,"swapAmountBNB":20,"namebuy":"biswap","buyPrice":8220.71,"namesell":"biswap","sellPrice":8196.16},{"block":11048343,"timestamp":1632048747,"swapAmountBNB":20,"namebuy":"biswap","buyPrice":8220.71,"namesell":"biswap","sellPrice":8196.16},{"block":11048344,"timestamp":1632048750,"swapAmountBNB":20,"namebuy":"biswap","buyPrice":8220.71,"namesell":"biswap","sellPrice":8196.16},{"block":11048345,"timestamp":1632048756,"swapAmountBNB":20,"namebuy":"biswap","buyPrice":8220.71,"namesell":"biswap","sellPrice":8196.16},{"block":11048346,"timestamp":1632048761,"swapAmountBNB":20,"namebuy":"biswap","buyPrice":8220.71,"namesell":"biswap","sellPrice":8196.16},{"block":11048347,"timestamp":1632048764,"swapAmountBNB":20,"namebuy":"biswap","buyPrice":8220.71,"namesell":"biswap","sellPrice":8196.16},{"block":11048348,"timestamp":1632048767,"swapAmountBNB":20,"namebuy":"biswap","buyPrice":8220.71,"namesell":"biswap","sellPrice":8196.16},{"block":11048349,"timestamp":1632048770,"swapAmountBNB":20,"namebuy":"biswap","buyPrice":8220.63,"namesell":"biswap","sellPrice":8196.08},{"block":11048350,"timestamp":1632048775,"swapAmountBNB":20,"namebuy":"biswap","buyPrice":8220.6,"namesell":"biswap","sellPrice":8196.05},{"block":11048351,"timestamp":1632048778,"swapAmountBNB":20,"namebuy":"biswap","buyPrice":8220.6,"namesell":"biswap","sellPrice":8196.05},{"block":11048352,"timestamp":1632048781,"swapAmountBNB":20,"namebuy":"biswap","buyPrice":8220.6,"namesell":"biswap","sellPrice":8196.05},{"block":11048353,"timestamp":1632048784,"swapAmountBNB":20,"namebuy":"biswap","buyPrice":8220.6,"namesell":"biswap","sellPrice":8196.05},{"block":11048354,"timestamp":1632048790,"swapAmountBNB":20,"namebuy":"biswap","buyPrice":8220.6,"namesell":"biswap","sellPrice":8196.05},{"block":11048355,"timestamp":1632048793,"swapAmountBNB":20,"namebuy":"biswap","buyPrice":8220.69,"namesell":"biswap","sellPrice":8196.14},{"block":11048356,"timestamp":1632048797,"swapAmountBNB":20,"namebuy":"biswap","buyPrice":8220.69,"namesell":"biswap","sellPrice":8196.14},{"block":11048357,"timestamp":1632048800,"swapAmountBNB":20,"namebuy":"biswap","buyPrice":8220.46,"namesell":"biswap","sellPrice":8195.91},{"block":11048358,"timestamp":1632048803,"swapAmountBNB":20,"namebuy":"biswap","buyPrice":8220.46,"namesell":"biswap","sellPrice":8195.91},{"block":11048359,"timestamp":1632048807,"swapAmountBNB":20,"namebuy":"biswap","buyPrice":8220.66,"namesell":"biswap","sellPrice":8196.1},{"block":11048360,"timestamp":1632048810,"swapAmountBNB":20,"namebuy":"biswap","buyPrice":8220.72,"namesell":"biswap","sellPrice":8196.17},{"block":11048361,"timestamp":1632048813,"swapAmountBNB":20,"namebuy":"biswap","buyPrice":8220.72,"namesell":"biswap","sellPrice":8196.17},{"block":11048362,"timestamp":1632048816,"swapAmountBNB":20,"namebuy":"biswap","buyPrice":8220.72,"namesell":"biswap","sellPrice":8196.17},{"block":11048363,"timestamp":1632048819,"swapAmountBNB":20,"namebuy":"biswap","buyPrice":8220.72,"namesell":"biswap","sellPrice":8196.17},{"block":11048364,"timestamp":1632048822,"swapAmountBNB":20,"namebuy":"biswap","buyPrice":8219.37,"namesell":"biswap","sellPrice":8194.82},{"block":11048365,"timestamp":1632048826,"swapAmountBNB":20,"namebuy":"biswap","buyPrice":8219.37,"namesell":"biswap","sellPrice":8194.82},{"block":11048366,"timestamp":1632048831,"swapAmountBNB":20,"namebuy":"biswap","buyPrice":8219.37,"namesell":"biswap","sellPrice":8194.82},{"block":11048367,"timestamp":1632048834,"swapAmountBNB":20,"namebuy":"biswap","buyPrice":8219.37,"namesell":"biswap","sellPrice":8194.82},{"block":11048368,"timestamp":1632048838,"swapAmountBNB":20,"namebuy":"biswap","buyPrice":8219.37,"namesell":"biswap","sellPrice":8194.82},{"block":11048369,"timestamp":1632048841,"swapAmountBNB":20,"namebuy":"biswap","buyPrice":8219.65,"namesell":"biswap","sellPrice":8195.11},{"block":11048370,"timestamp":1632048844,"swapAmountBNB":20,"namebuy":"biswap","buyPrice":8219.67,"namesell":"biswap","sellPrice":8195.13},{"block":11048371,"timestamp":1632048847,"swapAmountBNB":20,"namebuy":"biswap","buyPrice":8219.57,"namesell":"biswap","sellPrice":8195.02},{"block":11048372,"timestamp":1632048852,"swapAmountBNB":20,"namebuy":"biswap","buyPrice":8219.57,"namesell":"biswap","sellPrice":8195.02},{"block":11048373,"timestamp":1632048855,"swapAmountBNB":20,"namebuy":"biswap","buyPrice":8219.57,"namesell":"biswap","sellPrice":8195.02},{"block":11048374,"timestamp":1632048858,"swapAmountBNB":20,"namebuy":"biswap","buyPrice":8220.21,"namesell":"biswap","sellPrice":8195.66},{"block":11048375,"timestamp":1632048866,"swapAmountBNB":20,"namebuy":"biswap","buyPrice":8220.21,"namesell":"biswap","sellPrice":8195.66},{"block":11048376,"timestamp":1632048869,"swapAmountBNB":20,"namebuy":"biswap","buyPrice":8220.21,"namesell":"biswap","sellPrice":8195.66},{"block":11048377,"timestamp":1632048873,"swapAmountBNB":20,"namebuy":"biswap","buyPrice":8220.21,"namesell":"biswap","sellPrice":8195.66},{"block":11048378,"timestamp":1632048877,"swapAmountBNB":20,"namebuy":"biswap","buyPrice":8219.03,"namesell":"biswap","sellPrice":8194.48},{"block":11048379,"timestamp":1632048880,"swapAmountBNB":20,"namebuy":"biswap","buyPrice":8214.55,"namesell":"apeswap","sellPrice":8191.6},{"block":11048380,"timestamp":1632048885,"swapAmountBNB":20,"namebuy":"biswap","buyPrice":8213.28,"namesell":"apeswap","sellPrice":8191.6},{"block":11048381,"timestamp":1632048888,"swapAmountBNB":20,"namebuy":"biswap","buyPrice":8213.71,"namesell":"apeswap","sellPrice":8191.6},{"block":11048382,"timestamp":1632048891,"swapAmountBNB":20,"namebuy":"biswap","buyPrice":8213.71,"namesell":"pancake","sellPrice":8191.09},{"block":11048383,"timestamp":1632048894,"swapAmountBNB":20,"namebuy":"biswap","buyPrice":8213.71,"namesell":"pancake","sellPrice":8191.09},{"block":11048384,"timestamp":1632048897,"swapAmountBNB":20,"namebuy":"biswap","buyPrice":8213.71,"namesell":"pancake","sellPrice":8191.05},{"block":11048385,"timestamp":1632048900,"swapAmountBNB":20,"namebuy":"biswap","buyPrice":8213.71,"namesell":"pancake","sellPrice":8191.06},{"block":11048386,"timestamp":1632048904,"swapAmountBNB":20,"namebuy":"biswap","buyPrice":8214.06,"namesell":"pancake","sellPrice":8191.09},{"block":11048387,"timestamp":1632048907,"swapAmountBNB":20,"namebuy":"biswap","buyPrice":8214.7,"namesell":"pancake","sellPrice":8191.1},{"block":11048388,"timestamp":1632048910,"swapAmountBNB":20,"namebuy":"biswap","buyPrice":8214.7,"namesell":"pancake","sellPrice":8190.87},{"block":11048389,"timestamp":1632048913,"swapAmountBNB":20,"namebuy":"biswap","buyPrice":8214.7,"namesell":"pancake","sellPrice":8190.88},{"block":11048390,"timestamp":1632048916,"swapAmountBNB":20,"namebuy":"biswap","buyPrice":8214.7,"namesell":"pancake","sellPrice":8190.83},{"block":11048391,"timestamp":1632048919,"swapAmountBNB":20,"namebuy":"biswap","buyPrice":8214.7,"namesell":"pancake","sellPrice":8190.92},{"block":11048392,"timestamp":1632048922,"swapAmountBNB":20,"namebuy":"biswap","buyPrice":8214.7,"namesell":"pancake","sellPrice":8190.91},{"block":11048393,"timestamp":1632048925,"swapAmountBNB":20,"namebuy":"biswap","buyPrice":8214.7,"namesell":"pancake","sellPrice":8190.86},{"block":11048394,"timestamp":1632048930,"swapAmountBNB":20,"namebuy":"biswap","buyPrice":8214.7,"namesell":"pancake","sellPrice":8190.83},{"block":11048395,"timestamp":1632048933,"swapAmountBNB":20,"namebuy":"biswap","buyPrice":8214.71,"namesell":"pancake","sellPrice":8190.78},{"block":11048396,"timestamp":1632048938,"swapAmountBNB":20,"namebuy":"biswap","buyPrice":8214.63,"namesell":"pancake","sellPrice":8190.78},{"block":11048397,"timestamp":1632048941,"swapAmountBNB":20,"namebuy":"biswap","buyPrice":8214.68,"namesell":"pancake","sellPrice":8190.76},{"block":11048398,"timestamp":1632048944,"swapAmountBNB":20,"namebuy":"biswap","buyPrice":8214.68,"namesell":"pancake","sellPrice":8190.75},{"block":11048399,"timestamp":1632048947,"swapAmountBNB":20,"namebuy":"biswap","buyPrice":8214.68,"namesell":"pancake","sellPrice":8190.7},{"block":11048400,"timestamp":1632048951,"swapAmountBNB":20,"namebuy":"biswap","buyPrice":8214.68,"namesell":"pancake","sellPrice":8190.72},{"block":11048401,"timestamp":1632048954,"swapAmountBNB":20,"namebuy":"biswap","buyPrice":8214.68,"namesell":"pancake","sellPrice":8190.65},{"block":11048402,"timestamp":1632048957,"swapAmountBNB":20,"namebuy":"biswap","buyPrice":8214.68,"namesell":"pancake","sellPrice":8190.64},{"block":11048403,"timestamp":1632048960,"swapAmountBNB":20,"namebuy":"biswap","buyPrice":8214.6,"namesell":"pancake","sellPrice":8190.73},{"block":11048404,"timestamp":1632048963,"swapAmountBNB":20,"namebuy":"biswap","buyPrice":8214.6,"namesell":"pancake","sellPrice":8190.72},{"block":11048405,"timestamp":1632048969,"swapAmountBNB":20,"namebuy":"biswap","buyPrice":8214.6,"namesell":"pancake","sellPrice":8190.68},{"block":11048406,"timestamp":1632048972,"swapAmountBNB":20,"namebuy":"biswap","buyPrice":8214.57,"namesell":"pancake","sellPrice":8190.65},{"block":11048407,"timestamp":1632048975,"swapAmountBNB":20,"namebuy":"biswap","buyPrice":8214.57,"namesell":"pancake","sellPrice":8190.69},{"block":11048408,"timestamp":1632048979,"swapAmountBNB":20,"namebuy":"biswap","buyPrice":8214.57,"namesell":"pancake","sellPrice":8190.91},{"block":11048409,"timestamp":1632048982,"swapAmountBNB":20,"namebuy":"biswap","buyPrice":8214.57,"namesell":"pancake","sellPrice":8190.99},{"block":11048410,"timestamp":1632048986,"swapAmountBNB":20,"namebuy":"biswap","buyPrice":8216.74,"namesell":"biswap","sellPrice":8192.2},{"block":11048411,"timestamp":1632048989,"swapAmountBNB":20,"namebuy":"biswap","buyPrice":8216.74,"namesell":"biswap","sellPrice":8192.2},{"block":11048412,"timestamp":1632048995,"swapAmountBNB":20,"namebuy":"biswap","buyPrice":8216.74,"namesell":"biswap","sellPrice":8192.2},{"block":11048413,"timestamp":1632049000,"swapAmountBNB":20,"namebuy":"biswap","buyPrice":8216.79,"namesell":"biswap","sellPrice":8192.25},{"block":11048414,"timestamp":1632049003,"swapAmountBNB":20,"namebuy":"biswap","buyPrice":8217.57,"namesell":"biswap","sellPrice":8193.03},{"block":11048415,"timestamp":1632049006,"swapAmountBNB":20,"namebuy":"biswap","buyPrice":8221.55,"namesell":"biswap","sellPrice":8197},{"block":11048416,"timestamp":1632049011,"swapAmountBNB":20,"namebuy":"biswap","buyPrice":8221.55,"namesell":"biswap","sellPrice":8197},{"block":11048417,"timestamp":1632049015,"swapAmountBNB":20,"namebuy":"biswap","buyPrice":8217.08,"namesell":"biswap","sellPrice":8192.54},{"block":11048418,"timestamp":1632049022,"swapAmountBNB":20,"namebuy":"biswap","buyPrice":8216.97,"namesell":"biswap","sellPrice":8192.43},{"block":11048419,"timestamp":1632049025,"swapAmountBNB":20,"namebuy":"biswap","buyPrice":8216.97,"namesell":"biswap","sellPrice":8192.43},{"block":11048420,"timestamp":1632049029,"swapAmountBNB":20,"namebuy":"biswap","buyPrice":8219.45,"namesell":"biswap","sellPrice":8194.9},{"block":11048421,"timestamp":1632049034,"swapAmountBNB":20,"namebuy":"biswap","buyPrice":8219.45,"namesell":"biswap","sellPrice":8194.9},{"block":11048422,"timestamp":1632049040,"swapAmountBNB":20,"namebuy":"biswap","buyPrice":8219.45,"namesell":"biswap","sellPrice":8194.9},{"block":11048423,"timestamp":1632049043,"swapAmountBNB":20,"namebuy":"biswap","buyPrice":8216.71,"namesell":"biswap","sellPrice":8192.17},{"block":11048424,"timestamp":1632049046,"swapAmountBNB":20,"namebuy":"biswap","buyPrice":8212.15,"namesell":"pancake","sellPrice":8189.53},{"block":11048425,"timestamp":1632049050,"swapAmountBNB":20,"namebuy":"biswap","buyPrice":8211.43,"namesell":"pancake","sellPrice":8188.62},{"block":11048426,"timestamp":1632049053,"swapAmountBNB":20,"namebuy":"biswap","buyPrice":8211.92,"namesell":"pancake","sellPrice":8188.62},{"block":11048427,"timestamp":1632049060,"swapAmountBNB":20,"namebuy":"biswap","buyPrice":8211.92,"namesell":"pancake","sellPrice":8188.65},{"block":11048428,"timestamp":1632049064,"swapAmountBNB":20,"namebuy":"biswap","buyPrice":8211.92,"namesell":"pancake","sellPrice":8188.65},{"block":11048429,"timestamp":1632049067,"swapAmountBNB":20,"namebuy":"biswap","buyPrice":8211.92,"namesell":"pancake","sellPrice":8189.62},{"block":11048430,"timestamp":1632049073,"swapAmountBNB":20,"namebuy":"biswap","buyPrice":8211.64,"namesell":"pancake","sellPrice":8189.52},{"block":11048431,"timestamp":1632049076,"swapAmountBNB":20,"namebuy":"biswap","buyPrice":8211.64,"namesell":"pancake","sellPrice":8189.41},{"block":11048432,"timestamp":1632049079,"swapAmountBNB":20,"namebuy":"biswap","buyPrice":8211.64,"namesell":"pancake","sellPrice":8189.41},{"block":11048433,"timestamp":1632049082,"swapAmountBNB":20,"namebuy":"biswap","buyPrice":8211.64,"namesell":"pancake","sellPrice":8189.41},{"block":11048434,"timestamp":1632049085,"swapAmountBNB":20,"namebuy":"biswap","buyPrice":8213.41,"namesell":"pancake","sellPrice":8189.53},{"block":11048435,"timestamp":1632049089,"swapAmountBNB":20,"namebuy":"biswap","buyPrice":8213.41,"namesell":"pancake","sellPrice":8189.52},{"block":11048436,"timestamp":1632049092,"swapAmountBNB":20,"namebuy":"biswap","buyPrice":8213.41,"namesell":"pancake","sellPrice":8189.48},{"block":11048437,"timestamp":1632049095,"swapAmountBNB":20,"namebuy":"biswap","buyPrice":8213.41,"namesell":"pancake","sellPrice":8189.48},{"block":11048438,"timestamp":1632049100,"swapAmountBNB":20,"namebuy":"biswap","buyPrice":8213.41,"namesell":"pancake","sellPrice":8189.1},{"block":11048439,"timestamp":1632049103,"swapAmountBNB":20,"namebuy":"biswap","buyPrice":8213.41,"namesell":"pancake","sellPrice":8189.12},{"block":11048440,"timestamp":1632049106,"swapAmountBNB":20,"namebuy":"biswap","buyPrice":8213.41,"namesell":"pancake","sellPrice":8189.12},{"block":11048441,"timestamp":1632049109,"swapAmountBNB":20,"namebuy":"biswap","buyPrice":8213.44,"namesell":"pancake","sellPrice":8189.09},{"block":11048442,"timestamp":1632049112,"swapAmountBNB":20,"namebuy":"biswap","buyPrice":8214.08,"namesell":"biswap","sellPrice":8189.55},{"block":11048443,"timestamp":1632049115,"swapAmountBNB":20,"namebuy":"biswap","buyPrice":8214,"namesell":"biswap","sellPrice":8189.47},{"block":11048444,"timestamp":1632049122,"swapAmountBNB":20,"namebuy":"biswap","buyPrice":8214,"namesell":"biswap","sellPrice":8189.47},{"block":11048445,"timestamp":1632049125,"swapAmountBNB":20,"namebuy":"biswap","buyPrice":8214.62,"namesell":"biswap","sellPrice":8190.09},{"block":11048446,"timestamp":1632049128,"swapAmountBNB":20,"namebuy":"biswap","buyPrice":8214.62,"namesell":"biswap","sellPrice":8190.09},{"block":11048447,"timestamp":1632049132,"swapAmountBNB":20,"namebuy":"biswap","buyPrice":8214.64,"namesell":"biswap","sellPrice":8190.11},{"block":11048448,"timestamp":1632049135,"swapAmountBNB":20,"namebuy":"biswap","buyPrice":8214.64,"namesell":"biswap","sellPrice":8190.11},{"block":11048449,"timestamp":1632049138,"swapAmountBNB":20,"namebuy":"biswap","buyPrice":8214.64,"namesell":"biswap","sellPrice":8190.11},{"block":11048450,"timestamp":1632049143,"swapAmountBNB":20,"namebuy":"biswap","buyPrice":8214.69,"namesell":"biswap","sellPrice":8190.16},{"block":11048451,"timestamp":1632049149,"swapAmountBNB":20,"namebuy":"biswap","buyPrice":8214.69,"namesell":"biswap","sellPrice":8190.16},{"block":11048452,"timestamp":1632049152,"swapAmountBNB":20,"namebuy":"biswap","buyPrice":8214.69,"namesell":"biswap","sellPrice":8190.16},{"block":11048453,"timestamp":1632049155,"swapAmountBNB":20,"namebuy":"biswap","buyPrice":8210.1,"namesell":"pancake","sellPrice":8189.55},{"block":11048454,"timestamp":1632049158,"swapAmountBNB":20,"namebuy":"biswap","buyPrice":8210.1,"namesell":"pancake","sellPrice":8189.5},{"block":11048455,"timestamp":1632049164,"swapAmountBNB":20,"namebuy":"biswap","buyPrice":8210.1,"namesell":"pancake","sellPrice":8189.5},{"block":11048456,"timestamp":1632049167,"swapAmountBNB":20,"namebuy":"biswap","buyPrice":8210.06,"namesell":"pancake","sellPrice":8189.7},{"block":11048457,"timestamp":1632049171,"swapAmountBNB":20,"namebuy":"biswap","buyPrice":8205.81,"namesell":"pancake","sellPrice":8189.64},{"block":11048458,"timestamp":1632049174,"swapAmountBNB":20,"namebuy":"biswap","buyPrice":8205.81,"namesell":"pancake","sellPrice":8189.53},{"block":11048459,"timestamp":1632049179,"swapAmountBNB":20,"namebuy":"biswap","buyPrice":8206.18,"namesell":"pancake","sellPrice":8189.22},{"block":11048460,"timestamp":1632049187,"swapAmountBNB":20,"namebuy":"biswap","buyPrice":8206.18,"namesell":"pancake","sellPrice":8189.92}]}