{"table":[{"block":11047646,"timestamp":1632046181,"swapAmountBNB":20,"namebuy":"biswap","buyPrice":8244.14,"namesell":"biswap","sellPrice":8219.5},{"block":11047647,"timestamp":1632046184,"swapAmountBNB":20,"namebuy":"biswap","buyPrice":8244.14,"namesell":"biswap","sellPrice":8219.5},{"block":11047648,"timestamp":1632046189,"swapAmountBNB":20,"namebuy":"biswap","buyPrice":8244.57,"namesell":"biswap","sellPrice":8219.94},{"block":11047649,"timestamp":1632046193,"swapAmountBNB":20,"namebuy":"biswap","buyPrice":8244.57,"namesell":"biswap","sellPrice":8219.94},{"block":11047650,"timestamp":1632046196,"swapAmountBNB":20,"namebuy":"biswap","buyPrice":8244.57,"namesell":"biswap","sellPrice":8219.94},{"block":11047651,"timestamp":1632046199,"swapAmountBNB":20,"namebuy":"biswap","buyPrice":8244.57,"namesell":"biswap","sellPrice":8219.94},{"block":11047652,"timestamp":1632046202,"swapAmountBNB":20,"namebuy":"biswap","buyPrice":8244.57,"namesell":"biswap","sellPrice":8219.94},{"block":11047653,"timestamp":1632046211,"swapAmountBNB":20,"namebuy":"biswap","buyPrice":8245.24,"namesell":"biswap","sellPrice":8220.6},{"block":11047654,"timestamp":1632046214,"swapAmountBNB":20,"namebuy":"biswap","buyPrice":8245.47,"namesell":"biswap","sellPrice":8220.83},{"block":11047655,"timestamp":1632046219,"swapAmountBNB":20,"namebuy":"biswap","buyPrice":8245.47,"namesell":"biswap","sellPrice":8220.83},{"block":11047828,"timestamp":1632046849,"swapAmountBNB":20,"namebuy":"biswap","buyPrice":8228.05,"namesell":"pancake","sellPrice":8211.56},{"block":11047867,"timestamp":1632046984,"swapAmountBNB":20,"namebuy":"biswap","buyPrice":8229.43,"namesell":"pancake","sellPrice":8208.13},{"block":11047868,"timestamp":1632046987,"swapAmountBNB":20,"namebuy":"biswap","buyPrice":8229.47,"namesell":"pancake","sellPrice":8208.14},{"block":11047869,"timestamp":1632046990,"swapAmountBNB":20,"namebuy":"biswap","buyPrice":8229.47,"namesell":"pancake","sellPrice":8208.29},{"block":11047870,"timestamp":1632046993,"swapAmountBNB":20,"namebuy":"biswap","buyPrice":8229.27,"namesell":"pancake","sellPrice":8208.24},{"block":11047871,"timestamp":1632046997,"swapAmountBNB":20,"namebuy":"biswap","buyPrice":8229.27,"namesell":"pancake","sellPrice":8208.4},{"block":11047872,"timestamp":1632047001,"swapAmountBNB":20,"namebuy":"biswap","buyPrice":8228.97,"namesell":"pancake","sellPrice":8208.37},{"block":11047873,"timestamp":1632047004,"swapAmountBNB":20,"namebuy":"biswap","buyPrice":8228.97,"namesell":"pancake","sellPrice":8208.03},{"block":11047874,"timestamp":1632047007,"swapAmountBNB":20,"namebuy":"biswap","buyPrice":8228.97,"namesell":"pancake","sellPrice":8207.95},{"block":11047875,"timestamp":1632047013,"swapAmountBNB":20,"namebuy":"biswap","buyPrice":8228.97,"namesell":"pancake","sellPrice":8207.95},{"block":11047876,"timestamp":1632047018,"swapAmountBNB":20,"namebuy":"biswap","buyPrice":8228.97,"namesell":"pancake","sellPrice":8207.71},{"block":11047876,"timestamp":1632047018,"swapAmountBNB":20,"namebuy":"biswap","buyPrice":8228.97,"namesell":"pancake","sellPrice":8207.71},{"block":11047877,"timestamp":1632047021,"swapAmountBNB":20,"namebuy":"biswap","buyPrice":8224.53,"namesell":"pancake","sellPrice":8207.59},{"block":11047878,"timestamp":1632047024,"swapAmountBNB":20,"namebuy":"biswap","buyPrice":8224.53,"namesell":"pancake","sellPrice":8207.61},{"block":11047879,"timestamp":1632047027,"swapAmountBNB":20,"namebuy":"biswap","buyPrice":8224.53,"namesell":"pancake","sellPrice":8207.6},{"block":11047880,"timestamp":1632047030,"swapAmountBNB":20,"namebuy":"biswap","buyPrice":8224.53,"namesell":"pancake","sellPrice":8207.59},{"block":11047881,"timestamp":1632047033,"swapAmountBNB":20,"namebuy":"biswap","buyPrice":8224.53,"namesell":"pancake","sellPrice":8207.57},{"block":11047882,"timestamp":1632047036,"swapAmountBNB":20,"namebuy":"biswap","buyPrice":8224.53,"namesell":"pancake","sellPrice":8207.48},{"block":11047883,"timestamp":1632047039,"swapAmountBNB":20,"namebuy":"biswap","buyPrice":8224.53,"namesell":"pancake","sellPrice":8207.41},{"block":11047884,"timestamp":1632047042,"swapAmountBNB":20,"namebuy":"biswap","buyPrice":8224.53,"namesell":"pancake","sellPrice":8207.4},{"block":11047885,"timestamp":1632047045,"swapAmountBNB":20,"namebuy":"biswap","buyPrice":8224.53,"namesell":"pancake","sellPrice":8207.41},{"block":11047886,"timestamp":1632047048,"swapAmountBNB":20,"namebuy":"biswap","buyPrice":8224.53,"namesell":"pancake","sellPrice":8207.46},{"block":11047887,"timestamp":1632047051,"swapAmountBNB":20,"namebuy":"biswap","buyPrice":8224.53,"namesell":"pancake","sellPrice":8207.44},{"block":11047888,"timestamp":1632047054,"swapAmountBNB":20,"namebuy":"biswap","buyPrice":8224.53,"namesell":"pancake","sellPrice":8207.43},{"block":11047889,"timestamp":1632047057,"swapAmountBNB":20,"namebuy":"biswap","buyPrice":8224.53,"namesell":"pancake","sellPrice":8207.43},{"block":11047890,"timestamp":1632047060,"swapAmountBNB":20,"namebuy":"biswap","buyPrice":8224.53,"namesell":"pancake","sellPrice":8207.63},{"block":11047891,"timestamp":1632047063,"swapAmountBNB":20,"namebuy":"biswap","buyPrice":8224.53,"namesell":"pancake","sellPrice":8207.63},{"block":11047892,"timestamp":1632047068,"swapAmountBNB":20,"namebuy":"biswap","buyPrice":8224.53,"namesell":"pancake","sellPrice":8207.61},{"block":11047893,"timestamp":1632047071,"swapAmountBNB":20,"namebuy":"biswap","buyPrice":8224.53,"namesell":"pancake","sellPrice":8207.61},{"block":11047721,"timestamp":1632046456,"swapAmountBNB":20,"namebuy":"biswap","buyPrice":8241,"namesell":"pancake","sellPrice":8217.11},{"block":11047894,"timestamp":1632047074,"swapAmountBNB":20,"namebuy":"biswap","buyPrice":8224.53,"namesell":"pancake","sellPrice":8207.71},{"block":11047895,"timestamp":1632047077,"swapAmountBNB":20,"namebuy":"biswap","buyPrice":8224.53,"namesell":"pancake","sellPrice":8207.72},{"block":11047722,"timestamp":1632046459,"swapAmountBNB":20,"namebuy":"biswap","buyPrice":8241,"namesell":"pancake","sellPrice":8217.11},{"block":11047896,"timestamp":1632047080,"swapAmountBNB":20,"namebuy":"biswap","buyPrice":8224.53,"namesell":"pancake","sellPrice":8207.7},{"block":11047723,"timestamp":1632046466,"swapAmountBNB":20,"namebuy":"biswap","buyPrice":8241,"namesell":"pancake","sellPrice":8217.08},{"block":11047897,"timestamp":1632047083,"swapAmountBNB":20,"namebuy":"biswap","buyPrice":8224.59,"namesell":"pancake","sellPrice":8207.69},{"block":11047724,"timestamp":1632046472,"swapAmountBNB":20,"namebuy":"biswap","buyPrice":8241,"namesell":"pancake","sellPrice":8216.98},{"block":11047898,"timestamp":1632047086,"swapAmountBNB":20,"namebuy":"biswap","buyPrice":8224.59,"namesell":"pancake","sellPrice":8207.53},{"block":11047899,"timestamp":1632047089,"swapAmountBNB":20,"namebuy":"biswap","buyPrice":8224.59,"namesell":"pancake","sellPrice":8207.26},{"block":11047725,"timestamp":1632046475,"swapAmountBNB":20,"namebuy":"biswap","buyPrice":8241,"namesell":"pancake","sellPrice":8217.05},{"block":11047900,"timestamp":1632047092,"swapAmountBNB":20,"namebuy":"biswap","buyPrice":8224.59,"namesell":"pancake","sellPrice":8207.15},{"block":11047726,"timestamp":1632046480,"swapAmountBNB":20,"namebuy":"biswap","buyPrice":8241,"namesell":"pancake","sellPrice":8217.05},{"block":11047901,"timestamp":1632047096,"swapAmountBNB":20,"namebuy":"biswap","buyPrice":8224.59,"namesell":"pancake","sellPrice":8207.16},{"block":11047727,"timestamp":1632046483,"swapAmountBNB":20,"namebuy":"biswap","buyPrice":8241.55,"namesell":"biswap","sellPrice":8216.93},{"block":11047902,"timestamp":1632047099,"swapAmountBNB":20,"namebuy":"biswap","buyPrice":8224.59,"namesell":"pancake","sellPrice":8207.16},{"block":11047728,"timestamp":1632046486,"swapAmountBNB":20,"namebuy":"biswap","buyPrice":8241.55,"namesell":"pancake","sellPrice":8217.06},{"block":11047903,"timestamp":1632047104,"swapAmountBNB":20,"namebuy":"biswap","buyPrice":8224.59,"namesell":"pancake","sellPrice":8207.14},{"block":11047729,"timestamp":1632046489,"swapAmountBNB":20,"namebuy":"biswap","buyPrice":8241.55,"namesell":"pancake","sellPrice":8217.08},{"block":11047730,"timestamp":1632046495,"swapAmountBNB":20,"namebuy":"biswap","buyPrice":8241.55,"namesell":"pancake","sellPrice":8217.08},{"block":11047904,"timestamp":1632047107,"swapAmountBNB":20,"namebuy":"biswap","buyPrice":8224.59,"namesell":"pancake","sellPrice":8207},{"block":11047905,"timestamp":1632047110,"swapAmountBNB":20,"namebuy":"biswap","buyPrice":8224.59,"namesell":"pancake","sellPrice":8207.02},{"block":11047731,"timestamp":1632046498,"swapAmountBNB":20,"namebuy":"biswap","buyPrice":8241.62,"namesell":"pancake","sellPrice":8217.05},{"block":11047906,"timestamp":1632047113,"swapAmountBNB":20,"namebuy":"biswap","buyPrice":8224.59,"namesell":"pancake","sellPrice":8207.04},{"block":11047907,"timestamp":1632047116,"swapAmountBNB":20,"namebuy":"biswap","buyPrice":8224.59,"namesell":"pancake","sellPrice":8207.02},{"block":11047732,"timestamp":1632046501,"swapAmountBNB":20,"namebuy":"biswap","buyPrice":8237.13,"namesell":"pancake","sellPrice":8216.86},{"block":11047733,"timestamp":1632046504,"swapAmountBNB":20,"namebuy":"biswap","buyPrice":8237.13,"namesell":"pancake","sellPrice":8216.8},{"block":11047908,"timestamp":1632047119,"swapAmountBNB":20,"namebuy":"biswap","buyPrice":8224.59,"namesell":"pancake","sellPrice":8207.18},{"block":11047734,"timestamp":1632046507,"swapAmountBNB":20,"namebuy":"biswap","buyPrice":8232.64,"namesell":"pancake","sellPrice":8216.8},{"block":11047909,"timestamp":1632047124,"swapAmountBNB":20,"namebuy":"biswap","buyPrice":8224.59,"namesell":"pancake","sellPrice":8207.18},{"block":11047739,"timestamp":1632046527,"swapAmountBNB":20,"namebuy":"biswap","buyPrice":8232.64,"namesell":"pancake","sellPrice":8215.57},{"block":11047740,"timestamp":1632046530,"swapAmountBNB":20,"namebuy":"biswap","buyPrice":8232.64,"namesell":"pancake","sellPrice":8215.57},{"block":11047741,"timestamp":1632046533,"swapAmountBNB":20,"namebuy":"biswap","buyPrice":8232.64,"namesell":"pancake","sellPrice":8215.59},{"block":11047742,"timestamp":1632046537,"swapAmountBNB":20,"namebuy":"biswap","buyPrice":8232.64,"namesell":"pancake","sellPrice":8214.88},{"block":11047925,"timestamp":1632047176,"swapAmountBNB":20,"namebuy":"biswap","buyPrice":8224.92,"namesell":"pancake","sellPrice":8203.64},{"block":11047926,"timestamp":1632047179,"swapAmountBNB":20,"namebuy":"biswap","buyPrice":8224.92,"namesell":"pancake","sellPrice":8203.64}]}