{"table":[{"block":11023960,"timestamp":1631974801,"swapAmountBNB":20,"namebuy":"pancake","buyPrice":8332.91,"namesell":"biswap","sellPrice":8317.54},{"block":11023961,"timestamp":1631974804,"swapAmountBNB":20,"namebuy":"pancake","buyPrice":8333.24,"namesell":"biswap","sellPrice":8317.54},{"block":11023962,"timestamp":1631974807,"swapAmountBNB":20,"namebuy":"pancake","buyPrice":8333.24,"namesell":"biswap","sellPrice":8317.54},{"block":11023963,"timestamp":1631974810,"swapAmountBNB":20,"namebuy":"pancake","buyPrice":8333.17,"namesell":"biswap","sellPrice":8317.54},{"block":11023964,"timestamp":1631974813,"swapAmountBNB":20,"namebuy":"pancake","buyPrice":8333.17,"namesell":"biswap","sellPrice":8317.54},{"block":11023965,"timestamp":1631974821,"swapAmountBNB":20,"namebuy":"pancake","buyPrice":8332.76,"namesell":"biswap","sellPrice":8317.54},{"block":11023965,"timestamp":1631974822,"swapAmountBNB":20,"namebuy":"pancake","buyPrice":8332.76,"namesell":"biswap","sellPrice":8317.54},{"block":11023966,"timestamp":1631974824,"swapAmountBNB":20,"namebuy":"pancake","buyPrice":8333.14,"namesell":"biswap","sellPrice":8317.54},{"block":11023967,"timestamp":1631974827,"swapAmountBNB":20,"namebuy":"pancake","buyPrice":8333.17,"namesell":"biswap","sellPrice":8317.54},{"block":11023968,"timestamp":1631974830,"swapAmountBNB":20,"namebuy":"pancake","buyPrice":8331.69,"namesell":"biswap","sellPrice":8317.4},{"block":11023969,"timestamp":1631974833,"swapAmountBNB":20,"namebuy":"pancake","buyPrice":8331.59,"namesell":"biswap","sellPrice":8317.4},{"block":11023970,"timestamp":1631974836,"swapAmountBNB":20,"namebuy":"pancake","buyPrice":8331.59,"namesell":"biswap","sellPrice":8317.4},{"block":11023971,"timestamp":1631974839,"swapAmountBNB":20,"namebuy":"pancake","buyPrice":8333.62,"namesell":"biswap","sellPrice":8317.4},{"block":11023972,"timestamp":1631974843,"swapAmountBNB":20,"namebuy":"pancake","buyPrice":8333.32,"namesell":"biswap","sellPrice":8317.4},{"block":11023973,"timestamp":1631974846,"swapAmountBNB":20,"namebuy":"pancake","buyPrice":8333.34,"namesell":"biswap","sellPrice":8317.4},{"block":11023974,"timestamp":1631974849,"swapAmountBNB":20,"namebuy":"pancake","buyPrice":8333.49,"namesell":"biswap","sellPrice":8317.4},{"block":11023975,"timestamp":1631974852,"swapAmountBNB":20,"namebuy":"pancake","buyPrice":8333.72,"namesell":"biswap","sellPrice":8317.4},{"block":11023976,"timestamp":1631974855,"swapAmountBNB":20,"namebuy":"pancake","buyPrice":8333.99,"namesell":"biswap","sellPrice":8317.4}]}