{"table":[{"block":11280421,"timestamp":1632749230,"swapAmountBNB":20,"namebuy":"apeswap","buyPrice":6982.33,"namesell":"biswap","sellPrice":6962.31},{"block":11280422,"timestamp":1632749233,"swapAmountBNB":20,"namebuy":"apeswap","buyPrice":6982.35,"namesell":"biswap","sellPrice":6962.31},{"block":11280423,"timestamp":1632749236,"swapAmountBNB":20,"namebuy":"apeswap","buyPrice":6982.35,"namesell":"biswap","sellPrice":6962.31},{"block":11280424,"timestamp":1632749239,"swapAmountBNB":20,"namebuy":"biswap","buyPrice":6982.89,"namesell":"biswap","sellPrice":6962.31},{"block":11280425,"timestamp":1632749242,"swapAmountBNB":20,"namebuy":"biswap","buyPrice":6982.89,"namesell":"biswap","sellPrice":6962.31},{"block":11280426,"timestamp":1632749245,"swapAmountBNB":20,"namebuy":"biswap","buyPrice":6979.96,"namesell":"biswap","sellPrice":6959.4},{"block":11280427,"timestamp":1632749248,"swapAmountBNB":20,"namebuy":"biswap","buyPrice":6979.96,"namesell":"biswap","sellPrice":6959.4},{"block":11280428,"timestamp":1632749251,"swapAmountBNB":20,"namebuy":"biswap","buyPrice":6979.61,"namesell":"biswap","sellPrice":6959.05},{"block":11280429,"timestamp":1632749254,"swapAmountBNB":20,"namebuy":"biswap","buyPrice":6983.26,"namesell":"biswap","sellPrice":6962.69},{"block":11280430,"timestamp":1632749257,"swapAmountBNB":20,"namebuy":"biswap","buyPrice":6983.41,"namesell":"biswap","sellPrice":6962.84},{"block":11280431,"timestamp":1632749260,"swapAmountBNB":20,"namebuy":"biswap","buyPrice":6983.41,"namesell":"biswap","sellPrice":6962.84},{"block":11280432,"timestamp":1632749263,"swapAmountBNB":20,"namebuy":"biswap","buyPrice":6984.67,"namesell":"biswap","sellPrice":6964.09},{"block":11280433,"timestamp":1632749266,"swapAmountBNB":20,"namebuy":"biswap","buyPrice":6984.47,"namesell":"biswap","sellPrice":6963.89},{"block":11280434,"timestamp":1632749269,"swapAmountBNB":20,"namebuy":"biswap","buyPrice":6984.47,"namesell":"biswap","sellPrice":6963.89},{"block":11280435,"timestamp":1632749272,"swapAmountBNB":20,"namebuy":"biswap","buyPrice":6984.26,"namesell":"biswap","sellPrice":6963.69},{"block":11280436,"timestamp":1632749275,"swapAmountBNB":20,"namebuy":"biswap","buyPrice":6984.26,"namesell":"biswap","sellPrice":6963.69},{"block":11280437,"timestamp":1632749278,"swapAmountBNB":20,"namebuy":"biswap","buyPrice":6984.26,"namesell":"biswap","sellPrice":6963.69},{"block":11280438,"timestamp":1632749281,"swapAmountBNB":20,"namebuy":"biswap","buyPrice":6984.26,"namesell":"biswap","sellPrice":6963.69},{"block":11280439,"timestamp":1632749284,"swapAmountBNB":20,"namebuy":"biswap","buyPrice":6984.26,"namesell":"biswap","sellPrice":6963.69},{"block":11280440,"timestamp":1632749287,"swapAmountBNB":20,"namebuy":"biswap","buyPrice":6984.26,"namesell":"biswap","sellPrice":6963.69},{"block":11280441,"timestamp":1632749290,"swapAmountBNB":20,"namebuy":"biswap","buyPrice":6984.15,"namesell":"biswap","sellPrice":6963.57},{"block":11280442,"timestamp":1632749293,"swapAmountBNB":20,"namebuy":"biswap","buyPrice":6984.13,"namesell":"biswap","sellPrice":6963.56},{"block":11280443,"timestamp":1632749296,"swapAmountBNB":20,"namebuy":"biswap","buyPrice":6984.13,"namesell":"biswap","sellPrice":6963.56}]}