{"table":[{"block":11029746,"timestamp":1631992246,"swapAmountBNB":20,"namebuy":"biswap","buyPrice":8245.31,"namesell":"apeswap","sellPrice":8225.39},{"block":11029747,"timestamp":1631992249,"swapAmountBNB":20,"namebuy":"biswap","buyPrice":8245.32,"namesell":"apeswap","sellPrice":8225.14},{"block":11029748,"timestamp":1631992252,"swapAmountBNB":20,"namebuy":"biswap","buyPrice":8245.32,"namesell":"apeswap","sellPrice":8225.14},{"block":11029749,"timestamp":1631992255,"swapAmountBNB":20,"namebuy":"biswap","buyPrice":8240.9,"namesell":"apeswap","sellPrice":8225.14},{"block":11029750,"timestamp":1631992258,"swapAmountBNB":20,"namebuy":"biswap","buyPrice":8240.9,"namesell":"apeswap","sellPrice":8225.14},{"block":11029751,"timestamp":1631992261,"swapAmountBNB":20,"namebuy":"biswap","buyPrice":8240.9,"namesell":"apeswap","sellPrice":8225.14},{"block":11029752,"timestamp":1631992264,"swapAmountBNB":20,"namebuy":"biswap","buyPrice":8240.9,"namesell":"apeswap","sellPrice":8225.14},{"block":11029753,"timestamp":1631992267,"swapAmountBNB":20,"namebuy":"biswap","buyPrice":8241.47,"namesell":"apeswap","sellPrice":8225.14},{"block":11029754,"timestamp":1631992270,"swapAmountBNB":20,"namebuy":"biswap","buyPrice":8241.47,"namesell":"apeswap","sellPrice":8225.14},{"block":11029755,"timestamp":1631992273,"swapAmountBNB":20,"namebuy":"biswap","buyPrice":8241.47,"namesell":"apeswap","sellPrice":8225.14},{"block":11029757,"timestamp":1631992279,"swapAmountBNB":20,"namebuy":"biswap","buyPrice":8241.47,"namesell":"apeswap","sellPrice":8225.14},{"block":11029756,"timestamp":1631992276,"swapAmountBNB":20,"namebuy":"biswap","buyPrice":8241.47,"namesell":"apeswap","sellPrice":8225.14},{"block":11029758,"timestamp":1631992282,"swapAmountBNB":20,"namebuy":"biswap","buyPrice":8241.47,"namesell":"apeswap","sellPrice":8224.98},{"block":11029759,"timestamp":1631992285,"swapAmountBNB":20,"namebuy":"biswap","buyPrice":8241.47,"namesell":"apeswap","sellPrice":8224.98},{"block":11029760,"timestamp":1631992288,"swapAmountBNB":20,"namebuy":"biswap","buyPrice":8241.47,"namesell":"apeswap","sellPrice":8224.98},{"block":11029761,"timestamp":1631992291,"swapAmountBNB":20,"namebuy":"biswap","buyPrice":8241.47,"namesell":"apeswap","sellPrice":8224.98},{"block":11029762,"timestamp":1631992294,"swapAmountBNB":20,"namebuy":"biswap","buyPrice":8241.47,"namesell":"apeswap","sellPrice":8222.88},{"block":11029763,"timestamp":1631992297,"swapAmountBNB":20,"namebuy":"biswap","buyPrice":8241.47,"namesell":"apeswap","sellPrice":8222.88},{"block":11029764,"timestamp":1631992300,"swapAmountBNB":20,"namebuy":"biswap","buyPrice":8242.65,"namesell":"apeswap","sellPrice":8222.9},{"block":11029765,"timestamp":1631992303,"swapAmountBNB":20,"namebuy":"biswap","buyPrice":8242.65,"namesell":"apeswap","sellPrice":8222.9},{"block":11029766,"timestamp":1631992306,"swapAmountBNB":20,"namebuy":"biswap","buyPrice":8243.52,"namesell":"apeswap","sellPrice":8222.9},{"block":11029767,"timestamp":1631992309,"swapAmountBNB":20,"namebuy":"biswap","buyPrice":8243.52,"namesell":"apeswap","sellPrice":8222.42},{"block":11029768,"timestamp":1631992312,"swapAmountBNB":20,"namebuy":"biswap","buyPrice":8244.44,"namesell":"apeswap","sellPrice":8223.14},{"block":11029769,"timestamp":1631992315,"swapAmountBNB":20,"namebuy":"biswap","buyPrice":8240.8,"namesell":"apeswap","sellPrice":8223.12},{"block":11029770,"timestamp":1631992318,"swapAmountBNB":20,"namebuy":"biswap","buyPrice":8240.8,"namesell":"apeswap","sellPrice":8222.97},{"block":11029771,"timestamp":1631992321,"swapAmountBNB":20,"namebuy":"biswap","buyPrice":8236.38,"namesell":"apeswap","sellPrice":8222.97},{"block":11029772,"timestamp":1631992325,"swapAmountBNB":20,"namebuy":"biswap","buyPrice":8236.61,"namesell":"apeswap","sellPrice":8222.97},{"block":11029772,"timestamp":1631992324,"swapAmountBNB":20,"namebuy":"biswap","buyPrice":8236.61,"namesell":"apeswap","sellPrice":8222.97},{"block":11029773,"timestamp":1631992327,"swapAmountBNB":20,"namebuy":"biswap","buyPrice":8236.61,"namesell":"apeswap","sellPrice":8222.97},{"block":11029774,"timestamp":1631992330,"swapAmountBNB":20,"namebuy":"biswap","buyPrice":8237.53,"namesell":"apeswap","sellPrice":8219.44},{"block":11029775,"timestamp":1631992333,"swapAmountBNB":20,"namebuy":"biswap","buyPrice":8237.53,"namesell":"apeswap","sellPrice":8219.44},{"block":11029776,"timestamp":1631992336,"swapAmountBNB":20,"namebuy":"biswap","buyPrice":8238,"namesell":"apeswap","sellPrice":8219.44},{"block":11029777,"timestamp":1631992339,"swapAmountBNB":20,"namebuy":"biswap","buyPrice":8238,"namesell":"apeswap","sellPrice":8219.44},{"block":11029778,"timestamp":1631992342,"swapAmountBNB":20,"namebuy":"biswap","buyPrice":8238,"namesell":"apeswap","sellPrice":8219.44},{"block":11029779,"timestamp":1631992345,"swapAmountBNB":20,"namebuy":"biswap","buyPrice":8238,"namesell":"apeswap","sellPrice":8219.44},{"block":11029780,"timestamp":1631992348,"swapAmountBNB":20,"namebuy":"biswap","buyPrice":8238,"namesell":"apeswap","sellPrice":8219.44},{"block":11029781,"timestamp":1631992351,"swapAmountBNB":20,"namebuy":"biswap","buyPrice":8238,"namesell":"apeswap","sellPrice":8219.44},{"block":11029782,"timestamp":1631992354,"swapAmountBNB":20,"namebuy":"biswap","buyPrice":8233.58,"namesell":"pancake","sellPrice":8217.75},{"block":11029783,"timestamp":1631992357,"swapAmountBNB":20,"namebuy":"biswap","buyPrice":8233.58,"namesell":"pancake","sellPrice":8217.49},{"block":11029784,"timestamp":1631992360,"swapAmountBNB":20,"namebuy":"biswap","buyPrice":8233.58,"namesell":"pancake","sellPrice":8217.43},{"block":11029785,"timestamp":1631992363,"swapAmountBNB":20,"namebuy":"biswap","buyPrice":8235.43,"namesell":"pancake","sellPrice":8217.33},{"block":11029786,"timestamp":1631992366,"swapAmountBNB":20,"namebuy":"biswap","buyPrice":8235.43,"namesell":"pancake","sellPrice":8217.33},{"block":11029787,"timestamp":1631992369,"swapAmountBNB":20,"namebuy":"biswap","buyPrice":8235.43,"namesell":"pancake","sellPrice":8217.16},{"block":11029788,"timestamp":1631992372,"swapAmountBNB":20,"namebuy":"biswap","buyPrice":8236.38,"namesell":"pancake","sellPrice":8217.16},{"block":11029789,"timestamp":1631992375,"swapAmountBNB":20,"namebuy":"biswap","buyPrice":8231.97,"namesell":"pancake","sellPrice":8215.2},{"block":11029790,"timestamp":1631992378,"swapAmountBNB":20,"namebuy":"biswap","buyPrice":8231.97,"namesell":"pancake","sellPrice":8215.35},{"block":11029791,"timestamp":1631992381,"swapAmountBNB":20,"namebuy":"biswap","buyPrice":8227.55,"namesell":"pancake","sellPrice":8215.25},{"block":11029792,"timestamp":1631992385,"swapAmountBNB":20,"namebuy":"biswap","buyPrice":8227.55,"namesell":"pancake","sellPrice":8215.21},{"block":11029792,"timestamp":1631992384,"swapAmountBNB":20,"namebuy":"biswap","buyPrice":8227.55,"namesell":"pancake","sellPrice":8215.21},{"block":11029793,"timestamp":1631992387,"swapAmountBNB":20,"namebuy":"biswap","buyPrice":8227.55,"namesell":"pancake","sellPrice":8215.2},{"block":11029794,"timestamp":1631992390,"swapAmountBNB":20,"namebuy":"biswap","buyPrice":8227.55,"namesell":"pancake","sellPrice":8214.03},{"block":11029795,"timestamp":1631992393,"swapAmountBNB":20,"namebuy":"biswap","buyPrice":8227.95,"namesell":"pancake","sellPrice":8214.02},{"block":11029796,"timestamp":1631992397,"swapAmountBNB":20,"namebuy":"biswap","buyPrice":8227.95,"namesell":"pancake","sellPrice":8214.15},{"block":11029796,"timestamp":1631992396,"swapAmountBNB":20,"namebuy":"biswap","buyPrice":8227.95,"namesell":"pancake","sellPrice":8214.15},{"block":11029797,"timestamp":1631992399,"swapAmountBNB":20,"namebuy":"biswap","buyPrice":8228.37,"namesell":"pancake","sellPrice":8213.99},{"block":11029798,"timestamp":1631992402,"swapAmountBNB":20,"namebuy":"biswap","buyPrice":8228.37,"namesell":"pancake","sellPrice":8214},{"block":11029799,"timestamp":1631992405,"swapAmountBNB":20,"namebuy":"biswap","buyPrice":8228.37,"namesell":"pancake","sellPrice":8213.97},{"block":11029800,"timestamp":1631992408,"swapAmountBNB":20,"namebuy":"biswap","buyPrice":8228.37,"namesell":"pancake","sellPrice":8213.91},{"block":11029801,"timestamp":1631992411,"swapAmountBNB":20,"namebuy":"biswap","buyPrice":8228.37,"namesell":"pancake","sellPrice":8213.88},{"block":11029802,"timestamp":1631992414,"swapAmountBNB":20,"namebuy":"biswap","buyPrice":8232.79,"namesell":"pancake","sellPrice":8213.88},{"block":11029803,"timestamp":1631992417,"swapAmountBNB":20,"namebuy":"biswap","buyPrice":8232.79,"namesell":"pancake","sellPrice":8214.01},{"block":11029804,"timestamp":1631992420,"swapAmountBNB":20,"namebuy":"biswap","buyPrice":8232.82,"namesell":"pancake","sellPrice":8213.86},{"block":11029805,"timestamp":1631992423,"swapAmountBNB":20,"namebuy":"biswap","buyPrice":8232.82,"namesell":"pancake","sellPrice":8214.03},{"block":11029806,"timestamp":1631992426,"swapAmountBNB":20,"namebuy":"biswap","buyPrice":8232.82,"namesell":"pancake","sellPrice":8213.95},{"block":11029807,"timestamp":1631992429,"swapAmountBNB":20,"namebuy":"biswap","buyPrice":8232.82,"namesell":"pancake","sellPrice":8214.31},{"block":11029808,"timestamp":1631992432,"swapAmountBNB":20,"namebuy":"biswap","buyPrice":8232.82,"namesell":"pancake","sellPrice":8214.19},{"block":11029809,"timestamp":1631992435,"swapAmountBNB":20,"namebuy":"biswap","buyPrice":8232.82,"namesell":"pancake","sellPrice":8214.19},{"block":11029810,"timestamp":1631992438,"swapAmountBNB":20,"namebuy":"biswap","buyPrice":8232.82,"namesell":"pancake","sellPrice":8214.07},{"block":11029811,"timestamp":1631992441,"swapAmountBNB":20,"namebuy":"biswap","buyPrice":8232.82,"namesell":"pancake","sellPrice":8213.96},{"block":11029812,"timestamp":1631992444,"swapAmountBNB":20,"namebuy":"biswap","buyPrice":8232.82,"namesell":"pancake","sellPrice":8213.95},{"block":11029813,"timestamp":1631992447,"swapAmountBNB":20,"namebuy":"biswap","buyPrice":8232.82,"namesell":"pancake","sellPrice":8213.95},{"block":11029814,"timestamp":1631992450,"swapAmountBNB":20,"namebuy":"biswap","buyPrice":8232.82,"namesell":"apeswap","sellPrice":8216.35},{"block":11029815,"timestamp":1631992453,"swapAmountBNB":20,"namebuy":"biswap","buyPrice":8232.82,"namesell":"apeswap","sellPrice":8216.35},{"block":11029816,"timestamp":1631992456,"swapAmountBNB":20,"namebuy":"biswap","buyPrice":8232.82,"namesell":"apeswap","sellPrice":8216.35},{"block":11029817,"timestamp":1631992459,"swapAmountBNB":20,"namebuy":"biswap","buyPrice":8232.82,"namesell":"apeswap","sellPrice":8216.43},{"block":11029818,"timestamp":1631992462,"swapAmountBNB":20,"namebuy":"biswap","buyPrice":8233.05,"namesell":"apeswap","sellPrice":8216.43},{"block":11029819,"timestamp":1631992465,"swapAmountBNB":20,"namebuy":"biswap","buyPrice":8234.43,"namesell":"apeswap","sellPrice":8216.43},{"block":11029820,"timestamp":1631992468,"swapAmountBNB":20,"namebuy":"biswap","buyPrice":8234.43,"namesell":"apeswap","sellPrice":8216.43},{"block":11029821,"timestamp":1631992471,"swapAmountBNB":20,"namebuy":"biswap","buyPrice":8234.43,"namesell":"apeswap","sellPrice":8216.43},{"block":11029822,"timestamp":1631992474,"swapAmountBNB":20,"namebuy":"biswap","buyPrice":8234.43,"namesell":"apeswap","sellPrice":8216.43},{"block":11029823,"timestamp":1631992477,"swapAmountBNB":20,"namebuy":"biswap","buyPrice":8234.43,"namesell":"apeswap","sellPrice":8216.43},{"block":11029824,"timestamp":1631992480,"swapAmountBNB":20,"namebuy":"biswap","buyPrice":8236.12,"namesell":"apeswap","sellPrice":8216.44},{"block":11029825,"timestamp":1631992483,"swapAmountBNB":20,"namebuy":"biswap","buyPrice":8236.14,"namesell":"apeswap","sellPrice":8216.23},{"block":11029826,"timestamp":1631992486,"swapAmountBNB":20,"namebuy":"biswap","buyPrice":8236.14,"namesell":"apeswap","sellPrice":8216.23},{"block":11029827,"timestamp":1631992489,"swapAmountBNB":20,"namebuy":"biswap","buyPrice":8236.14,"namesell":"apeswap","sellPrice":8215.75},{"block":11029828,"timestamp":1631992492,"swapAmountBNB":20,"namebuy":"biswap","buyPrice":8236.76,"namesell":"apeswap","sellPrice":8215.75},{"block":11029829,"timestamp":1631992495,"swapAmountBNB":20,"namebuy":"biswap","buyPrice":8236.76,"namesell":"apeswap","sellPrice":8215.75},{"block":11029830,"timestamp":1631992498,"swapAmountBNB":20,"namebuy":"biswap","buyPrice":8236.76,"namesell":"apeswap","sellPrice":8215.75},{"block":11029831,"timestamp":1631992501,"swapAmountBNB":20,"namebuy":"biswap","buyPrice":8236.76,"namesell":"pancake","sellPrice":8214.16},{"block":11029832,"timestamp":1631992504,"swapAmountBNB":20,"namebuy":"biswap","buyPrice":8236.76,"namesell":"pancake","sellPrice":8214.23},{"block":11029833,"timestamp":1631992507,"swapAmountBNB":20,"namebuy":"biswap","buyPrice":8236.76,"namesell":"pancake","sellPrice":8214.21},{"block":11029834,"timestamp":1631992510,"swapAmountBNB":20,"namebuy":"biswap","buyPrice":8236.76,"namesell":"pancake","sellPrice":8214.22},{"block":11029835,"timestamp":1631992513,"swapAmountBNB":20,"namebuy":"biswap","buyPrice":8236.77,"namesell":"pancake","sellPrice":8213.93},{"block":11029836,"timestamp":1631992516,"swapAmountBNB":20,"namebuy":"biswap","buyPrice":8237.04,"namesell":"pancake","sellPrice":8213.93},{"block":11029837,"timestamp":1631992519,"swapAmountBNB":20,"namebuy":"biswap","buyPrice":8237.04,"namesell":"pancake","sellPrice":8213.89},{"block":11029838,"timestamp":1631992522,"swapAmountBNB":20,"namebuy":"biswap","buyPrice":8237.04,"namesell":"pancake","sellPrice":8213.88},{"block":11029839,"timestamp":1631992525,"swapAmountBNB":20,"namebuy":"biswap","buyPrice":8232.62,"namesell":"pancake","sellPrice":8213.8},{"block":11029840,"timestamp":1631992528,"swapAmountBNB":20,"namebuy":"biswap","buyPrice":8232.62,"namesell":"pancake","sellPrice":8213.81},{"block":11029841,"timestamp":1631992531,"swapAmountBNB":20,"namebuy":"biswap","buyPrice":8232.62,"namesell":"pancake","sellPrice":8213.87},{"block":11029842,"timestamp":1631992534,"swapAmountBNB":20,"namebuy":"biswap","buyPrice":8232.62,"namesell":"pancake","sellPrice":8213.95},{"block":11029843,"timestamp":1631992537,"swapAmountBNB":20,"namebuy":"biswap","buyPrice":8228.21,"namesell":"pancake","sellPrice":8213.83},{"block":11029844,"timestamp":1631992540,"swapAmountBNB":20,"namebuy":"biswap","buyPrice":8228.21,"namesell":"pancake","sellPrice":8213.96},{"block":11029845,"timestamp":1631992543,"swapAmountBNB":20,"namebuy":"biswap","buyPrice":8228.21,"namesell":"pancake","sellPrice":8213.85},{"block":11029846,"timestamp":1631992546,"swapAmountBNB":20,"namebuy":"biswap","buyPrice":8228.28,"namesell":"pancake","sellPrice":8213.53},{"block":11029847,"timestamp":1631992549,"swapAmountBNB":20,"namebuy":"biswap","buyPrice":8228.28,"namesell":"pancake","sellPrice":8213.53},{"block":11029848,"timestamp":1631992552,"swapAmountBNB":20,"namebuy":"biswap","buyPrice":8228.28,"namesell":"pancake","sellPrice":8213.02},{"block":11029849,"timestamp":1631992555,"swapAmountBNB":20,"namebuy":"biswap","buyPrice":8228.28,"namesell":"pancake","sellPrice":8213.03},{"block":11029850,"timestamp":1631992558,"swapAmountBNB":20,"namebuy":"biswap","buyPrice":8228.28,"namesell":"pancake","sellPrice":8212.95},{"block":11029851,"timestamp":1631992561,"swapAmountBNB":20,"namebuy":"biswap","buyPrice":8228.28,"namesell":"pancake","sellPrice":8212.91},{"block":11029851,"timestamp":1631992562,"swapAmountBNB":20,"namebuy":"biswap","buyPrice":8228.28,"namesell":"pancake","sellPrice":8212.91},{"block":11029852,"timestamp":1631992564,"swapAmountBNB":20,"namebuy":"biswap","buyPrice":8228.28,"namesell":"pancake","sellPrice":8213.41},{"block":11029853,"timestamp":1631992567,"swapAmountBNB":20,"namebuy":"biswap","buyPrice":8228.28,"namesell":"pancake","sellPrice":8213.15},{"block":11029854,"timestamp":1631992570,"swapAmountBNB":20,"namebuy":"biswap","buyPrice":8228.28,"namesell":"pancake","sellPrice":8213.14},{"block":11029855,"timestamp":1631992573,"swapAmountBNB":20,"namebuy":"biswap","buyPrice":8228.28,"namesell":"pancake","sellPrice":8213.17},{"block":11029856,"timestamp":1631992576,"swapAmountBNB":20,"namebuy":"biswap","buyPrice":8228.28,"namesell":"pancake","sellPrice":8212.84},{"block":11029857,"timestamp":1631992579,"swapAmountBNB":20,"namebuy":"biswap","buyPrice":8228.28,"namesell":"pancake","sellPrice":8212.84},{"block":11029858,"timestamp":1631992582,"swapAmountBNB":20,"namebuy":"biswap","buyPrice":8228.28,"namesell":"pancake","sellPrice":8212.83},{"block":11029859,"timestamp":1631992585,"swapAmountBNB":20,"namebuy":"biswap","buyPrice":8228.28,"namesell":"pancake","sellPrice":8212.84},{"block":11029860,"timestamp":1631992588,"swapAmountBNB":20,"namebuy":"biswap","buyPrice":8228.28,"namesell":"pancake","sellPrice":8212.8},{"block":11029861,"timestamp":1631992591,"swapAmountBNB":20,"namebuy":"biswap","buyPrice":8228.28,"namesell":"pancake","sellPrice":8212.91},{"block":11029862,"timestamp":1631992594,"swapAmountBNB":20,"namebuy":"biswap","buyPrice":8228.28,"namesell":"pancake","sellPrice":8212.82},{"block":11029863,"timestamp":1631992597,"swapAmountBNB":20,"namebuy":"biswap","buyPrice":8228.28,"namesell":"pancake","sellPrice":8212.82},{"block":11029864,"timestamp":1631992600,"swapAmountBNB":20,"namebuy":"biswap","buyPrice":8228.75,"namesell":"pancake","sellPrice":8212.6},{"block":11029865,"timestamp":1631992603,"swapAmountBNB":20,"namebuy":"biswap","buyPrice":8228.75,"namesell":"pancake","sellPrice":8212.6},{"block":11029866,"timestamp":1631992606,"swapAmountBNB":20,"namebuy":"biswap","buyPrice":8229.41,"namesell":"pancake","sellPrice":8212.6},{"block":11029867,"timestamp":1631992609,"swapAmountBNB":20,"namebuy":"biswap","buyPrice":8229.41,"namesell":"pancake","sellPrice":8212.49},{"block":11029868,"timestamp":1631992612,"swapAmountBNB":20,"namebuy":"biswap","buyPrice":8229.46,"namesell":"pancake","sellPrice":8212.49},{"block":11029869,"timestamp":1631992615,"swapAmountBNB":20,"namebuy":"biswap","buyPrice":8229.46,"namesell":"pancake","sellPrice":8212.34},{"block":11029870,"timestamp":1631992618,"swapAmountBNB":20,"namebuy":"biswap","buyPrice":8229.46,"namesell":"pancake","sellPrice":8212.33},{"block":11029871,"timestamp":1631992621,"swapAmountBNB":20,"namebuy":"biswap","buyPrice":8233.88,"namesell":"pancake","sellPrice":8212.47},{"block":11029872,"timestamp":1631992624,"swapAmountBNB":20,"namebuy":"biswap","buyPrice":8233.88,"namesell":"pancake","sellPrice":8212.46},{"block":11029873,"timestamp":1631992627,"swapAmountBNB":20,"namebuy":"biswap","buyPrice":8236,"namesell":"pancake","sellPrice":8212.36},{"block":11029874,"timestamp":1631992630,"swapAmountBNB":20,"namebuy":"biswap","buyPrice":8236,"namesell":"pancake","sellPrice":8212.34},{"block":11029875,"timestamp":1631992633,"swapAmountBNB":20,"namebuy":"biswap","buyPrice":8236,"namesell":"pancake","sellPrice":8212.33},{"block":11029876,"timestamp":1631992636,"swapAmountBNB":20,"namebuy":"biswap","buyPrice":8236,"namesell":"pancake","sellPrice":8212.15},{"block":11029877,"timestamp":1631992639,"swapAmountBNB":20,"namebuy":"biswap","buyPrice":8236,"namesell":"pancake","sellPrice":8212.07},{"block":11029878,"timestamp":1631992642,"swapAmountBNB":20,"namebuy":"biswap","buyPrice":8231.58,"namesell":"pancake","sellPrice":8212.1},{"block":11029879,"timestamp":1631992645,"swapAmountBNB":20,"namebuy":"biswap","buyPrice":8231.58,"namesell":"pancake","sellPrice":8212.1},{"block":11029880,"timestamp":1631992648,"swapAmountBNB":20,"namebuy":"biswap","buyPrice":8231.58,"namesell":"pancake","sellPrice":8212.14},{"block":11029881,"timestamp":1631992651,"swapAmountBNB":20,"namebuy":"biswap","buyPrice":8231.58,"namesell":"pancake","sellPrice":8212.15},{"block":11029882,"timestamp":1631992654,"swapAmountBNB":20,"namebuy":"biswap","buyPrice":8231.58,"namesell":"pancake","sellPrice":8212.17},{"block":11029883,"timestamp":1631992657,"swapAmountBNB":20,"namebuy":"biswap","buyPrice":8227.17,"namesell":"pancake","sellPrice":8211.75},{"block":11029884,"timestamp":1631992660,"swapAmountBNB":20,"namebuy":"biswap","buyPrice":8227.17,"namesell":"pancake","sellPrice":8210.89},{"block":11029885,"timestamp":1631992663,"swapAmountBNB":20,"namebuy":"biswap","buyPrice":8227.17,"namesell":"pancake","sellPrice":8210.92},{"block":11029886,"timestamp":1631992666,"swapAmountBNB":20,"namebuy":"biswap","buyPrice":8222.76,"namesell":"pancake","sellPrice":8210.86},{"block":11029887,"timestamp":1631992669,"swapAmountBNB":20,"namebuy":"biswap","buyPrice":8223.17,"namesell":"pancake","sellPrice":8210.56},{"block":11029888,"timestamp":1631992672,"swapAmountBNB":20,"namebuy":"biswap","buyPrice":8223.17,"namesell":"pancake","sellPrice":8210.3},{"block":11029889,"timestamp":1631992675,"swapAmountBNB":20,"namebuy":"biswap","buyPrice":8223.17,"namesell":"pancake","sellPrice":8210.33},{"block":11029890,"timestamp":1631992678,"swapAmountBNB":20,"namebuy":"biswap","buyPrice":8223.17,"namesell":"pancake","sellPrice":8210.34},{"block":11029891,"timestamp":1631992681,"swapAmountBNB":20,"namebuy":"biswap","buyPrice":8223.5,"namesell":"pancake","sellPrice":8210.27},{"block":11029892,"timestamp":1631992684,"swapAmountBNB":20,"namebuy":"biswap","buyPrice":8223.5,"namesell":"pancake","sellPrice":8210.26},{"block":11029893,"timestamp":1631992687,"swapAmountBNB":20,"namebuy":"biswap","buyPrice":8223.5,"namesell":"pancake","sellPrice":8210.26},{"block":11029894,"timestamp":1631992690,"swapAmountBNB":20,"namebuy":"biswap","buyPrice":8223.5,"namesell":"pancake","sellPrice":8210.33},{"block":11029895,"timestamp":1631992693,"swapAmountBNB":20,"namebuy":"biswap","buyPrice":8223.41,"namesell":"pancake","sellPrice":8210.3},{"block":11029896,"timestamp":1631992696,"swapAmountBNB":20,"namebuy":"biswap","buyPrice":8223.41,"namesell":"pancake","sellPrice":8210.29},{"block":11029897,"timestamp":1631992699,"swapAmountBNB":20,"namebuy":"biswap","buyPrice":8223.41,"namesell":"pancake","sellPrice":8210.27},{"block":11029898,"timestamp":1631992702,"swapAmountBNB":20,"namebuy":"biswap","buyPrice":8223.41,"namesell":"pancake","sellPrice":8210.02},{"block":11029899,"timestamp":1631992705,"swapAmountBNB":20,"namebuy":"biswap","buyPrice":8223.41,"namesell":"pancake","sellPrice":8209.97},{"block":11029900,"timestamp":1631992708,"swapAmountBNB":20,"namebuy":"biswap","buyPrice":8223.41,"namesell":"pancake","sellPrice":8209.9},{"block":11029901,"timestamp":1631992711,"swapAmountBNB":20,"namebuy":"biswap","buyPrice":8223.41,"namesell":"pancake","sellPrice":8209.73},{"block":11029902,"timestamp":1631992714,"swapAmountBNB":20,"namebuy":"biswap","buyPrice":8223.41,"namesell":"pancake","sellPrice":8209.26},{"block":11029903,"timestamp":1631992717,"swapAmountBNB":20,"namebuy":"biswap","buyPrice":8223.41,"namesell":"pancake","sellPrice":8209.19},{"block":11029904,"timestamp":1631992720,"swapAmountBNB":20,"namebuy":"biswap","buyPrice":8227.83,"namesell":"pancake","sellPrice":8209.18},{"block":11029905,"timestamp":1631992723,"swapAmountBNB":20,"namebuy":"biswap","buyPrice":8227.83,"namesell":"pancake","sellPrice":8209.29},{"block":11029906,"timestamp":1631992726,"swapAmountBNB":20,"namebuy":"biswap","buyPrice":8232.87,"namesell":"pancake","sellPrice":8209.34},{"block":11029907,"timestamp":1631992729,"swapAmountBNB":20,"namebuy":"biswap","buyPrice":8234.2,"namesell":"biswap","sellPrice":8209.73},{"block":11029908,"timestamp":1631992732,"swapAmountBNB":20,"namebuy":"biswap","buyPrice":8234.2,"namesell":"biswap","sellPrice":8209.73},{"block":11029909,"timestamp":1631992735,"swapAmountBNB":20,"namebuy":"biswap","buyPrice":8236.3,"namesell":"biswap","sellPrice":8211.82},{"block":11029910,"timestamp":1631992738,"swapAmountBNB":20,"namebuy":"biswap","buyPrice":8236.3,"namesell":"biswap","sellPrice":8211.82},{"block":11029911,"timestamp":1631992741,"swapAmountBNB":20,"namebuy":"biswap","buyPrice":8236.3,"namesell":"biswap","sellPrice":8211.82},{"block":11029912,"timestamp":1631992744,"swapAmountBNB":20,"namebuy":"biswap","buyPrice":8236.3,"namesell":"biswap","sellPrice":8211.82},{"block":11029913,"timestamp":1631992747,"swapAmountBNB":20,"namebuy":"biswap","buyPrice":8236.3,"namesell":"biswap","sellPrice":8211.82},{"block":11029914,"timestamp":1631992750,"swapAmountBNB":20,"namebuy":"biswap","buyPrice":8236.3,"namesell":"biswap","sellPrice":8211.82},{"block":11029915,"timestamp":1631992753,"swapAmountBNB":20,"namebuy":"biswap","buyPrice":8236.3,"namesell":"biswap","sellPrice":8211.82},{"block":11029916,"timestamp":1631992756,"swapAmountBNB":20,"namebuy":"biswap","buyPrice":8238.16,"namesell":"biswap","sellPrice":8213.67},{"block":11029917,"timestamp":1631992760,"swapAmountBNB":20,"namebuy":"biswap","buyPrice":8238.16,"namesell":"biswap","sellPrice":8213.67},{"block":11029917,"timestamp":1631992759,"swapAmountBNB":20,"namebuy":"biswap","buyPrice":8238.16,"namesell":"biswap","sellPrice":8213.67},{"block":11029918,"timestamp":1631992762,"swapAmountBNB":20,"namebuy":"biswap","buyPrice":8239.48,"namesell":"biswap","sellPrice":8214.99},{"block":11029919,"timestamp":1631992765,"swapAmountBNB":20,"namebuy":"biswap","buyPrice":8236.68,"namesell":"biswap","sellPrice":8212.2},{"block":11029920,"timestamp":1631992768,"swapAmountBNB":20,"namebuy":"biswap","buyPrice":8237.81,"namesell":"apeswap","sellPrice":8213.77},{"block":11029921,"timestamp":1631992771,"swapAmountBNB":20,"namebuy":"biswap","buyPrice":8237.81,"namesell":"apeswap","sellPrice":8213.77},{"block":11029922,"timestamp":1631992774,"swapAmountBNB":20,"namebuy":"biswap","buyPrice":8239.07,"namesell":"biswap","sellPrice":8214.59},{"block":11029923,"timestamp":1631992777,"swapAmountBNB":20,"namebuy":"biswap","buyPrice":8239.63,"namesell":"biswap","sellPrice":8215.14},{"block":11029924,"timestamp":1631992780,"swapAmountBNB":20,"namebuy":"biswap","buyPrice":8242.34,"namesell":"biswap","sellPrice":8217.84},{"block":11029925,"timestamp":1631992783,"swapAmountBNB":20,"namebuy":"biswap","buyPrice":8237.92,"namesell":"apeswap","sellPrice":8220.26},{"block":11029926,"timestamp":1631992786,"swapAmountBNB":20,"namebuy":"biswap","buyPrice":8238.29,"namesell":"apeswap","sellPrice":8220.26},{"block":11029927,"timestamp":1631992789,"swapAmountBNB":20,"namebuy":"biswap","buyPrice":8238.29,"namesell":"apeswap","sellPrice":8220.26},{"block":11029928,"timestamp":1631992792,"swapAmountBNB":20,"namebuy":"biswap","buyPrice":8238.29,"namesell":"apeswap","sellPrice":8220.26},{"block":11029929,"timestamp":1631992795,"swapAmountBNB":20,"namebuy":"biswap","buyPrice":8239.74,"namesell":"apeswap","sellPrice":8220.13}]}