{"table":[{"block":11423150,"timestamp":1633181994,"swapAmountBNB":5,"namebuy":"biswap","buyPrice":2120.67,"namesell":"biswap","sellPrice":2115.64},{"block":11423151,"timestamp":1633181997,"swapAmountBNB":5,"namebuy":"biswap","buyPrice":2121.13,"namesell":"biswap","sellPrice":2116.1},{"block":11423151,"timestamp":1633181997,"swapAmountBNB":5,"namebuy":"biswap","buyPrice":2121.46,"namesell":"biswap","sellPrice":2116.43},{"block":11423152,"timestamp":1633182000,"swapAmountBNB":5,"namebuy":"biswap","buyPrice":2121.46,"namesell":"biswap","sellPrice":2116.43},{"block":11423152,"timestamp":1633182000,"swapAmountBNB":5,"namebuy":"biswap","buyPrice":2121.46,"namesell":"biswap","sellPrice":2116.43},{"block":11423153,"timestamp":1633182003,"swapAmountBNB":5,"namebuy":"biswap","buyPrice":2121.46,"namesell":"biswap","sellPrice":2116.43},{"block":11423153,"timestamp":1633182003,"swapAmountBNB":5,"namebuy":"biswap","buyPrice":2121.46,"namesell":"biswap","sellPrice":2116.43},{"block":11423154,"timestamp":1633182006,"swapAmountBNB":5,"namebuy":"biswap","buyPrice":2121.46,"namesell":"biswap","sellPrice":2116.43},{"block":11423154,"timestamp":1633182006,"swapAmountBNB":5,"namebuy":"biswap","buyPrice":2121.46,"namesell":"biswap","sellPrice":2116.43},{"block":11423155,"timestamp":1633182010,"swapAmountBNB":5,"namebuy":"biswap","buyPrice":2121.87,"namesell":"biswap","sellPrice":2116.84},{"block":11423155,"timestamp":1633182009,"swapAmountBNB":5,"namebuy":"biswap","buyPrice":2121.87,"namesell":"biswap","sellPrice":2116.84},{"block":11423156,"timestamp":1633182012,"swapAmountBNB":5,"namebuy":"biswap","buyPrice":2122.25,"namesell":"biswap","sellPrice":2117.22},{"block":11423155,"timestamp":1633182009,"swapAmountBNB":5,"namebuy":"biswap","buyPrice":2121.87,"namesell":"biswap","sellPrice":2116.84},{"block":11423157,"timestamp":1633182015,"swapAmountBNB":5,"namebuy":"biswap","buyPrice":2121.63,"namesell":"biswap","sellPrice":2116.6},{"block":11423156,"timestamp":1633182012,"swapAmountBNB":5,"namebuy":"biswap","buyPrice":2121.63,"namesell":"biswap","sellPrice":2116.6},{"block":11423157,"timestamp":1633182015,"swapAmountBNB":5,"namebuy":"biswap","buyPrice":2121.8,"namesell":"biswap","sellPrice":2116.6},{"block":11423158,"timestamp":1633182018,"swapAmountBNB":5,"namebuy":"biswap","buyPrice":2121.8,"namesell":"biswap","sellPrice":2116.76},{"block":11423158,"timestamp":1633182018,"swapAmountBNB":5,"namebuy":"biswap","buyPrice":2121.8,"namesell":"biswap","sellPrice":2116.76},{"block":11423159,"timestamp":1633182021,"swapAmountBNB":5,"namebuy":"biswap","buyPrice":2122.12,"namesell":"biswap","sellPrice":2117.08},{"block":11423159,"timestamp":1633182021,"swapAmountBNB":5,"namebuy":"biswap","buyPrice":2122.12,"namesell":"biswap","sellPrice":2117.08},{"block":11423160,"timestamp":1633182024,"swapAmountBNB":5,"namebuy":"biswap","buyPrice":2122.11,"namesell":"biswap","sellPrice":2117.07},{"block":11423160,"timestamp":1633182024,"swapAmountBNB":5,"namebuy":"biswap","buyPrice":2122.11,"namesell":"biswap","sellPrice":2117.07},{"block":11423161,"timestamp":1633182027,"swapAmountBNB":5,"namebuy":"biswap","buyPrice":2122.11,"namesell":"biswap","sellPrice":2117.07},{"block":11423161,"timestamp":1633182027,"swapAmountBNB":5,"namebuy":"biswap","buyPrice":2122.11,"namesell":"biswap","sellPrice":2117.07},{"block":11423162,"timestamp":1633182030,"swapAmountBNB":5,"namebuy":"biswap","buyPrice":2122.34,"namesell":"biswap","sellPrice":2117.3},{"block":11423162,"timestamp":1633182030,"swapAmountBNB":5,"namebuy":"biswap","buyPrice":2122.34,"namesell":"biswap","sellPrice":2117.3},{"block":11423163,"timestamp":1633182033,"swapAmountBNB":5,"namebuy":"biswap","buyPrice":2122.34,"namesell":"biswap","sellPrice":2117.3},{"block":11423163,"timestamp":1633182033,"swapAmountBNB":5,"namebuy":"biswap","buyPrice":2122.34,"namesell":"biswap","sellPrice":2117.3},{"block":11423164,"timestamp":1633182036,"swapAmountBNB":5,"namebuy":"biswap","buyPrice":2120.99,"namesell":"biswap","sellPrice":2115.95},{"block":11423164,"timestamp":1633182036,"swapAmountBNB":5,"namebuy":"biswap","buyPrice":2120.99,"namesell":"biswap","sellPrice":2115.95},{"block":11423165,"timestamp":1633182039,"swapAmountBNB":5,"namebuy":"biswap","buyPrice":2120.99,"namesell":"biswap","sellPrice":2115.95},{"block":11423165,"timestamp":1633182039,"swapAmountBNB":5,"namebuy":"biswap","buyPrice":2120.99,"namesell":"biswap","sellPrice":2115.95},{"block":11423166,"timestamp":1633182042,"swapAmountBNB":5,"namebuy":"biswap","buyPrice":2121,"namesell":"biswap","sellPrice":2115.96},{"block":11423166,"timestamp":1633182042,"swapAmountBNB":5,"namebuy":"biswap","buyPrice":2121,"namesell":"biswap","sellPrice":2115.96},{"block":11423167,"timestamp":1633182045,"swapAmountBNB":5,"namebuy":"biswap","buyPrice":2121.04,"namesell":"biswap","sellPrice":2116.01},{"block":11423167,"timestamp":1633182045,"swapAmountBNB":5,"namebuy":"biswap","buyPrice":2121.04,"namesell":"biswap","sellPrice":2116.01},{"block":11423168,"timestamp":1633182048,"swapAmountBNB":5,"namebuy":"biswap","buyPrice":2121.5,"namesell":"biswap","sellPrice":2116.47},{"block":11423168,"timestamp":1633182048,"swapAmountBNB":5,"namebuy":"biswap","buyPrice":2121.5,"namesell":"biswap","sellPrice":2116.47},{"block":11423169,"timestamp":1633182051,"swapAmountBNB":5,"namebuy":"biswap","buyPrice":2121.5,"namesell":"biswap","sellPrice":2116.47},{"block":11423169,"timestamp":1633182051,"swapAmountBNB":5,"namebuy":"biswap","buyPrice":2121.5,"namesell":"biswap","sellPrice":2116.47},{"block":11423170,"timestamp":1633182054,"swapAmountBNB":5,"namebuy":"biswap","buyPrice":2121.5,"namesell":"biswap","sellPrice":2116.47},{"block":11423170,"timestamp":1633182054,"swapAmountBNB":5,"namebuy":"biswap","buyPrice":2121.5,"namesell":"biswap","sellPrice":2116.47},{"block":11423171,"timestamp":1633182057,"swapAmountBNB":5,"namebuy":"biswap","buyPrice":2121.83,"namesell":"biswap","sellPrice":2116.79},{"block":11423172,"timestamp":1633182060,"swapAmountBNB":5,"namebuy":"biswap","buyPrice":2121.83,"namesell":"biswap","sellPrice":2116.79},{"block":11423172,"timestamp":1633182060,"swapAmountBNB":5,"namebuy":"biswap","buyPrice":2121.83,"namesell":"biswap","sellPrice":2116.79},{"block":11423173,"timestamp":1633182063,"swapAmountBNB":5,"namebuy":"biswap","buyPrice":2121.83,"namesell":"biswap","sellPrice":2116.79},{"block":11423173,"timestamp":1633182063,"swapAmountBNB":5,"namebuy":"biswap","buyPrice":2121.83,"namesell":"biswap","sellPrice":2116.79},{"block":11423174,"timestamp":1633182066,"swapAmountBNB":5,"namebuy":"biswap","buyPrice":2121.83,"namesell":"biswap","sellPrice":2116.79},{"block":11423174,"timestamp":1633182066,"swapAmountBNB":5,"namebuy":"biswap","buyPrice":2121.83,"namesell":"biswap","sellPrice":2116.79},{"block":11423175,"timestamp":1633182069,"swapAmountBNB":5,"namebuy":"biswap","buyPrice":2121.83,"namesell":"biswap","sellPrice":2116.79},{"block":11423175,"timestamp":1633182069,"swapAmountBNB":5,"namebuy":"biswap","buyPrice":2121.83,"namesell":"biswap","sellPrice":2116.79},{"block":11423176,"timestamp":1633182072,"swapAmountBNB":5,"namebuy":"biswap","buyPrice":2121.83,"namesell":"biswap","sellPrice":2116.79},{"block":11423176,"timestamp":1633182072,"swapAmountBNB":5,"namebuy":"biswap","buyPrice":2121.83,"namesell":"biswap","sellPrice":2116.79},{"block":11423177,"timestamp":1633182075,"swapAmountBNB":5,"namebuy":"biswap","buyPrice":2121.19,"namesell":"biswap","sellPrice":2116.15},{"block":11423177,"timestamp":1633182075,"swapAmountBNB":5,"namebuy":"biswap","buyPrice":2121.19,"namesell":"biswap","sellPrice":2116.15},{"block":11423178,"timestamp":1633182078,"swapAmountBNB":5,"namebuy":"biswap","buyPrice":2121.19,"namesell":"biswap","sellPrice":2116.15},{"block":11423178,"timestamp":1633182078,"swapAmountBNB":5,"namebuy":"biswap","buyPrice":2121.19,"namesell":"biswap","sellPrice":2116.15},{"block":11423179,"timestamp":1633182081,"swapAmountBNB":5,"namebuy":"biswap","buyPrice":2121.19,"namesell":"biswap","sellPrice":2116.15},{"block":11423180,"timestamp":1633182084,"swapAmountBNB":5,"namebuy":"biswap","buyPrice":2121.19,"namesell":"biswap","sellPrice":2116.15},{"block":11423179,"timestamp":1633182081,"swapAmountBNB":5,"namebuy":"biswap","buyPrice":2121.19,"namesell":"biswap","sellPrice":2116.15},{"block":11423180,"timestamp":1633182084,"swapAmountBNB":5,"namebuy":"biswap","buyPrice":2121.19,"namesell":"biswap","sellPrice":2116.15},{"block":11423181,"timestamp":1633182087,"swapAmountBNB":5,"namebuy":"biswap","buyPrice":2121.19,"namesell":"biswap","sellPrice":2116.16},{"block":11423181,"timestamp":1633182087,"swapAmountBNB":5,"namebuy":"biswap","buyPrice":2121.19,"namesell":"biswap","sellPrice":2116.16},{"block":11423182,"timestamp":1633182090,"swapAmountBNB":5,"namebuy":"biswap","buyPrice":2121.19,"namesell":"biswap","sellPrice":2116.16},{"block":11423182,"timestamp":1633182090,"swapAmountBNB":5,"namebuy":"biswap","buyPrice":2121.19,"namesell":"biswap","sellPrice":2116.16},{"block":11423183,"timestamp":1633182093,"swapAmountBNB":5,"namebuy":"biswap","buyPrice":2121.34,"namesell":"biswap","sellPrice":2116.31},{"block":11423183,"timestamp":1633182093,"swapAmountBNB":5,"namebuy":"biswap","buyPrice":2121.34,"namesell":"biswap","sellPrice":2116.31},{"block":11423184,"timestamp":1633182096,"swapAmountBNB":5,"namebuy":"biswap","buyPrice":2121.34,"namesell":"biswap","sellPrice":2116.31},{"block":11423184,"timestamp":1633182096,"swapAmountBNB":5,"namebuy":"biswap","buyPrice":2121.34,"namesell":"biswap","sellPrice":2116.31},{"block":11423185,"timestamp":1633182099,"swapAmountBNB":5,"namebuy":"biswap","buyPrice":2121.34,"namesell":"biswap","sellPrice":2116.31},{"block":11423185,"timestamp":1633182099,"swapAmountBNB":5,"namebuy":"biswap","buyPrice":2121.34,"namesell":"biswap","sellPrice":2116.31},{"block":11423186,"timestamp":1633182102,"swapAmountBNB":5,"namebuy":"biswap","buyPrice":2121.34,"namesell":"biswap","sellPrice":2116.31},{"block":11423186,"timestamp":1633182102,"swapAmountBNB":5,"namebuy":"biswap","buyPrice":2121.34,"namesell":"biswap","sellPrice":2116.31},{"block":11423187,"timestamp":1633182105,"swapAmountBNB":5,"namebuy":"biswap","buyPrice":2121.52,"namesell":"biswap","sellPrice":2116.49},{"block":11423187,"timestamp":1633182105,"swapAmountBNB":5,"namebuy":"biswap","buyPrice":2121.52,"namesell":"biswap","sellPrice":2116.49},{"block":11423188,"timestamp":1633182108,"swapAmountBNB":5,"namebuy":"biswap","buyPrice":2121.6,"namesell":"biswap","sellPrice":2116.56},{"block":11423188,"timestamp":1633182108,"swapAmountBNB":5,"namebuy":"biswap","buyPrice":2121.6,"namesell":"biswap","sellPrice":2116.56},{"block":11423189,"timestamp":1633182111,"swapAmountBNB":5,"namebuy":"biswap","buyPrice":2121.61,"namesell":"biswap","sellPrice":2116.58},{"block":11423189,"timestamp":1633182111,"swapAmountBNB":5,"namebuy":"biswap","buyPrice":2121.61,"namesell":"biswap","sellPrice":2116.58},{"block":11423190,"timestamp":1633182114,"swapAmountBNB":5,"namebuy":"biswap","buyPrice":2121.65,"namesell":"biswap","sellPrice":2116.61},{"block":11423190,"timestamp":1633182114,"swapAmountBNB":5,"namebuy":"biswap","buyPrice":2121.65,"namesell":"biswap","sellPrice":2116.61},{"block":11423191,"timestamp":1633182117,"swapAmountBNB":5,"namebuy":"biswap","buyPrice":2121.83,"namesell":"biswap","sellPrice":2116.79},{"block":11423191,"timestamp":1633182117,"swapAmountBNB":5,"namebuy":"biswap","buyPrice":2121.83,"namesell":"biswap","sellPrice":2116.79},{"block":11423192,"timestamp":1633182120,"swapAmountBNB":5,"namebuy":"biswap","buyPrice":2121.83,"namesell":"biswap","sellPrice":2116.79},{"block":11423192,"timestamp":1633182120,"swapAmountBNB":5,"namebuy":"biswap","buyPrice":2121.83,"namesell":"biswap","sellPrice":2116.79},{"block":11423193,"timestamp":1633182123,"swapAmountBNB":5,"namebuy":"biswap","buyPrice":2121.83,"namesell":"biswap","sellPrice":2116.79},{"block":11423194,"timestamp":1633182126,"swapAmountBNB":5,"namebuy":"biswap","buyPrice":2122.37,"namesell":"biswap","sellPrice":2117.33},{"block":11423194,"timestamp":1633182126,"swapAmountBNB":5,"namebuy":"biswap","buyPrice":2122.37,"namesell":"biswap","sellPrice":2117.33},{"block":11423195,"timestamp":1633182129,"swapAmountBNB":5,"namebuy":"biswap","buyPrice":2122.55,"namesell":"biswap","sellPrice":2117.51},{"block":11423196,"timestamp":1633182132,"swapAmountBNB":5,"namebuy":"biswap","buyPrice":2122.13,"namesell":"biswap","sellPrice":2117.1},{"block":11423197,"timestamp":1633182135,"swapAmountBNB":5,"namebuy":"biswap","buyPrice":2122.04,"namesell":"biswap","sellPrice":2117},{"block":11423198,"timestamp":1633182138,"swapAmountBNB":5,"namebuy":"biswap","buyPrice":2122.07,"namesell":"biswap","sellPrice":2117.03},{"block":11423199,"timestamp":1633182141,"swapAmountBNB":5,"namebuy":"biswap","buyPrice":2122.42,"namesell":"biswap","sellPrice":2117.38},{"block":11423200,"timestamp":1633182144,"swapAmountBNB":5,"namebuy":"biswap","buyPrice":2121.92,"namesell":"biswap","sellPrice":2116.89},{"block":11423201,"timestamp":1633182147,"swapAmountBNB":5,"namebuy":"biswap","buyPrice":2121.92,"namesell":"biswap","sellPrice":2116.88},{"block":11423202,"timestamp":1633182150,"swapAmountBNB":5,"namebuy":"biswap","buyPrice":2122.06,"namesell":"biswap","sellPrice":2117.02},{"block":11423203,"timestamp":1633182153,"swapAmountBNB":5,"namebuy":"biswap","buyPrice":2122.13,"namesell":"biswap","sellPrice":2117.09},{"block":11423204,"timestamp":1633182156,"swapAmountBNB":5,"namebuy":"biswap","buyPrice":2121.67,"namesell":"biswap","sellPrice":2116.63},{"block":11423205,"timestamp":1633182159,"swapAmountBNB":5,"namebuy":"biswap","buyPrice":2121.67,"namesell":"biswap","sellPrice":2116.63},{"block":11423206,"timestamp":1633182162,"swapAmountBNB":5,"namebuy":"biswap","buyPrice":2121.97,"namesell":"biswap","sellPrice":2116.63},{"block":11423207,"timestamp":1633182165,"swapAmountBNB":5,"namebuy":"biswap","buyPrice":2121.97,"namesell":"biswap","sellPrice":2116.93},{"block":11423208,"timestamp":1633182168,"swapAmountBNB":5,"namebuy":"biswap","buyPrice":2121.94,"namesell":"biswap","sellPrice":2116.91},{"block":11423209,"timestamp":1633182171,"swapAmountBNB":5,"namebuy":"biswap","buyPrice":2121.94,"namesell":"biswap","sellPrice":2116.91},{"block":11423210,"timestamp":1633182174,"swapAmountBNB":5,"namebuy":"biswap","buyPrice":2122.38,"namesell":"biswap","sellPrice":2117.34},{"block":11423211,"timestamp":1633182177,"swapAmountBNB":5,"namebuy":"biswap","buyPrice":2122.38,"namesell":"biswap","sellPrice":2117.34},{"block":11423212,"timestamp":1633182180,"swapAmountBNB":5,"namebuy":"biswap","buyPrice":2122.38,"namesell":"biswap","sellPrice":2117.34},{"block":11423213,"timestamp":1633182183,"swapAmountBNB":5,"namebuy":"biswap","buyPrice":2122.52,"namesell":"biswap","sellPrice":2117.49},{"block":11423214,"timestamp":1633182186,"swapAmountBNB":5,"namebuy":"biswap","buyPrice":2121.83,"namesell":"biswap","sellPrice":2116.8},{"block":11423215,"timestamp":1633182189,"swapAmountBNB":5,"namebuy":"biswap","buyPrice":2121.83,"namesell":"biswap","sellPrice":2116.8},{"block":11423216,"timestamp":1633182192,"swapAmountBNB":5,"namebuy":"biswap","buyPrice":2121.83,"namesell":"biswap","sellPrice":2116.8},{"block":11423217,"timestamp":1633182195,"swapAmountBNB":5,"namebuy":"biswap","buyPrice":2121.83,"namesell":"biswap","sellPrice":2116.8},{"block":11423218,"timestamp":1633182198,"swapAmountBNB":5,"namebuy":"biswap","buyPrice":2122.02,"namesell":"biswap","sellPrice":2116.98},{"block":11423219,"timestamp":1633182201,"swapAmountBNB":5,"namebuy":"biswap","buyPrice":2122.02,"namesell":"biswap","sellPrice":2116.98},{"block":11423220,"timestamp":1633182204,"swapAmountBNB":5,"namebuy":"biswap","buyPrice":2121.96,"namesell":"biswap","sellPrice":2116.93},{"block":11423221,"timestamp":1633182207,"swapAmountBNB":5,"namebuy":"biswap","buyPrice":2121.77,"namesell":"biswap","sellPrice":2116.74}]}