{"table":[{"block":11422951,"timestamp":1633181397,"swapAmountBNB":5,"namebuy":"biswap","buyPrice":2119.49,"namesell":"biswap","sellPrice":2114.46},{"block":11422952,"timestamp":1633181400,"swapAmountBNB":5,"namebuy":"biswap","buyPrice":2119.6,"namesell":"biswap","sellPrice":2114.57},{"block":11422953,"timestamp":1633181403,"swapAmountBNB":5,"namebuy":"biswap","buyPrice":2119.6,"namesell":"biswap","sellPrice":2114.57},{"block":11422954,"timestamp":1633181406,"swapAmountBNB":5,"namebuy":"biswap","buyPrice":2119.6,"namesell":"biswap","sellPrice":2114.57},{"block":11422955,"timestamp":1633181409,"swapAmountBNB":5,"namebuy":"biswap","buyPrice":2120.07,"namesell":"biswap","sellPrice":2115.04},{"block":11422956,"timestamp":1633181412,"swapAmountBNB":5,"namebuy":"biswap","buyPrice":2120.07,"namesell":"biswap","sellPrice":2115.04},{"block":11422957,"timestamp":1633181415,"swapAmountBNB":5,"namebuy":"biswap","buyPrice":2120.4,"namesell":"biswap","sellPrice":2115.37},{"block":11422958,"timestamp":1633181418,"swapAmountBNB":5,"namebuy":"biswap","buyPrice":2120.4,"namesell":"biswap","sellPrice":2115.37},{"block":11422959,"timestamp":1633181421,"swapAmountBNB":5,"namebuy":"biswap","buyPrice":2120.4,"namesell":"biswap","sellPrice":2115.37},{"block":11422960,"timestamp":1633181424,"swapAmountBNB":5,"namebuy":"biswap","buyPrice":2119.13,"namesell":"biswap","sellPrice":2114.1},{"block":11422961,"timestamp":1633181427,"swapAmountBNB":5,"namebuy":"biswap","buyPrice":2119.51,"namesell":"biswap","sellPrice":2114.48},{"block":11422962,"timestamp":1633181430,"swapAmountBNB":5,"namebuy":"biswap","buyPrice":2119.68,"namesell":"biswap","sellPrice":2114.65},{"block":11422963,"timestamp":1633181433,"swapAmountBNB":5,"namebuy":"biswap","buyPrice":2119.68,"namesell":"biswap","sellPrice":2114.65},{"block":11422964,"timestamp":1633181436,"swapAmountBNB":5,"namebuy":"biswap","buyPrice":2119.68,"namesell":"biswap","sellPrice":2114.65},{"block":11422965,"timestamp":1633181439,"swapAmountBNB":5,"namebuy":"biswap","buyPrice":2120.31,"namesell":"biswap","sellPrice":2115.28},{"block":11422966,"timestamp":1633181442,"swapAmountBNB":5,"namebuy":"biswap","buyPrice":2119.68,"namesell":"biswap","sellPrice":2114.65},{"block":11422967,"timestamp":1633181445,"swapAmountBNB":5,"namebuy":"biswap","buyPrice":2119.68,"namesell":"biswap","sellPrice":2114.65},{"block":11422968,"timestamp":1633181448,"swapAmountBNB":5,"namebuy":"biswap","buyPrice":2119.67,"namesell":"biswap","sellPrice":2114.64},{"block":11422969,"timestamp":1633181451,"swapAmountBNB":5,"namebuy":"biswap","buyPrice":2119.67,"namesell":"biswap","sellPrice":2114.64},{"block":11422970,"timestamp":1633181454,"swapAmountBNB":5,"namebuy":"biswap","buyPrice":2119.68,"namesell":"biswap","sellPrice":2114.65},{"block":11422971,"timestamp":1633181457,"swapAmountBNB":5,"namebuy":"biswap","buyPrice":2119.68,"namesell":"biswap","sellPrice":2114.65},{"block":11422972,"timestamp":1633181460,"swapAmountBNB":5,"namebuy":"biswap","buyPrice":2119.21,"namesell":"biswap","sellPrice":2114.18},{"block":11422973,"timestamp":1633181463,"swapAmountBNB":5,"namebuy":"biswap","buyPrice":2118.46,"namesell":"biswap","sellPrice":2113.43},{"block":11422974,"timestamp":1633181466,"swapAmountBNB":5,"namebuy":"biswap","buyPrice":2118.46,"namesell":"biswap","sellPrice":2113.43},{"block":11422975,"timestamp":1633181469,"swapAmountBNB":5,"namebuy":"biswap","buyPrice":2118.46,"namesell":"biswap","sellPrice":2113.43},{"block":11422976,"timestamp":1633181472,"swapAmountBNB":5,"namebuy":"biswap","buyPrice":2118.46,"namesell":"biswap","sellPrice":2113.43},{"block":11422977,"timestamp":1633181475,"swapAmountBNB":5,"namebuy":"biswap","buyPrice":2118.46,"namesell":"pancake","sellPrice":2113.63},{"block":11422978,"timestamp":1633181478,"swapAmountBNB":5,"namebuy":"biswap","buyPrice":2118.46,"namesell":"pancake","sellPrice":2113.6},{"block":11422979,"timestamp":1633181481,"swapAmountBNB":5,"namebuy":"biswap","buyPrice":2118.46,"namesell":"pancake","sellPrice":2113.58},{"block":11422980,"timestamp":1633181484,"swapAmountBNB":5,"namebuy":"biswap","buyPrice":2119.73,"namesell":"biswap","sellPrice":2114.7},{"block":11422981,"timestamp":1633181487,"swapAmountBNB":5,"namebuy":"biswap","buyPrice":2119.73,"namesell":"biswap","sellPrice":2114.7},{"block":11422982,"timestamp":1633181490,"swapAmountBNB":5,"namebuy":"biswap","buyPrice":2120.12,"namesell":"biswap","sellPrice":2115.09},{"block":11422983,"timestamp":1633181493,"swapAmountBNB":5,"namebuy":"biswap","buyPrice":2120.73,"namesell":"biswap","sellPrice":2115.7},{"block":11422984,"timestamp":1633181496,"swapAmountBNB":5,"namebuy":"biswap","buyPrice":2120.73,"namesell":"biswap","sellPrice":2115.7},{"block":11422985,"timestamp":1633181499,"swapAmountBNB":5,"namebuy":"biswap","buyPrice":2120.87,"namesell":"biswap","sellPrice":2115.83},{"block":11422986,"timestamp":1633181502,"swapAmountBNB":5,"namebuy":"biswap","buyPrice":2121.03,"namesell":"biswap","sellPrice":2116},{"block":11422987,"timestamp":1633181505,"swapAmountBNB":5,"namebuy":"biswap","buyPrice":2121.03,"namesell":"biswap","sellPrice":2116},{"block":11422988,"timestamp":1633181508,"swapAmountBNB":5,"namebuy":"biswap","buyPrice":2121.03,"namesell":"biswap","sellPrice":2116},{"block":11422989,"timestamp":1633181511,"swapAmountBNB":5,"namebuy":"biswap","buyPrice":2121.03,"namesell":"biswap","sellPrice":2116},{"block":11422990,"timestamp":1633181514,"swapAmountBNB":5,"namebuy":"biswap","buyPrice":2121.03,"namesell":"biswap","sellPrice":2116},{"block":11422991,"timestamp":1633181517,"swapAmountBNB":5,"namebuy":"biswap","buyPrice":2120.81,"namesell":"biswap","sellPrice":2115.78},{"block":11422992,"timestamp":1633181520,"swapAmountBNB":5,"namebuy":"biswap","buyPrice":2120.81,"namesell":"biswap","sellPrice":2115.78},{"block":11422993,"timestamp":1633181523,"swapAmountBNB":5,"namebuy":"biswap","buyPrice":2119.11,"namesell":"biswap","sellPrice":2114.08},{"block":11422994,"timestamp":1633181526,"swapAmountBNB":5,"namebuy":"biswap","buyPrice":2119.11,"namesell":"biswap","sellPrice":2114.08},{"block":11422995,"timestamp":1633181529,"swapAmountBNB":5,"namebuy":"biswap","buyPrice":2119.15,"namesell":"biswap","sellPrice":2114.12},{"block":11422996,"timestamp":1633181532,"swapAmountBNB":5,"namebuy":"biswap","buyPrice":2119.15,"namesell":"biswap","sellPrice":2114.12},{"block":11422997,"timestamp":1633181535,"swapAmountBNB":5,"namebuy":"biswap","buyPrice":2119.15,"namesell":"biswap","sellPrice":2114.12},{"block":11422998,"timestamp":1633181538,"swapAmountBNB":5,"namebuy":"biswap","buyPrice":2119.15,"namesell":"biswap","sellPrice":2114.12},{"block":11422999,"timestamp":1633181541,"swapAmountBNB":5,"namebuy":"biswap","buyPrice":2119.36,"namesell":"biswap","sellPrice":2114.33},{"block":11423000,"timestamp":1633181544,"swapAmountBNB":5,"namebuy":"biswap","buyPrice":2119.33,"namesell":"biswap","sellPrice":2114.3},{"block":11423001,"timestamp":1633181547,"swapAmountBNB":5,"namebuy":"biswap","buyPrice":2119.33,"namesell":"biswap","sellPrice":2114.3},{"block":11423002,"timestamp":1633181550,"swapAmountBNB":5,"namebuy":"biswap","buyPrice":2119.7,"namesell":"biswap","sellPrice":2114.67},{"block":11423003,"timestamp":1633181553,"swapAmountBNB":5,"namebuy":"biswap","buyPrice":2119.75,"namesell":"biswap","sellPrice":2114.72},{"block":11423004,"timestamp":1633181556,"swapAmountBNB":5,"namebuy":"biswap","buyPrice":2119.78,"namesell":"biswap","sellPrice":2114.75},{"block":11423005,"timestamp":1633181559,"swapAmountBNB":5,"namebuy":"biswap","buyPrice":2119.78,"namesell":"biswap","sellPrice":2114.75},{"block":11423006,"timestamp":1633181562,"swapAmountBNB":5,"namebuy":"biswap","buyPrice":2119.81,"namesell":"biswap","sellPrice":2114.78},{"block":11423007,"timestamp":1633181565,"swapAmountBNB":5,"namebuy":"biswap","buyPrice":2119.34,"namesell":"biswap","sellPrice":2114.31},{"block":11423008,"timestamp":1633181568,"swapAmountBNB":5,"namebuy":"biswap","buyPrice":2119.35,"namesell":"biswap","sellPrice":2114.32},{"block":11423009,"timestamp":1633181571,"swapAmountBNB":5,"namebuy":"biswap","buyPrice":2119.35,"namesell":"biswap","sellPrice":2114.32},{"block":11423010,"timestamp":1633181574,"swapAmountBNB":5,"namebuy":"biswap","buyPrice":2119.35,"namesell":"biswap","sellPrice":2114.32},{"block":11423011,"timestamp":1633181577,"swapAmountBNB":5,"namebuy":"biswap","buyPrice":2119.37,"namesell":"biswap","sellPrice":2114.34},{"block":11423012,"timestamp":1633181580,"swapAmountBNB":5,"namebuy":"biswap","buyPrice":2119.37,"namesell":"biswap","sellPrice":2114.34},{"block":11423013,"timestamp":1633181583,"swapAmountBNB":5,"namebuy":"biswap","buyPrice":2119.37,"namesell":"biswap","sellPrice":2114.34},{"block":11423014,"timestamp":1633181586,"swapAmountBNB":5,"namebuy":"biswap","buyPrice":2119.37,"namesell":"biswap","sellPrice":2114.34},{"block":11423015,"timestamp":1633181589,"swapAmountBNB":5,"namebuy":"biswap","buyPrice":2118.99,"namesell":"biswap","sellPrice":2114.34},{"block":11423016,"timestamp":1633181592,"swapAmountBNB":5,"namebuy":"biswap","buyPrice":2118.99,"namesell":"biswap","sellPrice":2113.96},{"block":11423017,"timestamp":1633181595,"swapAmountBNB":5,"namebuy":"biswap","buyPrice":2118.99,"namesell":"biswap","sellPrice":2113.96},{"block":11423018,"timestamp":1633181598,"swapAmountBNB":5,"namebuy":"biswap","buyPrice":2118.87,"namesell":"biswap","sellPrice":2113.84},{"block":11423019,"timestamp":1633181601,"swapAmountBNB":5,"namebuy":"biswap","buyPrice":2118.87,"namesell":"biswap","sellPrice":2113.85},{"block":11423020,"timestamp":1633181604,"swapAmountBNB":5,"namebuy":"biswap","buyPrice":2119.08,"namesell":"biswap","sellPrice":2114.06},{"block":11423021,"timestamp":1633181607,"swapAmountBNB":5,"namebuy":"biswap","buyPrice":2119.56,"namesell":"biswap","sellPrice":2114.53},{"block":11423022,"timestamp":1633181610,"swapAmountBNB":5,"namebuy":"biswap","buyPrice":2119.56,"namesell":"biswap","sellPrice":2114.53},{"block":11423023,"timestamp":1633181613,"swapAmountBNB":5,"namebuy":"biswap","buyPrice":2119.56,"namesell":"biswap","sellPrice":2114.53},{"block":11423024,"timestamp":1633181616,"swapAmountBNB":5,"namebuy":"biswap","buyPrice":2119.56,"namesell":"biswap","sellPrice":2114.53},{"block":11423025,"timestamp":1633181619,"swapAmountBNB":5,"namebuy":"biswap","buyPrice":2121.32,"namesell":"biswap","sellPrice":2116.28},{"block":11423026,"timestamp":1633181622,"swapAmountBNB":5,"namebuy":"biswap","buyPrice":2121.83,"namesell":"biswap","sellPrice":2116.79},{"block":11423027,"timestamp":1633181625,"swapAmountBNB":5,"namebuy":"biswap","buyPrice":2121.83,"namesell":"biswap","sellPrice":2116.79},{"block":11423028,"timestamp":1633181628,"swapAmountBNB":5,"namebuy":"biswap","buyPrice":2122.2,"namesell":"biswap","sellPrice":2117.17},{"block":11423029,"timestamp":1633181631,"swapAmountBNB":5,"namebuy":"biswap","buyPrice":2122.21,"namesell":"biswap","sellPrice":2117.17},{"block":11423030,"timestamp":1633181635,"swapAmountBNB":5,"namebuy":"biswap","buyPrice":2122.21,"namesell":"biswap","sellPrice":2117.17},{"block":11423030,"timestamp":1633181634,"swapAmountBNB":5,"namebuy":"biswap","buyPrice":2122.21,"namesell":"biswap","sellPrice":2117.17},{"block":11423031,"timestamp":1633181637,"swapAmountBNB":5,"namebuy":"biswap","buyPrice":2122.19,"namesell":"biswap","sellPrice":2117.16},{"block":11423032,"timestamp":1633181640,"swapAmountBNB":5,"namebuy":"biswap","buyPrice":2122.19,"namesell":"biswap","sellPrice":2117.16},{"block":11423033,"timestamp":1633181643,"swapAmountBNB":5,"namebuy":"biswap","buyPrice":2121.07,"namesell":"apeswap","sellPrice":2118.6},{"block":11423034,"timestamp":1633181646,"swapAmountBNB":5,"namebuy":"biswap","buyPrice":2121.2,"namesell":"apeswap","sellPrice":2118.6},{"block":11423035,"timestamp":1633181649,"swapAmountBNB":5,"namebuy":"biswap","buyPrice":2121.2,"namesell":"apeswap","sellPrice":2118.6},{"block":11423036,"timestamp":1633181652,"swapAmountBNB":5,"namebuy":"biswap","buyPrice":2121.2,"namesell":"apeswap","sellPrice":2118.6},{"block":11423037,"timestamp":1633181655,"swapAmountBNB":5,"namebuy":"biswap","buyPrice":2121.2,"namesell":"apeswap","sellPrice":2118.6},{"block":11423038,"timestamp":1633181658,"swapAmountBNB":5,"namebuy":"biswap","buyPrice":2121.2,"namesell":"apeswap","sellPrice":2118.6},{"block":11423039,"timestamp":1633181661,"swapAmountBNB":5,"namebuy":"biswap","buyPrice":2121.2,"namesell":"apeswap","sellPrice":2118.6},{"block":11423040,"timestamp":1633181664,"swapAmountBNB":5,"namebuy":"biswap","buyPrice":2121.2,"namesell":"apeswap","sellPrice":2118.6},{"block":11423041,"timestamp":1633181667,"swapAmountBNB":5,"namebuy":"biswap","buyPrice":2121.2,"namesell":"apeswap","sellPrice":2116.38},{"block":11423044,"timestamp":1633181676,"swapAmountBNB":5,"namebuy":"biswap","buyPrice":2121.35,"namesell":"biswap","sellPrice":2116.32},{"block":11423042,"timestamp":1633181670,"swapAmountBNB":5,"namebuy":"biswap","buyPrice":2121.35,"namesell":"biswap","sellPrice":2116.32},{"block":11423045,"timestamp":1633181679,"swapAmountBNB":5,"namebuy":"biswap","buyPrice":2121.35,"namesell":"biswap","sellPrice":2116.32},{"block":11423046,"timestamp":1633181682,"swapAmountBNB":5,"namebuy":"biswap","buyPrice":2121.35,"namesell":"biswap","sellPrice":2116.32},{"block":11423047,"timestamp":1633181685,"swapAmountBNB":5,"namebuy":"biswap","buyPrice":2121.35,"namesell":"biswap","sellPrice":2116.32},{"block":11423048,"timestamp":1633181688,"swapAmountBNB":5,"namebuy":"biswap","buyPrice":2121.35,"namesell":"biswap","sellPrice":2116.32},{"block":11423049,"timestamp":1633181691,"swapAmountBNB":5,"namebuy":"biswap","buyPrice":2121.36,"namesell":"biswap","sellPrice":2116.33},{"block":11423050,"timestamp":1633181694,"swapAmountBNB":5,"namebuy":"biswap","buyPrice":2122.45,"namesell":"biswap","sellPrice":2117.52},{"block":11423051,"timestamp":1633181697,"swapAmountBNB":5,"namebuy":"biswap","buyPrice":2122.45,"namesell":"biswap","sellPrice":2117.41},{"block":11423052,"timestamp":1633181700,"swapAmountBNB":5,"namebuy":"apeswap","buyPrice":2122.06,"namesell":"biswap","sellPrice":2117.41},{"block":11423053,"timestamp":1633181703,"swapAmountBNB":5,"namebuy":"apeswap","buyPrice":2122.06,"namesell":"biswap","sellPrice":2117.46},{"block":11423054,"timestamp":1633181706,"swapAmountBNB":5,"namebuy":"biswap","buyPrice":2121.24,"namesell":"biswap","sellPrice":2117.46},{"block":11423055,"timestamp":1633181709,"swapAmountBNB":5,"namebuy":"biswap","buyPrice":2121.24,"namesell":"biswap","sellPrice":2116.2},{"block":11423056,"timestamp":1633181712,"swapAmountBNB":5,"namebuy":"biswap","buyPrice":2121.59,"namesell":"biswap","sellPrice":2116.55},{"block":11423057,"timestamp":1633181715,"swapAmountBNB":5,"namebuy":"biswap","buyPrice":2121.59,"namesell":"biswap","sellPrice":2116.55},{"block":11423058,"timestamp":1633181718,"swapAmountBNB":5,"namebuy":"biswap","buyPrice":2121.7,"namesell":"biswap","sellPrice":2116.66},{"block":11423059,"timestamp":1633181721,"swapAmountBNB":5,"namebuy":"biswap","buyPrice":2121.54,"namesell":"biswap","sellPrice":2116.5},{"block":11423060,"timestamp":1633181724,"swapAmountBNB":5,"namebuy":"biswap","buyPrice":2121.07,"namesell":"biswap","sellPrice":2116.03},{"block":11423061,"timestamp":1633181727,"swapAmountBNB":5,"namebuy":"biswap","buyPrice":2120.87,"namesell":"biswap","sellPrice":2115.83},{"block":11423062,"timestamp":1633181730,"swapAmountBNB":5,"namebuy":"biswap","buyPrice":2120.35,"namesell":"biswap","sellPrice":2115.31},{"block":11423063,"timestamp":1633181733,"swapAmountBNB":5,"namebuy":"biswap","buyPrice":2120.35,"namesell":"biswap","sellPrice":2115.31},{"block":11423064,"timestamp":1633181736,"swapAmountBNB":5,"namebuy":"biswap","buyPrice":2120.35,"namesell":"biswap","sellPrice":2115.31},{"block":11423065,"timestamp":1633181739,"swapAmountBNB":5,"namebuy":"biswap","buyPrice":2120.35,"namesell":"biswap","sellPrice":2115.31},{"block":11423066,"timestamp":1633181742,"swapAmountBNB":5,"namebuy":"biswap","buyPrice":2120.35,"namesell":"biswap","sellPrice":2115.31},{"block":11423067,"timestamp":1633181745,"swapAmountBNB":5,"namebuy":"biswap","buyPrice":2120.35,"namesell":"biswap","sellPrice":2115.31},{"block":11423068,"timestamp":1633181748,"swapAmountBNB":5,"namebuy":"biswap","buyPrice":2120.35,"namesell":"biswap","sellPrice":2115.31},{"block":11423069,"timestamp":1633181751,"swapAmountBNB":5,"namebuy":"biswap","buyPrice":2120.82,"namesell":"biswap","sellPrice":2115.79},{"block":11423070,"timestamp":1633181754,"swapAmountBNB":5,"namebuy":"biswap","buyPrice":2120.82,"namesell":"biswap","sellPrice":2115.79},{"block":11423071,"timestamp":1633181757,"swapAmountBNB":5,"namebuy":"biswap","buyPrice":2120.82,"namesell":"biswap","sellPrice":2115.79},{"block":11423072,"timestamp":1633181760,"swapAmountBNB":5,"namebuy":"biswap","buyPrice":2120.82,"namesell":"biswap","sellPrice":2115.79},{"block":11423073,"timestamp":1633181763,"swapAmountBNB":5,"namebuy":"biswap","buyPrice":2120.82,"namesell":"biswap","sellPrice":2115.79},{"block":11423074,"timestamp":1633181766,"swapAmountBNB":5,"namebuy":"biswap","buyPrice":2120.82,"namesell":"biswap","sellPrice":2115.79},{"block":11423075,"timestamp":1633181769,"swapAmountBNB":5,"namebuy":"apeswap","buyPrice":2121.96,"namesell":"biswap","sellPrice":2117.49},{"block":11423076,"timestamp":1633181772,"swapAmountBNB":5,"namebuy":"apeswap","buyPrice":2121.96,"namesell":"biswap","sellPrice":2117.11},{"block":11423077,"timestamp":1633181775,"swapAmountBNB":5,"namebuy":"biswap","buyPrice":2120.4,"namesell":"biswap","sellPrice":2115.37},{"block":11423078,"timestamp":1633181778,"swapAmountBNB":5,"namebuy":"biswap","buyPrice":2120.26,"namesell":"biswap","sellPrice":2115.23},{"block":11423079,"timestamp":1633181781,"swapAmountBNB":5,"namebuy":"biswap","buyPrice":2120.53,"namesell":"biswap","sellPrice":2115.5},{"block":11423080,"timestamp":1633181784,"swapAmountBNB":5,"namebuy":"biswap","buyPrice":2120.53,"namesell":"biswap","sellPrice":2115.5},{"block":11423081,"timestamp":1633181787,"swapAmountBNB":5,"namebuy":"biswap","buyPrice":2119.43,"namesell":"biswap","sellPrice":2114.41},{"block":11423082,"timestamp":1633181790,"swapAmountBNB":5,"namebuy":"biswap","buyPrice":2119.43,"namesell":"biswap","sellPrice":2114.41},{"block":11423083,"timestamp":1633181793,"swapAmountBNB":5,"namebuy":"biswap","buyPrice":2119.43,"namesell":"biswap","sellPrice":2114.41},{"block":11423084,"timestamp":1633181796,"swapAmountBNB":5,"namebuy":"biswap","buyPrice":2118.85,"namesell":"biswap","sellPrice":2113.82},{"block":11423085,"timestamp":1633181799,"swapAmountBNB":5,"namebuy":"biswap","buyPrice":2118.85,"namesell":"biswap","sellPrice":2113.82},{"block":11423086,"timestamp":1633181802,"swapAmountBNB":5,"namebuy":"biswap","buyPrice":2118.38,"namesell":"pancake","sellPrice":2113.55},{"block":11423087,"timestamp":1633181805,"swapAmountBNB":5,"namebuy":"biswap","buyPrice":2118.38,"namesell":"pancake","sellPrice":2113.6},{"block":11423088,"timestamp":1633181808,"swapAmountBNB":5,"namebuy":"biswap","buyPrice":2120.5,"namesell":"biswap","sellPrice":2115.47},{"block":11423089,"timestamp":1633181811,"swapAmountBNB":5,"namebuy":"apeswap","buyPrice":2120.78,"namesell":"biswap","sellPrice":2116.13},{"block":11423090,"timestamp":1633181814,"swapAmountBNB":5,"namebuy":"biswap","buyPrice":2118.04,"namesell":"pancake","sellPrice":2113.54},{"block":11423091,"timestamp":1633181817,"swapAmountBNB":5,"namebuy":"biswap","buyPrice":2118.93,"namesell":"biswap","sellPrice":2113.9},{"block":11423092,"timestamp":1633181820,"swapAmountBNB":5,"namebuy":"apeswap","buyPrice":2120.78,"namesell":"biswap","sellPrice":2115.86},{"block":11423093,"timestamp":1633181823,"swapAmountBNB":5,"namebuy":"apeswap","buyPrice":2120.78,"namesell":"biswap","sellPrice":2116.08},{"block":11423094,"timestamp":1633181826,"swapAmountBNB":5,"namebuy":"apeswap","buyPrice":2120.78,"namesell":"biswap","sellPrice":2116.09},{"block":11423095,"timestamp":1633181829,"swapAmountBNB":5,"namebuy":"biswap","buyPrice":2121.12,"namesell":"biswap","sellPrice":2116.09},{"block":11423096,"timestamp":1633181832,"swapAmountBNB":5,"namebuy":"biswap","buyPrice":2121.12,"namesell":"biswap","sellPrice":2116.09},{"block":11423097,"timestamp":1633181835,"swapAmountBNB":5,"namebuy":"biswap","buyPrice":2121.12,"namesell":"biswap","sellPrice":2116.09},{"block":11423098,"timestamp":1633181838,"swapAmountBNB":5,"namebuy":"biswap","buyPrice":2121.12,"namesell":"biswap","sellPrice":2116.09},{"block":11423099,"timestamp":1633181841,"swapAmountBNB":5,"namebuy":"biswap","buyPrice":2121.12,"namesell":"biswap","sellPrice":2116.09},{"block":11423100,"timestamp":1633181844,"swapAmountBNB":5,"namebuy":"biswap","buyPrice":2121.12,"namesell":"biswap","sellPrice":2116.09},{"block":11423101,"timestamp":1633181847,"swapAmountBNB":5,"namebuy":"biswap","buyPrice":2120.59,"namesell":"biswap","sellPrice":2115.56},{"block":11423102,"timestamp":1633181850,"swapAmountBNB":5,"namebuy":"biswap","buyPrice":2120.41,"namesell":"biswap","sellPrice":2115.38},{"block":11423103,"timestamp":1633181853,"swapAmountBNB":5,"namebuy":"biswap","buyPrice":2119.4,"namesell":"biswap","sellPrice":2114.37},{"block":11423104,"timestamp":1633181856,"swapAmountBNB":5,"namebuy":"biswap","buyPrice":2119.4,"namesell":"biswap","sellPrice":2114.37},{"block":11423105,"timestamp":1633181859,"swapAmountBNB":5,"namebuy":"biswap","buyPrice":2119.4,"namesell":"biswap","sellPrice":2114.37},{"block":11423106,"timestamp":1633181862,"swapAmountBNB":5,"namebuy":"biswap","buyPrice":2119.99,"namesell":"biswap","sellPrice":2114.95},{"block":11423107,"timestamp":1633181865,"swapAmountBNB":5,"namebuy":"biswap","buyPrice":2120.46,"namesell":"biswap","sellPrice":2115.43},{"block":11423108,"timestamp":1633181868,"swapAmountBNB":5,"namebuy":"biswap","buyPrice":2120.46,"namesell":"biswap","sellPrice":2115.43},{"block":11423109,"timestamp":1633181871,"swapAmountBNB":5,"namebuy":"biswap","buyPrice":2120.46,"namesell":"biswap","sellPrice":2115.43},{"block":11423110,"timestamp":1633181874,"swapAmountBNB":5,"namebuy":"biswap","buyPrice":2120.46,"namesell":"biswap","sellPrice":2115.43},{"block":11423111,"timestamp":1633181877,"swapAmountBNB":5,"namebuy":"biswap","buyPrice":2120.46,"namesell":"biswap","sellPrice":2115.43},{"block":11423111,"timestamp":1633181877,"swapAmountBNB":5,"namebuy":"biswap","buyPrice":2120.46,"namesell":"biswap","sellPrice":2115.43},{"block":11423112,"timestamp":1633181880,"swapAmountBNB":5,"namebuy":"biswap","buyPrice":2120.46,"namesell":"biswap","sellPrice":2115.43},{"block":11423112,"timestamp":1633181880,"swapAmountBNB":5,"namebuy":"biswap","buyPrice":2120.46,"namesell":"biswap","sellPrice":2115.43},{"block":11423113,"timestamp":1633181883,"swapAmountBNB":5,"namebuy":"biswap","buyPrice":2120.46,"namesell":"biswap","sellPrice":2115.43},{"block":11423113,"timestamp":1633181883,"swapAmountBNB":5,"namebuy":"biswap","buyPrice":2120.46,"namesell":"biswap","sellPrice":2115.43},{"block":11423114,"timestamp":1633181886,"swapAmountBNB":5,"namebuy":"biswap","buyPrice":2120.38,"namesell":"biswap","sellPrice":2115.35},{"block":11423114,"timestamp":1633181886,"swapAmountBNB":5,"namebuy":"biswap","buyPrice":2120.38,"namesell":"biswap","sellPrice":2115.35},{"block":11423115,"timestamp":1633181889,"swapAmountBNB":5,"namebuy":"biswap","buyPrice":2120.38,"namesell":"biswap","sellPrice":2115.35},{"block":11423115,"timestamp":1633181889,"swapAmountBNB":5,"namebuy":"biswap","buyPrice":2120.34,"namesell":"biswap","sellPrice":2115.31},{"block":11423116,"timestamp":1633181892,"swapAmountBNB":5,"namebuy":"biswap","buyPrice":2120.34,"namesell":"biswap","sellPrice":2115.31},{"block":11423116,"timestamp":1633181892,"swapAmountBNB":5,"namebuy":"biswap","buyPrice":2120.34,"namesell":"biswap","sellPrice":2115.31},{"block":11423117,"timestamp":1633181895,"swapAmountBNB":5,"namebuy":"biswap","buyPrice":2120.34,"namesell":"biswap","sellPrice":2115.31},{"block":11423117,"timestamp":1633181895,"swapAmountBNB":5,"namebuy":"biswap","buyPrice":2120.34,"namesell":"biswap","sellPrice":2115.31},{"block":11423118,"timestamp":1633181898,"swapAmountBNB":5,"namebuy":"biswap","buyPrice":2120.34,"namesell":"biswap","sellPrice":2115.31},{"block":11423118,"timestamp":1633181898,"swapAmountBNB":5,"namebuy":"biswap","buyPrice":2120.34,"namesell":"biswap","sellPrice":2115.31},{"block":11423119,"timestamp":1633181901,"swapAmountBNB":5,"namebuy":"biswap","buyPrice":2120.34,"namesell":"biswap","sellPrice":2115.31},{"block":11423119,"timestamp":1633181901,"swapAmountBNB":5,"namebuy":"biswap","buyPrice":2120.34,"namesell":"biswap","sellPrice":2115.31},{"block":11423120,"timestamp":1633181904,"swapAmountBNB":5,"namebuy":"biswap","buyPrice":2120.34,"namesell":"biswap","sellPrice":2115.31},{"block":11423120,"timestamp":1633181904,"swapAmountBNB":5,"namebuy":"biswap","buyPrice":2120.34,"namesell":"biswap","sellPrice":2115.31},{"block":11423121,"timestamp":1633181907,"swapAmountBNB":5,"namebuy":"biswap","buyPrice":2120.34,"namesell":"biswap","sellPrice":2115.31},{"block":11423121,"timestamp":1633181907,"swapAmountBNB":5,"namebuy":"biswap","buyPrice":2120.34,"namesell":"biswap","sellPrice":2115.31},{"block":11423122,"timestamp":1633181910,"swapAmountBNB":5,"namebuy":"biswap","buyPrice":2120.44,"namesell":"biswap","sellPrice":2115.41},{"block":11423122,"timestamp":1633181910,"swapAmountBNB":5,"namebuy":"biswap","buyPrice":2120.44,"namesell":"biswap","sellPrice":2115.41},{"block":11423123,"timestamp":1633181913,"swapAmountBNB":5,"namebuy":"biswap","buyPrice":2120.2,"namesell":"biswap","sellPrice":2115.17},{"block":11423123,"timestamp":1633181913,"swapAmountBNB":5,"namebuy":"biswap","buyPrice":2120.2,"namesell":"biswap","sellPrice":2115.17},{"block":11423124,"timestamp":1633181916,"swapAmountBNB":5,"namebuy":"biswap","buyPrice":2120.09,"namesell":"biswap","sellPrice":2115.06},{"block":11423124,"timestamp":1633181916,"swapAmountBNB":5,"namebuy":"biswap","buyPrice":2120.09,"namesell":"biswap","sellPrice":2115.06},{"block":11423125,"timestamp":1633181919,"swapAmountBNB":5,"namebuy":"biswap","buyPrice":2120.09,"namesell":"biswap","sellPrice":2115.06},{"block":11423125,"timestamp":1633181919,"swapAmountBNB":5,"namebuy":"biswap","buyPrice":2120.09,"namesell":"biswap","sellPrice":2115.06},{"block":11423126,"timestamp":1633181922,"swapAmountBNB":5,"namebuy":"biswap","buyPrice":2120.09,"namesell":"biswap","sellPrice":2115.06},{"block":11423126,"timestamp":1633181922,"swapAmountBNB":5,"namebuy":"biswap","buyPrice":2120.09,"namesell":"biswap","sellPrice":2115.06},{"block":11423127,"timestamp":1633181925,"swapAmountBNB":5,"namebuy":"biswap","buyPrice":2120.31,"namesell":"biswap","sellPrice":2115.28},{"block":11423128,"timestamp":1633181928,"swapAmountBNB":5,"namebuy":"biswap","buyPrice":2120.25,"namesell":"biswap","sellPrice":2115.22},{"block":11423128,"timestamp":1633181928,"swapAmountBNB":5,"namebuy":"biswap","buyPrice":2120.25,"namesell":"biswap","sellPrice":2115.22},{"block":11423129,"timestamp":1633181931,"swapAmountBNB":5,"namebuy":"biswap","buyPrice":2120.25,"namesell":"biswap","sellPrice":2115.22},{"block":11423130,"timestamp":1633181934,"swapAmountBNB":5,"namebuy":"biswap","buyPrice":2120.98,"namesell":"biswap","sellPrice":2115.94},{"block":11423130,"timestamp":1633181934,"swapAmountBNB":5,"namebuy":"biswap","buyPrice":2120.98,"namesell":"biswap","sellPrice":2115.94},{"block":11423131,"timestamp":1633181937,"swapAmountBNB":5,"namebuy":"biswap","buyPrice":2121.51,"namesell":"biswap","sellPrice":2116.48},{"block":11423131,"timestamp":1633181937,"swapAmountBNB":5,"namebuy":"biswap","buyPrice":2121.51,"namesell":"biswap","sellPrice":2116.48},{"block":11423132,"timestamp":1633181940,"swapAmountBNB":5,"namebuy":"biswap","buyPrice":2120.64,"namesell":"biswap","sellPrice":2115.6},{"block":11423132,"timestamp":1633181940,"swapAmountBNB":5,"namebuy":"biswap","buyPrice":2120.64,"namesell":"biswap","sellPrice":2115.6},{"block":11423133,"timestamp":1633181943,"swapAmountBNB":5,"namebuy":"biswap","buyPrice":2120.77,"namesell":"biswap","sellPrice":2115.73},{"block":11423133,"timestamp":1633181943,"swapAmountBNB":5,"namebuy":"biswap","buyPrice":2120.77,"namesell":"biswap","sellPrice":2115.73},{"block":11423134,"timestamp":1633181946,"swapAmountBNB":5,"namebuy":"biswap","buyPrice":2120.95,"namesell":"biswap","sellPrice":2115.91},{"block":11423135,"timestamp":1633181949,"swapAmountBNB":5,"namebuy":"biswap","buyPrice":2120.94,"namesell":"biswap","sellPrice":2115.9},{"block":11423136,"timestamp":1633181952,"swapAmountBNB":5,"namebuy":"biswap","buyPrice":2121.11,"namesell":"biswap","sellPrice":2116.08},{"block":11423137,"timestamp":1633181955,"swapAmountBNB":5,"namebuy":"biswap","buyPrice":2121.11,"namesell":"biswap","sellPrice":2116.08},{"block":11423138,"timestamp":1633181958,"swapAmountBNB":5,"namebuy":"biswap","buyPrice":2121.2,"namesell":"biswap","sellPrice":2116.17},{"block":11423139,"timestamp":1633181961,"swapAmountBNB":5,"namebuy":"biswap","buyPrice":2121.2,"namesell":"biswap","sellPrice":2116.17},{"block":11423140,"timestamp":1633181964,"swapAmountBNB":5,"namebuy":"biswap","buyPrice":2121.2,"namesell":"biswap","sellPrice":2116.17},{"block":11423141,"timestamp":1633181967,"swapAmountBNB":5,"namebuy":"biswap","buyPrice":2121.51,"namesell":"biswap","sellPrice":2116.47},{"block":11423141,"timestamp":1633181967,"swapAmountBNB":5,"namebuy":"biswap","buyPrice":2121.51,"namesell":"biswap","sellPrice":2116.47},{"block":11423142,"timestamp":1633181970,"swapAmountBNB":5,"namebuy":"biswap","buyPrice":2121.51,"namesell":"biswap","sellPrice":2116.47},{"block":11423142,"timestamp":1633181970,"swapAmountBNB":5,"namebuy":"biswap","buyPrice":2121.51,"namesell":"biswap","sellPrice":2116.47},{"block":11423143,"timestamp":1633181973,"swapAmountBNB":5,"namebuy":"biswap","buyPrice":2121.51,"namesell":"biswap","sellPrice":2116.47},{"block":11423143,"timestamp":1633181973,"swapAmountBNB":5,"namebuy":"biswap","buyPrice":2121.51,"namesell":"biswap","sellPrice":2116.47},{"block":11423144,"timestamp":1633181976,"swapAmountBNB":5,"namebuy":"biswap","buyPrice":2121.05,"namesell":"biswap","sellPrice":2116.02},{"block":11423144,"timestamp":1633181976,"swapAmountBNB":5,"namebuy":"biswap","buyPrice":2121.05,"namesell":"biswap","sellPrice":2116.02},{"block":11423145,"timestamp":1633181979,"swapAmountBNB":5,"namebuy":"biswap","buyPrice":2121.05,"namesell":"biswap","sellPrice":2116.02},{"block":11423145,"timestamp":1633181979,"swapAmountBNB":5,"namebuy":"biswap","buyPrice":2121.05,"namesell":"biswap","sellPrice":2116.02},{"block":11423146,"timestamp":1633181982,"swapAmountBNB":5,"namebuy":"biswap","buyPrice":2121.05,"namesell":"biswap","sellPrice":2116.02},{"block":11423146,"timestamp":1633181982,"swapAmountBNB":5,"namebuy":"biswap","buyPrice":2121.05,"namesell":"biswap","sellPrice":2116.02},{"block":11423147,"timestamp":1633181985,"swapAmountBNB":5,"namebuy":"biswap","buyPrice":2120.67,"namesell":"biswap","sellPrice":2115.64},{"block":11423147,"timestamp":1633181985,"swapAmountBNB":5,"namebuy":"biswap","buyPrice":2120.67,"namesell":"biswap","sellPrice":2115.64},{"block":11423148,"timestamp":1633181988,"swapAmountBNB":5,"namebuy":"biswap","buyPrice":2120.67,"namesell":"biswap","sellPrice":2115.64},{"block":11423148,"timestamp":1633181988,"swapAmountBNB":5,"namebuy":"biswap","buyPrice":2120.67,"namesell":"biswap","sellPrice":2115.64},{"block":11423149,"timestamp":1633181991,"swapAmountBNB":5,"namebuy":"biswap","buyPrice":2120.67,"namesell":"biswap","sellPrice":2115.64},{"block":11423149,"timestamp":1633181991,"swapAmountBNB":5,"namebuy":"biswap","buyPrice":2120.67,"namesell":"biswap","sellPrice":2115.64},{"block":11423150,"timestamp":1633181994,"swapAmountBNB":5,"namebuy":"biswap","buyPrice":2120.67,"namesell":"biswap","sellPrice":2115.64}]}