{"table":[{"block":11053236,"timestamp":1632063594,"swapAmountBNB":20,"namebuy":"biswap","buyPrice":8232.74,"namesell":"pancake","sellPrice":8208.16},{"block":11053237,"timestamp":1632063597,"swapAmountBNB":20,"namebuy":"biswap","buyPrice":8239.66,"namesell":"biswap","sellPrice":8214.74},{"block":11053238,"timestamp":1632063600,"swapAmountBNB":20,"namebuy":"biswap","buyPrice":8248.92,"namesell":"biswap","sellPrice":8223.97},{"block":11053239,"timestamp":1632063603,"swapAmountBNB":20,"namebuy":"biswap","buyPrice":8218.03,"namesell":"pancake","sellPrice":8208.04},{"block":11053240,"timestamp":1632063606,"swapAmountBNB":20,"namebuy":"biswap","buyPrice":8218.03,"namesell":"pancake","sellPrice":8208.06},{"block":11053241,"timestamp":1632063611,"swapAmountBNB":20,"namebuy":"biswap","buyPrice":8218.03,"namesell":"pancake","sellPrice":8208.11},{"block":11053241,"timestamp":1632063609,"swapAmountBNB":20,"namebuy":"biswap","buyPrice":8218.03,"namesell":"pancake","sellPrice":8208.11},{"block":11053242,"timestamp":1632063612,"swapAmountBNB":20,"namebuy":"biswap","buyPrice":8218.03,"namesell":"pancake","sellPrice":8208.11},{"block":11053243,"timestamp":1632063615,"swapAmountBNB":20,"namebuy":"biswap","buyPrice":8218.03,"namesell":"pancake","sellPrice":8208.03},{"block":11053244,"timestamp":1632063618,"swapAmountBNB":20,"namebuy":"biswap","buyPrice":8218.03,"namesell":"pancake","sellPrice":8208.03},{"block":11053245,"timestamp":1632063622,"swapAmountBNB":20,"namebuy":"biswap","buyPrice":8219.72,"namesell":"pancake","sellPrice":8207.89},{"block":11053245,"timestamp":1632063621,"swapAmountBNB":20,"namebuy":"biswap","buyPrice":8219.72,"namesell":"pancake","sellPrice":8207.89},{"block":11053246,"timestamp":1632063624,"swapAmountBNB":20,"namebuy":"biswap","buyPrice":8219.72,"namesell":"pancake","sellPrice":8207.89},{"block":11053247,"timestamp":1632063627,"swapAmountBNB":20,"namebuy":"biswap","buyPrice":8219.72,"namesell":"pancake","sellPrice":8207.97},{"block":11053248,"timestamp":1632063630,"swapAmountBNB":20,"namebuy":"biswap","buyPrice":8219.72,"namesell":"pancake","sellPrice":8207.48},{"block":11053249,"timestamp":1632063633,"swapAmountBNB":20,"namebuy":"biswap","buyPrice":8221.77,"namesell":"pancake","sellPrice":8208.62},{"block":11053250,"timestamp":1632063636,"swapAmountBNB":20,"namebuy":"biswap","buyPrice":8222.3,"namesell":"pancake","sellPrice":8208.63},{"block":11053251,"timestamp":1632063640,"swapAmountBNB":20,"namebuy":"biswap","buyPrice":8222.3,"namesell":"pancake","sellPrice":8208.53},{"block":11053251,"timestamp":1632063639,"swapAmountBNB":20,"namebuy":"biswap","buyPrice":8222.3,"namesell":"pancake","sellPrice":8208.53},{"block":11053252,"timestamp":1632063642,"swapAmountBNB":20,"namebuy":"biswap","buyPrice":8222.42,"namesell":"pancake","sellPrice":8208.57},{"block":11053253,"timestamp":1632063645,"swapAmountBNB":20,"namebuy":"biswap","buyPrice":8222.6,"namesell":"pancake","sellPrice":8208.58},{"block":11053254,"timestamp":1632063648,"swapAmountBNB":20,"namebuy":"biswap","buyPrice":8222.6,"namesell":"pancake","sellPrice":8208.59},{"block":11053255,"timestamp":1632063651,"swapAmountBNB":20,"namebuy":"biswap","buyPrice":8224.77,"namesell":"pancake","sellPrice":8209.02},{"block":11053256,"timestamp":1632063654,"swapAmountBNB":20,"namebuy":"biswap","buyPrice":8224.77,"namesell":"pancake","sellPrice":8208.86},{"block":11053257,"timestamp":1632063657,"swapAmountBNB":20,"namebuy":"biswap","buyPrice":8224.77,"namesell":"pancake","sellPrice":8208.9},{"block":11053258,"timestamp":1632063660,"swapAmountBNB":20,"namebuy":"biswap","buyPrice":8225.03,"namesell":"pancake","sellPrice":8208.89},{"block":11053259,"timestamp":1632063663,"swapAmountBNB":20,"namebuy":"biswap","buyPrice":8225.23,"namesell":"pancake","sellPrice":8208.89},{"block":11053260,"timestamp":1632063666,"swapAmountBNB":20,"namebuy":"biswap","buyPrice":8225.23,"namesell":"pancake","sellPrice":8208.89},{"block":11053261,"timestamp":1632063669,"swapAmountBNB":20,"namebuy":"biswap","buyPrice":8225.42,"namesell":"pancake","sellPrice":8202.97},{"block":11053262,"timestamp":1632063672,"swapAmountBNB":20,"namebuy":"biswap","buyPrice":8225.42,"namesell":"pancake","sellPrice":8203},{"block":11053263,"timestamp":1632063675,"swapAmountBNB":20,"namebuy":"biswap","buyPrice":8225.84,"namesell":"pancake","sellPrice":8203},{"block":11053264,"timestamp":1632063680,"swapAmountBNB":20,"namebuy":"biswap","buyPrice":8225.84,"namesell":"pancake","sellPrice":8203.02},{"block":11053264,"timestamp":1632063678,"swapAmountBNB":20,"namebuy":"biswap","buyPrice":8225.84,"namesell":"pancake","sellPrice":8202.99},{"block":11053265,"timestamp":1632063681,"swapAmountBNB":20,"namebuy":"biswap","buyPrice":8225.84,"namesell":"pancake","sellPrice":8202.99},{"block":11053266,"timestamp":1632063684,"swapAmountBNB":20,"namebuy":"biswap","buyPrice":8225.84,"namesell":"pancake","sellPrice":8202.99},{"block":11053267,"timestamp":1632063687,"swapAmountBNB":20,"namebuy":"biswap","buyPrice":8233.81,"namesell":"biswap","sellPrice":8208.92},{"block":11053268,"timestamp":1632063690,"swapAmountBNB":20,"namebuy":"biswap","buyPrice":8233.91,"namesell":"biswap","sellPrice":8209.02},{"block":11053269,"timestamp":1632063693,"swapAmountBNB":20,"namebuy":"biswap","buyPrice":8233.91,"namesell":"biswap","sellPrice":8209.02},{"block":11053270,"timestamp":1632063696,"swapAmountBNB":20,"namebuy":"biswap","buyPrice":8239.81,"namesell":"biswap","sellPrice":8214.89},{"block":11053271,"timestamp":1632063699,"swapAmountBNB":20,"namebuy":"biswap","buyPrice":8242.2,"namesell":"biswap","sellPrice":8217.28},{"block":11053272,"timestamp":1632063702,"swapAmountBNB":20,"namebuy":"biswap","buyPrice":8242.25,"namesell":"biswap","sellPrice":8217.33},{"block":11053273,"timestamp":1632063705,"swapAmountBNB":20,"namebuy":"biswap","buyPrice":8242.25,"namesell":"biswap","sellPrice":8217.33},{"block":11053274,"timestamp":1632063708,"swapAmountBNB":20,"namebuy":"pancake","buyPrice":8244.25,"namesell":"biswap","sellPrice":8219.7},{"block":11053275,"timestamp":1632063711,"swapAmountBNB":20,"namebuy":"pancake","buyPrice":8244.24,"namesell":"biswap","sellPrice":8219.7},{"block":11053276,"timestamp":1632063714,"swapAmountBNB":20,"namebuy":"pancake","buyPrice":8244.18,"namesell":"biswap","sellPrice":8219.57},{"block":11053277,"timestamp":1632063717,"swapAmountBNB":20,"namebuy":"pancake","buyPrice":8244.19,"namesell":"biswap","sellPrice":8219.57},{"block":11053278,"timestamp":1632063720,"swapAmountBNB":20,"namebuy":"biswap","buyPrice":8244.49,"namesell":"biswap","sellPrice":8219.57},{"block":11053279,"timestamp":1632063723,"swapAmountBNB":20,"namebuy":"biswap","buyPrice":8244.49,"namesell":"biswap","sellPrice":8219.57},{"block":11053280,"timestamp":1632063726,"swapAmountBNB":20,"namebuy":"biswap","buyPrice":8244.49,"namesell":"biswap","sellPrice":8219.57},{"block":11053281,"timestamp":1632063729,"swapAmountBNB":20,"namebuy":"apeswap","buyPrice":8244.37,"namesell":"biswap","sellPrice":8219.57},{"block":11053282,"timestamp":1632063732,"swapAmountBNB":20,"namebuy":"biswap","buyPrice":8243.59,"namesell":"biswap","sellPrice":8218.66},{"block":11053283,"timestamp":1632063735,"swapAmountBNB":20,"namebuy":"biswap","buyPrice":8243.59,"namesell":"biswap","sellPrice":8218.66},{"block":11053284,"timestamp":1632063738,"swapAmountBNB":20,"namebuy":"biswap","buyPrice":8243.54,"namesell":"biswap","sellPrice":8218.62},{"block":11053285,"timestamp":1632063741,"swapAmountBNB":20,"namebuy":"biswap","buyPrice":8243.54,"namesell":"biswap","sellPrice":8218.62},{"block":11053286,"timestamp":1632063744,"swapAmountBNB":20,"namebuy":"biswap","buyPrice":8243.54,"namesell":"biswap","sellPrice":8218.62},{"block":11053287,"timestamp":1632063747,"swapAmountBNB":20,"namebuy":"biswap","buyPrice":8243.54,"namesell":"biswap","sellPrice":8218.62},{"block":11053288,"timestamp":1632063750,"swapAmountBNB":20,"namebuy":"biswap","buyPrice":8243.42,"namesell":"biswap","sellPrice":8218.62},{"block":11053289,"timestamp":1632063753,"swapAmountBNB":20,"namebuy":"biswap","buyPrice":8243.42,"namesell":"biswap","sellPrice":8218.49},{"block":11053290,"timestamp":1632063756,"swapAmountBNB":20,"namebuy":"biswap","buyPrice":8243.42,"namesell":"biswap","sellPrice":8218.49},{"block":11053291,"timestamp":1632063759,"swapAmountBNB":20,"namebuy":"biswap","buyPrice":8241.76,"namesell":"biswap","sellPrice":8216.84},{"block":11053292,"timestamp":1632063762,"swapAmountBNB":20,"namebuy":"biswap","buyPrice":8240.9,"namesell":"biswap","sellPrice":8215.99},{"block":11053293,"timestamp":1632063765,"swapAmountBNB":20,"namebuy":"biswap","buyPrice":8240.9,"namesell":"biswap","sellPrice":8215.99},{"block":11053294,"timestamp":1632063768,"swapAmountBNB":20,"namebuy":"biswap","buyPrice":8240.9,"namesell":"biswap","sellPrice":8215.99},{"block":11053295,"timestamp":1632063771,"swapAmountBNB":20,"namebuy":"biswap","buyPrice":8240.9,"namesell":"biswap","sellPrice":8215.99},{"block":11053296,"timestamp":1632063774,"swapAmountBNB":20,"namebuy":"biswap","buyPrice":8240.9,"namesell":"biswap","sellPrice":8215.99},{"block":11053297,"timestamp":1632063777,"swapAmountBNB":20,"namebuy":"biswap","buyPrice":8240.24,"namesell":"biswap","sellPrice":8215.32},{"block":11053298,"timestamp":1632063780,"swapAmountBNB":20,"namebuy":"biswap","buyPrice":8239.73,"namesell":"biswap","sellPrice":8214.82},{"block":11053299,"timestamp":1632063783,"swapAmountBNB":20,"namebuy":"biswap","buyPrice":8239.73,"namesell":"biswap","sellPrice":8214.82},{"block":11053300,"timestamp":1632063786,"swapAmountBNB":20,"namebuy":"biswap","buyPrice":8239.73,"namesell":"biswap","sellPrice":8214.82},{"block":11053301,"timestamp":1632063789,"swapAmountBNB":20,"namebuy":"biswap","buyPrice":8240.29,"namesell":"biswap","sellPrice":8215.38},{"block":11053302,"timestamp":1632063792,"swapAmountBNB":20,"namebuy":"biswap","buyPrice":8240.4,"namesell":"biswap","sellPrice":8215.48},{"block":11053303,"timestamp":1632063795,"swapAmountBNB":20,"namebuy":"biswap","buyPrice":8240.4,"namesell":"biswap","sellPrice":8215.48},{"block":11053304,"timestamp":1632063798,"swapAmountBNB":20,"namebuy":"biswap","buyPrice":8240.4,"namesell":"biswap","sellPrice":8215.48},{"block":11053305,"timestamp":1632063801,"swapAmountBNB":20,"namebuy":"biswap","buyPrice":8240.4,"namesell":"biswap","sellPrice":8215.48},{"block":11053306,"timestamp":1632063804,"swapAmountBNB":20,"namebuy":"biswap","buyPrice":8240.4,"namesell":"biswap","sellPrice":8215.48},{"block":11053307,"timestamp":1632063807,"swapAmountBNB":20,"namebuy":"biswap","buyPrice":8240.4,"namesell":"biswap","sellPrice":8215.48},{"block":11053308,"timestamp":1632063810,"swapAmountBNB":20,"namebuy":"biswap","buyPrice":8240.4,"namesell":"biswap","sellPrice":8215.48},{"block":11053309,"timestamp":1632063813,"swapAmountBNB":20,"namebuy":"biswap","buyPrice":8240.4,"namesell":"biswap","sellPrice":8215.48},{"block":11053310,"timestamp":1632063816,"swapAmountBNB":20,"namebuy":"biswap","buyPrice":8240.4,"namesell":"biswap","sellPrice":8215.48},{"block":11053311,"timestamp":1632063819,"swapAmountBNB":20,"namebuy":"biswap","buyPrice":8240.4,"namesell":"biswap","sellPrice":8215.48},{"block":11053312,"timestamp":1632063822,"swapAmountBNB":20,"namebuy":"biswap","buyPrice":8240.4,"namesell":"biswap","sellPrice":8215.48},{"block":11053313,"timestamp":1632063825,"swapAmountBNB":20,"namebuy":"biswap","buyPrice":8240.87,"namesell":"biswap","sellPrice":8215.95},{"block":11053314,"timestamp":1632063828,"swapAmountBNB":20,"namebuy":"biswap","buyPrice":8240.87,"namesell":"biswap","sellPrice":8215.95},{"block":11053315,"timestamp":1632063831,"swapAmountBNB":20,"namebuy":"biswap","buyPrice":8240.45,"namesell":"biswap","sellPrice":8215.53},{"block":11053316,"timestamp":1632063834,"swapAmountBNB":20,"namebuy":"biswap","buyPrice":8240.45,"namesell":"biswap","sellPrice":8215.53},{"block":11053317,"timestamp":1632063837,"swapAmountBNB":20,"namebuy":"biswap","buyPrice":8240.64,"namesell":"biswap","sellPrice":8215.72},{"block":11053318,"timestamp":1632063840,"swapAmountBNB":20,"namebuy":"biswap","buyPrice":8240.64,"namesell":"biswap","sellPrice":8215.72},{"block":11053319,"timestamp":1632063843,"swapAmountBNB":20,"namebuy":"biswap","buyPrice":8240.64,"namesell":"biswap","sellPrice":8215.72},{"block":11053320,"timestamp":1632063846,"swapAmountBNB":20,"namebuy":"biswap","buyPrice":8241.35,"namesell":"biswap","sellPrice":8216.43},{"block":11053321,"timestamp":1632063849,"swapAmountBNB":20,"namebuy":"biswap","buyPrice":8241.35,"namesell":"biswap","sellPrice":8216.43},{"block":11053322,"timestamp":1632063852,"swapAmountBNB":20,"namebuy":"biswap","buyPrice":8241.35,"namesell":"biswap","sellPrice":8216.43},{"block":11053323,"timestamp":1632063855,"swapAmountBNB":20,"namebuy":"biswap","buyPrice":8241.35,"namesell":"biswap","sellPrice":8216.43},{"block":11053324,"timestamp":1632063858,"swapAmountBNB":20,"namebuy":"biswap","buyPrice":8241.35,"namesell":"biswap","sellPrice":8216.43},{"block":11053325,"timestamp":1632063861,"swapAmountBNB":20,"namebuy":"biswap","buyPrice":8241.35,"namesell":"biswap","sellPrice":8216.43},{"block":11053326,"timestamp":1632063864,"swapAmountBNB":20,"namebuy":"biswap","buyPrice":8241.35,"namesell":"biswap","sellPrice":8216.43},{"block":11053327,"timestamp":1632063867,"swapAmountBNB":20,"namebuy":"biswap","buyPrice":8241.35,"namesell":"biswap","sellPrice":8216.43},{"block":11053328,"timestamp":1632063870,"swapAmountBNB":20,"namebuy":"biswap","buyPrice":8241.47,"namesell":"biswap","sellPrice":8216.56},{"block":11053329,"timestamp":1632063873,"swapAmountBNB":20,"namebuy":"biswap","buyPrice":8241.47,"namesell":"biswap","sellPrice":8216.56},{"block":11053330,"timestamp":1632063876,"swapAmountBNB":20,"namebuy":"biswap","buyPrice":8241.47,"namesell":"biswap","sellPrice":8216.56},{"block":11053331,"timestamp":1632063879,"swapAmountBNB":20,"namebuy":"biswap","buyPrice":8246.21,"namesell":"biswap","sellPrice":8221.28},{"block":11053332,"timestamp":1632063882,"swapAmountBNB":20,"namebuy":"biswap","buyPrice":8246.21,"namesell":"biswap","sellPrice":8221.28},{"block":11053333,"timestamp":1632063885,"swapAmountBNB":20,"namebuy":"pancake","buyPrice":8246.08,"namesell":"biswap","sellPrice":8221.24},{"block":11053334,"timestamp":1632063888,"swapAmountBNB":20,"namebuy":"pancake","buyPrice":8246.1,"namesell":"biswap","sellPrice":8221.24},{"block":11053335,"timestamp":1632063891,"swapAmountBNB":20,"namebuy":"pancake","buyPrice":8246.08,"namesell":"biswap","sellPrice":8221.24},{"block":11053336,"timestamp":1632063894,"swapAmountBNB":20,"namebuy":"pancake","buyPrice":8246.14,"namesell":"biswap","sellPrice":8227.39},{"block":11053337,"timestamp":1632063897,"swapAmountBNB":20,"namebuy":"pancake","buyPrice":8246.17,"namesell":"biswap","sellPrice":8227.39},{"block":11053338,"timestamp":1632063900,"swapAmountBNB":20,"namebuy":"pancake","buyPrice":8246.17,"namesell":"biswap","sellPrice":8227.39},{"block":11053339,"timestamp":1632063903,"swapAmountBNB":20,"namebuy":"pancake","buyPrice":8246.17,"namesell":"biswap","sellPrice":8222.74},{"block":11053340,"timestamp":1632063906,"swapAmountBNB":20,"namebuy":"pancake","buyPrice":8246.16,"namesell":"biswap","sellPrice":8222.74},{"block":11053341,"timestamp":1632063909,"swapAmountBNB":20,"namebuy":"pancake","buyPrice":8246.14,"namesell":"biswap","sellPrice":8222.63},{"block":11053342,"timestamp":1632063912,"swapAmountBNB":20,"namebuy":"pancake","buyPrice":8246.13,"namesell":"biswap","sellPrice":8222.63},{"block":11053343,"timestamp":1632063915,"swapAmountBNB":20,"namebuy":"pancake","buyPrice":8246.14,"namesell":"biswap","sellPrice":8222.53},{"block":11053344,"timestamp":1632063918,"swapAmountBNB":20,"namebuy":"pancake","buyPrice":8246.15,"namesell":"biswap","sellPrice":8222.39},{"block":11053345,"timestamp":1632063921,"swapAmountBNB":20,"namebuy":"pancake","buyPrice":8246.17,"namesell":"biswap","sellPrice":8222.39},{"block":11053346,"timestamp":1632063924,"swapAmountBNB":20,"namebuy":"pancake","buyPrice":8246.2,"namesell":"biswap","sellPrice":8222.39},{"block":11053347,"timestamp":1632063927,"swapAmountBNB":20,"namebuy":"biswap","buyPrice":8242.67,"namesell":"biswap","sellPrice":8217.75},{"block":11053348,"timestamp":1632063930,"swapAmountBNB":20,"namebuy":"biswap","buyPrice":8242.67,"namesell":"biswap","sellPrice":8217.75},{"block":11053349,"timestamp":1632063933,"swapAmountBNB":20,"namebuy":"biswap","buyPrice":8242.67,"namesell":"biswap","sellPrice":8217.75},{"block":11053350,"timestamp":1632063936,"swapAmountBNB":20,"namebuy":"biswap","buyPrice":8242.67,"namesell":"biswap","sellPrice":8217.75},{"block":11053351,"timestamp":1632063939,"swapAmountBNB":20,"namebuy":"biswap","buyPrice":8242.67,"namesell":"biswap","sellPrice":8217.75},{"block":11053352,"timestamp":1632063942,"swapAmountBNB":20,"namebuy":"biswap","buyPrice":8242.67,"namesell":"biswap","sellPrice":8217.75},{"block":11053353,"timestamp":1632063945,"swapAmountBNB":20,"namebuy":"biswap","buyPrice":8242.67,"namesell":"biswap","sellPrice":8217.75},{"block":11053354,"timestamp":1632063948,"swapAmountBNB":20,"namebuy":"pancake","buyPrice":8246.73,"namesell":"biswap","sellPrice":8222.4},{"block":11053355,"timestamp":1632063951,"swapAmountBNB":20,"namebuy":"pancake","buyPrice":8246.89,"namesell":"biswap","sellPrice":8222.4},{"block":11053356,"timestamp":1632063954,"swapAmountBNB":20,"namebuy":"biswap","buyPrice":8245.85,"namesell":"biswap","sellPrice":8220.92},{"block":11053357,"timestamp":1632063957,"swapAmountBNB":20,"namebuy":"biswap","buyPrice":8245.78,"namesell":"biswap","sellPrice":8220.85},{"block":11053358,"timestamp":1632063960,"swapAmountBNB":20,"namebuy":"pancake","buyPrice":8247.01,"namesell":"biswap","sellPrice":8225.71},{"block":11053359,"timestamp":1632063963,"swapAmountBNB":20,"namebuy":"pancake","buyPrice":8247.84,"namesell":"biswap","sellPrice":8225.45},{"block":11053360,"timestamp":1632063966,"swapAmountBNB":20,"namebuy":"pancake","buyPrice":8247.87,"namesell":"biswap","sellPrice":8225.45},{"block":11053361,"timestamp":1632063969,"swapAmountBNB":20,"namebuy":"pancake","buyPrice":8247.81,"namesell":"biswap","sellPrice":8225.41},{"block":11053362,"timestamp":1632063972,"swapAmountBNB":20,"namebuy":"pancake","buyPrice":8247.78,"namesell":"biswap","sellPrice":8225.37},{"block":11053363,"timestamp":1632063975,"swapAmountBNB":20,"namebuy":"pancake","buyPrice":8247.07,"namesell":"biswap","sellPrice":8224.83},{"block":11053364,"timestamp":1632063978,"swapAmountBNB":20,"namebuy":"pancake","buyPrice":8247.07,"namesell":"biswap","sellPrice":8224.83},{"block":11053365,"timestamp":1632063981,"swapAmountBNB":20,"namebuy":"pancake","buyPrice":8247.09,"namesell":"biswap","sellPrice":8224.83},{"block":11053366,"timestamp":1632063984,"swapAmountBNB":20,"namebuy":"pancake","buyPrice":8247.11,"namesell":"biswap","sellPrice":8224.83},{"block":11053367,"timestamp":1632063987,"swapAmountBNB":20,"namebuy":"pancake","buyPrice":8247.11,"namesell":"biswap","sellPrice":8224.83},{"block":11053368,"timestamp":1632063990,"swapAmountBNB":20,"namebuy":"pancake","buyPrice":8247.1,"namesell":"biswap","sellPrice":8224.83},{"block":11053369,"timestamp":1632063993,"swapAmountBNB":20,"namebuy":"pancake","buyPrice":8247.15,"namesell":"biswap","sellPrice":8224.83},{"block":11053370,"timestamp":1632063996,"swapAmountBNB":20,"namebuy":"pancake","buyPrice":8246.93,"namesell":"biswap","sellPrice":8224.83},{"block":11053371,"timestamp":1632063999,"swapAmountBNB":20,"namebuy":"pancake","buyPrice":8246.93,"namesell":"biswap","sellPrice":8224.72},{"block":11053372,"timestamp":1632064002,"swapAmountBNB":20,"namebuy":"pancake","buyPrice":8246.96,"namesell":"biswap","sellPrice":8224.72},{"block":11053373,"timestamp":1632064005,"swapAmountBNB":20,"namebuy":"pancake","buyPrice":8246.94,"namesell":"biswap","sellPrice":8224.72},{"block":11053374,"timestamp":1632064008,"swapAmountBNB":20,"namebuy":"pancake","buyPrice":8246.94,"namesell":"biswap","sellPrice":8224.72},{"block":11053375,"timestamp":1632064011,"swapAmountBNB":20,"namebuy":"pancake","buyPrice":8246.99,"namesell":"biswap","sellPrice":8224.72},{"block":11053376,"timestamp":1632064014,"swapAmountBNB":20,"namebuy":"pancake","buyPrice":8246.88,"namesell":"biswap","sellPrice":8224.72},{"block":11053377,"timestamp":1632064017,"swapAmountBNB":20,"namebuy":"pancake","buyPrice":8246.89,"namesell":"biswap","sellPrice":8224.72},{"block":11053378,"timestamp":1632064020,"swapAmountBNB":20,"namebuy":"pancake","buyPrice":8246.94,"namesell":"biswap","sellPrice":8224.72},{"block":11053379,"timestamp":1632064023,"swapAmountBNB":20,"namebuy":"pancake","buyPrice":8246.9,"namesell":"biswap","sellPrice":8224.72},{"block":11053380,"timestamp":1632064026,"swapAmountBNB":20,"namebuy":"pancake","buyPrice":8246.87,"namesell":"biswap","sellPrice":8223.42}]}