{"table":[{"block":11029930,"timestamp":1631992798,"swapAmountBNB":20,"namebuy":"biswap","buyPrice":8240.03,"namesell":"apeswap","sellPrice":8220.13},{"block":11029931,"timestamp":1631992801,"swapAmountBNB":20,"namebuy":"biswap","buyPrice":8240.03,"namesell":"apeswap","sellPrice":8220.13},{"block":11029932,"timestamp":1631992804,"swapAmountBNB":20,"namebuy":"biswap","buyPrice":8240.51,"namesell":"apeswap","sellPrice":8220.15},{"block":11029933,"timestamp":1631992807,"swapAmountBNB":20,"namebuy":"biswap","buyPrice":8241.26,"namesell":"apeswap","sellPrice":8220.15},{"block":11029934,"timestamp":1631992810,"swapAmountBNB":20,"namebuy":"biswap","buyPrice":8241.26,"namesell":"apeswap","sellPrice":8220.15},{"block":11029935,"timestamp":1631992813,"swapAmountBNB":20,"namebuy":"biswap","buyPrice":8236.84,"namesell":"apeswap","sellPrice":8216.62},{"block":11029936,"timestamp":1631992816,"swapAmountBNB":20,"namebuy":"biswap","buyPrice":8236.84,"namesell":"apeswap","sellPrice":8216.62},{"block":11029937,"timestamp":1631992819,"swapAmountBNB":20,"namebuy":"biswap","buyPrice":8236.84,"namesell":"apeswap","sellPrice":8216.62},{"block":11029938,"timestamp":1631992822,"swapAmountBNB":20,"namebuy":"biswap","buyPrice":8238.02,"namesell":"apeswap","sellPrice":8213.87},{"block":11029939,"timestamp":1631992825,"swapAmountBNB":20,"namebuy":"biswap","buyPrice":8233.86,"namesell":"apeswap","sellPrice":8213.87},{"block":11029940,"timestamp":1631992828,"swapAmountBNB":20,"namebuy":"biswap","buyPrice":8233.86,"namesell":"apeswap","sellPrice":8213.96},{"block":11029941,"timestamp":1631992831,"swapAmountBNB":20,"namebuy":"biswap","buyPrice":8233.86,"namesell":"apeswap","sellPrice":8213.96},{"block":11029942,"timestamp":1631992834,"swapAmountBNB":20,"namebuy":"biswap","buyPrice":8235.28,"namesell":"apeswap","sellPrice":8213.96},{"block":11029943,"timestamp":1631992837,"swapAmountBNB":20,"namebuy":"biswap","buyPrice":8235.28,"namesell":"apeswap","sellPrice":8213.94},{"block":11029944,"timestamp":1631992840,"swapAmountBNB":20,"namebuy":"biswap","buyPrice":8236.76,"namesell":"apeswap","sellPrice":8213.94},{"block":11029945,"timestamp":1631992843,"swapAmountBNB":20,"namebuy":"biswap","buyPrice":8236.76,"namesell":"apeswap","sellPrice":8213.94},{"block":11029946,"timestamp":1631992846,"swapAmountBNB":20,"namebuy":"biswap","buyPrice":8236.76,"namesell":"apeswap","sellPrice":8213.94},{"block":11029947,"timestamp":1631992849,"swapAmountBNB":20,"namebuy":"biswap","buyPrice":8236.76,"namesell":"apeswap","sellPrice":8213.94},{"block":11029948,"timestamp":1631992852,"swapAmountBNB":20,"namebuy":"biswap","buyPrice":8236.77,"namesell":"apeswap","sellPrice":8213.94},{"block":11029949,"timestamp":1631992855,"swapAmountBNB":20,"namebuy":"biswap","buyPrice":8236.77,"namesell":"apeswap","sellPrice":8213.94},{"block":11029950,"timestamp":1631992858,"swapAmountBNB":20,"namebuy":"biswap","buyPrice":8236.77,"namesell":"apeswap","sellPrice":8213.94},{"block":11029951,"timestamp":1631992861,"swapAmountBNB":20,"namebuy":"biswap","buyPrice":8236.77,"namesell":"apeswap","sellPrice":8213.94},{"block":11029952,"timestamp":1631992864,"swapAmountBNB":20,"namebuy":"biswap","buyPrice":8236.77,"namesell":"pancake","sellPrice":8217.05},{"block":11029953,"timestamp":1631992867,"swapAmountBNB":20,"namebuy":"biswap","buyPrice":8236.77,"namesell":"pancake","sellPrice":8217.04},{"block":11029954,"timestamp":1631992870,"swapAmountBNB":20,"namebuy":"biswap","buyPrice":8236.77,"namesell":"pancake","sellPrice":8217.08},{"block":11029955,"timestamp":1631992873,"swapAmountBNB":20,"namebuy":"biswap","buyPrice":8236.77,"namesell":"pancake","sellPrice":8216.77},{"block":11029956,"timestamp":1631992876,"swapAmountBNB":20,"namebuy":"biswap","buyPrice":8236.77,"namesell":"pancake","sellPrice":8216.77},{"block":11029957,"timestamp":1631992879,"swapAmountBNB":20,"namebuy":"biswap","buyPrice":8236.77,"namesell":"pancake","sellPrice":8216.44},{"block":11029958,"timestamp":1631992882,"swapAmountBNB":20,"namebuy":"biswap","buyPrice":8236.77,"namesell":"pancake","sellPrice":8216.52},{"block":11029959,"timestamp":1631992885,"swapAmountBNB":20,"namebuy":"biswap","buyPrice":8232.35,"namesell":"pancake","sellPrice":8216.56},{"block":11029960,"timestamp":1631992888,"swapAmountBNB":20,"namebuy":"biswap","buyPrice":8232.35,"namesell":"pancake","sellPrice":8216.56},{"block":11029961,"timestamp":1631992891,"swapAmountBNB":20,"namebuy":"biswap","buyPrice":8232.35,"namesell":"pancake","sellPrice":8216.56},{"block":11029962,"timestamp":1631992894,"swapAmountBNB":20,"namebuy":"biswap","buyPrice":8232.35,"namesell":"pancake","sellPrice":8216.58},{"block":11029963,"timestamp":1631992897,"swapAmountBNB":20,"namebuy":"biswap","buyPrice":8227.93,"namesell":"pancake","sellPrice":8216.1},{"block":11029964,"timestamp":1631992900,"swapAmountBNB":20,"namebuy":"biswap","buyPrice":8227.93,"namesell":"pancake","sellPrice":8216},{"block":11029965,"timestamp":1631992903,"swapAmountBNB":20,"namebuy":"biswap","buyPrice":8227.93,"namesell":"pancake","sellPrice":8215.87},{"block":11029966,"timestamp":1631992906,"swapAmountBNB":20,"namebuy":"biswap","buyPrice":8227.93,"namesell":"pancake","sellPrice":8215.82},{"block":11029967,"timestamp":1631992909,"swapAmountBNB":20,"namebuy":"biswap","buyPrice":8227.93,"namesell":"pancake","sellPrice":8215.83},{"block":11029968,"timestamp":1631992912,"swapAmountBNB":20,"namebuy":"biswap","buyPrice":8227.93,"namesell":"pancake","sellPrice":8215.78},{"block":11029969,"timestamp":1631992915,"swapAmountBNB":20,"namebuy":"biswap","buyPrice":8227.93,"namesell":"pancake","sellPrice":8215.84},{"block":11029970,"timestamp":1631992918,"swapAmountBNB":20,"namebuy":"biswap","buyPrice":8227.93,"namesell":"pancake","sellPrice":8215.89},{"block":11029971,"timestamp":1631992921,"swapAmountBNB":20,"namebuy":"biswap","buyPrice":8227.93,"namesell":"pancake","sellPrice":8216.07},{"block":11029972,"timestamp":1631992924,"swapAmountBNB":20,"namebuy":"biswap","buyPrice":8227.93,"namesell":"pancake","sellPrice":8215.85},{"block":11029973,"timestamp":1631992927,"swapAmountBNB":20,"namebuy":"biswap","buyPrice":8227.93,"namesell":"pancake","sellPrice":8215.87},{"block":11029974,"timestamp":1631992930,"swapAmountBNB":20,"namebuy":"biswap","buyPrice":8229.58,"namesell":"pancake","sellPrice":8215.87},{"block":11029975,"timestamp":1631992933,"swapAmountBNB":20,"namebuy":"biswap","buyPrice":8230.75,"namesell":"pancake","sellPrice":8215.8},{"block":11029976,"timestamp":1631992936,"swapAmountBNB":20,"namebuy":"biswap","buyPrice":8232.51,"namesell":"pancake","sellPrice":8215.69},{"block":11029977,"timestamp":1631992939,"swapAmountBNB":20,"namebuy":"biswap","buyPrice":8234.07,"namesell":"pancake","sellPrice":8215.48},{"block":11029978,"timestamp":1631992942,"swapAmountBNB":20,"namebuy":"biswap","buyPrice":8235.44,"namesell":"pancake","sellPrice":8215.49},{"block":11029979,"timestamp":1631992945,"swapAmountBNB":20,"namebuy":"biswap","buyPrice":8235.44,"namesell":"pancake","sellPrice":8215.61},{"block":11029980,"timestamp":1631992948,"swapAmountBNB":20,"namebuy":"biswap","buyPrice":8235.44,"namesell":"pancake","sellPrice":8214.97},{"block":11029981,"timestamp":1631992951,"swapAmountBNB":20,"namebuy":"biswap","buyPrice":8231.03,"namesell":"pancake","sellPrice":8214.97},{"block":11029982,"timestamp":1631992954,"swapAmountBNB":20,"namebuy":"biswap","buyPrice":8232.17,"namesell":"pancake","sellPrice":8214.96},{"block":11029983,"timestamp":1631992957,"swapAmountBNB":20,"namebuy":"biswap","buyPrice":8232.17,"namesell":"pancake","sellPrice":8214.95},{"block":11029984,"timestamp":1631992960,"swapAmountBNB":20,"namebuy":"biswap","buyPrice":8232.18,"namesell":"pancake","sellPrice":8214.97},{"block":11029985,"timestamp":1631992963,"swapAmountBNB":20,"namebuy":"biswap","buyPrice":8232.18,"namesell":"pancake","sellPrice":8214.98},{"block":11029986,"timestamp":1631992966,"swapAmountBNB":20,"namebuy":"biswap","buyPrice":8232.18,"namesell":"pancake","sellPrice":8215},{"block":11029987,"timestamp":1631992969,"swapAmountBNB":20,"namebuy":"biswap","buyPrice":8233.58,"namesell":"pancake","sellPrice":8214.52},{"block":11029988,"timestamp":1631992972,"swapAmountBNB":20,"namebuy":"biswap","buyPrice":8233.58,"namesell":"pancake","sellPrice":8214.55},{"block":11029989,"timestamp":1631992975,"swapAmountBNB":20,"namebuy":"biswap","buyPrice":8233.58,"namesell":"pancake","sellPrice":8214.55},{"block":11029990,"timestamp":1631992978,"swapAmountBNB":20,"namebuy":"biswap","buyPrice":8233.58,"namesell":"pancake","sellPrice":8214.5},{"block":11029991,"timestamp":1631992981,"swapAmountBNB":20,"namebuy":"biswap","buyPrice":8233.58,"namesell":"pancake","sellPrice":8214.5},{"block":11029992,"timestamp":1631992984,"swapAmountBNB":20,"namebuy":"biswap","buyPrice":8233.72,"namesell":"pancake","sellPrice":8214.32},{"block":11029993,"timestamp":1631992987,"swapAmountBNB":20,"namebuy":"biswap","buyPrice":8233.72,"namesell":"pancake","sellPrice":8214.31},{"block":11029994,"timestamp":1631992990,"swapAmountBNB":20,"namebuy":"biswap","buyPrice":8233.72,"namesell":"pancake","sellPrice":8214.2},{"block":11029995,"timestamp":1631992993,"swapAmountBNB":20,"namebuy":"biswap","buyPrice":8233.72,"namesell":"pancake","sellPrice":8214.2},{"block":11029996,"timestamp":1631992996,"swapAmountBNB":20,"namebuy":"biswap","buyPrice":8233.72,"namesell":"pancake","sellPrice":8214.2},{"block":11029997,"timestamp":1631992999,"swapAmountBNB":20,"namebuy":"biswap","buyPrice":8233.72,"namesell":"pancake","sellPrice":8214.24},{"block":11029998,"timestamp":1631993002,"swapAmountBNB":20,"namebuy":"biswap","buyPrice":8233.73,"namesell":"pancake","sellPrice":8214.1},{"block":11029999,"timestamp":1631993005,"swapAmountBNB":20,"namebuy":"biswap","buyPrice":8233.8,"namesell":"pancake","sellPrice":8214.07},{"block":11030000,"timestamp":1631993008,"swapAmountBNB":20,"namebuy":"biswap","buyPrice":8233.8,"namesell":"pancake","sellPrice":8214.02},{"block":11030001,"timestamp":1631993011,"swapAmountBNB":20,"namebuy":"biswap","buyPrice":8233.8,"namesell":"pancake","sellPrice":8214.04},{"block":11030002,"timestamp":1631993014,"swapAmountBNB":20,"namebuy":"biswap","buyPrice":8233.8,"namesell":"pancake","sellPrice":8209.38},{"block":11030003,"timestamp":1631993017,"swapAmountBNB":20,"namebuy":"biswap","buyPrice":8233.8,"namesell":"pancake","sellPrice":8209.38},{"block":11030004,"timestamp":1631993020,"swapAmountBNB":20,"namebuy":"biswap","buyPrice":8233.8,"namesell":"pancake","sellPrice":8209.48},{"block":11030005,"timestamp":1631993023,"swapAmountBNB":20,"namebuy":"biswap","buyPrice":8233.8,"namesell":"pancake","sellPrice":8209.48},{"block":11030006,"timestamp":1631993026,"swapAmountBNB":20,"namebuy":"biswap","buyPrice":8233.8,"namesell":"pancake","sellPrice":8209.44},{"block":11030007,"timestamp":1631993029,"swapAmountBNB":20,"namebuy":"biswap","buyPrice":8233.8,"namesell":"pancake","sellPrice":8209.45},{"block":11030008,"timestamp":1631993032,"swapAmountBNB":20,"namebuy":"biswap","buyPrice":8233.8,"namesell":"pancake","sellPrice":8209.45},{"block":11030009,"timestamp":1631993035,"swapAmountBNB":20,"namebuy":"biswap","buyPrice":8233.85,"namesell":"pancake","sellPrice":8209.57},{"block":11030010,"timestamp":1631993038,"swapAmountBNB":20,"namebuy":"biswap","buyPrice":8233.85,"namesell":"pancake","sellPrice":8209.58},{"block":11030011,"timestamp":1631993041,"swapAmountBNB":20,"namebuy":"biswap","buyPrice":8233.85,"namesell":"pancake","sellPrice":8209.58},{"block":11030012,"timestamp":1631993044,"swapAmountBNB":20,"namebuy":"biswap","buyPrice":8233.85,"namesell":"pancake","sellPrice":8209.48},{"block":11030013,"timestamp":1631993047,"swapAmountBNB":20,"namebuy":"biswap","buyPrice":8235.03,"namesell":"biswap","sellPrice":8210.56},{"block":11030014,"timestamp":1631993050,"swapAmountBNB":20,"namebuy":"biswap","buyPrice":8235.03,"namesell":"biswap","sellPrice":8210.56},{"block":11030015,"timestamp":1631993053,"swapAmountBNB":20,"namebuy":"biswap","buyPrice":8235.54,"namesell":"apeswap","sellPrice":8212.09},{"block":11030016,"timestamp":1631993056,"swapAmountBNB":20,"namebuy":"biswap","buyPrice":8235.54,"namesell":"apeswap","sellPrice":8212.09},{"block":11030017,"timestamp":1631993059,"swapAmountBNB":20,"namebuy":"biswap","buyPrice":8238.17,"namesell":"biswap","sellPrice":8213.68},{"block":11030018,"timestamp":1631993062,"swapAmountBNB":20,"namebuy":"biswap","buyPrice":8240.78,"namesell":"biswap","sellPrice":8216.28},{"block":11030019,"timestamp":1631993065,"swapAmountBNB":20,"namebuy":"biswap","buyPrice":8241.43,"namesell":"biswap","sellPrice":8216.93},{"block":11030020,"timestamp":1631993068,"swapAmountBNB":20,"namebuy":"biswap","buyPrice":8241.44,"namesell":"biswap","sellPrice":8216.94},{"block":11030021,"timestamp":1631993071,"swapAmountBNB":20,"namebuy":"biswap","buyPrice":8237.77,"namesell":"apeswap","sellPrice":8215.05},{"block":11030022,"timestamp":1631993074,"swapAmountBNB":20,"namebuy":"biswap","buyPrice":8237.9,"namesell":"apeswap","sellPrice":8215.05},{"block":11030023,"timestamp":1631993077,"swapAmountBNB":20,"namebuy":"biswap","buyPrice":8237.9,"namesell":"apeswap","sellPrice":8215.05},{"block":11030024,"timestamp":1631993080,"swapAmountBNB":20,"namebuy":"biswap","buyPrice":8237.9,"namesell":"apeswap","sellPrice":8217.73},{"block":11030025,"timestamp":1631993083,"swapAmountBNB":20,"namebuy":"biswap","buyPrice":8237.9,"namesell":"apeswap","sellPrice":8217.73},{"block":11030026,"timestamp":1631993086,"swapAmountBNB":20,"namebuy":"biswap","buyPrice":8238.39,"namesell":"apeswap","sellPrice":8220.52},{"block":11030027,"timestamp":1631993089,"swapAmountBNB":20,"namebuy":"biswap","buyPrice":8238.39,"namesell":"apeswap","sellPrice":8220.52},{"block":11030028,"timestamp":1631993092,"swapAmountBNB":20,"namebuy":"biswap","buyPrice":8238.66,"namesell":"apeswap","sellPrice":8220.37},{"block":11030029,"timestamp":1631993095,"swapAmountBNB":20,"namebuy":"biswap","buyPrice":8238.66,"namesell":"apeswap","sellPrice":8220.37},{"block":11030030,"timestamp":1631993098,"swapAmountBNB":20,"namebuy":"biswap","buyPrice":8238.66,"namesell":"apeswap","sellPrice":8220.37},{"block":11030031,"timestamp":1631993101,"swapAmountBNB":20,"namebuy":"biswap","buyPrice":8238.66,"namesell":"apeswap","sellPrice":8219.64},{"block":11030033,"timestamp":1631993107,"swapAmountBNB":20,"namebuy":"biswap","buyPrice":8238.66,"namesell":"apeswap","sellPrice":8219.64},{"block":11030034,"timestamp":1631993110,"swapAmountBNB":20,"namebuy":"biswap","buyPrice":8238.66,"namesell":"apeswap","sellPrice":8216.71},{"block":11030035,"timestamp":1631993113,"swapAmountBNB":20,"namebuy":"biswap","buyPrice":8234.24,"namesell":"apeswap","sellPrice":8219.79},{"block":11030036,"timestamp":1631993116,"swapAmountBNB":20,"namebuy":"biswap","buyPrice":8234.53,"namesell":"apeswap","sellPrice":8219.72},{"block":11030037,"timestamp":1631993119,"swapAmountBNB":20,"namebuy":"biswap","buyPrice":8234.53,"namesell":"apeswap","sellPrice":8219.72},{"block":11030038,"timestamp":1631993122,"swapAmountBNB":20,"namebuy":"biswap","buyPrice":8234.53,"namesell":"apeswap","sellPrice":8219.72},{"block":11030039,"timestamp":1631993125,"swapAmountBNB":20,"namebuy":"biswap","buyPrice":8234.53,"namesell":"apeswap","sellPrice":8216.62},{"block":11030040,"timestamp":1631993128,"swapAmountBNB":20,"namebuy":"biswap","buyPrice":8234.53,"namesell":"apeswap","sellPrice":8216.62},{"block":11030041,"timestamp":1631993131,"swapAmountBNB":20,"namebuy":"biswap","buyPrice":8234.53,"namesell":"apeswap","sellPrice":8216.62},{"block":11030042,"timestamp":1631993134,"swapAmountBNB":20,"namebuy":"biswap","buyPrice":8234.53,"namesell":"apeswap","sellPrice":8216.62},{"block":11030043,"timestamp":1631993137,"swapAmountBNB":20,"namebuy":"biswap","buyPrice":8234.53,"namesell":"apeswap","sellPrice":8216.62},{"block":11030044,"timestamp":1631993140,"swapAmountBNB":20,"namebuy":"biswap","buyPrice":8234.53,"namesell":"apeswap","sellPrice":8216.62},{"block":11030045,"timestamp":1631993143,"swapAmountBNB":20,"namebuy":"biswap","buyPrice":8234.53,"namesell":"apeswap","sellPrice":8216.62},{"block":11030046,"timestamp":1631993146,"swapAmountBNB":20,"namebuy":"biswap","buyPrice":8234.53,"namesell":"apeswap","sellPrice":8212.75},{"block":11030047,"timestamp":1631993149,"swapAmountBNB":20,"namebuy":"biswap","buyPrice":8234.53,"namesell":"apeswap","sellPrice":8212.75},{"block":11030048,"timestamp":1631993152,"swapAmountBNB":20,"namebuy":"biswap","buyPrice":8234.53,"namesell":"apeswap","sellPrice":8212.75},{"block":11030049,"timestamp":1631993155,"swapAmountBNB":20,"namebuy":"biswap","buyPrice":8234.53,"namesell":"apeswap","sellPrice":8212.75},{"block":11030050,"timestamp":1631993158,"swapAmountBNB":20,"namebuy":"biswap","buyPrice":8234.95,"namesell":"apeswap","sellPrice":8212.75},{"block":11030051,"timestamp":1631993161,"swapAmountBNB":20,"namebuy":"biswap","buyPrice":8234.95,"namesell":"apeswap","sellPrice":8212.75},{"block":11030052,"timestamp":1631993164,"swapAmountBNB":20,"namebuy":"biswap","buyPrice":8230.53,"namesell":"apeswap","sellPrice":8212.96},{"block":11030053,"timestamp":1631993167,"swapAmountBNB":20,"namebuy":"biswap","buyPrice":8230.53,"namesell":"apeswap","sellPrice":8212.96},{"block":11030054,"timestamp":1631993170,"swapAmountBNB":20,"namebuy":"biswap","buyPrice":8235.4,"namesell":"biswap","sellPrice":8210.92},{"block":11030055,"timestamp":1631993173,"swapAmountBNB":20,"namebuy":"biswap","buyPrice":8235.4,"namesell":"biswap","sellPrice":8210.92},{"block":11030056,"timestamp":1631993176,"swapAmountBNB":20,"namebuy":"biswap","buyPrice":8230.98,"namesell":"apeswap","sellPrice":8210.15},{"block":11030057,"timestamp":1631993179,"swapAmountBNB":20,"namebuy":"biswap","buyPrice":8230.98,"namesell":"apeswap","sellPrice":8210.15},{"block":11030058,"timestamp":1631993182,"swapAmountBNB":20,"namebuy":"biswap","buyPrice":8230.98,"namesell":"apeswap","sellPrice":8210.15},{"block":11030059,"timestamp":1631993185,"swapAmountBNB":20,"namebuy":"biswap","buyPrice":8232.05,"namesell":"apeswap","sellPrice":8210.15},{"block":11030060,"timestamp":1631993188,"swapAmountBNB":20,"namebuy":"biswap","buyPrice":8232.05,"namesell":"apeswap","sellPrice":8210.15},{"block":11030061,"timestamp":1631993191,"swapAmountBNB":20,"namebuy":"biswap","buyPrice":8232.05,"namesell":"apeswap","sellPrice":8210.15},{"block":11030062,"timestamp":1631993194,"swapAmountBNB":20,"namebuy":"biswap","buyPrice":8232.34,"namesell":"apeswap","sellPrice":8210.15},{"block":11030063,"timestamp":1631993197,"swapAmountBNB":20,"namebuy":"biswap","buyPrice":8232.34,"namesell":"apeswap","sellPrice":8210.15},{"block":11030064,"timestamp":1631993200,"swapAmountBNB":20,"namebuy":"biswap","buyPrice":8232.34,"namesell":"apeswap","sellPrice":8210.15},{"block":11030065,"timestamp":1631993203,"swapAmountBNB":20,"namebuy":"biswap","buyPrice":8232.34,"namesell":"apeswap","sellPrice":8210.15},{"block":11030066,"timestamp":1631993206,"swapAmountBNB":20,"namebuy":"biswap","buyPrice":8232.34,"namesell":"pancake","sellPrice":8209.37},{"block":11030067,"timestamp":1631993209,"swapAmountBNB":20,"namebuy":"biswap","buyPrice":8232.34,"namesell":"pancake","sellPrice":8209.35},{"block":11030068,"timestamp":1631993212,"swapAmountBNB":20,"namebuy":"biswap","buyPrice":8232.34,"namesell":"pancake","sellPrice":8209.3},{"block":11030069,"timestamp":1631993215,"swapAmountBNB":20,"namebuy":"biswap","buyPrice":8232.68,"namesell":"pancake","sellPrice":8209.33},{"block":11030070,"timestamp":1631993218,"swapAmountBNB":20,"namebuy":"biswap","buyPrice":8232.68,"namesell":"pancake","sellPrice":8209.3},{"block":11030071,"timestamp":1631993221,"swapAmountBNB":20,"namebuy":"biswap","buyPrice":8232.68,"namesell":"pancake","sellPrice":8208.76},{"block":11030072,"timestamp":1631993224,"swapAmountBNB":20,"namebuy":"biswap","buyPrice":8232.68,"namesell":"pancake","sellPrice":8208.75},{"block":11030073,"timestamp":1631993227,"swapAmountBNB":20,"namebuy":"biswap","buyPrice":8232.68,"namesell":"pancake","sellPrice":8208.79},{"block":11030074,"timestamp":1631993230,"swapAmountBNB":20,"namebuy":"biswap","buyPrice":8232.68,"namesell":"pancake","sellPrice":8212.35},{"block":11030075,"timestamp":1631993233,"swapAmountBNB":20,"namebuy":"biswap","buyPrice":8232.68,"namesell":"pancake","sellPrice":8212.37},{"block":11030076,"timestamp":1631993236,"swapAmountBNB":20,"namebuy":"biswap","buyPrice":8232.68,"namesell":"pancake","sellPrice":8212.39},{"block":11030077,"timestamp":1631993239,"swapAmountBNB":20,"namebuy":"biswap","buyPrice":8232.68,"namesell":"pancake","sellPrice":8212.39},{"block":11030078,"timestamp":1631993242,"swapAmountBNB":20,"namebuy":"biswap","buyPrice":8232.69,"namesell":"pancake","sellPrice":8212.35},{"block":11030079,"timestamp":1631993245,"swapAmountBNB":20,"namebuy":"biswap","buyPrice":8232.69,"namesell":"pancake","sellPrice":8212.41},{"block":11030080,"timestamp":1631993248,"swapAmountBNB":20,"namebuy":"biswap","buyPrice":8232.69,"namesell":"pancake","sellPrice":8212.51},{"block":11030081,"timestamp":1631993251,"swapAmountBNB":20,"namebuy":"biswap","buyPrice":8232.69,"namesell":"pancake","sellPrice":8212.11},{"block":11030082,"timestamp":1631993254,"swapAmountBNB":20,"namebuy":"biswap","buyPrice":8232.69,"namesell":"pancake","sellPrice":8211.23},{"block":11030083,"timestamp":1631993257,"swapAmountBNB":20,"namebuy":"biswap","buyPrice":8232.69,"namesell":"pancake","sellPrice":8211.05},{"block":11030084,"timestamp":1631993260,"swapAmountBNB":20,"namebuy":"biswap","buyPrice":8232.69,"namesell":"pancake","sellPrice":8211.14},{"block":11030085,"timestamp":1631993263,"swapAmountBNB":20,"namebuy":"biswap","buyPrice":8232.69,"namesell":"pancake","sellPrice":8211.17},{"block":11030086,"timestamp":1631993266,"swapAmountBNB":20,"namebuy":"biswap","buyPrice":8232.69,"namesell":"pancake","sellPrice":8211.12},{"block":11030087,"timestamp":1631993269,"swapAmountBNB":20,"namebuy":"biswap","buyPrice":8232.69,"namesell":"pancake","sellPrice":8211.2},{"block":11030088,"timestamp":1631993272,"swapAmountBNB":20,"namebuy":"biswap","buyPrice":8232.69,"namesell":"pancake","sellPrice":8211.22},{"block":11030089,"timestamp":1631993275,"swapAmountBNB":20,"namebuy":"biswap","buyPrice":8233.06,"namesell":"pancake","sellPrice":8211.22},{"block":11030090,"timestamp":1631993278,"swapAmountBNB":20,"namebuy":"biswap","buyPrice":8233.35,"namesell":"pancake","sellPrice":8211.23},{"block":11030091,"timestamp":1631993281,"swapAmountBNB":20,"namebuy":"biswap","buyPrice":8233.35,"namesell":"pancake","sellPrice":8211.06},{"block":11030092,"timestamp":1631993284,"swapAmountBNB":20,"namebuy":"biswap","buyPrice":8233.35,"namesell":"pancake","sellPrice":8211.06},{"block":11030093,"timestamp":1631993287,"swapAmountBNB":20,"namebuy":"biswap","buyPrice":8233.35,"namesell":"pancake","sellPrice":8211.02},{"block":11030094,"timestamp":1631993290,"swapAmountBNB":20,"namebuy":"biswap","buyPrice":8233.35,"namesell":"pancake","sellPrice":8211.05},{"block":11030095,"timestamp":1631993293,"swapAmountBNB":20,"namebuy":"biswap","buyPrice":8233.35,"namesell":"pancake","sellPrice":8211.04},{"block":11030096,"timestamp":1631993296,"swapAmountBNB":20,"namebuy":"biswap","buyPrice":8233.35,"namesell":"pancake","sellPrice":8211.04},{"block":11030097,"timestamp":1631993299,"swapAmountBNB":20,"namebuy":"biswap","buyPrice":8233.35,"namesell":"pancake","sellPrice":8211.04},{"block":11030098,"timestamp":1631993302,"swapAmountBNB":20,"namebuy":"biswap","buyPrice":8233.35,"namesell":"pancake","sellPrice":8211.05},{"block":11030099,"timestamp":1631993305,"swapAmountBNB":20,"namebuy":"biswap","buyPrice":8233.35,"namesell":"pancake","sellPrice":8211.07},{"block":11030100,"timestamp":1631993308,"swapAmountBNB":20,"namebuy":"biswap","buyPrice":8235.28,"namesell":"pancake","sellPrice":8211.1},{"block":11030101,"timestamp":1631993311,"swapAmountBNB":20,"namebuy":"biswap","buyPrice":8235.28,"namesell":"pancake","sellPrice":8211.08},{"block":11030102,"timestamp":1631993314,"swapAmountBNB":20,"namebuy":"biswap","buyPrice":8235.28,"namesell":"biswap","sellPrice":8210.8},{"block":11030103,"timestamp":1631993317,"swapAmountBNB":20,"namebuy":"biswap","buyPrice":8230.86,"namesell":"pancake","sellPrice":8210.64},{"block":11030104,"timestamp":1631993320,"swapAmountBNB":20,"namebuy":"biswap","buyPrice":8230.86,"namesell":"pancake","sellPrice":8210.75},{"block":11030105,"timestamp":1631993323,"swapAmountBNB":20,"namebuy":"biswap","buyPrice":8230.86,"namesell":"pancake","sellPrice":8210.66},{"block":11030106,"timestamp":1631993326,"swapAmountBNB":20,"namebuy":"biswap","buyPrice":8230.86,"namesell":"pancake","sellPrice":8210.6},{"block":11030107,"timestamp":1631993329,"swapAmountBNB":20,"namebuy":"biswap","buyPrice":8230.86,"namesell":"pancake","sellPrice":8210.56},{"block":11030108,"timestamp":1631993332,"swapAmountBNB":20,"namebuy":"biswap","buyPrice":8231.55,"namesell":"pancake","sellPrice":8210.29},{"block":11030109,"timestamp":1631993335,"swapAmountBNB":20,"namebuy":"biswap","buyPrice":8231.55,"namesell":"pancake","sellPrice":8210.28},{"block":11030110,"timestamp":1631993338,"swapAmountBNB":20,"namebuy":"biswap","buyPrice":8231.55,"namesell":"pancake","sellPrice":8210.18},{"block":11030111,"timestamp":1631993341,"swapAmountBNB":20,"namebuy":"biswap","buyPrice":8231.55,"namesell":"pancake","sellPrice":8210.2},{"block":11030112,"timestamp":1631993344,"swapAmountBNB":20,"namebuy":"biswap","buyPrice":8231.55,"namesell":"pancake","sellPrice":8210.28},{"block":11030113,"timestamp":1631993347,"swapAmountBNB":20,"namebuy":"biswap","buyPrice":8230.94,"namesell":"pancake","sellPrice":8210.04},{"block":11030114,"timestamp":1631993350,"swapAmountBNB":20,"namebuy":"biswap","buyPrice":8230.94,"namesell":"pancake","sellPrice":8210.06},{"block":11030115,"timestamp":1631993353,"swapAmountBNB":20,"namebuy":"biswap","buyPrice":8230.56,"namesell":"pancake","sellPrice":8210.06},{"block":11030116,"timestamp":1631993356,"swapAmountBNB":20,"namebuy":"biswap","buyPrice":8230.56,"namesell":"pancake","sellPrice":8209.76},{"block":11030117,"timestamp":1631993359,"swapAmountBNB":20,"namebuy":"biswap","buyPrice":8230.56,"namesell":"pancake","sellPrice":8210.48},{"block":11030118,"timestamp":1631993362,"swapAmountBNB":20,"namebuy":"biswap","buyPrice":8230.56,"namesell":"pancake","sellPrice":8210.53},{"block":11030119,"timestamp":1631993365,"swapAmountBNB":20,"namebuy":"biswap","buyPrice":8230.56,"namesell":"pancake","sellPrice":8210.47},{"block":11030120,"timestamp":1631993368,"swapAmountBNB":20,"namebuy":"biswap","buyPrice":8230.56,"namesell":"pancake","sellPrice":8211.08},{"block":11030121,"timestamp":1631993371,"swapAmountBNB":20,"namebuy":"biswap","buyPrice":8230.56,"namesell":"pancake","sellPrice":8211.1},{"block":11030122,"timestamp":1631993374,"swapAmountBNB":20,"namebuy":"biswap","buyPrice":8230.56,"namesell":"pancake","sellPrice":8211.09},{"block":11030123,"timestamp":1631993377,"swapAmountBNB":20,"namebuy":"biswap","buyPrice":8230.56,"namesell":"pancake","sellPrice":8211.07},{"block":11030124,"timestamp":1631993380,"swapAmountBNB":20,"namebuy":"biswap","buyPrice":8230.56,"namesell":"pancake","sellPrice":8211.03},{"block":11030125,"timestamp":1631993383,"swapAmountBNB":20,"namebuy":"biswap","buyPrice":8230.56,"namesell":"pancake","sellPrice":8211.3},{"block":11030126,"timestamp":1631993386,"swapAmountBNB":20,"namebuy":"biswap","buyPrice":8230.56,"namesell":"pancake","sellPrice":8211.59},{"block":11030127,"timestamp":1631993389,"swapAmountBNB":20,"namebuy":"biswap","buyPrice":8230.56,"namesell":"pancake","sellPrice":8211.53},{"block":11030128,"timestamp":1631993392,"swapAmountBNB":20,"namebuy":"biswap","buyPrice":8230.56,"namesell":"pancake","sellPrice":8211.52},{"block":11030129,"timestamp":1631993395,"swapAmountBNB":20,"namebuy":"biswap","buyPrice":8230.56,"namesell":"pancake","sellPrice":8211.54}]}