{"table":[{"block":11028880,"timestamp":1631989647,"swapAmountBNB":20,"namebuy":"biswap","buyPrice":8262.95,"namesell":"biswap","sellPrice":8238.38},{"block":11028899,"timestamp":1631989704,"swapAmountBNB":20,"namebuy":"pancake","buyPrice":8264.68,"namesell":"biswap","sellPrice":8242.5},{"block":11028945,"timestamp":1631989842,"swapAmountBNB":20,"namebuy":"pancake","buyPrice":8263.55,"namesell":"biswap","sellPrice":8242.42},{"block":11028946,"timestamp":1631989845,"swapAmountBNB":20,"namebuy":"pancake","buyPrice":8263.53,"namesell":"biswap","sellPrice":8242.42},{"block":11028947,"timestamp":1631989848,"swapAmountBNB":20,"namebuy":"pancake","buyPrice":8263.44,"namesell":"biswap","sellPrice":8242.42},{"block":11028948,"timestamp":1631989851,"swapAmountBNB":20,"namebuy":"pancake","buyPrice":8263.44,"namesell":"biswap","sellPrice":8242.42},{"block":11028949,"timestamp":1631989854,"swapAmountBNB":20,"namebuy":"pancake","buyPrice":8263.43,"namesell":"biswap","sellPrice":8243.68},{"block":11028950,"timestamp":1631989857,"swapAmountBNB":20,"namebuy":"pancake","buyPrice":8263.44,"namesell":"biswap","sellPrice":8243.68},{"block":11028951,"timestamp":1631989860,"swapAmountBNB":20,"namebuy":"pancake","buyPrice":8263.45,"namesell":"biswap","sellPrice":8247.87},{"block":11028952,"timestamp":1631989863,"swapAmountBNB":20,"namebuy":"pancake","buyPrice":8263.56,"namesell":"biswap","sellPrice":8247.87},{"block":11028953,"timestamp":1631989866,"swapAmountBNB":20,"namebuy":"pancake","buyPrice":8263.57,"namesell":"biswap","sellPrice":8247.87},{"block":11028954,"timestamp":1631989869,"swapAmountBNB":20,"namebuy":"pancake","buyPrice":8263.56,"namesell":"biswap","sellPrice":8247.7},{"block":11028955,"timestamp":1631989872,"swapAmountBNB":20,"namebuy":"pancake","buyPrice":8263.62,"namesell":"biswap","sellPrice":8247.7},{"block":11028956,"timestamp":1631989875,"swapAmountBNB":20,"namebuy":"pancake","buyPrice":8263.62,"namesell":"biswap","sellPrice":8247.7},{"block":11028957,"timestamp":1631989878,"swapAmountBNB":20,"namebuy":"pancake","buyPrice":8263.59,"namesell":"biswap","sellPrice":8247.7},{"block":11028958,"timestamp":1631989881,"swapAmountBNB":20,"namebuy":"pancake","buyPrice":8263.68,"namesell":"biswap","sellPrice":8247.7},{"block":11028959,"timestamp":1631989884,"swapAmountBNB":20,"namebuy":"pancake","buyPrice":8263.7,"namesell":"biswap","sellPrice":8247.7},{"block":11028960,"timestamp":1631989888,"swapAmountBNB":20,"namebuy":"pancake","buyPrice":8264.01,"namesell":"biswap","sellPrice":8247.7},{"block":11028960,"timestamp":1631989887,"swapAmountBNB":20,"namebuy":"pancake","buyPrice":8264.01,"namesell":"biswap","sellPrice":8247.7},{"block":11028961,"timestamp":1631989890,"swapAmountBNB":20,"namebuy":"pancake","buyPrice":8264.04,"namesell":"biswap","sellPrice":8247.26},{"block":11028962,"timestamp":1631989893,"swapAmountBNB":20,"namebuy":"pancake","buyPrice":8264.15,"namesell":"biswap","sellPrice":8247.26},{"block":11028963,"timestamp":1631989896,"swapAmountBNB":20,"namebuy":"pancake","buyPrice":8264.22,"namesell":"biswap","sellPrice":8247.26},{"block":11028964,"timestamp":1631989899,"swapAmountBNB":20,"namebuy":"pancake","buyPrice":8263.7,"namesell":"biswap","sellPrice":8247.26},{"block":11028965,"timestamp":1631989902,"swapAmountBNB":20,"namebuy":"pancake","buyPrice":8263.68,"namesell":"biswap","sellPrice":8247.26},{"block":11028966,"timestamp":1631989905,"swapAmountBNB":20,"namebuy":"pancake","buyPrice":8263.64,"namesell":"biswap","sellPrice":8247.26},{"block":11028967,"timestamp":1631989908,"swapAmountBNB":20,"namebuy":"pancake","buyPrice":8263.74,"namesell":"biswap","sellPrice":8247.26},{"block":11028968,"timestamp":1631989911,"swapAmountBNB":20,"namebuy":"pancake","buyPrice":8263.72,"namesell":"biswap","sellPrice":8247.26},{"block":11028969,"timestamp":1631989914,"swapAmountBNB":20,"namebuy":"pancake","buyPrice":8263.8,"namesell":"biswap","sellPrice":8247.26},{"block":11028970,"timestamp":1631989917,"swapAmountBNB":20,"namebuy":"pancake","buyPrice":8263.87,"namesell":"biswap","sellPrice":8247.26},{"block":11028971,"timestamp":1631989920,"swapAmountBNB":20,"namebuy":"pancake","buyPrice":8263.87,"namesell":"biswap","sellPrice":8247.26},{"block":11028972,"timestamp":1631989923,"swapAmountBNB":20,"namebuy":"pancake","buyPrice":8263.87,"namesell":"biswap","sellPrice":8251.7},{"block":11028973,"timestamp":1631989926,"swapAmountBNB":20,"namebuy":"pancake","buyPrice":8263.86,"namesell":"biswap","sellPrice":8251.7},{"block":11028974,"timestamp":1631989929,"swapAmountBNB":20,"namebuy":"pancake","buyPrice":8264.07,"namesell":"biswap","sellPrice":8251.7},{"block":11028975,"timestamp":1631989932,"swapAmountBNB":20,"namebuy":"pancake","buyPrice":8264.18,"namesell":"biswap","sellPrice":8251.7},{"block":11028976,"timestamp":1631989935,"swapAmountBNB":20,"namebuy":"pancake","buyPrice":8264.31,"namesell":"biswap","sellPrice":8251.7},{"block":11028977,"timestamp":1631989938,"swapAmountBNB":20,"namebuy":"pancake","buyPrice":8264.28,"namesell":"biswap","sellPrice":8251.7},{"block":11028978,"timestamp":1631989941,"swapAmountBNB":20,"namebuy":"pancake","buyPrice":8264.44,"namesell":"biswap","sellPrice":8251.7},{"block":11028979,"timestamp":1631989944,"swapAmountBNB":20,"namebuy":"pancake","buyPrice":8264.42,"namesell":"biswap","sellPrice":8251.7},{"block":11028980,"timestamp":1631989947,"swapAmountBNB":20,"namebuy":"pancake","buyPrice":8264.53,"namesell":"biswap","sellPrice":8251.7},{"block":11028981,"timestamp":1631989950,"swapAmountBNB":20,"namebuy":"pancake","buyPrice":8264.54,"namesell":"biswap","sellPrice":8251.7},{"block":11028982,"timestamp":1631989953,"swapAmountBNB":20,"namebuy":"pancake","buyPrice":8264.51,"namesell":"biswap","sellPrice":8251.7},{"block":11028983,"timestamp":1631989956,"swapAmountBNB":20,"namebuy":"pancake","buyPrice":8264.44,"namesell":"biswap","sellPrice":8251.7},{"block":11028984,"timestamp":1631989959,"swapAmountBNB":20,"namebuy":"pancake","buyPrice":8264.42,"namesell":"biswap","sellPrice":8251.7},{"block":11028985,"timestamp":1631989962,"swapAmountBNB":20,"namebuy":"apeswap","buyPrice":8264.36,"namesell":"biswap","sellPrice":8251.7},{"block":11028986,"timestamp":1631989965,"swapAmountBNB":20,"namebuy":"apeswap","buyPrice":8264.36,"namesell":"biswap","sellPrice":8251.7},{"block":11028987,"timestamp":1631989968,"swapAmountBNB":20,"namebuy":"apeswap","buyPrice":8264.36,"namesell":"biswap","sellPrice":8251.7},{"block":11028988,"timestamp":1631989971,"swapAmountBNB":20,"namebuy":"pancake","buyPrice":8264.65,"namesell":"biswap","sellPrice":8251.21},{"block":11028989,"timestamp":1631989974,"swapAmountBNB":20,"namebuy":"pancake","buyPrice":8264.85,"namesell":"biswap","sellPrice":8251.11},{"block":11028990,"timestamp":1631989977,"swapAmountBNB":20,"namebuy":"pancake","buyPrice":8264.86,"namesell":"biswap","sellPrice":8251.11},{"block":11028991,"timestamp":1631989980,"swapAmountBNB":20,"namebuy":"pancake","buyPrice":8264.86,"namesell":"biswap","sellPrice":8250.75},{"block":11028992,"timestamp":1631989983,"swapAmountBNB":20,"namebuy":"pancake","buyPrice":8265,"namesell":"biswap","sellPrice":8250.26},{"block":11028993,"timestamp":1631989986,"swapAmountBNB":20,"namebuy":"pancake","buyPrice":8265.22,"namesell":"biswap","sellPrice":8249.66},{"block":11028994,"timestamp":1631989989,"swapAmountBNB":20,"namebuy":"pancake","buyPrice":8265.14,"namesell":"biswap","sellPrice":8249.66},{"block":11028995,"timestamp":1631989992,"swapAmountBNB":20,"namebuy":"pancake","buyPrice":8265.23,"namesell":"biswap","sellPrice":8248.84},{"block":11028996,"timestamp":1631989995,"swapAmountBNB":20,"namebuy":"pancake","buyPrice":8265.63,"namesell":"biswap","sellPrice":8248.84},{"block":11028997,"timestamp":1631989998,"swapAmountBNB":20,"namebuy":"pancake","buyPrice":8265.67,"namesell":"biswap","sellPrice":8248.84},{"block":11028998,"timestamp":1631990001,"swapAmountBNB":20,"namebuy":"pancake","buyPrice":8265.66,"namesell":"biswap","sellPrice":8253.28},{"block":11028999,"timestamp":1631990004,"swapAmountBNB":20,"namebuy":"pancake","buyPrice":8266.05,"namesell":"biswap","sellPrice":8253.06},{"block":11029000,"timestamp":1631990007,"swapAmountBNB":20,"namebuy":"pancake","buyPrice":8266,"namesell":"biswap","sellPrice":8253.06},{"block":11029001,"timestamp":1631990010,"swapAmountBNB":20,"namebuy":"pancake","buyPrice":8266.08,"namesell":"biswap","sellPrice":8253.06},{"block":11029002,"timestamp":1631990013,"swapAmountBNB":20,"namebuy":"pancake","buyPrice":8266.47,"namesell":"biswap","sellPrice":8253.06},{"block":11029003,"timestamp":1631990016,"swapAmountBNB":20,"namebuy":"pancake","buyPrice":8266.56,"namesell":"biswap","sellPrice":8253.06},{"block":11029004,"timestamp":1631990019,"swapAmountBNB":20,"namebuy":"pancake","buyPrice":8266.79,"namesell":"biswap","sellPrice":8253.06},{"block":11029005,"timestamp":1631990022,"swapAmountBNB":20,"namebuy":"pancake","buyPrice":8266.82,"namesell":"biswap","sellPrice":8253.06},{"block":11029006,"timestamp":1631990025,"swapAmountBNB":20,"namebuy":"pancake","buyPrice":8267.09,"namesell":"biswap","sellPrice":8253.06},{"block":11029007,"timestamp":1631990028,"swapAmountBNB":20,"namebuy":"pancake","buyPrice":8267.14,"namesell":"biswap","sellPrice":8253.06},{"block":11029008,"timestamp":1631990031,"swapAmountBNB":20,"namebuy":"pancake","buyPrice":8267.15,"namesell":"biswap","sellPrice":8253.06},{"block":11029009,"timestamp":1631990034,"swapAmountBNB":20,"namebuy":"pancake","buyPrice":8267.15,"namesell":"biswap","sellPrice":8253.06},{"block":11029010,"timestamp":1631990037,"swapAmountBNB":20,"namebuy":"pancake","buyPrice":8267.15,"namesell":"biswap","sellPrice":8253.06},{"block":11029011,"timestamp":1631990040,"swapAmountBNB":20,"namebuy":"pancake","buyPrice":8267.11,"namesell":"biswap","sellPrice":8253.06},{"block":11029012,"timestamp":1631990043,"swapAmountBNB":20,"namebuy":"pancake","buyPrice":8267.14,"namesell":"biswap","sellPrice":8253.06},{"block":11029013,"timestamp":1631990046,"swapAmountBNB":20,"namebuy":"pancake","buyPrice":8266.77,"namesell":"biswap","sellPrice":8253.06},{"block":11029014,"timestamp":1631990049,"swapAmountBNB":20,"namebuy":"pancake","buyPrice":8266.78,"namesell":"biswap","sellPrice":8253.06},{"block":11029015,"timestamp":1631990052,"swapAmountBNB":20,"namebuy":"pancake","buyPrice":8266.78,"namesell":"biswap","sellPrice":8253.06},{"block":11029016,"timestamp":1631990055,"swapAmountBNB":20,"namebuy":"pancake","buyPrice":8266.73,"namesell":"biswap","sellPrice":8253.06},{"block":11029017,"timestamp":1631990058,"swapAmountBNB":20,"namebuy":"pancake","buyPrice":8266.71,"namesell":"biswap","sellPrice":8253.06},{"block":11029018,"timestamp":1631990061,"swapAmountBNB":20,"namebuy":"pancake","buyPrice":8266.72,"namesell":"biswap","sellPrice":8253.06},{"block":11029019,"timestamp":1631990064,"swapAmountBNB":20,"namebuy":"pancake","buyPrice":8266.72,"namesell":"biswap","sellPrice":8253.06},{"block":11029020,"timestamp":1631990067,"swapAmountBNB":20,"namebuy":"pancake","buyPrice":8267.02,"namesell":"biswap","sellPrice":8253.06},{"block":11029021,"timestamp":1631990070,"swapAmountBNB":20,"namebuy":"pancake","buyPrice":8267.03,"namesell":"biswap","sellPrice":8253.06},{"block":11029022,"timestamp":1631990073,"swapAmountBNB":20,"namebuy":"pancake","buyPrice":8267.04,"namesell":"biswap","sellPrice":8253.06},{"block":11029023,"timestamp":1631990076,"swapAmountBNB":20,"namebuy":"pancake","buyPrice":8267.06,"namesell":"biswap","sellPrice":8253.06},{"block":11029024,"timestamp":1631990079,"swapAmountBNB":20,"namebuy":"pancake","buyPrice":8267.07,"namesell":"biswap","sellPrice":8253.06},{"block":11029025,"timestamp":1631990082,"swapAmountBNB":20,"namebuy":"pancake","buyPrice":8267.01,"namesell":"biswap","sellPrice":8252.89},{"block":11029026,"timestamp":1631990085,"swapAmountBNB":20,"namebuy":"pancake","buyPrice":8267.01,"namesell":"biswap","sellPrice":8252.89},{"block":11029027,"timestamp":1631990088,"swapAmountBNB":20,"namebuy":"pancake","buyPrice":8267.01,"namesell":"biswap","sellPrice":8252.53},{"block":11029028,"timestamp":1631990091,"swapAmountBNB":20,"namebuy":"pancake","buyPrice":8267.02,"namesell":"biswap","sellPrice":8252.53},{"block":11029029,"timestamp":1631990094,"swapAmountBNB":20,"namebuy":"pancake","buyPrice":8266.94,"namesell":"biswap","sellPrice":8252.53},{"block":11029030,"timestamp":1631990097,"swapAmountBNB":20,"namebuy":"pancake","buyPrice":8266.94,"namesell":"biswap","sellPrice":8252.48},{"block":11029031,"timestamp":1631990100,"swapAmountBNB":20,"namebuy":"pancake","buyPrice":8267.05,"namesell":"biswap","sellPrice":8252.48},{"block":11029032,"timestamp":1631990103,"swapAmountBNB":20,"namebuy":"pancake","buyPrice":8267.05,"namesell":"biswap","sellPrice":8252.48},{"block":11029033,"timestamp":1631990107,"swapAmountBNB":20,"namebuy":"pancake","buyPrice":8267.03,"namesell":"biswap","sellPrice":8252.48},{"block":11029033,"timestamp":1631990106,"swapAmountBNB":20,"namebuy":"pancake","buyPrice":8267.03,"namesell":"biswap","sellPrice":8252.48},{"block":11029034,"timestamp":1631990109,"swapAmountBNB":20,"namebuy":"pancake","buyPrice":8266.71,"namesell":"biswap","sellPrice":8252.64},{"block":11029035,"timestamp":1631990112,"swapAmountBNB":20,"namebuy":"pancake","buyPrice":8266.67,"namesell":"biswap","sellPrice":8252.64},{"block":11029036,"timestamp":1631990115,"swapAmountBNB":20,"namebuy":"pancake","buyPrice":8266.56,"namesell":"biswap","sellPrice":8251.4},{"block":11029037,"timestamp":1631990118,"swapAmountBNB":20,"namebuy":"pancake","buyPrice":8266.52,"namesell":"biswap","sellPrice":8251.35},{"block":11029038,"timestamp":1631990121,"swapAmountBNB":20,"namebuy":"pancake","buyPrice":8266.53,"namesell":"biswap","sellPrice":8251.35},{"block":11029039,"timestamp":1631990124,"swapAmountBNB":20,"namebuy":"pancake","buyPrice":8266.65,"namesell":"biswap","sellPrice":8251.15},{"block":11029040,"timestamp":1631990127,"swapAmountBNB":20,"namebuy":"pancake","buyPrice":8266.65,"namesell":"biswap","sellPrice":8251.15},{"block":11029041,"timestamp":1631990130,"swapAmountBNB":20,"namebuy":"pancake","buyPrice":8266.7,"namesell":"biswap","sellPrice":8251.15},{"block":11029042,"timestamp":1631990133,"swapAmountBNB":20,"namebuy":"pancake","buyPrice":8266.69,"namesell":"biswap","sellPrice":8251.15},{"block":11029043,"timestamp":1631990136,"swapAmountBNB":20,"namebuy":"pancake","buyPrice":8266.55,"namesell":"biswap","sellPrice":8251.15},{"block":11029044,"timestamp":1631990139,"swapAmountBNB":20,"namebuy":"pancake","buyPrice":8266.54,"namesell":"biswap","sellPrice":8250.36},{"block":11029045,"timestamp":1631990142,"swapAmountBNB":20,"namebuy":"pancake","buyPrice":8266.38,"namesell":"biswap","sellPrice":8250.36},{"block":11029046,"timestamp":1631990145,"swapAmountBNB":20,"namebuy":"pancake","buyPrice":8266.18,"namesell":"biswap","sellPrice":8250.36},{"block":11029047,"timestamp":1631990148,"swapAmountBNB":20,"namebuy":"pancake","buyPrice":8266,"namesell":"biswap","sellPrice":8250.36},{"block":11029048,"timestamp":1631990151,"swapAmountBNB":20,"namebuy":"pancake","buyPrice":8266,"namesell":"biswap","sellPrice":8250.36},{"block":11029049,"timestamp":1631990154,"swapAmountBNB":20,"namebuy":"pancake","buyPrice":8266.02,"namesell":"biswap","sellPrice":8250.36},{"block":11029050,"timestamp":1631990157,"swapAmountBNB":20,"namebuy":"pancake","buyPrice":8266.01,"namesell":"biswap","sellPrice":8250.36},{"block":11029051,"timestamp":1631990160,"swapAmountBNB":20,"namebuy":"pancake","buyPrice":8266.11,"namesell":"biswap","sellPrice":8250.36},{"block":11029052,"timestamp":1631990163,"swapAmountBNB":20,"namebuy":"pancake","buyPrice":8266.12,"namesell":"biswap","sellPrice":8250.36},{"block":11029053,"timestamp":1631990166,"swapAmountBNB":20,"namebuy":"pancake","buyPrice":8266.11,"namesell":"biswap","sellPrice":8250.36},{"block":11029054,"timestamp":1631990169,"swapAmountBNB":20,"namebuy":"pancake","buyPrice":8266.13,"namesell":"biswap","sellPrice":8250.36},{"block":11029055,"timestamp":1631990172,"swapAmountBNB":20,"namebuy":"pancake","buyPrice":8266.04,"namesell":"biswap","sellPrice":8250.36},{"block":11029056,"timestamp":1631990175,"swapAmountBNB":20,"namebuy":"pancake","buyPrice":8265.82,"namesell":"biswap","sellPrice":8250.36},{"block":11029057,"timestamp":1631990178,"swapAmountBNB":20,"namebuy":"pancake","buyPrice":8265.83,"namesell":"biswap","sellPrice":8250.36},{"block":11029058,"timestamp":1631990181,"swapAmountBNB":20,"namebuy":"pancake","buyPrice":8266.35,"namesell":"biswap","sellPrice":8250.36},{"block":11029063,"timestamp":1631990196,"swapAmountBNB":20,"namebuy":"pancake","buyPrice":8266.24,"namesell":"biswap","sellPrice":8249.86},{"block":11029064,"timestamp":1631990199,"swapAmountBNB":20,"namebuy":"pancake","buyPrice":8266.18,"namesell":"biswap","sellPrice":8249.86},{"block":11029065,"timestamp":1631990202,"swapAmountBNB":20,"namebuy":"pancake","buyPrice":8266.17,"namesell":"biswap","sellPrice":8249.86},{"block":11029066,"timestamp":1631990205,"swapAmountBNB":20,"namebuy":"pancake","buyPrice":8266.04,"namesell":"biswap","sellPrice":8249.86},{"block":11029067,"timestamp":1631990208,"swapAmountBNB":20,"namebuy":"pancake","buyPrice":8266.03,"namesell":"biswap","sellPrice":8249.86},{"block":11029068,"timestamp":1631990211,"swapAmountBNB":20,"namebuy":"pancake","buyPrice":8266.03,"namesell":"biswap","sellPrice":8249.86},{"block":11029069,"timestamp":1631990214,"swapAmountBNB":20,"namebuy":"pancake","buyPrice":8265.98,"namesell":"biswap","sellPrice":8249.86},{"block":11029070,"timestamp":1631990217,"swapAmountBNB":20,"namebuy":"pancake","buyPrice":8265.98,"namesell":"biswap","sellPrice":8249.86},{"block":11029071,"timestamp":1631990220,"swapAmountBNB":20,"namebuy":"pancake","buyPrice":8265.98,"namesell":"biswap","sellPrice":8249.86},{"block":11029072,"timestamp":1631990223,"swapAmountBNB":20,"namebuy":"pancake","buyPrice":8265.89,"namesell":"biswap","sellPrice":8249.86},{"block":11029073,"timestamp":1631990226,"swapAmountBNB":20,"namebuy":"pancake","buyPrice":8265.72,"namesell":"biswap","sellPrice":8249.86},{"block":11029074,"timestamp":1631990229,"swapAmountBNB":20,"namebuy":"pancake","buyPrice":8265.85,"namesell":"biswap","sellPrice":8249.86},{"block":11029075,"timestamp":1631990232,"swapAmountBNB":20,"namebuy":"pancake","buyPrice":8265.8,"namesell":"biswap","sellPrice":8249.86},{"block":11029076,"timestamp":1631990235,"swapAmountBNB":20,"namebuy":"pancake","buyPrice":8265.81,"namesell":"biswap","sellPrice":8249.86},{"block":11029077,"timestamp":1631990238,"swapAmountBNB":20,"namebuy":"pancake","buyPrice":8265.65,"namesell":"biswap","sellPrice":8249.86},{"block":11029078,"timestamp":1631990241,"swapAmountBNB":20,"namebuy":"pancake","buyPrice":8265.71,"namesell":"biswap","sellPrice":8249.86},{"block":11029079,"timestamp":1631990244,"swapAmountBNB":20,"namebuy":"pancake","buyPrice":8265.71,"namesell":"biswap","sellPrice":8249.86},{"block":11029080,"timestamp":1631990247,"swapAmountBNB":20,"namebuy":"pancake","buyPrice":8265.57,"namesell":"biswap","sellPrice":8249.86},{"block":11029081,"timestamp":1631990250,"swapAmountBNB":20,"namebuy":"pancake","buyPrice":8265.65,"namesell":"biswap","sellPrice":8249.86},{"block":11029082,"timestamp":1631990253,"swapAmountBNB":20,"namebuy":"pancake","buyPrice":8265.84,"namesell":"biswap","sellPrice":8249.86},{"block":11029083,"timestamp":1631990256,"swapAmountBNB":20,"namebuy":"pancake","buyPrice":8265.83,"namesell":"biswap","sellPrice":8249.86},{"block":11029084,"timestamp":1631990259,"swapAmountBNB":20,"namebuy":"pancake","buyPrice":8265.8,"namesell":"biswap","sellPrice":8249.86},{"block":11029085,"timestamp":1631990262,"swapAmountBNB":20,"namebuy":"pancake","buyPrice":8266.06,"namesell":"biswap","sellPrice":8249.86},{"block":11029086,"timestamp":1631990265,"swapAmountBNB":20,"namebuy":"pancake","buyPrice":8266.13,"namesell":"biswap","sellPrice":8249.86},{"block":11029087,"timestamp":1631990268,"swapAmountBNB":20,"namebuy":"pancake","buyPrice":8266.32,"namesell":"biswap","sellPrice":8249.86},{"block":11029088,"timestamp":1631990271,"swapAmountBNB":20,"namebuy":"pancake","buyPrice":8266.48,"namesell":"biswap","sellPrice":8249.86},{"block":11029089,"timestamp":1631990274,"swapAmountBNB":20,"namebuy":"pancake","buyPrice":8266.49,"namesell":"biswap","sellPrice":8249.86},{"block":11029090,"timestamp":1631990277,"swapAmountBNB":20,"namebuy":"pancake","buyPrice":8266.53,"namesell":"biswap","sellPrice":8249.86},{"block":11029091,"timestamp":1631990280,"swapAmountBNB":20,"namebuy":"pancake","buyPrice":8266.64,"namesell":"biswap","sellPrice":8249.86},{"block":11029092,"timestamp":1631990283,"swapAmountBNB":20,"namebuy":"pancake","buyPrice":8266.47,"namesell":"biswap","sellPrice":8249.86},{"block":11029093,"timestamp":1631990286,"swapAmountBNB":20,"namebuy":"pancake","buyPrice":8266.41,"namesell":"biswap","sellPrice":8249.86},{"block":11029094,"timestamp":1631990289,"swapAmountBNB":20,"namebuy":"pancake","buyPrice":8266.41,"namesell":"biswap","sellPrice":8249.5},{"block":11029095,"timestamp":1631990292,"swapAmountBNB":20,"namebuy":"pancake","buyPrice":8266.41,"namesell":"biswap","sellPrice":8245.07},{"block":11029096,"timestamp":1631990295,"swapAmountBNB":20,"namebuy":"pancake","buyPrice":8266.49,"namesell":"biswap","sellPrice":8245.07},{"block":11029097,"timestamp":1631990298,"swapAmountBNB":20,"namebuy":"pancake","buyPrice":8266.52,"namesell":"biswap","sellPrice":8245.35},{"block":11029098,"timestamp":1631990301,"swapAmountBNB":20,"namebuy":"biswap","buyPrice":8265.5,"namesell":"biswap","sellPrice":8240.92},{"block":11029099,"timestamp":1631990304,"swapAmountBNB":20,"namebuy":"biswap","buyPrice":8265.5,"namesell":"biswap","sellPrice":8240.92},{"block":11029100,"timestamp":1631990307,"swapAmountBNB":20,"namebuy":"biswap","buyPrice":8265.5,"namesell":"biswap","sellPrice":8240.92},{"block":11029101,"timestamp":1631990310,"swapAmountBNB":20,"namebuy":"biswap","buyPrice":8265.5,"namesell":"biswap","sellPrice":8240.92},{"block":11029102,"timestamp":1631990313,"swapAmountBNB":20,"namebuy":"biswap","buyPrice":8265.5,"namesell":"biswap","sellPrice":8240.92},{"block":11029103,"timestamp":1631990316,"swapAmountBNB":20,"namebuy":"biswap","buyPrice":8265.5,"namesell":"biswap","sellPrice":8240.92},{"block":11029104,"timestamp":1631990319,"swapAmountBNB":20,"namebuy":"biswap","buyPrice":8265.5,"namesell":"biswap","sellPrice":8240.92},{"block":11029105,"timestamp":1631990322,"swapAmountBNB":20,"namebuy":"biswap","buyPrice":8265.5,"namesell":"biswap","sellPrice":8240.92},{"block":11029106,"timestamp":1631990325,"swapAmountBNB":20,"namebuy":"biswap","buyPrice":8265.99,"namesell":"biswap","sellPrice":8241.41},{"block":11029107,"timestamp":1631990328,"swapAmountBNB":20,"namebuy":"biswap","buyPrice":8265.99,"namesell":"biswap","sellPrice":8241.41},{"block":11029108,"timestamp":1631990331,"swapAmountBNB":20,"namebuy":"biswap","buyPrice":8265.99,"namesell":"biswap","sellPrice":8241.41},{"block":11029109,"timestamp":1631990334,"swapAmountBNB":20,"namebuy":"biswap","buyPrice":8266,"namesell":"biswap","sellPrice":8241.42},{"block":11029110,"timestamp":1631990337,"swapAmountBNB":20,"namebuy":"biswap","buyPrice":8266.14,"namesell":"biswap","sellPrice":8241.56},{"block":11029111,"timestamp":1631990340,"swapAmountBNB":20,"namebuy":"biswap","buyPrice":8266.14,"namesell":"biswap","sellPrice":8241.56},{"block":11029112,"timestamp":1631990343,"swapAmountBNB":20,"namebuy":"biswap","buyPrice":8266.14,"namesell":"biswap","sellPrice":8241.56},{"block":11029113,"timestamp":1631990346,"swapAmountBNB":20,"namebuy":"biswap","buyPrice":8266.14,"namesell":"biswap","sellPrice":8241.56},{"block":11029114,"timestamp":1631990349,"swapAmountBNB":20,"namebuy":"biswap","buyPrice":8266.29,"namesell":"biswap","sellPrice":8241.71},{"block":11029115,"timestamp":1631990352,"swapAmountBNB":20,"namebuy":"biswap","buyPrice":8266.29,"namesell":"biswap","sellPrice":8241.71},{"block":11029116,"timestamp":1631990355,"swapAmountBNB":20,"namebuy":"biswap","buyPrice":8266.29,"namesell":"biswap","sellPrice":8241.71},{"block":11029117,"timestamp":1631990358,"swapAmountBNB":20,"namebuy":"pancake","buyPrice":8266.41,"namesell":"biswap","sellPrice":8241.9},{"block":11029118,"timestamp":1631990361,"swapAmountBNB":20,"namebuy":"pancake","buyPrice":8266.4,"namesell":"biswap","sellPrice":8241.9},{"block":11029119,"timestamp":1631990364,"swapAmountBNB":20,"namebuy":"pancake","buyPrice":8266.28,"namesell":"biswap","sellPrice":8241.72},{"block":11029119,"timestamp":1631990364,"swapAmountBNB":20,"namebuy":"pancake","buyPrice":8266.28,"namesell":"biswap","sellPrice":8241.72},{"block":11029120,"timestamp":1631990367,"swapAmountBNB":20,"namebuy":"pancake","buyPrice":8266.24,"namesell":"biswap","sellPrice":8241.72},{"block":11029120,"timestamp":1631990367,"swapAmountBNB":20,"namebuy":"pancake","buyPrice":8266.24,"namesell":"biswap","sellPrice":8241.72},{"block":11029121,"timestamp":1631990370,"swapAmountBNB":20,"namebuy":"biswap","buyPrice":8266.3,"namesell":"biswap","sellPrice":8241.72},{"block":11029121,"timestamp":1631990370,"swapAmountBNB":20,"namebuy":"biswap","buyPrice":8266.3,"namesell":"biswap","sellPrice":8241.72},{"block":11029122,"timestamp":1631990373,"swapAmountBNB":20,"namebuy":"biswap","buyPrice":8266.28,"namesell":"biswap","sellPrice":8241.7},{"block":11029122,"timestamp":1631990373,"swapAmountBNB":20,"namebuy":"biswap","buyPrice":8266.28,"namesell":"biswap","sellPrice":8241.7},{"block":11029123,"timestamp":1631990376,"swapAmountBNB":20,"namebuy":"pancake","buyPrice":8266.15,"namesell":"biswap","sellPrice":8241.7},{"block":11029123,"timestamp":1631990376,"swapAmountBNB":20,"namebuy":"pancake","buyPrice":8266.15,"namesell":"biswap","sellPrice":8241.7},{"block":11029124,"timestamp":1631990379,"swapAmountBNB":20,"namebuy":"pancake","buyPrice":8266.2,"namesell":"biswap","sellPrice":8241.7},{"block":11029124,"timestamp":1631990379,"swapAmountBNB":20,"namebuy":"pancake","buyPrice":8266.2,"namesell":"biswap","sellPrice":8241.7},{"block":11029125,"timestamp":1631990382,"swapAmountBNB":20,"namebuy":"biswap","buyPrice":8266.28,"namesell":"biswap","sellPrice":8241.7},{"block":11029125,"timestamp":1631990382,"swapAmountBNB":20,"namebuy":"biswap","buyPrice":8266.28,"namesell":"biswap","sellPrice":8241.7},{"block":11029126,"timestamp":1631990385,"swapAmountBNB":20,"namebuy":"pancake","buyPrice":8266.45,"namesell":"biswap","sellPrice":8242.69},{"block":11029126,"timestamp":1631990385,"swapAmountBNB":20,"namebuy":"pancake","buyPrice":8266.45,"namesell":"biswap","sellPrice":8242.69},{"block":11029127,"timestamp":1631990388,"swapAmountBNB":20,"namebuy":"pancake","buyPrice":8266.44,"namesell":"biswap","sellPrice":8242.69},{"block":11029127,"timestamp":1631990388,"swapAmountBNB":20,"namebuy":"pancake","buyPrice":8266.44,"namesell":"biswap","sellPrice":8242.69},{"block":11029128,"timestamp":1631990391,"swapAmountBNB":20,"namebuy":"pancake","buyPrice":8266.49,"namesell":"biswap","sellPrice":8242.69},{"block":11029128,"timestamp":1631990391,"swapAmountBNB":20,"namebuy":"pancake","buyPrice":8266.49,"namesell":"biswap","sellPrice":8242.69},{"block":11029129,"timestamp":1631990394,"swapAmountBNB":20,"namebuy":"pancake","buyPrice":8266.49,"namesell":"biswap","sellPrice":8242.57},{"block":11029150,"timestamp":1631990457,"swapAmountBNB":20,"namebuy":"biswap","buyPrice":8264.66,"namesell":"biswap","sellPrice":8240.09},{"block":11029149,"timestamp":1631990454,"swapAmountBNB":20,"namebuy":"biswap","buyPrice":8264.55,"namesell":"biswap","sellPrice":8239.97},{"block":11029150,"timestamp":1631990457,"swapAmountBNB":20,"namebuy":"biswap","buyPrice":8264.66,"namesell":"biswap","sellPrice":8240.09},{"block":11029151,"timestamp":1631990460,"swapAmountBNB":20,"namebuy":"biswap","buyPrice":8264.35,"namesell":"biswap","sellPrice":8239.78},{"block":11029151,"timestamp":1631990460,"swapAmountBNB":20,"namebuy":"biswap","buyPrice":8264.35,"namesell":"biswap","sellPrice":8239.78},{"block":11029152,"timestamp":1631990463,"swapAmountBNB":20,"namebuy":"biswap","buyPrice":8264.23,"namesell":"biswap","sellPrice":8239.66},{"block":11029152,"timestamp":1631990463,"swapAmountBNB":20,"namebuy":"biswap","buyPrice":8264.23,"namesell":"biswap","sellPrice":8239.66},{"block":11029153,"timestamp":1631990466,"swapAmountBNB":20,"namebuy":"biswap","buyPrice":8264.35,"namesell":"biswap","sellPrice":8239.78},{"block":11029153,"timestamp":1631990466,"swapAmountBNB":20,"namebuy":"biswap","buyPrice":8264.35,"namesell":"biswap","sellPrice":8239.78},{"block":11029154,"timestamp":1631990469,"swapAmountBNB":20,"namebuy":"biswap","buyPrice":8264.17,"namesell":"biswap","sellPrice":8239.59},{"block":11029154,"timestamp":1631990469,"swapAmountBNB":20,"namebuy":"biswap","buyPrice":8264.17,"namesell":"biswap","sellPrice":8239.59},{"block":11029155,"timestamp":1631990472,"swapAmountBNB":20,"namebuy":"biswap","buyPrice":8264.17,"namesell":"biswap","sellPrice":8239.59},{"block":11029155,"timestamp":1631990472,"swapAmountBNB":20,"namebuy":"biswap","buyPrice":8264.17,"namesell":"biswap","sellPrice":8239.59},{"block":11029156,"timestamp":1631990475,"swapAmountBNB":20,"namebuy":"biswap","buyPrice":8264.14,"namesell":"biswap","sellPrice":8239.57},{"block":11029156,"timestamp":1631990475,"swapAmountBNB":20,"namebuy":"biswap","buyPrice":8264.14,"namesell":"biswap","sellPrice":8239.57},{"block":11029157,"timestamp":1631990478,"swapAmountBNB":20,"namebuy":"biswap","buyPrice":8264.14,"namesell":"biswap","sellPrice":8239.57},{"block":11029157,"timestamp":1631990478,"swapAmountBNB":20,"namebuy":"biswap","buyPrice":8264.14,"namesell":"biswap","sellPrice":8239.57},{"block":11029158,"timestamp":1631990481,"swapAmountBNB":20,"namebuy":"biswap","buyPrice":8264.14,"namesell":"biswap","sellPrice":8239.57},{"block":11029158,"timestamp":1631990481,"swapAmountBNB":20,"namebuy":"biswap","buyPrice":8264.14,"namesell":"biswap","sellPrice":8239.57},{"block":11029158,"timestamp":1631990481,"swapAmountBNB":20,"namebuy":"biswap","buyPrice":8264.14,"namesell":"biswap","sellPrice":8239.57},{"block":11029159,"timestamp":1631990484,"swapAmountBNB":20,"namebuy":"biswap","buyPrice":8264.13,"namesell":"biswap","sellPrice":8239.56},{"block":11029159,"timestamp":1631990484,"swapAmountBNB":20,"namebuy":"biswap","buyPrice":8264.13,"namesell":"biswap","sellPrice":8239.56},{"block":11029159,"timestamp":1631990484,"swapAmountBNB":20,"namebuy":"biswap","buyPrice":8264.13,"namesell":"biswap","sellPrice":8239.56},{"block":11029160,"timestamp":1631990487,"swapAmountBNB":20,"namebuy":"biswap","buyPrice":8264.13,"namesell":"biswap","sellPrice":8239.56},{"block":11029160,"timestamp":1631990487,"swapAmountBNB":20,"namebuy":"biswap","buyPrice":8264.13,"namesell":"biswap","sellPrice":8239.56},{"block":11029160,"timestamp":1631990487,"swapAmountBNB":20,"namebuy":"biswap","buyPrice":8264.13,"namesell":"biswap","sellPrice":8239.56},{"block":11029161,"timestamp":1631990490,"swapAmountBNB":20,"namebuy":"biswap","buyPrice":8264.07,"namesell":"biswap","sellPrice":8239.5},{"block":11029161,"timestamp":1631990490,"swapAmountBNB":20,"namebuy":"biswap","buyPrice":8264.07,"namesell":"biswap","sellPrice":8239.5},{"block":11029161,"timestamp":1631990490,"swapAmountBNB":20,"namebuy":"biswap","buyPrice":8264.07,"namesell":"biswap","sellPrice":8239.5},{"block":11029162,"timestamp":1631990493,"swapAmountBNB":20,"namebuy":"biswap","buyPrice":8264.07,"namesell":"biswap","sellPrice":8239.5},{"block":11029162,"timestamp":1631990493,"swapAmountBNB":20,"namebuy":"biswap","buyPrice":8264.07,"namesell":"biswap","sellPrice":8239.5},{"block":11029162,"timestamp":1631990493,"swapAmountBNB":20,"namebuy":"biswap","buyPrice":8264.07,"namesell":"biswap","sellPrice":8239.5},{"block":11029163,"timestamp":1631990496,"swapAmountBNB":20,"namebuy":"biswap","buyPrice":8264.07,"namesell":"biswap","sellPrice":8239.5},{"block":11029163,"timestamp":1631990496,"swapAmountBNB":20,"namebuy":"biswap","buyPrice":8264.07,"namesell":"biswap","sellPrice":8239.5},{"block":11029163,"timestamp":1631990496,"swapAmountBNB":20,"namebuy":"biswap","buyPrice":8264.07,"namesell":"biswap","sellPrice":8239.5},{"block":11029164,"timestamp":1631990499,"swapAmountBNB":20,"namebuy":"biswap","buyPrice":8264.07,"namesell":"biswap","sellPrice":8239.5},{"block":11029164,"timestamp":1631990499,"swapAmountBNB":20,"namebuy":"biswap","buyPrice":8264.07,"namesell":"biswap","sellPrice":8239.5},{"block":11029164,"timestamp":1631990499,"swapAmountBNB":20,"namebuy":"biswap","buyPrice":8264.07,"namesell":"biswap","sellPrice":8239.5},{"block":11029165,"timestamp":1631990502,"swapAmountBNB":20,"namebuy":"biswap","buyPrice":8264.07,"namesell":"biswap","sellPrice":8239.5},{"block":11029165,"timestamp":1631990502,"swapAmountBNB":20,"namebuy":"biswap","buyPrice":8264.07,"namesell":"biswap","sellPrice":8239.5},{"block":11029165,"timestamp":1631990502,"swapAmountBNB":20,"namebuy":"biswap","buyPrice":8264.07,"namesell":"biswap","sellPrice":8239.5},{"block":11029166,"timestamp":1631990505,"swapAmountBNB":20,"namebuy":"biswap","buyPrice":8264.07,"namesell":"biswap","sellPrice":8239.5},{"block":11029166,"timestamp":1631990505,"swapAmountBNB":20,"namebuy":"biswap","buyPrice":8264.07,"namesell":"biswap","sellPrice":8239.5},{"block":11029166,"timestamp":1631990505,"swapAmountBNB":20,"namebuy":"biswap","buyPrice":8264.07,"namesell":"biswap","sellPrice":8239.5},{"block":11029167,"timestamp":1631990508,"swapAmountBNB":20,"namebuy":"biswap","buyPrice":8264.07,"namesell":"biswap","sellPrice":8239.5},{"block":11029167,"timestamp":1631990508,"swapAmountBNB":20,"namebuy":"biswap","buyPrice":8264.07,"namesell":"biswap","sellPrice":8239.5},{"block":11029167,"timestamp":1631990508,"swapAmountBNB":20,"namebuy":"biswap","buyPrice":8264.07,"namesell":"biswap","sellPrice":8239.5},{"block":11029168,"timestamp":1631990512,"swapAmountBNB":20,"namebuy":"pancake","buyPrice":8263.97,"namesell":"biswap","sellPrice":8239.41},{"block":11029168,"timestamp":1631990511,"swapAmountBNB":20,"namebuy":"pancake","buyPrice":8263.97,"namesell":"biswap","sellPrice":8239.41},{"block":11029168,"timestamp":1631990512,"swapAmountBNB":20,"namebuy":"biswap","buyPrice":8263.98,"namesell":"biswap","sellPrice":8239.41},{"block":11029168,"timestamp":1631990511,"swapAmountBNB":20,"namebuy":"pancake","buyPrice":8263.97,"namesell":"biswap","sellPrice":8239.41},{"block":11029169,"timestamp":1631990514,"swapAmountBNB":20,"namebuy":"biswap","buyPrice":8263.5,"namesell":"biswap","sellPrice":8238.93},{"block":11029169,"timestamp":1631990514,"swapAmountBNB":20,"namebuy":"biswap","buyPrice":8263.5,"namesell":"biswap","sellPrice":8238.93},{"block":11029170,"timestamp":1631990517,"swapAmountBNB":20,"namebuy":"biswap","buyPrice":8263.46,"namesell":"biswap","sellPrice":8238.89},{"block":11029171,"timestamp":1631990520,"swapAmountBNB":20,"namebuy":"biswap","buyPrice":8263.46,"namesell":"biswap","sellPrice":8238.89},{"block":11029168,"timestamp":1631990511,"swapAmountBNB":20,"namebuy":"pancake","buyPrice":8263.97,"namesell":"biswap","sellPrice":8239.41},{"block":11029168,"timestamp":1631990512,"swapAmountBNB":20,"namebuy":"pancake","buyPrice":8263.97,"namesell":"biswap","sellPrice":8239.41},{"block":11029170,"timestamp":1631990517,"swapAmountBNB":20,"namebuy":"biswap","buyPrice":8263.46,"namesell":"biswap","sellPrice":8238.89},{"block":11029171,"timestamp":1631990520,"swapAmountBNB":20,"namebuy":"biswap","buyPrice":8263.46,"namesell":"biswap","sellPrice":8238.89},{"block":11029169,"timestamp":1631990514,"swapAmountBNB":20,"namebuy":"biswap","buyPrice":8263.46,"namesell":"biswap","sellPrice":8238.89},{"block":11029170,"timestamp":1631990517,"swapAmountBNB":20,"namebuy":"biswap","buyPrice":8263.46,"namesell":"biswap","sellPrice":8238.89},{"block":11029171,"timestamp":1631990520,"swapAmountBNB":20,"namebuy":"biswap","buyPrice":8263.46,"namesell":"biswap","sellPrice":8238.89},{"block":11029172,"timestamp":1631990523,"swapAmountBNB":20,"namebuy":"biswap","buyPrice":8263.46,"namesell":"biswap","sellPrice":8238.89},{"block":11029172,"timestamp":1631990523,"swapAmountBNB":20,"namebuy":"biswap","buyPrice":8263.46,"namesell":"biswap","sellPrice":8238.89},{"block":11029172,"timestamp":1631990523,"swapAmountBNB":20,"namebuy":"biswap","buyPrice":8263.46,"namesell":"biswap","sellPrice":8238.89},{"block":11029173,"timestamp":1631990526,"swapAmountBNB":20,"namebuy":"biswap","buyPrice":8263.46,"namesell":"biswap","sellPrice":8238.89},{"block":11029173,"timestamp":1631990526,"swapAmountBNB":20,"namebuy":"biswap","buyPrice":8263.46,"namesell":"biswap","sellPrice":8238.89},{"block":11029173,"timestamp":1631990526,"swapAmountBNB":20,"namebuy":"biswap","buyPrice":8263.46,"namesell":"biswap","sellPrice":8238.89},{"block":11029174,"timestamp":1631990529,"swapAmountBNB":20,"namebuy":"biswap","buyPrice":8263.46,"namesell":"biswap","sellPrice":8238.89},{"block":11029174,"timestamp":1631990529,"swapAmountBNB":20,"namebuy":"biswap","buyPrice":8263.46,"namesell":"biswap","sellPrice":8238.89},{"block":11029174,"timestamp":1631990529,"swapAmountBNB":20,"namebuy":"biswap","buyPrice":8263.46,"namesell":"biswap","sellPrice":8238.89},{"block":11029175,"timestamp":1631990532,"swapAmountBNB":20,"namebuy":"biswap","buyPrice":8263.46,"namesell":"biswap","sellPrice":8238.89},{"block":11029175,"timestamp":1631990532,"swapAmountBNB":20,"namebuy":"biswap","buyPrice":8263.46,"namesell":"biswap","sellPrice":8238.89},{"block":11029175,"timestamp":1631990532,"swapAmountBNB":20,"namebuy":"biswap","buyPrice":8263.46,"namesell":"biswap","sellPrice":8238.89},{"block":11029176,"timestamp":1631990535,"swapAmountBNB":20,"namebuy":"biswap","buyPrice":8263.46,"namesell":"biswap","sellPrice":8238.89},{"block":11029176,"timestamp":1631990535,"swapAmountBNB":20,"namebuy":"biswap","buyPrice":8263.46,"namesell":"biswap","sellPrice":8238.89},{"block":11029176,"timestamp":1631990535,"swapAmountBNB":20,"namebuy":"biswap","buyPrice":8263.46,"namesell":"biswap","sellPrice":8238.89},{"block":11029177,"timestamp":1631990538,"swapAmountBNB":20,"namebuy":"pancake","buyPrice":8263.49,"namesell":"biswap","sellPrice":8238.98},{"block":11029177,"timestamp":1631990538,"swapAmountBNB":20,"namebuy":"pancake","buyPrice":8263.49,"namesell":"biswap","sellPrice":8238.98},{"block":11029178,"timestamp":1631990541,"swapAmountBNB":20,"namebuy":"pancake","buyPrice":8263.5,"namesell":"biswap","sellPrice":8238.98},{"block":11029178,"timestamp":1631990541,"swapAmountBNB":20,"namebuy":"pancake","buyPrice":8263.5,"namesell":"biswap","sellPrice":8238.98},{"block":11029177,"timestamp":1631990538,"swapAmountBNB":20,"namebuy":"pancake","buyPrice":8263.5,"namesell":"biswap","sellPrice":8238.98},{"block":11029178,"timestamp":1631990541,"swapAmountBNB":20,"namebuy":"pancake","buyPrice":8263.5,"namesell":"biswap","sellPrice":8238.98},{"block":11029179,"timestamp":1631990544,"swapAmountBNB":20,"namebuy":"pancake","buyPrice":8263.5,"namesell":"biswap","sellPrice":8238.98},{"block":11029179,"timestamp":1631990544,"swapAmountBNB":20,"namebuy":"pancake","buyPrice":8263.5,"namesell":"biswap","sellPrice":8238.98},{"block":11029179,"timestamp":1631990544,"swapAmountBNB":20,"namebuy":"pancake","buyPrice":8263.5,"namesell":"biswap","sellPrice":8238.98},{"block":11029180,"timestamp":1631990547,"swapAmountBNB":20,"namebuy":"pancake","buyPrice":8263.49,"namesell":"biswap","sellPrice":8238.98},{"block":11029180,"timestamp":1631990547,"swapAmountBNB":20,"namebuy":"pancake","buyPrice":8263.49,"namesell":"biswap","sellPrice":8238.98},{"block":11029180,"timestamp":1631990547,"swapAmountBNB":20,"namebuy":"pancake","buyPrice":8263.49,"namesell":"biswap","sellPrice":8238.98},{"block":11029181,"timestamp":1631990550,"swapAmountBNB":20,"namebuy":"pancake","buyPrice":8263.49,"namesell":"biswap","sellPrice":8238.98},{"block":11029181,"timestamp":1631990550,"swapAmountBNB":20,"namebuy":"pancake","buyPrice":8263.49,"namesell":"biswap","sellPrice":8238.98},{"block":11029181,"timestamp":1631990550,"swapAmountBNB":20,"namebuy":"pancake","buyPrice":8263.49,"namesell":"biswap","sellPrice":8238.98},{"block":11029182,"timestamp":1631990553,"swapAmountBNB":20,"namebuy":"pancake","buyPrice":8263.49,"namesell":"biswap","sellPrice":8238.98},{"block":11029182,"timestamp":1631990553,"swapAmountBNB":20,"namebuy":"pancake","buyPrice":8263.49,"namesell":"biswap","sellPrice":8238.98},{"block":11029182,"timestamp":1631990553,"swapAmountBNB":20,"namebuy":"pancake","buyPrice":8263.49,"namesell":"biswap","sellPrice":8238.98},{"block":11029183,"timestamp":1631990556,"swapAmountBNB":20,"namebuy":"pancake","buyPrice":8263.52,"namesell":"biswap","sellPrice":8238.98},{"block":11029183,"timestamp":1631990556,"swapAmountBNB":20,"namebuy":"pancake","buyPrice":8263.52,"namesell":"biswap","sellPrice":8238.98},{"block":11029183,"timestamp":1631990556,"swapAmountBNB":20,"namebuy":"pancake","buyPrice":8263.52,"namesell":"biswap","sellPrice":8238.98},{"block":11029184,"timestamp":1631990559,"swapAmountBNB":20,"namebuy":"pancake","buyPrice":8263.52,"namesell":"biswap","sellPrice":8238.98},{"block":11029184,"timestamp":1631990559,"swapAmountBNB":20,"namebuy":"pancake","buyPrice":8263.52,"namesell":"biswap","sellPrice":8238.98},{"block":11029185,"timestamp":1631990562,"swapAmountBNB":20,"namebuy":"biswap","buyPrice":8262.95,"namesell":"biswap","sellPrice":8238.38},{"block":11029185,"timestamp":1631990562,"swapAmountBNB":20,"namebuy":"biswap","buyPrice":8262.95,"namesell":"biswap","sellPrice":8238.38},{"block":11029186,"timestamp":1631990565,"swapAmountBNB":20,"namebuy":"biswap","buyPrice":8262.95,"namesell":"biswap","sellPrice":8238.38},{"block":11029186,"timestamp":1631990565,"swapAmountBNB":20,"namebuy":"biswap","buyPrice":8262.95,"namesell":"biswap","sellPrice":8238.38},{"block":11029187,"timestamp":1631990568,"swapAmountBNB":20,"namebuy":"biswap","buyPrice":8263.13,"namesell":"biswap","sellPrice":8238.56},{"block":11029187,"timestamp":1631990568,"swapAmountBNB":20,"namebuy":"biswap","buyPrice":8263.13,"namesell":"biswap","sellPrice":8238.56},{"block":11029188,"timestamp":1631990571,"swapAmountBNB":20,"namebuy":"biswap","buyPrice":8263.13,"namesell":"biswap","sellPrice":8238.56},{"block":11029188,"timestamp":1631990571,"swapAmountBNB":20,"namebuy":"biswap","buyPrice":8263.13,"namesell":"biswap","sellPrice":8238.56},{"block":11029189,"timestamp":1631990574,"swapAmountBNB":20,"namebuy":"biswap","buyPrice":8263.13,"namesell":"biswap","sellPrice":8238.56},{"block":11029189,"timestamp":1631990574,"swapAmountBNB":20,"namebuy":"biswap","buyPrice":8263.13,"namesell":"biswap","sellPrice":8238.56},{"block":11029190,"timestamp":1631990577,"swapAmountBNB":20,"namebuy":"biswap","buyPrice":8263.13,"namesell":"biswap","sellPrice":8238.56},{"block":11029190,"timestamp":1631990577,"swapAmountBNB":20,"namebuy":"biswap","buyPrice":8263.13,"namesell":"biswap","sellPrice":8238.56},{"block":11029191,"timestamp":1631990580,"swapAmountBNB":20,"namebuy":"biswap","buyPrice":8263.13,"namesell":"biswap","sellPrice":8238.56},{"block":11029191,"timestamp":1631990580,"swapAmountBNB":20,"namebuy":"biswap","buyPrice":8263.13,"namesell":"biswap","sellPrice":8238.56},{"block":11029192,"timestamp":1631990583,"swapAmountBNB":20,"namebuy":"biswap","buyPrice":8263.13,"namesell":"biswap","sellPrice":8238.56},{"block":11029192,"timestamp":1631990583,"swapAmountBNB":20,"namebuy":"biswap","buyPrice":8263.13,"namesell":"biswap","sellPrice":8238.56},{"block":11029193,"timestamp":1631990586,"swapAmountBNB":20,"namebuy":"biswap","buyPrice":8263.13,"namesell":"biswap","sellPrice":8238.56},{"block":11029193,"timestamp":1631990586,"swapAmountBNB":20,"namebuy":"biswap","buyPrice":8263.13,"namesell":"biswap","sellPrice":8238.56},{"block":11029194,"timestamp":1631990589,"swapAmountBNB":20,"namebuy":"biswap","buyPrice":8263.13,"namesell":"biswap","sellPrice":8238.56},{"block":11029195,"timestamp":1631990592,"swapAmountBNB":20,"namebuy":"biswap","buyPrice":8263.13,"namesell":"biswap","sellPrice":8238.56},{"block":11029194,"timestamp":1631990589,"swapAmountBNB":20,"namebuy":"biswap","buyPrice":8263.13,"namesell":"biswap","sellPrice":8238.56},{"block":11029196,"timestamp":1631990595,"swapAmountBNB":20,"namebuy":"biswap","buyPrice":8263.13,"namesell":"biswap","sellPrice":8238.56},{"block":11029197,"timestamp":1631990598,"swapAmountBNB":20,"namebuy":"biswap","buyPrice":8263.13,"namesell":"biswap","sellPrice":8238.56},{"block":11029195,"timestamp":1631990592,"swapAmountBNB":20,"namebuy":"biswap","buyPrice":8263.13,"namesell":"biswap","sellPrice":8238.56},{"block":11029196,"timestamp":1631990595,"swapAmountBNB":20,"namebuy":"biswap","buyPrice":8263.13,"namesell":"biswap","sellPrice":8238.56},{"block":11029197,"timestamp":1631990598,"swapAmountBNB":20,"namebuy":"biswap","buyPrice":8263.13,"namesell":"biswap","sellPrice":8238.56},{"block":11029198,"timestamp":1631990601,"swapAmountBNB":20,"namebuy":"biswap","buyPrice":8263.13,"namesell":"biswap","sellPrice":8238.56},{"block":11029199,"timestamp":1631990604,"swapAmountBNB":20,"namebuy":"biswap","buyPrice":8263.13,"namesell":"biswap","sellPrice":8238.56},{"block":11029200,"timestamp":1631990607,"swapAmountBNB":20,"namebuy":"biswap","buyPrice":8263.13,"namesell":"biswap","sellPrice":8238.56},{"block":11029201,"timestamp":1631990610,"swapAmountBNB":20,"namebuy":"biswap","buyPrice":8263.07,"namesell":"biswap","sellPrice":8238.5},{"block":11029198,"timestamp":1631990601,"swapAmountBNB":20,"namebuy":"biswap","buyPrice":8263.13,"namesell":"biswap","sellPrice":8238.56},{"block":11029202,"timestamp":1631990614,"swapAmountBNB":20,"namebuy":"biswap","buyPrice":8263.07,"namesell":"biswap","sellPrice":8238.5},{"block":11029199,"timestamp":1631990604,"swapAmountBNB":20,"namebuy":"biswap","buyPrice":8263.13,"namesell":"biswap","sellPrice":8238.56},{"block":11029198,"timestamp":1631990601,"swapAmountBNB":20,"namebuy":"biswap","buyPrice":8263.13,"namesell":"biswap","sellPrice":8238.56},{"block":11029203,"timestamp":1631990617,"swapAmountBNB":20,"namebuy":"biswap","buyPrice":8263.23,"namesell":"biswap","sellPrice":8238.66},{"block":11029200,"timestamp":1631990607,"swapAmountBNB":20,"namebuy":"biswap","buyPrice":8263.13,"namesell":"biswap","sellPrice":8238.56},{"block":11029199,"timestamp":1631990604,"swapAmountBNB":20,"namebuy":"biswap","buyPrice":8263.13,"namesell":"biswap","sellPrice":8238.56},{"block":11029201,"timestamp":1631990610,"swapAmountBNB":20,"namebuy":"biswap","buyPrice":8263.07,"namesell":"biswap","sellPrice":8238.5},{"block":11029202,"timestamp":1631990614,"swapAmountBNB":20,"namebuy":"biswap","buyPrice":8263.07,"namesell":"biswap","sellPrice":8238.5},{"block":11029200,"timestamp":1631990607,"swapAmountBNB":20,"namebuy":"biswap","buyPrice":8263.13,"namesell":"biswap","sellPrice":8238.56},{"block":11029202,"timestamp":1631990614,"swapAmountBNB":20,"namebuy":"biswap","buyPrice":8263.07,"namesell":"biswap","sellPrice":8238.5},{"block":11029203,"timestamp":1631990617,"swapAmountBNB":20,"namebuy":"biswap","buyPrice":8263.23,"namesell":"biswap","sellPrice":8238.66},{"block":11029204,"timestamp":1631990620,"swapAmountBNB":20,"namebuy":"biswap","buyPrice":8263.23,"namesell":"biswap","sellPrice":8238.66},{"block":11029204,"timestamp":1631990620,"swapAmountBNB":20,"namebuy":"biswap","buyPrice":8263.23,"namesell":"biswap","sellPrice":8238.66},{"block":11029203,"timestamp":1631990617,"swapAmountBNB":20,"namebuy":"biswap","buyPrice":8263.23,"namesell":"biswap","sellPrice":8238.66},{"block":11029205,"timestamp":1631990623,"swapAmountBNB":20,"namebuy":"biswap","buyPrice":8263.23,"namesell":"biswap","sellPrice":8238.66},{"block":11029205,"timestamp":1631990623,"swapAmountBNB":20,"namebuy":"biswap","buyPrice":8263.23,"namesell":"biswap","sellPrice":8238.66},{"block":11029206,"timestamp":1631990626,"swapAmountBNB":20,"namebuy":"biswap","buyPrice":8263.23,"namesell":"biswap","sellPrice":8238.66},{"block":11029204,"timestamp":1631990620,"swapAmountBNB":20,"namebuy":"biswap","buyPrice":8263.23,"namesell":"biswap","sellPrice":8238.66},{"block":11029206,"timestamp":1631990626,"swapAmountBNB":20,"namebuy":"biswap","buyPrice":8263.23,"namesell":"biswap","sellPrice":8238.66},{"block":11029205,"timestamp":1631990623,"swapAmountBNB":20,"namebuy":"biswap","buyPrice":8263.23,"namesell":"biswap","sellPrice":8238.66},{"block":11029207,"timestamp":1631990629,"swapAmountBNB":20,"namebuy":"biswap","buyPrice":8263.23,"namesell":"biswap","sellPrice":8238.66},{"block":11029206,"timestamp":1631990626,"swapAmountBNB":20,"namebuy":"biswap","buyPrice":8263.23,"namesell":"biswap","sellPrice":8238.66},{"block":11029207,"timestamp":1631990629,"swapAmountBNB":20,"namebuy":"biswap","buyPrice":8263.23,"namesell":"biswap","sellPrice":8238.66},{"block":11029208,"timestamp":1631990632,"swapAmountBNB":20,"namebuy":"biswap","buyPrice":8263.23,"namesell":"biswap","sellPrice":8238.66},{"block":11029207,"timestamp":1631990629,"swapAmountBNB":20,"namebuy":"biswap","buyPrice":8263.23,"namesell":"biswap","sellPrice":8238.66},{"block":11029208,"timestamp":1631990632,"swapAmountBNB":20,"namebuy":"biswap","buyPrice":8263.23,"namesell":"biswap","sellPrice":8238.66},{"block":11029209,"timestamp":1631990635,"swapAmountBNB":20,"namebuy":"biswap","buyPrice":8263.23,"namesell":"biswap","sellPrice":8238.66},{"block":11029208,"timestamp":1631990632,"swapAmountBNB":20,"namebuy":"biswap","buyPrice":8263.23,"namesell":"biswap","sellPrice":8238.66},{"block":11029209,"timestamp":1631990635,"swapAmountBNB":20,"namebuy":"biswap","buyPrice":8263.23,"namesell":"biswap","sellPrice":8238.66},{"block":11029209,"timestamp":1631990635,"swapAmountBNB":20,"namebuy":"biswap","buyPrice":8263.23,"namesell":"biswap","sellPrice":8238.66},{"block":11029210,"timestamp":1631990638,"swapAmountBNB":20,"namebuy":"biswap","buyPrice":8262.08,"namesell":"biswap","sellPrice":8237.51},{"block":11029210,"timestamp":1631990638,"swapAmountBNB":20,"namebuy":"biswap","buyPrice":8262.08,"namesell":"biswap","sellPrice":8237.51},{"block":11029210,"timestamp":1631990638,"swapAmountBNB":20,"namebuy":"biswap","buyPrice":8262.08,"namesell":"biswap","sellPrice":8237.51},{"block":11029211,"timestamp":1631990641,"swapAmountBNB":20,"namebuy":"biswap","buyPrice":8262.08,"namesell":"biswap","sellPrice":8237.51},{"block":11029211,"timestamp":1631990641,"swapAmountBNB":20,"namebuy":"biswap","buyPrice":8262.08,"namesell":"biswap","sellPrice":8237.51},{"block":11029212,"timestamp":1631990644,"swapAmountBNB":20,"namebuy":"biswap","buyPrice":8262.08,"namesell":"biswap","sellPrice":8237.51},{"block":11029212,"timestamp":1631990644,"swapAmountBNB":20,"namebuy":"biswap","buyPrice":8262.08,"namesell":"biswap","sellPrice":8237.51},{"block":11029213,"timestamp":1631990647,"swapAmountBNB":20,"namebuy":"biswap","buyPrice":8262.08,"namesell":"biswap","sellPrice":8237.51},{"block":11029214,"timestamp":1631990650,"swapAmountBNB":20,"namebuy":"biswap","buyPrice":8261.88,"namesell":"biswap","sellPrice":8237.31},{"block":11029212,"timestamp":1631990644,"swapAmountBNB":20,"namebuy":"biswap","buyPrice":8262.08,"namesell":"biswap","sellPrice":8237.51},{"block":11029211,"timestamp":1631990641,"swapAmountBNB":20,"namebuy":"biswap","buyPrice":8262.08,"namesell":"biswap","sellPrice":8237.51},{"block":11029215,"timestamp":1631990653,"swapAmountBNB":20,"namebuy":"biswap","buyPrice":8261.88,"namesell":"biswap","sellPrice":8237.31},{"block":11029216,"timestamp":1631990656,"swapAmountBNB":20,"namebuy":"biswap","buyPrice":8261.88,"namesell":"biswap","sellPrice":8237.31},{"block":11029213,"timestamp":1631990647,"swapAmountBNB":20,"namebuy":"biswap","buyPrice":8261.88,"namesell":"biswap","sellPrice":8237.31},{"block":11029214,"timestamp":1631990650,"swapAmountBNB":20,"namebuy":"biswap","buyPrice":8261.88,"namesell":"biswap","sellPrice":8237.31},{"block":11029217,"timestamp":1631990659,"swapAmountBNB":20,"namebuy":"biswap","buyPrice":8261.23,"namesell":"biswap","sellPrice":8236.66},{"block":11029215,"timestamp":1631990653,"swapAmountBNB":20,"namebuy":"biswap","buyPrice":8261.88,"namesell":"biswap","sellPrice":8237.31},{"block":11029217,"timestamp":1631990659,"swapAmountBNB":20,"namebuy":"biswap","buyPrice":8261.23,"namesell":"biswap","sellPrice":8236.66},{"block":11029216,"timestamp":1631990656,"swapAmountBNB":20,"namebuy":"biswap","buyPrice":8261.88,"namesell":"biswap","sellPrice":8237.31},{"block":11029218,"timestamp":1631990662,"swapAmountBNB":20,"namebuy":"biswap","buyPrice":8261.23,"namesell":"biswap","sellPrice":8236.66},{"block":11029218,"timestamp":1631990662,"swapAmountBNB":20,"namebuy":"biswap","buyPrice":8261.23,"namesell":"biswap","sellPrice":8236.66},{"block":11029217,"timestamp":1631990659,"swapAmountBNB":20,"namebuy":"biswap","buyPrice":8261.23,"namesell":"biswap","sellPrice":8236.66},{"block":11029219,"timestamp":1631990665,"swapAmountBNB":20,"namebuy":"biswap","buyPrice":8261.02,"namesell":"biswap","sellPrice":8236.46},{"block":11029219,"timestamp":1631990665,"swapAmountBNB":20,"namebuy":"biswap","buyPrice":8261.02,"namesell":"biswap","sellPrice":8236.46},{"block":11029218,"timestamp":1631990662,"swapAmountBNB":20,"namebuy":"biswap","buyPrice":8261.02,"namesell":"biswap","sellPrice":8236.46},{"block":11029219,"timestamp":1631990665,"swapAmountBNB":20,"namebuy":"biswap","buyPrice":8261.02,"namesell":"biswap","sellPrice":8236.46},{"block":11029220,"timestamp":1631990668,"swapAmountBNB":20,"namebuy":"biswap","buyPrice":8261.02,"namesell":"biswap","sellPrice":8236.46},{"block":11029220,"timestamp":1631990668,"swapAmountBNB":20,"namebuy":"biswap","buyPrice":8261.02,"namesell":"biswap","sellPrice":8236.46},{"block":11029220,"timestamp":1631990668,"swapAmountBNB":20,"namebuy":"biswap","buyPrice":8261.02,"namesell":"biswap","sellPrice":8236.46},{"block":11029221,"timestamp":1631990671,"swapAmountBNB":20,"namebuy":"biswap","buyPrice":8261.02,"namesell":"biswap","sellPrice":8236.46},{"block":11029221,"timestamp":1631990671,"swapAmountBNB":20,"namebuy":"biswap","buyPrice":8261.02,"namesell":"biswap","sellPrice":8236.46},{"block":11029221,"timestamp":1631990671,"swapAmountBNB":20,"namebuy":"biswap","buyPrice":8261.02,"namesell":"biswap","sellPrice":8236.46},{"block":11029222,"timestamp":1631990674,"swapAmountBNB":20,"namebuy":"biswap","buyPrice":8261.02,"namesell":"biswap","sellPrice":8236.46},{"block":11029222,"timestamp":1631990674,"swapAmountBNB":20,"namebuy":"biswap","buyPrice":8261.02,"namesell":"biswap","sellPrice":8236.46},{"block":11029222,"timestamp":1631990674,"swapAmountBNB":20,"namebuy":"biswap","buyPrice":8261.02,"namesell":"biswap","sellPrice":8236.46},{"block":11029223,"timestamp":1631990677,"swapAmountBNB":20,"namebuy":"biswap","buyPrice":8260.91,"namesell":"biswap","sellPrice":8236.34},{"block":11029223,"timestamp":1631990677,"swapAmountBNB":20,"namebuy":"biswap","buyPrice":8260.91,"namesell":"biswap","sellPrice":8236.34},{"block":11029223,"timestamp":1631990677,"swapAmountBNB":20,"namebuy":"biswap","buyPrice":8260.91,"namesell":"biswap","sellPrice":8236.34},{"block":11029224,"timestamp":1631990680,"swapAmountBNB":20,"namebuy":"biswap","buyPrice":8260.91,"namesell":"biswap","sellPrice":8236.34},{"block":11029224,"timestamp":1631990680,"swapAmountBNB":20,"namebuy":"biswap","buyPrice":8260.91,"namesell":"biswap","sellPrice":8236.34},{"block":11029224,"timestamp":1631990680,"swapAmountBNB":20,"namebuy":"biswap","buyPrice":8260.91,"namesell":"biswap","sellPrice":8236.34},{"block":11029225,"timestamp":1631990683,"swapAmountBNB":20,"namebuy":"biswap","buyPrice":8260.91,"namesell":"biswap","sellPrice":8236.34},{"block":11029225,"timestamp":1631990683,"swapAmountBNB":20,"namebuy":"biswap","buyPrice":8260.91,"namesell":"biswap","sellPrice":8236.34},{"block":11029225,"timestamp":1631990683,"swapAmountBNB":20,"namebuy":"biswap","buyPrice":8260.91,"namesell":"biswap","sellPrice":8236.34},{"block":11029226,"timestamp":1631990686,"swapAmountBNB":20,"namebuy":"biswap","buyPrice":8260.91,"namesell":"biswap","sellPrice":8236.34},{"block":11029226,"timestamp":1631990686,"swapAmountBNB":20,"namebuy":"biswap","buyPrice":8260.91,"namesell":"biswap","sellPrice":8236.34},{"block":11029226,"timestamp":1631990686,"swapAmountBNB":20,"namebuy":"biswap","buyPrice":8260.91,"namesell":"biswap","sellPrice":8236.34},{"block":11029227,"timestamp":1631990689,"swapAmountBNB":20,"namebuy":"biswap","buyPrice":8260.91,"namesell":"biswap","sellPrice":8236.34},{"block":11029227,"timestamp":1631990689,"swapAmountBNB":20,"namebuy":"biswap","buyPrice":8260.91,"namesell":"biswap","sellPrice":8236.34},{"block":11029227,"timestamp":1631990689,"swapAmountBNB":20,"namebuy":"biswap","buyPrice":8260.91,"namesell":"biswap","sellPrice":8236.34},{"block":11029228,"timestamp":1631990692,"swapAmountBNB":20,"namebuy":"biswap","buyPrice":8260.91,"namesell":"biswap","sellPrice":8236.34},{"block":11029228,"timestamp":1631990692,"swapAmountBNB":20,"namebuy":"biswap","buyPrice":8260.91,"namesell":"biswap","sellPrice":8236.34},{"block":11029229,"timestamp":1631990695,"swapAmountBNB":20,"namebuy":"biswap","buyPrice":8260.91,"namesell":"biswap","sellPrice":8236.34},{"block":11029229,"timestamp":1631990695,"swapAmountBNB":20,"namebuy":"biswap","buyPrice":8260.91,"namesell":"biswap","sellPrice":8236.34},{"block":11029229,"timestamp":1631990695,"swapAmountBNB":20,"namebuy":"biswap","buyPrice":8260.91,"namesell":"biswap","sellPrice":8236.34},{"block":11029230,"timestamp":1631990698,"swapAmountBNB":20,"namebuy":"pancake","buyPrice":8263.58,"namesell":"biswap","sellPrice":8240.78},{"block":11029231,"timestamp":1631990701,"swapAmountBNB":20,"namebuy":"pancake","buyPrice":8263.58,"namesell":"biswap","sellPrice":8240.78},{"block":11029230,"timestamp":1631990698,"swapAmountBNB":20,"namebuy":"pancake","buyPrice":8263.58,"namesell":"biswap","sellPrice":8240.78},{"block":11029231,"timestamp":1631990701,"swapAmountBNB":20,"namebuy":"pancake","buyPrice":8263.58,"namesell":"biswap","sellPrice":8240.78},{"block":11029232,"timestamp":1631990704,"swapAmountBNB":20,"namebuy":"pancake","buyPrice":8263.62,"namesell":"biswap","sellPrice":8240.78},{"block":11029232,"timestamp":1631990704,"swapAmountBNB":20,"namebuy":"pancake","buyPrice":8263.62,"namesell":"biswap","sellPrice":8240.78},{"block":11029233,"timestamp":1631990707,"swapAmountBNB":20,"namebuy":"pancake","buyPrice":8263.62,"namesell":"biswap","sellPrice":8240.78},{"block":11029233,"timestamp":1631990707,"swapAmountBNB":20,"namebuy":"pancake","buyPrice":8263.62,"namesell":"biswap","sellPrice":8240.78},{"block":11029234,"timestamp":1631990710,"swapAmountBNB":20,"namebuy":"pancake","buyPrice":8263.55,"namesell":"biswap","sellPrice":8241.07},{"block":11029234,"timestamp":1631990710,"swapAmountBNB":20,"namebuy":"pancake","buyPrice":8263.55,"namesell":"biswap","sellPrice":8241.07},{"block":11029234,"timestamp":1631990710,"swapAmountBNB":20,"namebuy":"pancake","buyPrice":8263.55,"namesell":"biswap","sellPrice":8241.07},{"block":11029235,"timestamp":1631990713,"swapAmountBNB":20,"namebuy":"pancake","buyPrice":8263.59,"namesell":"biswap","sellPrice":8241.11},{"block":11029235,"timestamp":1631990713,"swapAmountBNB":20,"namebuy":"pancake","buyPrice":8263.59,"namesell":"biswap","sellPrice":8241.11},{"block":11029235,"timestamp":1631990713,"swapAmountBNB":20,"namebuy":"pancake","buyPrice":8263.59,"namesell":"biswap","sellPrice":8241.11},{"block":11029236,"timestamp":1631990716,"swapAmountBNB":20,"namebuy":"pancake","buyPrice":8263.59,"namesell":"biswap","sellPrice":8241.11},{"block":11029236,"timestamp":1631990716,"swapAmountBNB":20,"namebuy":"pancake","buyPrice":8263.59,"namesell":"biswap","sellPrice":8241.11},{"block":11029236,"timestamp":1631990716,"swapAmountBNB":20,"namebuy":"pancake","buyPrice":8263.59,"namesell":"biswap","sellPrice":8241.11},{"block":11029237,"timestamp":1631990719,"swapAmountBNB":20,"namebuy":"pancake","buyPrice":8263.6,"namesell":"biswap","sellPrice":8241.11},{"block":11029237,"timestamp":1631990719,"swapAmountBNB":20,"namebuy":"pancake","buyPrice":8263.6,"namesell":"biswap","sellPrice":8241.11},{"block":11029237,"timestamp":1631990719,"swapAmountBNB":20,"namebuy":"pancake","buyPrice":8263.6,"namesell":"biswap","sellPrice":8241.11},{"block":11029238,"timestamp":1631990722,"swapAmountBNB":20,"namebuy":"pancake","buyPrice":8263.64,"namesell":"biswap","sellPrice":8241.11},{"block":11029238,"timestamp":1631990722,"swapAmountBNB":20,"namebuy":"pancake","buyPrice":8263.64,"namesell":"biswap","sellPrice":8241.11},{"block":11029238,"timestamp":1631990722,"swapAmountBNB":20,"namebuy":"pancake","buyPrice":8263.64,"namesell":"biswap","sellPrice":8241.11},{"block":11029239,"timestamp":1631990725,"swapAmountBNB":20,"namebuy":"pancake","buyPrice":8263.64,"namesell":"biswap","sellPrice":8241.11},{"block":11029239,"timestamp":1631990725,"swapAmountBNB":20,"namebuy":"pancake","buyPrice":8263.64,"namesell":"biswap","sellPrice":8241.11},{"block":11029239,"timestamp":1631990725,"swapAmountBNB":20,"namebuy":"pancake","buyPrice":8263.64,"namesell":"biswap","sellPrice":8241.11},{"block":11029240,"timestamp":1631990728,"swapAmountBNB":20,"namebuy":"biswap","buyPrice":8261.66,"namesell":"biswap","sellPrice":8237.09},{"block":11029240,"timestamp":1631990728,"swapAmountBNB":20,"namebuy":"biswap","buyPrice":8261.66,"namesell":"biswap","sellPrice":8237.09},{"block":11029241,"timestamp":1631990731,"swapAmountBNB":20,"namebuy":"biswap","buyPrice":8261.66,"namesell":"biswap","sellPrice":8237.09},{"block":11029241,"timestamp":1631990731,"swapAmountBNB":20,"namebuy":"biswap","buyPrice":8261.66,"namesell":"biswap","sellPrice":8237.09},{"block":11029240,"timestamp":1631990728,"swapAmountBNB":20,"namebuy":"biswap","buyPrice":8261.66,"namesell":"biswap","sellPrice":8237.09},{"block":11029242,"timestamp":1631990734,"swapAmountBNB":20,"namebuy":"biswap","buyPrice":8257.89,"namesell":"biswap","sellPrice":8233.33},{"block":11029241,"timestamp":1631990731,"swapAmountBNB":20,"namebuy":"biswap","buyPrice":8261.66,"namesell":"biswap","sellPrice":8237.09},{"block":11029243,"timestamp":1631990737,"swapAmountBNB":20,"namebuy":"biswap","buyPrice":8257.89,"namesell":"biswap","sellPrice":8233.33},{"block":11029243,"timestamp":1631990737,"swapAmountBNB":20,"namebuy":"biswap","buyPrice":8257.89,"namesell":"biswap","sellPrice":8233.33},{"block":11029242,"timestamp":1631990734,"swapAmountBNB":20,"namebuy":"biswap","buyPrice":8257.89,"namesell":"biswap","sellPrice":8233.33},{"block":11029244,"timestamp":1631990740,"swapAmountBNB":20,"namebuy":"biswap","buyPrice":8257.89,"namesell":"biswap","sellPrice":8233.33},{"block":11029243,"timestamp":1631990737,"swapAmountBNB":20,"namebuy":"biswap","buyPrice":8257.89,"namesell":"biswap","sellPrice":8233.33},{"block":11029244,"timestamp":1631990740,"swapAmountBNB":20,"namebuy":"biswap","buyPrice":8257.89,"namesell":"biswap","sellPrice":8233.33},{"block":11029244,"timestamp":1631990740,"swapAmountBNB":20,"namebuy":"biswap","buyPrice":8257.89,"namesell":"biswap","sellPrice":8233.33},{"block":11029245,"timestamp":1631990743,"swapAmountBNB":20,"namebuy":"biswap","buyPrice":8257.97,"namesell":"biswap","sellPrice":8233.42},{"block":11029245,"timestamp":1631990743,"swapAmountBNB":20,"namebuy":"biswap","buyPrice":8257.97,"namesell":"biswap","sellPrice":8233.42},{"block":11029245,"timestamp":1631990743,"swapAmountBNB":20,"namebuy":"biswap","buyPrice":8257.97,"namesell":"biswap","sellPrice":8233.42},{"block":11029246,"timestamp":1631990746,"swapAmountBNB":20,"namebuy":"biswap","buyPrice":8257.97,"namesell":"biswap","sellPrice":8233.42},{"block":11029246,"timestamp":1631990746,"swapAmountBNB":20,"namebuy":"biswap","buyPrice":8257.97,"namesell":"biswap","sellPrice":8233.42},{"block":11029246,"timestamp":1631990746,"swapAmountBNB":20,"namebuy":"biswap","buyPrice":8257.97,"namesell":"biswap","sellPrice":8233.42},{"block":11029247,"timestamp":1631990749,"swapAmountBNB":20,"namebuy":"biswap","buyPrice":8257.97,"namesell":"biswap","sellPrice":8233.42},{"block":11029247,"timestamp":1631990749,"swapAmountBNB":20,"namebuy":"biswap","buyPrice":8257.97,"namesell":"biswap","sellPrice":8233.42},{"block":11029247,"timestamp":1631990749,"swapAmountBNB":20,"namebuy":"biswap","buyPrice":8257.97,"namesell":"biswap","sellPrice":8233.42},{"block":11029248,"timestamp":1631990752,"swapAmountBNB":20,"namebuy":"biswap","buyPrice":8257.97,"namesell":"biswap","sellPrice":8233.42},{"block":11029248,"timestamp":1631990752,"swapAmountBNB":20,"namebuy":"biswap","buyPrice":8257.97,"namesell":"biswap","sellPrice":8233.42},{"block":11029248,"timestamp":1631990752,"swapAmountBNB":20,"namebuy":"biswap","buyPrice":8257.97,"namesell":"biswap","sellPrice":8233.42},{"block":11029249,"timestamp":1631990755,"swapAmountBNB":20,"namebuy":"biswap","buyPrice":8257.77,"namesell":"biswap","sellPrice":8233.22},{"block":11029249,"timestamp":1631990755,"swapAmountBNB":20,"namebuy":"biswap","buyPrice":8257.77,"namesell":"biswap","sellPrice":8233.22},{"block":11029250,"timestamp":1631990758,"swapAmountBNB":20,"namebuy":"biswap","buyPrice":8258.08,"namesell":"biswap","sellPrice":8233.53},{"block":11029250,"timestamp":1631990758,"swapAmountBNB":20,"namebuy":"biswap","buyPrice":8258.08,"namesell":"biswap","sellPrice":8233.53},{"block":11029250,"timestamp":1631990758,"swapAmountBNB":20,"namebuy":"biswap","buyPrice":8258.08,"namesell":"biswap","sellPrice":8233.53},{"block":11029251,"timestamp":1631990761,"swapAmountBNB":20,"namebuy":"biswap","buyPrice":8258.08,"namesell":"biswap","sellPrice":8233.53},{"block":11029251,"timestamp":1631990761,"swapAmountBNB":20,"namebuy":"biswap","buyPrice":8258.08,"namesell":"biswap","sellPrice":8233.53},{"block":11029251,"timestamp":1631990761,"swapAmountBNB":20,"namebuy":"biswap","buyPrice":8258.08,"namesell":"biswap","sellPrice":8233.53},{"block":11029252,"timestamp":1631990764,"swapAmountBNB":20,"namebuy":"biswap","buyPrice":8258.08,"namesell":"biswap","sellPrice":8233.53},{"block":11029252,"timestamp":1631990764,"swapAmountBNB":20,"namebuy":"biswap","buyPrice":8258.08,"namesell":"biswap","sellPrice":8233.53},{"block":11029253,"timestamp":1631990767,"swapAmountBNB":20,"namebuy":"biswap","buyPrice":8256.82,"namesell":"biswap","sellPrice":8232.27},{"block":11029252,"timestamp":1631990764,"swapAmountBNB":20,"namebuy":"biswap","buyPrice":8258.08,"namesell":"biswap","sellPrice":8233.53},{"block":11029253,"timestamp":1631990767,"swapAmountBNB":20,"namebuy":"biswap","buyPrice":8256.82,"namesell":"biswap","sellPrice":8232.27},{"block":11029253,"timestamp":1631990767,"swapAmountBNB":20,"namebuy":"biswap","buyPrice":8256.82,"namesell":"biswap","sellPrice":8232.27},{"block":11029254,"timestamp":1631990770,"swapAmountBNB":20,"namebuy":"biswap","buyPrice":8256.82,"namesell":"biswap","sellPrice":8232.27},{"block":11029254,"timestamp":1631990770,"swapAmountBNB":20,"namebuy":"biswap","buyPrice":8256.82,"namesell":"biswap","sellPrice":8232.27},{"block":11029254,"timestamp":1631990770,"swapAmountBNB":20,"namebuy":"biswap","buyPrice":8256.82,"namesell":"biswap","sellPrice":8232.27},{"block":11029255,"timestamp":1631990773,"swapAmountBNB":20,"namebuy":"biswap","buyPrice":8259.4,"namesell":"biswap","sellPrice":8234.85},{"block":11029255,"timestamp":1631990773,"swapAmountBNB":20,"namebuy":"biswap","buyPrice":8259.4,"namesell":"biswap","sellPrice":8234.85},{"block":11029255,"timestamp":1631990773,"swapAmountBNB":20,"namebuy":"biswap","buyPrice":8259.4,"namesell":"biswap","sellPrice":8234.85},{"block":11029256,"timestamp":1631990776,"swapAmountBNB":20,"namebuy":"biswap","buyPrice":8254.97,"namesell":"apeswap","sellPrice":8231.5},{"block":11029256,"timestamp":1631990776,"swapAmountBNB":20,"namebuy":"biswap","buyPrice":8254.97,"namesell":"apeswap","sellPrice":8231.5},{"block":11029256,"timestamp":1631990776,"swapAmountBNB":20,"namebuy":"biswap","buyPrice":8254.97,"namesell":"apeswap","sellPrice":8231.5},{"block":11029257,"timestamp":1631990779,"swapAmountBNB":20,"namebuy":"biswap","buyPrice":8254.64,"namesell":"apeswap","sellPrice":8231.5},{"block":11029257,"timestamp":1631990779,"swapAmountBNB":20,"namebuy":"biswap","buyPrice":8254.64,"namesell":"apeswap","sellPrice":8231.5},{"block":11029257,"timestamp":1631990779,"swapAmountBNB":20,"namebuy":"biswap","buyPrice":8254.64,"namesell":"apeswap","sellPrice":8231.5},{"block":11029258,"timestamp":1631990782,"swapAmountBNB":20,"namebuy":"biswap","buyPrice":8250.2,"namesell":"apeswap","sellPrice":8231.5},{"block":11029258,"timestamp":1631990782,"swapAmountBNB":20,"namebuy":"biswap","buyPrice":8250.2,"namesell":"apeswap","sellPrice":8231.5},{"block":11029258,"timestamp":1631990782,"swapAmountBNB":20,"namebuy":"biswap","buyPrice":8250.2,"namesell":"apeswap","sellPrice":8231.5},{"block":11029259,"timestamp":1631990785,"swapAmountBNB":20,"namebuy":"biswap","buyPrice":8250.2,"namesell":"apeswap","sellPrice":8231.5},{"block":11029259,"timestamp":1631990786,"swapAmountBNB":20,"namebuy":"biswap","buyPrice":8250.2,"namesell":"apeswap","sellPrice":8231.5},{"block":11029259,"timestamp":1631990785,"swapAmountBNB":20,"namebuy":"biswap","buyPrice":8250.2,"namesell":"apeswap","sellPrice":8231.5},{"block":11029259,"timestamp":1631990785,"swapAmountBNB":20,"namebuy":"biswap","buyPrice":8250.2,"namesell":"apeswap","sellPrice":8231.5},{"block":11029260,"timestamp":1631990788,"swapAmountBNB":20,"namebuy":"biswap","buyPrice":8250.52,"namesell":"apeswap","sellPrice":8231.5},{"block":11029260,"timestamp":1631990788,"swapAmountBNB":20,"namebuy":"biswap","buyPrice":8250.52,"namesell":"apeswap","sellPrice":8231.5},{"block":11029260,"timestamp":1631990788,"swapAmountBNB":20,"namebuy":"biswap","buyPrice":8250.52,"namesell":"apeswap","sellPrice":8231.5},{"block":11029261,"timestamp":1631990791,"swapAmountBNB":20,"namebuy":"biswap","buyPrice":8250.52,"namesell":"apeswap","sellPrice":8231.5},{"block":11029261,"timestamp":1631990791,"swapAmountBNB":20,"namebuy":"biswap","buyPrice":8250.52,"namesell":"apeswap","sellPrice":8231.5},{"block":11029261,"timestamp":1631990791,"swapAmountBNB":20,"namebuy":"biswap","buyPrice":8250.52,"namesell":"apeswap","sellPrice":8231.5},{"block":11029262,"timestamp":1631990794,"swapAmountBNB":20,"namebuy":"biswap","buyPrice":8250.52,"namesell":"apeswap","sellPrice":8236.12},{"block":11029262,"timestamp":1631990794,"swapAmountBNB":20,"namebuy":"biswap","buyPrice":8250.52,"namesell":"apeswap","sellPrice":8235.45},{"block":11029262,"timestamp":1631990794,"swapAmountBNB":20,"namebuy":"biswap","buyPrice":8250.52,"namesell":"apeswap","sellPrice":8236.12},{"block":11029263,"timestamp":1631990797,"swapAmountBNB":20,"namebuy":"biswap","buyPrice":8250.52,"namesell":"apeswap","sellPrice":8235.45},{"block":11029263,"timestamp":1631990797,"swapAmountBNB":20,"namebuy":"biswap","buyPrice":8250.52,"namesell":"apeswap","sellPrice":8235.45},{"block":11029263,"timestamp":1631990797,"swapAmountBNB":20,"namebuy":"biswap","buyPrice":8250.52,"namesell":"apeswap","sellPrice":8235.45},{"block":11029264,"timestamp":1631990800,"swapAmountBNB":20,"namebuy":"biswap","buyPrice":8250.52,"namesell":"apeswap","sellPrice":8235.45},{"block":11029264,"timestamp":1631990800,"swapAmountBNB":20,"namebuy":"biswap","buyPrice":8250.52,"namesell":"apeswap","sellPrice":8235.45},{"block":11029264,"timestamp":1631990800,"swapAmountBNB":20,"namebuy":"biswap","buyPrice":8250.52,"namesell":"apeswap","sellPrice":8235.45},{"block":11029265,"timestamp":1631990803,"swapAmountBNB":20,"namebuy":"biswap","buyPrice":8250.52,"namesell":"apeswap","sellPrice":8235.45},{"block":11029265,"timestamp":1631990803,"swapAmountBNB":20,"namebuy":"biswap","buyPrice":8250.52,"namesell":"apeswap","sellPrice":8235.45},{"block":11029265,"timestamp":1631990803,"swapAmountBNB":20,"namebuy":"biswap","buyPrice":8250.52,"namesell":"apeswap","sellPrice":8235.45},{"block":11029266,"timestamp":1631990806,"swapAmountBNB":20,"namebuy":"biswap","buyPrice":8250.52,"namesell":"apeswap","sellPrice":8235.76},{"block":11029266,"timestamp":1631990806,"swapAmountBNB":20,"namebuy":"biswap","buyPrice":8250.52,"namesell":"apeswap","sellPrice":8235.76},{"block":11029267,"timestamp":1631990809,"swapAmountBNB":20,"namebuy":"biswap","buyPrice":8250.52,"namesell":"apeswap","sellPrice":8235.76},{"block":11029266,"timestamp":1631990806,"swapAmountBNB":20,"namebuy":"biswap","buyPrice":8250.52,"namesell":"apeswap","sellPrice":8235.76},{"block":11029267,"timestamp":1631990809,"swapAmountBNB":20,"namebuy":"biswap","buyPrice":8250.52,"namesell":"apeswap","sellPrice":8235.76},{"block":11029267,"timestamp":1631990809,"swapAmountBNB":20,"namebuy":"biswap","buyPrice":8250.52,"namesell":"apeswap","sellPrice":8235.76},{"block":11029268,"timestamp":1631990812,"swapAmountBNB":20,"namebuy":"biswap","buyPrice":8250.52,"namesell":"apeswap","sellPrice":8235.76},{"block":11029268,"timestamp":1631990812,"swapAmountBNB":20,"namebuy":"biswap","buyPrice":8250.52,"namesell":"apeswap","sellPrice":8235.76},{"block":11029268,"timestamp":1631990812,"swapAmountBNB":20,"namebuy":"biswap","buyPrice":8250.52,"namesell":"apeswap","sellPrice":8235.76},{"block":11029269,"timestamp":1631990815,"swapAmountBNB":20,"namebuy":"biswap","buyPrice":8261.24,"namesell":"apeswap","sellPrice":8248.54},{"block":11029269,"timestamp":1631990815,"swapAmountBNB":20,"namebuy":"biswap","buyPrice":8261.24,"namesell":"apeswap","sellPrice":8248.54},{"block":11029269,"timestamp":1631990815,"swapAmountBNB":20,"namebuy":"biswap","buyPrice":8261.24,"namesell":"apeswap","sellPrice":8248.54},{"block":11029270,"timestamp":1631990818,"swapAmountBNB":20,"namebuy":"biswap","buyPrice":8261.24,"namesell":"apeswap","sellPrice":8248.54},{"block":11029270,"timestamp":1631990818,"swapAmountBNB":20,"namebuy":"biswap","buyPrice":8261.24,"namesell":"apeswap","sellPrice":8248.54},{"block":11029270,"timestamp":1631990818,"swapAmountBNB":20,"namebuy":"biswap","buyPrice":8261.24,"namesell":"apeswap","sellPrice":8248.54},{"block":11029271,"timestamp":1631990821,"swapAmountBNB":20,"namebuy":"biswap","buyPrice":8256,"namesell":"apeswap","sellPrice":8236.49},{"block":11029271,"timestamp":1631990821,"swapAmountBNB":20,"namebuy":"biswap","buyPrice":8256,"namesell":"apeswap","sellPrice":8236.49},{"block":11029271,"timestamp":1631990821,"swapAmountBNB":20,"namebuy":"biswap","buyPrice":8256,"namesell":"apeswap","sellPrice":8236.49},{"block":11029272,"timestamp":1631990824,"swapAmountBNB":20,"namebuy":"biswap","buyPrice":8256,"namesell":"apeswap","sellPrice":8236.49},{"block":11029272,"timestamp":1631990824,"swapAmountBNB":20,"namebuy":"biswap","buyPrice":8256,"namesell":"apeswap","sellPrice":8236.49},{"block":11029272,"timestamp":1631990824,"swapAmountBNB":20,"namebuy":"biswap","buyPrice":8256,"namesell":"apeswap","sellPrice":8236.49},{"block":11029273,"timestamp":1631990827,"swapAmountBNB":20,"namebuy":"biswap","buyPrice":8256,"namesell":"biswap","sellPrice":8231.45},{"block":11029273,"timestamp":1631990827,"swapAmountBNB":20,"namebuy":"biswap","buyPrice":8256,"namesell":"biswap","sellPrice":8231.45},{"block":11029273,"timestamp":1631990827,"swapAmountBNB":20,"namebuy":"biswap","buyPrice":8256,"namesell":"biswap","sellPrice":8231.45},{"block":11029274,"timestamp":1631990830,"swapAmountBNB":20,"namebuy":"biswap","buyPrice":8251.57,"namesell":"biswap","sellPrice":8227.04},{"block":11029274,"timestamp":1631990830,"swapAmountBNB":20,"namebuy":"biswap","buyPrice":8251.57,"namesell":"biswap","sellPrice":8227.04},{"block":11029275,"timestamp":1631990833,"swapAmountBNB":20,"namebuy":"biswap","buyPrice":8251.57,"namesell":"biswap","sellPrice":8227.04},{"block":11029276,"timestamp":1631990836,"swapAmountBNB":20,"namebuy":"biswap","buyPrice":8251.57,"namesell":"biswap","sellPrice":8227.04},{"block":11029274,"timestamp":1631990830,"swapAmountBNB":20,"namebuy":"biswap","buyPrice":8251.57,"namesell":"biswap","sellPrice":8227.04},{"block":11029277,"timestamp":1631990839,"swapAmountBNB":20,"namebuy":"biswap","buyPrice":8252.86,"namesell":"biswap","sellPrice":8228.33},{"block":11029278,"timestamp":1631990842,"swapAmountBNB":20,"namebuy":"biswap","buyPrice":8252.86,"namesell":"biswap","sellPrice":8228.33},{"block":11029275,"timestamp":1631990833,"swapAmountBNB":20,"namebuy":"biswap","buyPrice":8251.57,"namesell":"biswap","sellPrice":8227.04},{"block":11029275,"timestamp":1631990833,"swapAmountBNB":20,"namebuy":"biswap","buyPrice":8251.57,"namesell":"biswap","sellPrice":8227.04},{"block":11029276,"timestamp":1631990836,"swapAmountBNB":20,"namebuy":"biswap","buyPrice":8251.57,"namesell":"biswap","sellPrice":8227.04},{"block":11029276,"timestamp":1631990836,"swapAmountBNB":20,"namebuy":"biswap","buyPrice":8252.86,"namesell":"biswap","sellPrice":8227.04},{"block":11029277,"timestamp":1631990839,"swapAmountBNB":20,"namebuy":"biswap","buyPrice":8252.86,"namesell":"biswap","sellPrice":8228.33},{"block":11029280,"timestamp":1631990848,"swapAmountBNB":20,"namebuy":"biswap","buyPrice":8252.86,"namesell":"biswap","sellPrice":8228.33},{"block":11029277,"timestamp":1631990839,"swapAmountBNB":20,"namebuy":"biswap","buyPrice":8252.86,"namesell":"biswap","sellPrice":8228.33},{"block":11029281,"timestamp":1631990851,"swapAmountBNB":20,"namebuy":"biswap","buyPrice":8252.86,"namesell":"biswap","sellPrice":8228.33},{"block":11029278,"timestamp":1631990842,"swapAmountBNB":20,"namebuy":"biswap","buyPrice":8252.86,"namesell":"biswap","sellPrice":8228.33},{"block":11029278,"timestamp":1631990842,"swapAmountBNB":20,"namebuy":"biswap","buyPrice":8252.86,"namesell":"biswap","sellPrice":8228.33},{"block":11029279,"timestamp":1631990845,"swapAmountBNB":20,"namebuy":"biswap","buyPrice":8252.86,"namesell":"biswap","sellPrice":8228.33},{"block":11029282,"timestamp":1631990854,"swapAmountBNB":20,"namebuy":"biswap","buyPrice":8252.86,"namesell":"biswap","sellPrice":8228.33},{"block":11029279,"timestamp":1631990845,"swapAmountBNB":20,"namebuy":"biswap","buyPrice":8252.86,"namesell":"biswap","sellPrice":8228.33},{"block":11029280,"timestamp":1631990848,"swapAmountBNB":20,"namebuy":"biswap","buyPrice":8252.86,"namesell":"biswap","sellPrice":8228.33},{"block":11029280,"timestamp":1631990848,"swapAmountBNB":20,"namebuy":"biswap","buyPrice":8252.86,"namesell":"biswap","sellPrice":8228.33},{"block":11029283,"timestamp":1631990857,"swapAmountBNB":20,"namebuy":"biswap","buyPrice":8252.86,"namesell":"biswap","sellPrice":8228.33},{"block":11029281,"timestamp":1631990851,"swapAmountBNB":20,"namebuy":"biswap","buyPrice":8252.86,"namesell":"biswap","sellPrice":8228.33},{"block":11029281,"timestamp":1631990851,"swapAmountBNB":20,"namebuy":"biswap","buyPrice":8252.86,"namesell":"biswap","sellPrice":8228.33},{"block":11029284,"timestamp":1631990860,"swapAmountBNB":20,"namebuy":"biswap","buyPrice":8252.86,"namesell":"biswap","sellPrice":8228.33},{"block":11029282,"timestamp":1631990854,"swapAmountBNB":20,"namebuy":"biswap","buyPrice":8252.86,"namesell":"biswap","sellPrice":8228.33},{"block":11029285,"timestamp":1631990863,"swapAmountBNB":20,"namebuy":"biswap","buyPrice":8252.86,"namesell":"biswap","sellPrice":8228.33},{"block":11029282,"timestamp":1631990854,"swapAmountBNB":20,"namebuy":"biswap","buyPrice":8252.86,"namesell":"biswap","sellPrice":8228.33},{"block":11029283,"timestamp":1631990857,"swapAmountBNB":20,"namebuy":"biswap","buyPrice":8252.86,"namesell":"biswap","sellPrice":8228.33},{"block":11029283,"timestamp":1631990857,"swapAmountBNB":20,"namebuy":"biswap","buyPrice":8252.86,"namesell":"biswap","sellPrice":8228.33},{"block":11029284,"timestamp":1631990860,"swapAmountBNB":20,"namebuy":"biswap","buyPrice":8252.86,"namesell":"biswap","sellPrice":8228.33}]}