{"table":[{"block":11280104,"timestamp":1632748279,"swapAmountBNB":20,"namebuy":"biswap","buyPrice":6978.87,"namesell":"biswap","sellPrice":6958.31},{"block":11280105,"timestamp":1632748282,"swapAmountBNB":20,"namebuy":"biswap","buyPrice":6978.87,"namesell":"biswap","sellPrice":6958.31},{"block":11280106,"timestamp":1632748285,"swapAmountBNB":20,"namebuy":"biswap","buyPrice":6978.54,"namesell":"biswap","sellPrice":6957.98},{"block":11280107,"timestamp":1632748288,"swapAmountBNB":20,"namebuy":"biswap","buyPrice":6977.96,"namesell":"biswap","sellPrice":6957.4},{"block":11280108,"timestamp":1632748291,"swapAmountBNB":20,"namebuy":"biswap","buyPrice":6977.96,"namesell":"biswap","sellPrice":6957.4},{"block":11280109,"timestamp":1632748294,"swapAmountBNB":20,"namebuy":"pancake","buyPrice":6981.08,"namesell":"biswap","sellPrice":6961.04},{"block":11280110,"timestamp":1632748297,"swapAmountBNB":20,"namebuy":"pancake","buyPrice":6981.1,"namesell":"biswap","sellPrice":6961.04},{"block":11280111,"timestamp":1632748300,"swapAmountBNB":20,"namebuy":"pancake","buyPrice":6981.1,"namesell":"biswap","sellPrice":6961.04},{"block":11280112,"timestamp":1632748303,"swapAmountBNB":20,"namebuy":"pancake","buyPrice":6981.13,"namesell":"biswap","sellPrice":6964.5},{"block":11280113,"timestamp":1632748306,"swapAmountBNB":20,"namebuy":"pancake","buyPrice":6981.09,"namesell":"biswap","sellPrice":6964.5},{"block":11280114,"timestamp":1632748309,"swapAmountBNB":20,"namebuy":"pancake","buyPrice":6981.1,"namesell":"biswap","sellPrice":6964.5},{"block":11280115,"timestamp":1632748312,"swapAmountBNB":20,"namebuy":"pancake","buyPrice":6981.08,"namesell":"biswap","sellPrice":6964.5},{"block":11280116,"timestamp":1632748315,"swapAmountBNB":20,"namebuy":"pancake","buyPrice":6980.84,"namesell":"biswap","sellPrice":6963.85},{"block":11280117,"timestamp":1632748318,"swapAmountBNB":20,"namebuy":"pancake","buyPrice":6980.56,"namesell":"biswap","sellPrice":6963.83},{"block":11280118,"timestamp":1632748321,"swapAmountBNB":20,"namebuy":"pancake","buyPrice":6980.57,"namesell":"biswap","sellPrice":6967.36},{"block":11280119,"timestamp":1632748324,"swapAmountBNB":20,"namebuy":"pancake","buyPrice":6980.7,"namesell":"biswap","sellPrice":6967.16},{"block":11280120,"timestamp":1632748327,"swapAmountBNB":20,"namebuy":"pancake","buyPrice":6981.63,"namesell":"biswap","sellPrice":6967.16},{"block":11280121,"timestamp":1632748330,"swapAmountBNB":20,"namebuy":"pancake","buyPrice":6981.3,"namesell":"biswap","sellPrice":6966.29},{"block":11280122,"timestamp":1632748333,"swapAmountBNB":20,"namebuy":"pancake","buyPrice":6981.39,"namesell":"biswap","sellPrice":6966.29},{"block":11280123,"timestamp":1632748336,"swapAmountBNB":20,"namebuy":"pancake","buyPrice":6981.3,"namesell":"biswap","sellPrice":6966.17},{"block":11280124,"timestamp":1632748339,"swapAmountBNB":20,"namebuy":"pancake","buyPrice":6981.32,"namesell":"biswap","sellPrice":6966.17},{"block":11280125,"timestamp":1632748342,"swapAmountBNB":20,"namebuy":"pancake","buyPrice":6980.27,"namesell":"biswap","sellPrice":6966.17},{"block":11280126,"timestamp":1632748345,"swapAmountBNB":20,"namebuy":"pancake","buyPrice":6980.2,"namesell":"biswap","sellPrice":6965.65},{"block":11280127,"timestamp":1632748348,"swapAmountBNB":20,"namebuy":"pancake","buyPrice":6980.23,"namesell":"biswap","sellPrice":6965.65},{"block":11280128,"timestamp":1632748351,"swapAmountBNB":20,"namebuy":"pancake","buyPrice":6980.23,"namesell":"biswap","sellPrice":6965.65},{"block":11280129,"timestamp":1632748354,"swapAmountBNB":20,"namebuy":"pancake","buyPrice":6980.25,"namesell":"biswap","sellPrice":6965.58},{"block":11280130,"timestamp":1632748357,"swapAmountBNB":20,"namebuy":"pancake","buyPrice":6980,"namesell":"biswap","sellPrice":6965.58},{"block":11280131,"timestamp":1632748360,"swapAmountBNB":20,"namebuy":"pancake","buyPrice":6980.23,"namesell":"biswap","sellPrice":6965.58},{"block":11280132,"timestamp":1632748363,"swapAmountBNB":20,"namebuy":"pancake","buyPrice":6980.23,"namesell":"biswap","sellPrice":6965.58},{"block":11280133,"timestamp":1632748366,"swapAmountBNB":20,"namebuy":"pancake","buyPrice":6980.24,"namesell":"biswap","sellPrice":6969.22},{"block":11280134,"timestamp":1632748369,"swapAmountBNB":20,"namebuy":"pancake","buyPrice":6980.18,"namesell":"biswap","sellPrice":6968.23},{"block":11280135,"timestamp":1632748372,"swapAmountBNB":20,"namebuy":"pancake","buyPrice":6980.18,"namesell":"biswap","sellPrice":6968.23},{"block":11280136,"timestamp":1632748375,"swapAmountBNB":20,"namebuy":"pancake","buyPrice":6980.09,"namesell":"biswap","sellPrice":6968.23},{"block":11280137,"timestamp":1632748378,"swapAmountBNB":20,"namebuy":"pancake","buyPrice":6980.1,"namesell":"biswap","sellPrice":6967.81},{"block":11280138,"timestamp":1632748381,"swapAmountBNB":20,"namebuy":"pancake","buyPrice":6980.14,"namesell":"biswap","sellPrice":6967.81},{"block":11280139,"timestamp":1632748384,"swapAmountBNB":20,"namebuy":"pancake","buyPrice":6980.15,"namesell":"biswap","sellPrice":6967.81},{"block":11280140,"timestamp":1632748387,"swapAmountBNB":20,"namebuy":"pancake","buyPrice":6980.19,"namesell":"biswap","sellPrice":6967.81},{"block":11280141,"timestamp":1632748390,"swapAmountBNB":20,"namebuy":"pancake","buyPrice":6980.19,"namesell":"biswap","sellPrice":6967.81},{"block":11280142,"timestamp":1632748393,"swapAmountBNB":20,"namebuy":"pancake","buyPrice":6980.19,"namesell":"biswap","sellPrice":6967.81},{"block":11280143,"timestamp":1632748396,"swapAmountBNB":20,"namebuy":"pancake","buyPrice":6980.19,"namesell":"biswap","sellPrice":6967.81},{"block":11280144,"timestamp":1632748399,"swapAmountBNB":20,"namebuy":"pancake","buyPrice":6980.25,"namesell":"biswap","sellPrice":6967.8},{"block":11280145,"timestamp":1632748402,"swapAmountBNB":20,"namebuy":"pancake","buyPrice":6980.12,"namesell":"biswap","sellPrice":6967.8},{"block":11280146,"timestamp":1632748405,"swapAmountBNB":20,"namebuy":"pancake","buyPrice":6980.11,"namesell":"biswap","sellPrice":6967.8},{"block":11280147,"timestamp":1632748408,"swapAmountBNB":20,"namebuy":"pancake","buyPrice":6980.1,"namesell":"biswap","sellPrice":6967.12},{"block":11280148,"timestamp":1632748411,"swapAmountBNB":20,"namebuy":"pancake","buyPrice":6980.09,"namesell":"biswap","sellPrice":6967.11},{"block":11280149,"timestamp":1632748414,"swapAmountBNB":20,"namebuy":"pancake","buyPrice":6980,"namesell":"biswap","sellPrice":6965.52},{"block":11280150,"timestamp":1632748417,"swapAmountBNB":20,"namebuy":"pancake","buyPrice":6980.06,"namesell":"biswap","sellPrice":6961.79},{"block":11280151,"timestamp":1632748420,"swapAmountBNB":20,"namebuy":"pancake","buyPrice":6980.23,"namesell":"biswap","sellPrice":6961.79},{"block":11280152,"timestamp":1632748423,"swapAmountBNB":20,"namebuy":"pancake","buyPrice":6980.21,"namesell":"biswap","sellPrice":6961.79},{"block":11280153,"timestamp":1632748426,"swapAmountBNB":20,"namebuy":"pancake","buyPrice":6980.17,"namesell":"biswap","sellPrice":6961.79},{"block":11280154,"timestamp":1632748429,"swapAmountBNB":20,"namebuy":"pancake","buyPrice":6980.24,"namesell":"biswap","sellPrice":6961.79},{"block":11280155,"timestamp":1632748432,"swapAmountBNB":20,"namebuy":"pancake","buyPrice":6980.32,"namesell":"biswap","sellPrice":6961.79},{"block":11280156,"timestamp":1632748435,"swapAmountBNB":20,"namebuy":"biswap","buyPrice":6978.66,"namesell":"biswap","sellPrice":6958.11},{"block":11280157,"timestamp":1632748438,"swapAmountBNB":20,"namebuy":"biswap","buyPrice":6978,"namesell":"biswap","sellPrice":6957.45},{"block":11280158,"timestamp":1632748441,"swapAmountBNB":20,"namebuy":"biswap","buyPrice":6978,"namesell":"biswap","sellPrice":6957.45},{"block":11280159,"timestamp":1632748444,"swapAmountBNB":20,"namebuy":"biswap","buyPrice":6977.51,"namesell":"biswap","sellPrice":6956.95},{"block":11280160,"timestamp":1632748447,"swapAmountBNB":20,"namebuy":"biswap","buyPrice":6977.51,"namesell":"biswap","sellPrice":6956.95},{"block":11280161,"timestamp":1632748450,"swapAmountBNB":20,"namebuy":"biswap","buyPrice":6977.51,"namesell":"biswap","sellPrice":6956.95},{"block":11280162,"timestamp":1632748453,"swapAmountBNB":20,"namebuy":"biswap","buyPrice":6977.51,"namesell":"biswap","sellPrice":6956.95},{"block":11280163,"timestamp":1632748456,"swapAmountBNB":20,"namebuy":"biswap","buyPrice":6977.31,"namesell":"biswap","sellPrice":6956.76},{"block":11280164,"timestamp":1632748459,"swapAmountBNB":20,"namebuy":"biswap","buyPrice":6977.31,"namesell":"biswap","sellPrice":6956.76},{"block":11280165,"timestamp":1632748462,"swapAmountBNB":20,"namebuy":"biswap","buyPrice":6977.26,"namesell":"biswap","sellPrice":6956.71},{"block":11280166,"timestamp":1632748465,"swapAmountBNB":20,"namebuy":"biswap","buyPrice":6977.27,"namesell":"biswap","sellPrice":6956.72},{"block":11280167,"timestamp":1632748468,"swapAmountBNB":20,"namebuy":"biswap","buyPrice":6976.42,"namesell":"biswap","sellPrice":6955.87},{"block":11280168,"timestamp":1632748471,"swapAmountBNB":20,"namebuy":"biswap","buyPrice":6976.42,"namesell":"biswap","sellPrice":6955.87},{"block":11280169,"timestamp":1632748474,"swapAmountBNB":20,"namebuy":"biswap","buyPrice":6976.23,"namesell":"biswap","sellPrice":6955.68},{"block":11280170,"timestamp":1632748477,"swapAmountBNB":20,"namebuy":"biswap","buyPrice":6976.83,"namesell":"biswap","sellPrice":6956.28},{"block":11280171,"timestamp":1632748480,"swapAmountBNB":20,"namebuy":"biswap","buyPrice":6976.68,"namesell":"biswap","sellPrice":6956.13},{"block":11280172,"timestamp":1632748483,"swapAmountBNB":20,"namebuy":"biswap","buyPrice":6977.14,"namesell":"biswap","sellPrice":6956.59},{"block":11280173,"timestamp":1632748486,"swapAmountBNB":20,"namebuy":"biswap","buyPrice":6977.14,"namesell":"biswap","sellPrice":6956.59},{"block":11280174,"timestamp":1632748489,"swapAmountBNB":20,"namebuy":"biswap","buyPrice":6977.04,"namesell":"biswap","sellPrice":6956.49},{"block":11280175,"timestamp":1632748492,"swapAmountBNB":20,"namebuy":"biswap","buyPrice":6977.05,"namesell":"biswap","sellPrice":6956.5},{"block":11280176,"timestamp":1632748495,"swapAmountBNB":20,"namebuy":"biswap","buyPrice":6977.02,"namesell":"biswap","sellPrice":6956.47},{"block":11280177,"timestamp":1632748498,"swapAmountBNB":20,"namebuy":"biswap","buyPrice":6977.13,"namesell":"biswap","sellPrice":6956.58},{"block":11280178,"timestamp":1632748501,"swapAmountBNB":20,"namebuy":"biswap","buyPrice":6977.13,"namesell":"biswap","sellPrice":6956.58},{"block":11280179,"timestamp":1632748504,"swapAmountBNB":20,"namebuy":"biswap","buyPrice":6977.13,"namesell":"biswap","sellPrice":6956.58},{"block":11280180,"timestamp":1632748507,"swapAmountBNB":20,"namebuy":"biswap","buyPrice":6973.28,"namesell":"biswap","sellPrice":6952.74},{"block":11280181,"timestamp":1632748510,"swapAmountBNB":20,"namebuy":"biswap","buyPrice":6973.14,"namesell":"biswap","sellPrice":6952.6},{"block":11280182,"timestamp":1632748513,"swapAmountBNB":20,"namebuy":"biswap","buyPrice":6973.14,"namesell":"biswap","sellPrice":6952.6},{"block":11280183,"timestamp":1632748516,"swapAmountBNB":20,"namebuy":"biswap","buyPrice":6973.14,"namesell":"biswap","sellPrice":6952.6},{"block":11280184,"timestamp":1632748519,"swapAmountBNB":20,"namebuy":"biswap","buyPrice":6973.14,"namesell":"biswap","sellPrice":6952.6},{"block":11280185,"timestamp":1632748522,"swapAmountBNB":20,"namebuy":"biswap","buyPrice":6973.14,"namesell":"biswap","sellPrice":6952.6},{"block":11280186,"timestamp":1632748525,"swapAmountBNB":20,"namebuy":"biswap","buyPrice":6972.94,"namesell":"biswap","sellPrice":6952.4},{"block":11280187,"timestamp":1632748528,"swapAmountBNB":20,"namebuy":"biswap","buyPrice":6972.77,"namesell":"biswap","sellPrice":6952.23},{"block":11280188,"timestamp":1632748531,"swapAmountBNB":20,"namebuy":"biswap","buyPrice":6971.2,"namesell":"biswap","sellPrice":6950.66},{"block":11280189,"timestamp":1632748534,"swapAmountBNB":20,"namebuy":"biswap","buyPrice":6972.53,"namesell":"biswap","sellPrice":6951.99},{"block":11280190,"timestamp":1632748537,"swapAmountBNB":20,"namebuy":"biswap","buyPrice":6973.04,"namesell":"biswap","sellPrice":6952.5},{"block":11280191,"timestamp":1632748540,"swapAmountBNB":20,"namebuy":"biswap","buyPrice":6976.69,"namesell":"biswap","sellPrice":6956.14},{"block":11280192,"timestamp":1632748543,"swapAmountBNB":20,"namebuy":"biswap","buyPrice":6976.56,"namesell":"biswap","sellPrice":6956.01},{"block":11280193,"timestamp":1632748546,"swapAmountBNB":20,"namebuy":"biswap","buyPrice":6976.75,"namesell":"biswap","sellPrice":6956.2},{"block":11280194,"timestamp":1632748549,"swapAmountBNB":20,"namebuy":"biswap","buyPrice":6976.75,"namesell":"biswap","sellPrice":6956.2},{"block":11280195,"timestamp":1632748552,"swapAmountBNB":20,"namebuy":"biswap","buyPrice":6973.43,"namesell":"biswap","sellPrice":6952.89},{"block":11280196,"timestamp":1632748555,"swapAmountBNB":20,"namebuy":"biswap","buyPrice":6973.72,"namesell":"biswap","sellPrice":6953.17},{"block":11280197,"timestamp":1632748558,"swapAmountBNB":20,"namebuy":"biswap","buyPrice":6973.72,"namesell":"biswap","sellPrice":6953.17},{"block":11280198,"timestamp":1632748561,"swapAmountBNB":20,"namebuy":"biswap","buyPrice":6973.85,"namesell":"biswap","sellPrice":6953.31},{"block":11280199,"timestamp":1632748564,"swapAmountBNB":20,"namebuy":"biswap","buyPrice":6973.14,"namesell":"biswap","sellPrice":6952.6},{"block":11280200,"timestamp":1632748567,"swapAmountBNB":20,"namebuy":"biswap","buyPrice":6973.14,"namesell":"biswap","sellPrice":6952.6},{"block":11280201,"timestamp":1632748570,"swapAmountBNB":20,"namebuy":"biswap","buyPrice":6973.14,"namesell":"biswap","sellPrice":6952.6},{"block":11280202,"timestamp":1632748573,"swapAmountBNB":20,"namebuy":"biswap","buyPrice":6973.14,"namesell":"biswap","sellPrice":6952.6},{"block":11280203,"timestamp":1632748576,"swapAmountBNB":20,"namebuy":"biswap","buyPrice":6977.26,"namesell":"biswap","sellPrice":6956.71},{"block":11280204,"timestamp":1632748579,"swapAmountBNB":20,"namebuy":"biswap","buyPrice":6978.21,"namesell":"biswap","sellPrice":6957.65},{"block":11280205,"timestamp":1632748582,"swapAmountBNB":20,"namebuy":"biswap","buyPrice":6979.19,"namesell":"biswap","sellPrice":6958.63},{"block":11280206,"timestamp":1632748585,"swapAmountBNB":20,"namebuy":"biswap","buyPrice":6979.19,"namesell":"biswap","sellPrice":6958.63},{"block":11280207,"timestamp":1632748588,"swapAmountBNB":20,"namebuy":"biswap","buyPrice":6979.19,"namesell":"biswap","sellPrice":6958.63},{"block":11280208,"timestamp":1632748591,"swapAmountBNB":20,"namebuy":"biswap","buyPrice":6979.19,"namesell":"biswap","sellPrice":6958.63},{"block":11280209,"timestamp":1632748594,"swapAmountBNB":20,"namebuy":"biswap","buyPrice":6979.19,"namesell":"biswap","sellPrice":6958.63},{"block":11280210,"timestamp":1632748597,"swapAmountBNB":20,"namebuy":"biswap","buyPrice":6979.12,"namesell":"biswap","sellPrice":6958.56},{"block":11280211,"timestamp":1632748600,"swapAmountBNB":20,"namebuy":"biswap","buyPrice":6979.12,"namesell":"biswap","sellPrice":6958.56},{"block":11280212,"timestamp":1632748603,"swapAmountBNB":20,"namebuy":"biswap","buyPrice":6979.12,"namesell":"biswap","sellPrice":6958.56},{"block":11280213,"timestamp":1632748606,"swapAmountBNB":20,"namebuy":"biswap","buyPrice":6979.12,"namesell":"biswap","sellPrice":6958.56},{"block":11280214,"timestamp":1632748609,"swapAmountBNB":20,"namebuy":"biswap","buyPrice":6979.12,"namesell":"biswap","sellPrice":6958.56},{"block":11280215,"timestamp":1632748612,"swapAmountBNB":20,"namebuy":"biswap","buyPrice":6979.12,"namesell":"biswap","sellPrice":6958.56},{"block":11280216,"timestamp":1632748615,"swapAmountBNB":20,"namebuy":"biswap","buyPrice":6979.12,"namesell":"biswap","sellPrice":6958.56},{"block":11280217,"timestamp":1632748618,"swapAmountBNB":20,"namebuy":"biswap","buyPrice":6979.12,"namesell":"biswap","sellPrice":6958.56},{"block":11280218,"timestamp":1632748621,"swapAmountBNB":20,"namebuy":"biswap","buyPrice":6979.12,"namesell":"biswap","sellPrice":6958.56},{"block":11280219,"timestamp":1632748624,"swapAmountBNB":20,"namebuy":"biswap","buyPrice":6979.12,"namesell":"biswap","sellPrice":6958.56},{"block":11280220,"timestamp":1632748627,"swapAmountBNB":20,"namebuy":"biswap","buyPrice":6979.01,"namesell":"biswap","sellPrice":6958.45},{"block":11280221,"timestamp":1632748630,"swapAmountBNB":20,"namebuy":"biswap","buyPrice":6979.73,"namesell":"biswap","sellPrice":6959.16},{"block":11280222,"timestamp":1632748633,"swapAmountBNB":20,"namebuy":"biswap","buyPrice":6979.73,"namesell":"biswap","sellPrice":6959.16},{"block":11280223,"timestamp":1632748636,"swapAmountBNB":20,"namebuy":"biswap","buyPrice":6979.73,"namesell":"biswap","sellPrice":6959.16},{"block":11280224,"timestamp":1632748639,"swapAmountBNB":20,"namebuy":"biswap","buyPrice":6979.73,"namesell":"biswap","sellPrice":6959.16},{"block":11280225,"timestamp":1632748642,"swapAmountBNB":20,"namebuy":"biswap","buyPrice":6979.73,"namesell":"biswap","sellPrice":6959.16},{"block":11280226,"timestamp":1632748645,"swapAmountBNB":20,"namebuy":"biswap","buyPrice":6979.73,"namesell":"biswap","sellPrice":6959.16},{"block":11280227,"timestamp":1632748648,"swapAmountBNB":20,"namebuy":"biswap","buyPrice":6979.73,"namesell":"biswap","sellPrice":6959.16},{"block":11280228,"timestamp":1632748651,"swapAmountBNB":20,"namebuy":"biswap","buyPrice":6979.73,"namesell":"biswap","sellPrice":6959.16},{"block":11280229,"timestamp":1632748654,"swapAmountBNB":20,"namebuy":"biswap","buyPrice":6979.73,"namesell":"biswap","sellPrice":6959.16},{"block":11280230,"timestamp":1632748657,"swapAmountBNB":20,"namebuy":"biswap","buyPrice":6979.97,"namesell":"biswap","sellPrice":6959.4},{"block":11280231,"timestamp":1632748660,"swapAmountBNB":20,"namebuy":"biswap","buyPrice":6972.63,"namesell":"biswap","sellPrice":6952.09},{"block":11280232,"timestamp":1632748663,"swapAmountBNB":20,"namebuy":"biswap","buyPrice":6972.54,"namesell":"biswap","sellPrice":6952},{"block":11280233,"timestamp":1632748666,"swapAmountBNB":20,"namebuy":"biswap","buyPrice":6972.56,"namesell":"biswap","sellPrice":6952.02},{"block":11280234,"timestamp":1632748669,"swapAmountBNB":20,"namebuy":"biswap","buyPrice":6972.56,"namesell":"biswap","sellPrice":6952.02},{"block":11280235,"timestamp":1632748672,"swapAmountBNB":20,"namebuy":"biswap","buyPrice":6971.2,"namesell":"biswap","sellPrice":6950.66}]}