{"table":[{"block":11422367,"timestamp":1633179596,"swapAmountBNB":20,"namebuy":"biswap","buyPrice":8488.54,"namesell":"biswap","sellPrice":8458.88},{"block":11422368,"timestamp":1633179599,"swapAmountBNB":20,"namebuy":"biswap","buyPrice":8488.54,"namesell":"biswap","sellPrice":8458.88},{"block":11422368,"timestamp":1633179600,"swapAmountBNB":20,"namebuy":"biswap","buyPrice":8488.54,"namesell":"biswap","sellPrice":8458.88},{"block":11422369,"timestamp":1633179602,"swapAmountBNB":20,"namebuy":"biswap","buyPrice":8488.44,"namesell":"biswap","sellPrice":8458.78},{"block":11422370,"timestamp":1633179605,"swapAmountBNB":20,"namebuy":"biswap","buyPrice":8487.49,"namesell":"biswap","sellPrice":8457.83},{"block":11422371,"timestamp":1633179608,"swapAmountBNB":20,"namebuy":"biswap","buyPrice":8487.49,"namesell":"biswap","sellPrice":8457.83},{"block":11422372,"timestamp":1633179611,"swapAmountBNB":20,"namebuy":"biswap","buyPrice":8487.49,"namesell":"biswap","sellPrice":8457.83},{"block":11422373,"timestamp":1633179614,"swapAmountBNB":20,"namebuy":"biswap","buyPrice":8487.49,"namesell":"biswap","sellPrice":8457.83},{"block":11422374,"timestamp":1633179617,"swapAmountBNB":20,"namebuy":"biswap","buyPrice":8487.49,"namesell":"biswap","sellPrice":8457.83},{"block":11422375,"timestamp":1633179620,"swapAmountBNB":20,"namebuy":"biswap","buyPrice":8487.49,"namesell":"biswap","sellPrice":8457.83},{"block":11422376,"timestamp":1633179623,"swapAmountBNB":20,"namebuy":"biswap","buyPrice":8494.5,"namesell":"biswap","sellPrice":8464.82},{"block":11422377,"timestamp":1633179626,"swapAmountBNB":20,"namebuy":"biswap","buyPrice":8494.5,"namesell":"biswap","sellPrice":8464.82},{"block":11422378,"timestamp":1633179629,"swapAmountBNB":20,"namebuy":"biswap","buyPrice":8494.5,"namesell":"biswap","sellPrice":8464.82},{"block":11422379,"timestamp":1633179632,"swapAmountBNB":20,"namebuy":"biswap","buyPrice":8494.5,"namesell":"biswap","sellPrice":8464.82},{"block":11422380,"timestamp":1633179635,"swapAmountBNB":20,"namebuy":"biswap","buyPrice":8494.54,"namesell":"biswap","sellPrice":8464.85},{"block":11422381,"timestamp":1633179638,"swapAmountBNB":20,"namebuy":"biswap","buyPrice":8490.08,"namesell":"biswap","sellPrice":8460.41},{"block":11422382,"timestamp":1633179641,"swapAmountBNB":20,"namebuy":"biswap","buyPrice":8490.23,"namesell":"biswap","sellPrice":8460.56},{"block":11422383,"timestamp":1633179644,"swapAmountBNB":20,"namebuy":"pancake","buyPrice":8496.1,"namesell":"biswap","sellPrice":8467.55},{"block":11422384,"timestamp":1633179647,"swapAmountBNB":20,"namebuy":"pancake","buyPrice":8496.09,"namesell":"biswap","sellPrice":8467.55},{"block":11422385,"timestamp":1633179650,"swapAmountBNB":20,"namebuy":"pancake","buyPrice":8496.03,"namesell":"biswap","sellPrice":8467.55},{"block":11422386,"timestamp":1633179653,"swapAmountBNB":20,"namebuy":"pancake","buyPrice":8496.02,"namesell":"biswap","sellPrice":8467.55},{"block":11422387,"timestamp":1633179656,"swapAmountBNB":20,"namebuy":"pancake","buyPrice":8496.02,"namesell":"biswap","sellPrice":8467.55},{"block":11422388,"timestamp":1633179659,"swapAmountBNB":20,"namebuy":"pancake","buyPrice":8496.02,"namesell":"biswap","sellPrice":8467.55},{"block":11422389,"timestamp":1633179662,"swapAmountBNB":20,"namebuy":"apeswap","buyPrice":8494.7,"namesell":"biswap","sellPrice":8467.55},{"block":11422390,"timestamp":1633179665,"swapAmountBNB":20,"namebuy":"apeswap","buyPrice":8494.7,"namesell":"biswap","sellPrice":8467.34},{"block":11422391,"timestamp":1633179668,"swapAmountBNB":20,"namebuy":"apeswap","buyPrice":8494.7,"namesell":"biswap","sellPrice":8467.34},{"block":11422392,"timestamp":1633179671,"swapAmountBNB":20,"namebuy":"apeswap","buyPrice":8494.1,"namesell":"biswap","sellPrice":8466.7},{"block":11422393,"timestamp":1633179674,"swapAmountBNB":20,"namebuy":"apeswap","buyPrice":8494.1,"namesell":"biswap","sellPrice":8466.7},{"block":11422394,"timestamp":1633179677,"swapAmountBNB":20,"namebuy":"apeswap","buyPrice":8494.1,"namesell":"biswap","sellPrice":8465.96},{"block":11422395,"timestamp":1633179680,"swapAmountBNB":20,"namebuy":"biswap","buyPrice":8494.03,"namesell":"biswap","sellPrice":8465.96},{"block":11422396,"timestamp":1633179683,"swapAmountBNB":20,"namebuy":"pancake","buyPrice":8495.64,"namesell":"biswap","sellPrice":8466.19},{"block":11422397,"timestamp":1633179686,"swapAmountBNB":20,"namebuy":"pancake","buyPrice":8495.64,"namesell":"biswap","sellPrice":8466.19},{"block":11422398,"timestamp":1633179689,"swapAmountBNB":20,"namebuy":"pancake","buyPrice":8495.64,"namesell":"biswap","sellPrice":8472.67},{"block":11422399,"timestamp":1633179692,"swapAmountBNB":20,"namebuy":"pancake","buyPrice":8495.64,"namesell":"biswap","sellPrice":8472.67},{"block":11422400,"timestamp":1633179695,"swapAmountBNB":20,"namebuy":"pancake","buyPrice":8495.75,"namesell":"biswap","sellPrice":8472.67},{"block":11422401,"timestamp":1633179698,"swapAmountBNB":20,"namebuy":"pancake","buyPrice":8495.76,"namesell":"biswap","sellPrice":8472.67},{"block":11422402,"timestamp":1633179701,"swapAmountBNB":20,"namebuy":"biswap","buyPrice":8495.38,"namesell":"biswap","sellPrice":8465.69},{"block":11422403,"timestamp":1633179704,"swapAmountBNB":20,"namebuy":"pancake","buyPrice":8495.52,"namesell":"biswap","sellPrice":8468.64},{"block":11422404,"timestamp":1633179707,"swapAmountBNB":20,"namebuy":"pancake","buyPrice":8495.41,"namesell":"biswap","sellPrice":8468.64},{"block":11422405,"timestamp":1633179710,"swapAmountBNB":20,"namebuy":"pancake","buyPrice":8495.43,"namesell":"biswap","sellPrice":8468.64},{"block":11422406,"timestamp":1633179713,"swapAmountBNB":20,"namebuy":"pancake","buyPrice":8495.41,"namesell":"biswap","sellPrice":8468.64},{"block":11422407,"timestamp":1633179716,"swapAmountBNB":20,"namebuy":"pancake","buyPrice":8495.36,"namesell":"biswap","sellPrice":8466.1},{"block":11422408,"timestamp":1633179719,"swapAmountBNB":20,"namebuy":"pancake","buyPrice":8495.41,"namesell":"biswap","sellPrice":8466.1},{"block":11422409,"timestamp":1633179722,"swapAmountBNB":20,"namebuy":"pancake","buyPrice":8495.52,"namesell":"biswap","sellPrice":8466.1},{"block":11422410,"timestamp":1633179725,"swapAmountBNB":20,"namebuy":"pancake","buyPrice":8495.57,"namesell":"biswap","sellPrice":8466.1},{"block":11422411,"timestamp":1633179728,"swapAmountBNB":20,"namebuy":"pancake","buyPrice":8495.57,"namesell":"biswap","sellPrice":8466.1},{"block":11422412,"timestamp":1633179731,"swapAmountBNB":20,"namebuy":"biswap","buyPrice":8494.85,"namesell":"biswap","sellPrice":8465.17},{"block":11422413,"timestamp":1633179734,"swapAmountBNB":20,"namebuy":"biswap","buyPrice":8494.85,"namesell":"biswap","sellPrice":8465.17},{"block":11422414,"timestamp":1633179737,"swapAmountBNB":20,"namebuy":"biswap","buyPrice":8494.85,"namesell":"biswap","sellPrice":8465.17},{"block":11422415,"timestamp":1633179740,"swapAmountBNB":20,"namebuy":"biswap","buyPrice":8494.53,"namesell":"biswap","sellPrice":8464.84},{"block":11422416,"timestamp":1633179743,"swapAmountBNB":20,"namebuy":"pancake","buyPrice":8496.18,"namesell":"biswap","sellPrice":8466.76},{"block":11422417,"timestamp":1633179746,"swapAmountBNB":20,"namebuy":"biswap","buyPrice":8489.41,"namesell":"apeswap","sellPrice":8460.95},{"block":11422418,"timestamp":1633179749,"swapAmountBNB":20,"namebuy":"biswap","buyPrice":8489.41,"namesell":"apeswap","sellPrice":8460.95},{"block":11422419,"timestamp":1633179752,"swapAmountBNB":20,"namebuy":"biswap","buyPrice":8489.41,"namesell":"apeswap","sellPrice":8460.23},{"block":11422420,"timestamp":1633179755,"swapAmountBNB":20,"namebuy":"biswap","buyPrice":8487.91,"namesell":"apeswap","sellPrice":8460.23},{"block":11422421,"timestamp":1633179758,"swapAmountBNB":20,"namebuy":"biswap","buyPrice":8487.91,"namesell":"apeswap","sellPrice":8460.01},{"block":11422422,"timestamp":1633179761,"swapAmountBNB":20,"namebuy":"biswap","buyPrice":8487.26,"namesell":"apeswap","sellPrice":8460.01},{"block":11422423,"timestamp":1633179764,"swapAmountBNB":20,"namebuy":"biswap","buyPrice":8489.81,"namesell":"biswap","sellPrice":8460.14},{"block":11422424,"timestamp":1633179767,"swapAmountBNB":20,"namebuy":"pancake","buyPrice":8496.33,"namesell":"biswap","sellPrice":8467.32},{"block":11422425,"timestamp":1633179770,"swapAmountBNB":20,"namebuy":"pancake","buyPrice":8497.24,"namesell":"biswap","sellPrice":8467.89},{"block":11422426,"timestamp":1633179773,"swapAmountBNB":20,"namebuy":"pancake","buyPrice":8497.24,"namesell":"biswap","sellPrice":8467.89},{"block":11422427,"timestamp":1633179776,"swapAmountBNB":20,"namebuy":"pancake","buyPrice":8497.23,"namesell":"biswap","sellPrice":8467.89},{"block":11422428,"timestamp":1633179779,"swapAmountBNB":20,"namebuy":"pancake","buyPrice":8497.24,"namesell":"biswap","sellPrice":8467.89},{"block":11422429,"timestamp":1633179782,"swapAmountBNB":20,"namebuy":"pancake","buyPrice":8497.19,"namesell":"biswap","sellPrice":8471.26},{"block":11422430,"timestamp":1633179785,"swapAmountBNB":20,"namebuy":"pancake","buyPrice":8497.36,"namesell":"biswap","sellPrice":8469.01},{"block":11422431,"timestamp":1633179788,"swapAmountBNB":20,"namebuy":"pancake","buyPrice":8497.17,"namesell":"biswap","sellPrice":8469.01},{"block":11422432,"timestamp":1633179791,"swapAmountBNB":20,"namebuy":"pancake","buyPrice":8497.37,"namesell":"biswap","sellPrice":8468.92},{"block":11422433,"timestamp":1633179794,"swapAmountBNB":20,"namebuy":"pancake","buyPrice":8497.33,"namesell":"biswap","sellPrice":8468.92},{"block":11422434,"timestamp":1633179797,"swapAmountBNB":20,"namebuy":"pancake","buyPrice":8497.33,"namesell":"biswap","sellPrice":8468.92},{"block":11422435,"timestamp":1633179800,"swapAmountBNB":20,"namebuy":"pancake","buyPrice":8497.33,"namesell":"biswap","sellPrice":8468.92},{"block":11422436,"timestamp":1633179803,"swapAmountBNB":20,"namebuy":"pancake","buyPrice":8497.39,"namesell":"biswap","sellPrice":8468.99},{"block":11422437,"timestamp":1633179806,"swapAmountBNB":20,"namebuy":"pancake","buyPrice":8497.39,"namesell":"biswap","sellPrice":8468.99},{"block":11422438,"timestamp":1633179809,"swapAmountBNB":20,"namebuy":"biswap","buyPrice":8492.64,"namesell":"apeswap","sellPrice":8468.94},{"block":11422439,"timestamp":1633179812,"swapAmountBNB":20,"namebuy":"biswap","buyPrice":8494.14,"namesell":"apeswap","sellPrice":8468.94},{"block":11422440,"timestamp":1633179815,"swapAmountBNB":20,"namebuy":"biswap","buyPrice":8494.14,"namesell":"apeswap","sellPrice":8468.94},{"block":11422441,"timestamp":1633179818,"swapAmountBNB":20,"namebuy":"biswap","buyPrice":8495.45,"namesell":"apeswap","sellPrice":8468.94},{"block":11422442,"timestamp":1633179821,"swapAmountBNB":20,"namebuy":"biswap","buyPrice":8495.45,"namesell":"apeswap","sellPrice":8468.94},{"block":11422443,"timestamp":1633179824,"swapAmountBNB":20,"namebuy":"biswap","buyPrice":8495.46,"namesell":"apeswap","sellPrice":8468.94},{"block":11422444,"timestamp":1633179827,"swapAmountBNB":20,"namebuy":"biswap","buyPrice":8495.46,"namesell":"apeswap","sellPrice":8468.94},{"block":11422445,"timestamp":1633179830,"swapAmountBNB":20,"namebuy":"biswap","buyPrice":8495.46,"namesell":"apeswap","sellPrice":8468.94},{"block":11422446,"timestamp":1633179833,"swapAmountBNB":20,"namebuy":"pancake","buyPrice":8497.46,"namesell":"biswap","sellPrice":8472.77},{"block":11422447,"timestamp":1633179836,"swapAmountBNB":20,"namebuy":"pancake","buyPrice":8497.51,"namesell":"biswap","sellPrice":8472.81},{"block":11422448,"timestamp":1633179839,"swapAmountBNB":20,"namebuy":"pancake","buyPrice":8497.34,"namesell":"biswap","sellPrice":8472.81},{"block":11422449,"timestamp":1633179842,"swapAmountBNB":20,"namebuy":"pancake","buyPrice":8497.26,"namesell":"biswap","sellPrice":8472.81},{"block":11422450,"timestamp":1633179845,"swapAmountBNB":20,"namebuy":"pancake","buyPrice":8497.26,"namesell":"biswap","sellPrice":8472.81},{"block":11422451,"timestamp":1633179848,"swapAmountBNB":20,"namebuy":"pancake","buyPrice":8497.37,"namesell":"biswap","sellPrice":8472.83},{"block":11422452,"timestamp":1633179851,"swapAmountBNB":20,"namebuy":"pancake","buyPrice":8497.73,"namesell":"biswap","sellPrice":8472.97},{"block":11422453,"timestamp":1633179854,"swapAmountBNB":20,"namebuy":"pancake","buyPrice":8497.74,"namesell":"biswap","sellPrice":8472.97},{"block":11422454,"timestamp":1633179857,"swapAmountBNB":20,"namebuy":"pancake","buyPrice":8497.72,"namesell":"biswap","sellPrice":8472.97},{"block":11422455,"timestamp":1633179860,"swapAmountBNB":20,"namebuy":"biswap","buyPrice":8500.14,"namesell":"biswap","sellPrice":8470.43},{"block":11422456,"timestamp":1633179863,"swapAmountBNB":20,"namebuy":"biswap","buyPrice":8500.14,"namesell":"biswap","sellPrice":8470.43},{"block":11422457,"timestamp":1633179866,"swapAmountBNB":20,"namebuy":"biswap","buyPrice":8500.14,"namesell":"biswap","sellPrice":8470.43},{"block":11422458,"timestamp":1633179869,"swapAmountBNB":20,"namebuy":"biswap","buyPrice":8500.14,"namesell":"biswap","sellPrice":8470.43},{"block":11422459,"timestamp":1633179872,"swapAmountBNB":20,"namebuy":"biswap","buyPrice":8500.14,"namesell":"biswap","sellPrice":8470.43},{"block":11422460,"timestamp":1633179875,"swapAmountBNB":20,"namebuy":"pancake","buyPrice":8500.7,"namesell":"biswap","sellPrice":8472.06},{"block":11422461,"timestamp":1633179878,"swapAmountBNB":20,"namebuy":"pancake","buyPrice":8500.82,"namesell":"biswap","sellPrice":8472.06},{"block":11422462,"timestamp":1633179881,"swapAmountBNB":20,"namebuy":"pancake","buyPrice":8500.83,"namesell":"biswap","sellPrice":8472.06},{"block":11422463,"timestamp":1633179884,"swapAmountBNB":20,"namebuy":"pancake","buyPrice":8500.78,"namesell":"biswap","sellPrice":8478.21},{"block":11422464,"timestamp":1633179887,"swapAmountBNB":20,"namebuy":"pancake","buyPrice":8495.67,"namesell":"biswap","sellPrice":8480.87},{"block":11422465,"timestamp":1633179890,"swapAmountBNB":20,"namebuy":"pancake","buyPrice":8495.74,"namesell":"biswap","sellPrice":8480.87},{"block":11422466,"timestamp":1633179893,"swapAmountBNB":20,"namebuy":"pancake","buyPrice":8495.74,"namesell":"biswap","sellPrice":8480.87},{"block":11422467,"timestamp":1633179896,"swapAmountBNB":20,"namebuy":"pancake","buyPrice":8495.75,"namesell":"biswap","sellPrice":8480.87},{"block":11422468,"timestamp":1633179899,"swapAmountBNB":20,"namebuy":"pancake","buyPrice":8495.96,"namesell":"biswap","sellPrice":8480.87},{"block":11422469,"timestamp":1633179902,"swapAmountBNB":20,"namebuy":"pancake","buyPrice":8496.7,"namesell":"biswap","sellPrice":8479.37},{"block":11422470,"timestamp":1633179905,"swapAmountBNB":20,"namebuy":"pancake","buyPrice":8496.9,"namesell":"biswap","sellPrice":8479.37},{"block":11422471,"timestamp":1633179908,"swapAmountBNB":20,"namebuy":"pancake","buyPrice":8497.26,"namesell":"biswap","sellPrice":8475.71},{"block":11422472,"timestamp":1633179911,"swapAmountBNB":20,"namebuy":"pancake","buyPrice":8497.3,"namesell":"biswap","sellPrice":8475.71},{"block":11422473,"timestamp":1633179914,"swapAmountBNB":20,"namebuy":"pancake","buyPrice":8499.97,"namesell":"biswap","sellPrice":8471.58},{"block":11422474,"timestamp":1633179917,"swapAmountBNB":20,"namebuy":"pancake","buyPrice":8499.97,"namesell":"biswap","sellPrice":8471.58},{"block":11422475,"timestamp":1633179920,"swapAmountBNB":20,"namebuy":"pancake","buyPrice":8500.93,"namesell":"biswap","sellPrice":8477.18},{"block":11422476,"timestamp":1633179923,"swapAmountBNB":20,"namebuy":"pancake","buyPrice":8500.86,"namesell":"biswap","sellPrice":8477.18},{"block":11422477,"timestamp":1633179926,"swapAmountBNB":20,"namebuy":"pancake","buyPrice":8500.89,"namesell":"biswap","sellPrice":8477.18},{"block":11422478,"timestamp":1633179929,"swapAmountBNB":20,"namebuy":"pancake","buyPrice":8500.89,"namesell":"biswap","sellPrice":8479.73},{"block":11422479,"timestamp":1633179932,"swapAmountBNB":20,"namebuy":"pancake","buyPrice":8502.6,"namesell":"biswap","sellPrice":8479.13},{"block":11422480,"timestamp":1633179935,"swapAmountBNB":20,"namebuy":"pancake","buyPrice":8502.54,"namesell":"biswap","sellPrice":8481.66},{"block":11422481,"timestamp":1633179938,"swapAmountBNB":20,"namebuy":"pancake","buyPrice":8502.66,"namesell":"biswap","sellPrice":8481.64},{"block":11422482,"timestamp":1633179941,"swapAmountBNB":20,"namebuy":"pancake","buyPrice":8502.71,"namesell":"biswap","sellPrice":8481.64},{"block":11422483,"timestamp":1633179944,"swapAmountBNB":20,"namebuy":"pancake","buyPrice":8502.84,"namesell":"biswap","sellPrice":8480.14},{"block":11422484,"timestamp":1633179947,"swapAmountBNB":20,"namebuy":"pancake","buyPrice":8502.81,"namesell":"biswap","sellPrice":8480.14},{"block":11422485,"timestamp":1633179950,"swapAmountBNB":20,"namebuy":"pancake","buyPrice":8502.66,"namesell":"biswap","sellPrice":8480.14},{"block":11422486,"timestamp":1633179953,"swapAmountBNB":20,"namebuy":"pancake","buyPrice":8502.69,"namesell":"biswap","sellPrice":8478.55},{"block":11422487,"timestamp":1633179956,"swapAmountBNB":20,"namebuy":"pancake","buyPrice":8502.69,"namesell":"biswap","sellPrice":8478.44},{"block":11422488,"timestamp":1633179959,"swapAmountBNB":20,"namebuy":"biswap","buyPrice":8495.44,"namesell":"biswap","sellPrice":8465.75},{"block":11422489,"timestamp":1633179962,"swapAmountBNB":20,"namebuy":"biswap","buyPrice":8495.44,"namesell":"biswap","sellPrice":8465.75},{"block":11422490,"timestamp":1633179965,"swapAmountBNB":20,"namebuy":"biswap","buyPrice":8500.56,"namesell":"biswap","sellPrice":8470.85},{"block":11422491,"timestamp":1633179968,"swapAmountBNB":20,"namebuy":"biswap","buyPrice":8500.56,"namesell":"biswap","sellPrice":8470.85},{"block":11422492,"timestamp":1633179971,"swapAmountBNB":20,"namebuy":"pancake","buyPrice":8504.01,"namesell":"biswap","sellPrice":8477.21},{"block":11422493,"timestamp":1633179974,"swapAmountBNB":20,"namebuy":"pancake","buyPrice":8503.83,"namesell":"biswap","sellPrice":8477.21},{"block":11422494,"timestamp":1633179977,"swapAmountBNB":20,"namebuy":"pancake","buyPrice":8503.55,"namesell":"biswap","sellPrice":8477.21},{"block":11422495,"timestamp":1633179980,"swapAmountBNB":20,"namebuy":"pancake","buyPrice":8503.57,"namesell":"biswap","sellPrice":8477.21},{"block":11422496,"timestamp":1633179983,"swapAmountBNB":20,"namebuy":"pancake","buyPrice":8503.49,"namesell":"biswap","sellPrice":8477.21},{"block":11422497,"timestamp":1633179986,"swapAmountBNB":20,"namebuy":"pancake","buyPrice":8503.48,"namesell":"biswap","sellPrice":8477.25},{"block":11422498,"timestamp":1633179989,"swapAmountBNB":20,"namebuy":"pancake","buyPrice":8502.95,"namesell":"biswap","sellPrice":8477.25},{"block":11422454,"timestamp":1633179857,"swapAmountBNB":20,"namebuy":"pancake","buyPrice":8497.72,"namesell":"biswap","sellPrice":8472.97},{"block":11422455,"timestamp":1633179860,"swapAmountBNB":20,"namebuy":"pancake","buyPrice":8500.65,"namesell":"biswap","sellPrice":8472.97},{"block":11422456,"timestamp":1633179863,"swapAmountBNB":20,"namebuy":"biswap","buyPrice":8500.14,"namesell":"biswap","sellPrice":8470.43},{"block":11422457,"timestamp":1633179866,"swapAmountBNB":20,"namebuy":"biswap","buyPrice":8500.14,"namesell":"biswap","sellPrice":8470.43},{"block":11422458,"timestamp":1633179869,"swapAmountBNB":20,"namebuy":"biswap","buyPrice":8500.14,"namesell":"biswap","sellPrice":8470.43},{"block":11422459,"timestamp":1633179872,"swapAmountBNB":20,"namebuy":"biswap","buyPrice":8500.14,"namesell":"biswap","sellPrice":8470.43},{"block":11422460,"timestamp":1633179875,"swapAmountBNB":20,"namebuy":"pancake","buyPrice":8500.7,"namesell":"biswap","sellPrice":8472.06},{"block":11422461,"timestamp":1633179878,"swapAmountBNB":20,"namebuy":"pancake","buyPrice":8500.82,"namesell":"biswap","sellPrice":8472.06},{"block":11422462,"timestamp":1633179881,"swapAmountBNB":20,"namebuy":"pancake","buyPrice":8500.83,"namesell":"biswap","sellPrice":8472.06},{"block":11422463,"timestamp":1633179884,"swapAmountBNB":20,"namebuy":"pancake","buyPrice":8500.78,"namesell":"biswap","sellPrice":8472.06},{"block":11422464,"timestamp":1633179887,"swapAmountBNB":20,"namebuy":"pancake","buyPrice":8500.67,"namesell":"biswap","sellPrice":8478.21},{"block":11422465,"timestamp":1633179890,"swapAmountBNB":20,"namebuy":"pancake","buyPrice":8495.67,"namesell":"biswap","sellPrice":8480.87},{"block":11422466,"timestamp":1633179893,"swapAmountBNB":20,"namebuy":"pancake","buyPrice":8495.74,"namesell":"biswap","sellPrice":8480.87},{"block":11422467,"timestamp":1633179896,"swapAmountBNB":20,"namebuy":"pancake","buyPrice":8495.75,"namesell":"biswap","sellPrice":8480.87},{"block":11422468,"timestamp":1633179899,"swapAmountBNB":20,"namebuy":"pancake","buyPrice":8495.96,"namesell":"biswap","sellPrice":8480.87},{"block":11422469,"timestamp":1633179902,"swapAmountBNB":20,"namebuy":"pancake","buyPrice":8496.7,"namesell":"biswap","sellPrice":8479.37},{"block":11422470,"timestamp":1633179905,"swapAmountBNB":20,"namebuy":"pancake","buyPrice":8496.9,"namesell":"biswap","sellPrice":8479.37},{"block":11422471,"timestamp":1633179908,"swapAmountBNB":20,"namebuy":"pancake","buyPrice":8497.26,"namesell":"biswap","sellPrice":8475.71},{"block":11422472,"timestamp":1633179911,"swapAmountBNB":20,"namebuy":"pancake","buyPrice":8497.3,"namesell":"biswap","sellPrice":8475.71},{"block":11422473,"timestamp":1633179914,"swapAmountBNB":20,"namebuy":"pancake","buyPrice":8499.97,"namesell":"biswap","sellPrice":8471.58},{"block":11422474,"timestamp":1633179917,"swapAmountBNB":20,"namebuy":"pancake","buyPrice":8499.97,"namesell":"biswap","sellPrice":8471.58},{"block":11422475,"timestamp":1633179920,"swapAmountBNB":20,"namebuy":"pancake","buyPrice":8500.93,"namesell":"biswap","sellPrice":8477.18},{"block":11422476,"timestamp":1633179923,"swapAmountBNB":20,"namebuy":"pancake","buyPrice":8500.86,"namesell":"biswap","sellPrice":8477.18},{"block":11422477,"timestamp":1633179926,"swapAmountBNB":20,"namebuy":"pancake","buyPrice":8500.89,"namesell":"biswap","sellPrice":8477.18},{"block":11422478,"timestamp":1633179929,"swapAmountBNB":20,"namebuy":"pancake","buyPrice":8500.89,"namesell":"biswap","sellPrice":8479.73},{"block":11422479,"timestamp":1633179932,"swapAmountBNB":20,"namebuy":"pancake","buyPrice":8502.6,"namesell":"biswap","sellPrice":8479.13},{"block":11422480,"timestamp":1633179935,"swapAmountBNB":20,"namebuy":"pancake","buyPrice":8502.54,"namesell":"biswap","sellPrice":8481.66},{"block":11422481,"timestamp":1633179938,"swapAmountBNB":20,"namebuy":"pancake","buyPrice":8502.66,"namesell":"biswap","sellPrice":8481.64},{"block":11422482,"timestamp":1633179941,"swapAmountBNB":20,"namebuy":"pancake","buyPrice":8502.71,"namesell":"biswap","sellPrice":8481.64},{"block":11422483,"timestamp":1633179944,"swapAmountBNB":20,"namebuy":"pancake","buyPrice":8502.84,"namesell":"biswap","sellPrice":8480.14},{"block":11422484,"timestamp":1633179947,"swapAmountBNB":20,"namebuy":"pancake","buyPrice":8502.81,"namesell":"biswap","sellPrice":8480.14},{"block":11422485,"timestamp":1633179950,"swapAmountBNB":20,"namebuy":"pancake","buyPrice":8502.66,"namesell":"biswap","sellPrice":8480.14},{"block":11422486,"timestamp":1633179953,"swapAmountBNB":20,"namebuy":"pancake","buyPrice":8502.69,"namesell":"biswap","sellPrice":8478.55},{"block":11422487,"timestamp":1633179956,"swapAmountBNB":20,"namebuy":"pancake","buyPrice":8502.69,"namesell":"biswap","sellPrice":8478.44},{"block":11422488,"timestamp":1633179959,"swapAmountBNB":20,"namebuy":"biswap","buyPrice":8495.44,"namesell":"biswap","sellPrice":8465.75},{"block":11422489,"timestamp":1633179962,"swapAmountBNB":20,"namebuy":"biswap","buyPrice":8495.44,"namesell":"biswap","sellPrice":8465.75},{"block":11422490,"timestamp":1633179965,"swapAmountBNB":20,"namebuy":"biswap","buyPrice":8500.56,"namesell":"biswap","sellPrice":8470.85},{"block":11422491,"timestamp":1633179968,"swapAmountBNB":20,"namebuy":"biswap","buyPrice":8500.56,"namesell":"biswap","sellPrice":8470.85},{"block":11422492,"timestamp":1633179971,"swapAmountBNB":20,"namebuy":"pancake","buyPrice":8504.01,"namesell":"biswap","sellPrice":8477.21},{"block":11422493,"timestamp":1633179974,"swapAmountBNB":20,"namebuy":"pancake","buyPrice":8503.83,"namesell":"biswap","sellPrice":8477.21},{"block":11422494,"timestamp":1633179977,"swapAmountBNB":20,"namebuy":"pancake","buyPrice":8503.55,"namesell":"biswap","sellPrice":8477.21},{"block":11422495,"timestamp":1633179980,"swapAmountBNB":20,"namebuy":"pancake","buyPrice":8503.57,"namesell":"biswap","sellPrice":8477.21},{"block":11422496,"timestamp":1633179983,"swapAmountBNB":20,"namebuy":"pancake","buyPrice":8503.49,"namesell":"biswap","sellPrice":8477.21},{"block":11422497,"timestamp":1633179986,"swapAmountBNB":20,"namebuy":"pancake","buyPrice":8503.48,"namesell":"biswap","sellPrice":8477.25},{"block":11422498,"timestamp":1633179989,"swapAmountBNB":20,"namebuy":"pancake","buyPrice":8502.95,"namesell":"biswap","sellPrice":8477.25},{"block":11422499,"timestamp":1633179992,"swapAmountBNB":20,"namebuy":"pancake","buyPrice":8503.11,"namesell":"biswap","sellPrice":8475.75},{"block":11422500,"timestamp":1633179995,"swapAmountBNB":20,"namebuy":"pancake","buyPrice":8502.95,"namesell":"biswap","sellPrice":8475.75},{"block":11422501,"timestamp":1633179998,"swapAmountBNB":20,"namebuy":"pancake","buyPrice":8501.28,"namesell":"biswap","sellPrice":8475.75},{"block":11422502,"timestamp":1633180001,"swapAmountBNB":20,"namebuy":"pancake","buyPrice":8501.22,"namesell":"biswap","sellPrice":8475.75},{"block":11422503,"timestamp":1633180004,"swapAmountBNB":20,"namebuy":"pancake","buyPrice":8501.19,"namesell":"biswap","sellPrice":8475.86},{"block":11422504,"timestamp":1633180007,"swapAmountBNB":20,"namebuy":"pancake","buyPrice":8501.16,"namesell":"biswap","sellPrice":8474.33},{"block":11422505,"timestamp":1633180010,"swapAmountBNB":20,"namebuy":"pancake","buyPrice":8501.16,"namesell":"biswap","sellPrice":8474.33},{"block":11422506,"timestamp":1633180013,"swapAmountBNB":20,"namebuy":"pancake","buyPrice":8501.16,"namesell":"biswap","sellPrice":8481.33},{"block":11422507,"timestamp":1633180016,"swapAmountBNB":20,"namebuy":"pancake","buyPrice":8501.2,"namesell":"biswap","sellPrice":8481.33},{"block":11422508,"timestamp":1633180019,"swapAmountBNB":20,"namebuy":"pancake","buyPrice":8501.16,"namesell":"biswap","sellPrice":8481.14},{"block":11422509,"timestamp":1633180022,"swapAmountBNB":20,"namebuy":"pancake","buyPrice":8500.77,"namesell":"biswap","sellPrice":8481.29}]}