{"table":[{"block":11023579,"timestamp":1631973594,"swapAmountBNB":20,"namebuy":"pancake","buyPrice":8344.14,"namesell":"biswap","sellPrice":8323.75},{"block":11023580,"timestamp":1631973597,"swapAmountBNB":20,"namebuy":"pancake","buyPrice":8344.21,"namesell":"biswap","sellPrice":8323.75},{"block":11023581,"timestamp":1631973600,"swapAmountBNB":20,"namebuy":"pancake","buyPrice":8344.09,"namesell":"biswap","sellPrice":8323.75},{"block":11023582,"timestamp":1631973603,"swapAmountBNB":20,"namebuy":"pancake","buyPrice":8344.06,"namesell":"biswap","sellPrice":8323.75},{"block":11023583,"timestamp":1631973606,"swapAmountBNB":20,"namebuy":"pancake","buyPrice":8344.17,"namesell":"biswap","sellPrice":8323.53},{"block":11023584,"timestamp":1631973609,"swapAmountBNB":20,"namebuy":"pancake","buyPrice":8344.29,"namesell":"biswap","sellPrice":8323.53},{"block":11023585,"timestamp":1631973612,"swapAmountBNB":20,"namebuy":"pancake","buyPrice":8344.15,"namesell":"biswap","sellPrice":8323.53},{"block":11023586,"timestamp":1631973615,"swapAmountBNB":20,"namebuy":"pancake","buyPrice":8344.19,"namesell":"biswap","sellPrice":8323.53},{"block":11023587,"timestamp":1631973618,"swapAmountBNB":20,"namebuy":"pancake","buyPrice":8344.23,"namesell":"biswap","sellPrice":8323.53},{"block":11023588,"timestamp":1631973621,"swapAmountBNB":20,"namebuy":"pancake","buyPrice":8344.24,"namesell":"biswap","sellPrice":8323.53},{"block":11023589,"timestamp":1631973624,"swapAmountBNB":20,"namebuy":"pancake","buyPrice":8344.1,"namesell":"biswap","sellPrice":8323.53},{"block":11023590,"timestamp":1631973627,"swapAmountBNB":20,"namebuy":"pancake","buyPrice":8344.16,"namesell":"biswap","sellPrice":8323.53},{"block":11023591,"timestamp":1631973630,"swapAmountBNB":20,"namebuy":"pancake","buyPrice":8343.98,"namesell":"biswap","sellPrice":8323.4},{"block":11023592,"timestamp":1631973633,"swapAmountBNB":20,"namebuy":"pancake","buyPrice":8344.04,"namesell":"biswap","sellPrice":8323.4},{"block":11023593,"timestamp":1631973636,"swapAmountBNB":20,"namebuy":"pancake","buyPrice":8344.04,"namesell":"biswap","sellPrice":8323.4},{"block":11023594,"timestamp":1631973639,"swapAmountBNB":20,"namebuy":"pancake","buyPrice":8344.07,"namesell":"biswap","sellPrice":8323.4},{"block":11023595,"timestamp":1631973642,"swapAmountBNB":20,"namebuy":"pancake","buyPrice":8344.03,"namesell":"biswap","sellPrice":8323.4},{"block":11023596,"timestamp":1631973645,"swapAmountBNB":20,"namebuy":"pancake","buyPrice":8344.03,"namesell":"biswap","sellPrice":8323.4},{"block":11023597,"timestamp":1631973648,"swapAmountBNB":20,"namebuy":"pancake","buyPrice":8343.94,"namesell":"biswap","sellPrice":8323.4},{"block":11023598,"timestamp":1631973651,"swapAmountBNB":20,"namebuy":"pancake","buyPrice":8343.98,"namesell":"biswap","sellPrice":8323.36},{"block":11023599,"timestamp":1631973654,"swapAmountBNB":20,"namebuy":"pancake","buyPrice":8343.99,"namesell":"biswap","sellPrice":8323.36},{"block":11023600,"timestamp":1631973657,"swapAmountBNB":20,"namebuy":"biswap","buyPrice":8343.32,"namesell":"biswap","sellPrice":8318.47},{"block":11023601,"timestamp":1631973660,"swapAmountBNB":20,"namebuy":"biswap","buyPrice":8343.32,"namesell":"biswap","sellPrice":8318.47},{"block":11023602,"timestamp":1631973663,"swapAmountBNB":20,"namebuy":"biswap","buyPrice":8342.98,"namesell":"biswap","sellPrice":8318.13},{"block":11023603,"timestamp":1631973666,"swapAmountBNB":20,"namebuy":"biswap","buyPrice":8342.59,"namesell":"biswap","sellPrice":8317.74},{"block":11023604,"timestamp":1631973669,"swapAmountBNB":20,"namebuy":"biswap","buyPrice":8342.59,"namesell":"biswap","sellPrice":8317.74},{"block":11023605,"timestamp":1631973672,"swapAmountBNB":20,"namebuy":"biswap","buyPrice":8341.32,"namesell":"biswap","sellPrice":8316.47},{"block":11023606,"timestamp":1631973675,"swapAmountBNB":20,"namebuy":"biswap","buyPrice":8341.27,"namesell":"biswap","sellPrice":8316.42},{"block":11023607,"timestamp":1631973678,"swapAmountBNB":20,"namebuy":"biswap","buyPrice":8341.27,"namesell":"biswap","sellPrice":8316.42},{"block":11023608,"timestamp":1631973681,"swapAmountBNB":20,"namebuy":"pancake","buyPrice":8344.45,"namesell":"biswap","sellPrice":8320.37},{"block":11023609,"timestamp":1631973684,"swapAmountBNB":20,"namebuy":"pancake","buyPrice":8344.47,"namesell":"biswap","sellPrice":8320.37},{"block":11023610,"timestamp":1631973687,"swapAmountBNB":20,"namebuy":"pancake","buyPrice":8344.75,"namesell":"biswap","sellPrice":8320.11},{"block":11023611,"timestamp":1631973690,"swapAmountBNB":20,"namebuy":"pancake","buyPrice":8344.78,"namesell":"biswap","sellPrice":8324.16},{"block":11023612,"timestamp":1631973693,"swapAmountBNB":20,"namebuy":"pancake","buyPrice":8344.8,"namesell":"biswap","sellPrice":8324.09},{"block":11023613,"timestamp":1631973696,"swapAmountBNB":20,"namebuy":"pancake","buyPrice":8344.82,"namesell":"biswap","sellPrice":8324.09},{"block":11023614,"timestamp":1631973699,"swapAmountBNB":20,"namebuy":"pancake","buyPrice":8344.97,"namesell":"biswap","sellPrice":8324.09},{"block":11023615,"timestamp":1631973702,"swapAmountBNB":20,"namebuy":"pancake","buyPrice":8345.44,"namesell":"biswap","sellPrice":8327.35},{"block":11023616,"timestamp":1631973705,"swapAmountBNB":20,"namebuy":"pancake","buyPrice":8345.29,"namesell":"biswap","sellPrice":8327.35},{"block":11023617,"timestamp":1631973708,"swapAmountBNB":20,"namebuy":"pancake","buyPrice":8345.29,"namesell":"biswap","sellPrice":8327.35},{"block":11023618,"timestamp":1631973711,"swapAmountBNB":20,"namebuy":"pancake","buyPrice":8345.08,"namesell":"biswap","sellPrice":8327.07},{"block":11023619,"timestamp":1631973714,"swapAmountBNB":20,"namebuy":"pancake","buyPrice":8345.14,"namesell":"biswap","sellPrice":8327.23},{"block":11023620,"timestamp":1631973717,"swapAmountBNB":20,"namebuy":"pancake","buyPrice":8341.99,"namesell":"biswap","sellPrice":8327.23},{"block":11023621,"timestamp":1631973720,"swapAmountBNB":20,"namebuy":"pancake","buyPrice":8341.94,"namesell":"biswap","sellPrice":8326.12},{"block":11023622,"timestamp":1631973723,"swapAmountBNB":20,"namebuy":"pancake","buyPrice":8341.94,"namesell":"biswap","sellPrice":8326.12},{"block":11023623,"timestamp":1631973726,"swapAmountBNB":20,"namebuy":"pancake","buyPrice":8341.96,"namesell":"biswap","sellPrice":8326.02},{"block":11023624,"timestamp":1631973729,"swapAmountBNB":20,"namebuy":"pancake","buyPrice":8341.96,"namesell":"biswap","sellPrice":8326.02},{"block":11023625,"timestamp":1631973732,"swapAmountBNB":20,"namebuy":"pancake","buyPrice":8341.97,"namesell":"biswap","sellPrice":8325.61},{"block":11023626,"timestamp":1631973735,"swapAmountBNB":20,"namebuy":"pancake","buyPrice":8342,"namesell":"biswap","sellPrice":8325.61},{"block":11023627,"timestamp":1631973738,"swapAmountBNB":20,"namebuy":"pancake","buyPrice":8342.06,"namesell":"biswap","sellPrice":8325.56},{"block":11023628,"timestamp":1631973741,"swapAmountBNB":20,"namebuy":"pancake","buyPrice":8342.13,"namesell":"biswap","sellPrice":8325.56},{"block":11023629,"timestamp":1631973744,"swapAmountBNB":20,"namebuy":"pancake","buyPrice":8342.13,"namesell":"biswap","sellPrice":8325.56},{"block":11023630,"timestamp":1631973747,"swapAmountBNB":20,"namebuy":"pancake","buyPrice":8342.13,"namesell":"biswap","sellPrice":8325.53},{"block":11023631,"timestamp":1631973750,"swapAmountBNB":20,"namebuy":"pancake","buyPrice":8341.96,"namesell":"biswap","sellPrice":8321.91},{"block":11023632,"timestamp":1631973753,"swapAmountBNB":20,"namebuy":"pancake","buyPrice":8340.73,"namesell":"biswap","sellPrice":8325.18},{"block":11023633,"timestamp":1631973756,"swapAmountBNB":20,"namebuy":"pancake","buyPrice":8340.66,"namesell":"biswap","sellPrice":8325.18},{"block":11023634,"timestamp":1631973759,"swapAmountBNB":20,"namebuy":"pancake","buyPrice":8340.54,"namesell":"biswap","sellPrice":8323.8},{"block":11023635,"timestamp":1631973762,"swapAmountBNB":20,"namebuy":"pancake","buyPrice":8340.54,"namesell":"biswap","sellPrice":8323.8},{"block":11023636,"timestamp":1631973765,"swapAmountBNB":20,"namebuy":"pancake","buyPrice":8340.55,"namesell":"biswap","sellPrice":8323.81},{"block":11023637,"timestamp":1631973768,"swapAmountBNB":20,"namebuy":"pancake","buyPrice":8340.82,"namesell":"biswap","sellPrice":8323.81},{"block":11023638,"timestamp":1631973771,"swapAmountBNB":20,"namebuy":"pancake","buyPrice":8341.07,"namesell":"biswap","sellPrice":8323.81},{"block":11023639,"timestamp":1631973774,"swapAmountBNB":20,"namebuy":"pancake","buyPrice":8340.98,"namesell":"biswap","sellPrice":8323.81},{"block":11023640,"timestamp":1631973777,"swapAmountBNB":20,"namebuy":"pancake","buyPrice":8341.09,"namesell":"biswap","sellPrice":8323.81},{"block":11023641,"timestamp":1631973780,"swapAmountBNB":20,"namebuy":"pancake","buyPrice":8341.01,"namesell":"biswap","sellPrice":8323.81},{"block":11023642,"timestamp":1631973783,"swapAmountBNB":20,"namebuy":"pancake","buyPrice":8341.09,"namesell":"biswap","sellPrice":8323.81},{"block":11023643,"timestamp":1631973786,"swapAmountBNB":20,"namebuy":"pancake","buyPrice":8340.99,"namesell":"biswap","sellPrice":8323.69},{"block":11023644,"timestamp":1631973789,"swapAmountBNB":20,"namebuy":"pancake","buyPrice":8341.17,"namesell":"biswap","sellPrice":8323.69},{"block":11023645,"timestamp":1631973792,"swapAmountBNB":20,"namebuy":"pancake","buyPrice":8341.04,"namesell":"biswap","sellPrice":8323.69},{"block":11023646,"timestamp":1631973795,"swapAmountBNB":20,"namebuy":"pancake","buyPrice":8340.97,"namesell":"biswap","sellPrice":8323.69},{"block":11023647,"timestamp":1631973798,"swapAmountBNB":20,"namebuy":"pancake","buyPrice":8340.39,"namesell":"biswap","sellPrice":8323.69},{"block":11023648,"timestamp":1631973801,"swapAmountBNB":20,"namebuy":"pancake","buyPrice":8340.13,"namesell":"biswap","sellPrice":8323.69},{"block":11023649,"timestamp":1631973804,"swapAmountBNB":20,"namebuy":"pancake","buyPrice":8339.89,"namesell":"biswap","sellPrice":8323.69},{"block":11023650,"timestamp":1631973807,"swapAmountBNB":20,"namebuy":"pancake","buyPrice":8340.01,"namesell":"biswap","sellPrice":8323.69},{"block":11023651,"timestamp":1631973810,"swapAmountBNB":20,"namebuy":"pancake","buyPrice":8340.19,"namesell":"biswap","sellPrice":8323.69},{"block":11023652,"timestamp":1631973813,"swapAmountBNB":20,"namebuy":"pancake","buyPrice":8342.24,"namesell":"biswap","sellPrice":8323.7},{"block":11023653,"timestamp":1631973816,"swapAmountBNB":20,"namebuy":"pancake","buyPrice":8342.24,"namesell":"biswap","sellPrice":8323.71},{"block":11023654,"timestamp":1631973819,"swapAmountBNB":20,"namebuy":"pancake","buyPrice":8342.18,"namesell":"biswap","sellPrice":8323.71},{"block":11023655,"timestamp":1631973822,"swapAmountBNB":20,"namebuy":"pancake","buyPrice":8342.31,"namesell":"biswap","sellPrice":8323.71},{"block":11023656,"timestamp":1631973825,"swapAmountBNB":20,"namebuy":"pancake","buyPrice":8342.31,"namesell":"biswap","sellPrice":8323.71},{"block":11023657,"timestamp":1631973828,"swapAmountBNB":20,"namebuy":"pancake","buyPrice":8342.11,"namesell":"biswap","sellPrice":8323.71},{"block":11023658,"timestamp":1631973831,"swapAmountBNB":20,"namebuy":"pancake","buyPrice":8342.14,"namesell":"biswap","sellPrice":8323.35},{"block":11023659,"timestamp":1631973834,"swapAmountBNB":20,"namebuy":"pancake","buyPrice":8342.13,"namesell":"biswap","sellPrice":8323.35},{"block":11023660,"timestamp":1631973837,"swapAmountBNB":20,"namebuy":"pancake","buyPrice":8342.2,"namesell":"biswap","sellPrice":8323.35},{"block":11023661,"timestamp":1631973840,"swapAmountBNB":20,"namebuy":"pancake","buyPrice":8342.09,"namesell":"biswap","sellPrice":8323.35},{"block":11023662,"timestamp":1631973843,"swapAmountBNB":20,"namebuy":"pancake","buyPrice":8341.2,"namesell":"biswap","sellPrice":8323.3},{"block":11023663,"timestamp":1631973846,"swapAmountBNB":20,"namebuy":"pancake","buyPrice":8341.22,"namesell":"biswap","sellPrice":8323.3},{"block":11023664,"timestamp":1631973849,"swapAmountBNB":20,"namebuy":"pancake","buyPrice":8341.49,"namesell":"biswap","sellPrice":8323.21},{"block":11023665,"timestamp":1631973852,"swapAmountBNB":20,"namebuy":"pancake","buyPrice":8341.36,"namesell":"biswap","sellPrice":8323.21},{"block":11023666,"timestamp":1631973855,"swapAmountBNB":20,"namebuy":"pancake","buyPrice":8341.45,"namesell":"biswap","sellPrice":8323.21},{"block":11023667,"timestamp":1631973858,"swapAmountBNB":20,"namebuy":"pancake","buyPrice":8341.25,"namesell":"biswap","sellPrice":8323.21},{"block":11023668,"timestamp":1631973861,"swapAmountBNB":20,"namebuy":"pancake","buyPrice":8341.25,"namesell":"biswap","sellPrice":8323.21},{"block":11023669,"timestamp":1631973864,"swapAmountBNB":20,"namebuy":"pancake","buyPrice":8341.48,"namesell":"biswap","sellPrice":8325.6},{"block":11023670,"timestamp":1631973867,"swapAmountBNB":20,"namebuy":"pancake","buyPrice":8341.48,"namesell":"biswap","sellPrice":8325.6},{"block":11023671,"timestamp":1631973870,"swapAmountBNB":20,"namebuy":"pancake","buyPrice":8341.42,"namesell":"biswap","sellPrice":8325.11},{"block":11023672,"timestamp":1631973873,"swapAmountBNB":20,"namebuy":"pancake","buyPrice":8341.42,"namesell":"biswap","sellPrice":8321.54},{"block":11023673,"timestamp":1631973876,"swapAmountBNB":20,"namebuy":"pancake","buyPrice":8341.4,"namesell":"biswap","sellPrice":8321.54},{"block":11023674,"timestamp":1631973879,"swapAmountBNB":20,"namebuy":"pancake","buyPrice":8341.23,"namesell":"biswap","sellPrice":8321.54},{"block":11023675,"timestamp":1631973882,"swapAmountBNB":20,"namebuy":"pancake","buyPrice":8341.25,"namesell":"biswap","sellPrice":8321.54},{"block":11023676,"timestamp":1631973885,"swapAmountBNB":20,"namebuy":"pancake","buyPrice":8341.53,"namesell":"biswap","sellPrice":8321.54},{"block":11023677,"timestamp":1631973888,"swapAmountBNB":20,"namebuy":"pancake","buyPrice":8341.44,"namesell":"biswap","sellPrice":8321.54},{"block":11023678,"timestamp":1631973891,"swapAmountBNB":20,"namebuy":"pancake","buyPrice":8341.37,"namesell":"biswap","sellPrice":8321.54},{"block":11023679,"timestamp":1631973894,"swapAmountBNB":20,"namebuy":"pancake","buyPrice":8341.59,"namesell":"biswap","sellPrice":8321.54},{"block":11023680,"timestamp":1631973897,"swapAmountBNB":20,"namebuy":"pancake","buyPrice":8341.39,"namesell":"biswap","sellPrice":8321.54},{"block":11023681,"timestamp":1631973900,"swapAmountBNB":20,"namebuy":"pancake","buyPrice":8341.12,"namesell":"biswap","sellPrice":8321.54},{"block":11023682,"timestamp":1631973903,"swapAmountBNB":20,"namebuy":"pancake","buyPrice":8341.12,"namesell":"biswap","sellPrice":8321.54},{"block":11023683,"timestamp":1631973906,"swapAmountBNB":20,"namebuy":"pancake","buyPrice":8341.08,"namesell":"biswap","sellPrice":8321.54},{"block":11023684,"timestamp":1631973909,"swapAmountBNB":20,"namebuy":"pancake","buyPrice":8341.08,"namesell":"biswap","sellPrice":8321.54},{"block":11023685,"timestamp":1631973912,"swapAmountBNB":20,"namebuy":"pancake","buyPrice":8340.97,"namesell":"biswap","sellPrice":8321.54},{"block":11023686,"timestamp":1631973915,"swapAmountBNB":20,"namebuy":"pancake","buyPrice":8340.97,"namesell":"biswap","sellPrice":8321.55},{"block":11023687,"timestamp":1631973918,"swapAmountBNB":20,"namebuy":"pancake","buyPrice":8341.01,"namesell":"biswap","sellPrice":8321.55},{"block":11023688,"timestamp":1631973921,"swapAmountBNB":20,"namebuy":"pancake","buyPrice":8340.93,"namesell":"biswap","sellPrice":8321.55},{"block":11023689,"timestamp":1631973924,"swapAmountBNB":20,"namebuy":"pancake","buyPrice":8340.86,"namesell":"biswap","sellPrice":8321.55},{"block":11023690,"timestamp":1631973927,"swapAmountBNB":20,"namebuy":"pancake","buyPrice":8340.48,"namesell":"biswap","sellPrice":8321.55},{"block":11023691,"timestamp":1631973930,"swapAmountBNB":20,"namebuy":"pancake","buyPrice":8339.84,"namesell":"biswap","sellPrice":8321.55},{"block":11023692,"timestamp":1631973933,"swapAmountBNB":20,"namebuy":"pancake","buyPrice":8339.83,"namesell":"biswap","sellPrice":8321.55},{"block":11023693,"timestamp":1631973936,"swapAmountBNB":20,"namebuy":"pancake","buyPrice":8339.77,"namesell":"biswap","sellPrice":8321.42},{"block":11023694,"timestamp":1631973939,"swapAmountBNB":20,"namebuy":"pancake","buyPrice":8339.77,"namesell":"biswap","sellPrice":8321.42},{"block":11023695,"timestamp":1631973942,"swapAmountBNB":20,"namebuy":"pancake","buyPrice":8339.64,"namesell":"biswap","sellPrice":8321.42},{"block":11023696,"timestamp":1631973945,"swapAmountBNB":20,"namebuy":"pancake","buyPrice":8339.44,"namesell":"biswap","sellPrice":8321.42},{"block":11023697,"timestamp":1631973948,"swapAmountBNB":20,"namebuy":"pancake","buyPrice":8339.11,"namesell":"biswap","sellPrice":8321.42},{"block":11023698,"timestamp":1631973951,"swapAmountBNB":20,"namebuy":"pancake","buyPrice":8339.11,"namesell":"biswap","sellPrice":8321.42},{"block":11023699,"timestamp":1631973954,"swapAmountBNB":20,"namebuy":"pancake","buyPrice":8339.08,"namesell":"biswap","sellPrice":8321.42},{"block":11023700,"timestamp":1631973957,"swapAmountBNB":20,"namebuy":"pancake","buyPrice":8338.97,"namesell":"biswap","sellPrice":8321.42},{"block":11023701,"timestamp":1631973960,"swapAmountBNB":20,"namebuy":"pancake","buyPrice":8338.56,"namesell":"biswap","sellPrice":8321.42},{"block":11023702,"timestamp":1631973963,"swapAmountBNB":20,"namebuy":"pancake","buyPrice":8338.55,"namesell":"biswap","sellPrice":8321.42},{"block":11023703,"timestamp":1631973966,"swapAmountBNB":20,"namebuy":"pancake","buyPrice":8338.51,"namesell":"biswap","sellPrice":8321.42},{"block":11023704,"timestamp":1631973969,"swapAmountBNB":20,"namebuy":"pancake","buyPrice":8338.65,"namesell":"biswap","sellPrice":8321.42},{"block":11023705,"timestamp":1631973972,"swapAmountBNB":20,"namebuy":"pancake","buyPrice":8338.51,"namesell":"biswap","sellPrice":8321.42},{"block":11023706,"timestamp":1631973975,"swapAmountBNB":20,"namebuy":"pancake","buyPrice":8338.42,"namesell":"biswap","sellPrice":8321.42},{"block":11023707,"timestamp":1631973978,"swapAmountBNB":20,"namebuy":"pancake","buyPrice":8338.09,"namesell":"biswap","sellPrice":8321.46},{"block":11023708,"timestamp":1631973981,"swapAmountBNB":20,"namebuy":"pancake","buyPrice":8338.04,"namesell":"biswap","sellPrice":8321.46},{"block":11023709,"timestamp":1631973984,"swapAmountBNB":20,"namebuy":"pancake","buyPrice":8338.03,"namesell":"biswap","sellPrice":8321.46},{"block":11023710,"timestamp":1631973987,"swapAmountBNB":20,"namebuy":"pancake","buyPrice":8338.09,"namesell":"biswap","sellPrice":8321.47},{"block":11023711,"timestamp":1631973990,"swapAmountBNB":20,"namebuy":"pancake","buyPrice":8338.14,"namesell":"biswap","sellPrice":8321.47},{"block":11023712,"timestamp":1631973993,"swapAmountBNB":20,"namebuy":"pancake","buyPrice":8338.15,"namesell":"biswap","sellPrice":8321.52},{"block":11023713,"timestamp":1631973996,"swapAmountBNB":20,"namebuy":"pancake","buyPrice":8337.75,"namesell":"biswap","sellPrice":8321.52},{"block":11023714,"timestamp":1631973999,"swapAmountBNB":20,"namebuy":"pancake","buyPrice":8338.15,"namesell":"biswap","sellPrice":8321.52},{"block":11023715,"timestamp":1631974002,"swapAmountBNB":20,"namebuy":"pancake","buyPrice":8337.98,"namesell":"biswap","sellPrice":8321.52},{"block":11023716,"timestamp":1631974005,"swapAmountBNB":20,"namebuy":"pancake","buyPrice":8334.21,"namesell":"biswap","sellPrice":8321.52},{"block":11023717,"timestamp":1631974008,"swapAmountBNB":20,"namebuy":"pancake","buyPrice":8334.14,"namesell":"biswap","sellPrice":8321.52},{"block":11023718,"timestamp":1631974011,"swapAmountBNB":20,"namebuy":"pancake","buyPrice":8334.16,"namesell":"biswap","sellPrice":8321.52},{"block":11023719,"timestamp":1631974014,"swapAmountBNB":20,"namebuy":"pancake","buyPrice":8334.3,"namesell":"biswap","sellPrice":8321.52},{"block":11023720,"timestamp":1631974017,"swapAmountBNB":20,"namebuy":"pancake","buyPrice":8334.33,"namesell":"biswap","sellPrice":8321.53},{"block":11023721,"timestamp":1631974020,"swapAmountBNB":20,"namebuy":"pancake","buyPrice":8334.41,"namesell":"biswap","sellPrice":8321.53},{"block":11023722,"timestamp":1631974023,"swapAmountBNB":20,"namebuy":"pancake","buyPrice":8333.9,"namesell":"biswap","sellPrice":8321.53},{"block":11023723,"timestamp":1631974026,"swapAmountBNB":20,"namebuy":"pancake","buyPrice":8333.92,"namesell":"biswap","sellPrice":8321.39},{"block":11023724,"timestamp":1631974029,"swapAmountBNB":20,"namebuy":"pancake","buyPrice":8333.83,"namesell":"biswap","sellPrice":8320.99},{"block":11023725,"timestamp":1631974032,"swapAmountBNB":20,"namebuy":"pancake","buyPrice":8333.84,"namesell":"biswap","sellPrice":8320.99},{"block":11023726,"timestamp":1631974035,"swapAmountBNB":20,"namebuy":"pancake","buyPrice":8333.8,"namesell":"biswap","sellPrice":8320.99},{"block":11023727,"timestamp":1631974038,"swapAmountBNB":20,"namebuy":"pancake","buyPrice":8333.82,"namesell":"biswap","sellPrice":8320.99},{"block":11023728,"timestamp":1631974041,"swapAmountBNB":20,"namebuy":"pancake","buyPrice":8333.88,"namesell":"biswap","sellPrice":8320.99},{"block":11023729,"timestamp":1631974044,"swapAmountBNB":20,"namebuy":"pancake","buyPrice":8333.85,"namesell":"biswap","sellPrice":8320.99},{"block":11023730,"timestamp":1631974047,"swapAmountBNB":20,"namebuy":"pancake","buyPrice":8333.83,"namesell":"biswap","sellPrice":8320.99},{"block":11023731,"timestamp":1631974050,"swapAmountBNB":20,"namebuy":"pancake","buyPrice":8333.92,"namesell":"biswap","sellPrice":8320.99},{"block":11023732,"timestamp":1631974053,"swapAmountBNB":20,"namebuy":"pancake","buyPrice":8333.92,"namesell":"biswap","sellPrice":8320.99},{"block":11023733,"timestamp":1631974056,"swapAmountBNB":20,"namebuy":"pancake","buyPrice":8334.15,"namesell":"biswap","sellPrice":8320.99},{"block":11023734,"timestamp":1631974059,"swapAmountBNB":20,"namebuy":"pancake","buyPrice":8334.18,"namesell":"biswap","sellPrice":8320.99},{"block":11023735,"timestamp":1631974062,"swapAmountBNB":20,"namebuy":"pancake","buyPrice":8334.07,"namesell":"biswap","sellPrice":8321},{"block":11023736,"timestamp":1631974065,"swapAmountBNB":20,"namebuy":"pancake","buyPrice":8334.06,"namesell":"biswap","sellPrice":8320.2},{"block":11023737,"timestamp":1631974068,"swapAmountBNB":20,"namebuy":"pancake","buyPrice":8333.93,"namesell":"biswap","sellPrice":8320.21},{"block":11023738,"timestamp":1631974071,"swapAmountBNB":20,"namebuy":"pancake","buyPrice":8333.98,"namesell":"biswap","sellPrice":8320.21},{"block":11023739,"timestamp":1631974074,"swapAmountBNB":20,"namebuy":"pancake","buyPrice":8333.97,"namesell":"biswap","sellPrice":8320.21},{"block":11023740,"timestamp":1631974077,"swapAmountBNB":20,"namebuy":"pancake","buyPrice":8333.87,"namesell":"biswap","sellPrice":8320.21},{"block":11023741,"timestamp":1631974080,"swapAmountBNB":20,"namebuy":"pancake","buyPrice":8334.02,"namesell":"biswap","sellPrice":8320.21},{"block":11023742,"timestamp":1631974083,"swapAmountBNB":20,"namebuy":"pancake","buyPrice":8334.06,"namesell":"biswap","sellPrice":8320.21},{"block":11023743,"timestamp":1631974086,"swapAmountBNB":20,"namebuy":"pancake","buyPrice":8333.96,"namesell":"biswap","sellPrice":8320.21},{"block":11023744,"timestamp":1631974089,"swapAmountBNB":20,"namebuy":"pancake","buyPrice":8334.07,"namesell":"biswap","sellPrice":8320.21},{"block":11023745,"timestamp":1631974092,"swapAmountBNB":20,"namebuy":"pancake","buyPrice":8334.04,"namesell":"biswap","sellPrice":8320.21},{"block":11023746,"timestamp":1631974095,"swapAmountBNB":20,"namebuy":"pancake","buyPrice":8334.02,"namesell":"biswap","sellPrice":8320.21},{"block":11023747,"timestamp":1631974098,"swapAmountBNB":20,"namebuy":"pancake","buyPrice":8334.01,"namesell":"biswap","sellPrice":8320.21},{"block":11023748,"timestamp":1631974101,"swapAmountBNB":20,"namebuy":"pancake","buyPrice":8333.76,"namesell":"biswap","sellPrice":8320.21},{"block":11023749,"timestamp":1631974104,"swapAmountBNB":20,"namebuy":"pancake","buyPrice":8333.9,"namesell":"biswap","sellPrice":8320.21},{"block":11023750,"timestamp":1631974107,"swapAmountBNB":20,"namebuy":"pancake","buyPrice":8333.89,"namesell":"biswap","sellPrice":8320.21},{"block":11023751,"timestamp":1631974110,"swapAmountBNB":20,"namebuy":"pancake","buyPrice":8333.7,"namesell":"biswap","sellPrice":8320.02},{"block":11023752,"timestamp":1631974113,"swapAmountBNB":20,"namebuy":"pancake","buyPrice":8333.7,"namesell":"biswap","sellPrice":8320.02},{"block":11023753,"timestamp":1631974116,"swapAmountBNB":20,"namebuy":"pancake","buyPrice":8333.61,"namesell":"biswap","sellPrice":8320.02},{"block":11023754,"timestamp":1631974119,"swapAmountBNB":20,"namebuy":"pancake","buyPrice":8333.74,"namesell":"biswap","sellPrice":8320.02},{"block":11023755,"timestamp":1631974122,"swapAmountBNB":20,"namebuy":"pancake","buyPrice":8333.88,"namesell":"biswap","sellPrice":8320.02},{"block":11023756,"timestamp":1631974125,"swapAmountBNB":20,"namebuy":"pancake","buyPrice":8333.95,"namesell":"biswap","sellPrice":8320.18},{"block":11023757,"timestamp":1631974128,"swapAmountBNB":20,"namebuy":"pancake","buyPrice":8334.1,"namesell":"biswap","sellPrice":8320.18},{"block":11023758,"timestamp":1631974131,"swapAmountBNB":20,"namebuy":"pancake","buyPrice":8333.81,"namesell":"biswap","sellPrice":8320.18},{"block":11023759,"timestamp":1631974134,"swapAmountBNB":20,"namebuy":"pancake","buyPrice":8333.8,"namesell":"biswap","sellPrice":8320.18},{"block":11023760,"timestamp":1631974137,"swapAmountBNB":20,"namebuy":"pancake","buyPrice":8334.35,"namesell":"biswap","sellPrice":8319.31},{"block":11023761,"timestamp":1631974140,"swapAmountBNB":20,"namebuy":"pancake","buyPrice":8334.39,"namesell":"biswap","sellPrice":8319.31},{"block":11023762,"timestamp":1631974143,"swapAmountBNB":20,"namebuy":"pancake","buyPrice":8334.36,"namesell":"biswap","sellPrice":8318.73},{"block":11023763,"timestamp":1631974146,"swapAmountBNB":20,"namebuy":"pancake","buyPrice":8334.27,"namesell":"biswap","sellPrice":8318.73},{"block":11023764,"timestamp":1631974149,"swapAmountBNB":20,"namebuy":"pancake","buyPrice":8334.24,"namesell":"biswap","sellPrice":8318.73},{"block":11023765,"timestamp":1631974152,"swapAmountBNB":20,"namebuy":"pancake","buyPrice":8334.22,"namesell":"biswap","sellPrice":8318.73},{"block":11023766,"timestamp":1631974155,"swapAmountBNB":20,"namebuy":"pancake","buyPrice":8334.09,"namesell":"biswap","sellPrice":8318.73},{"block":11023767,"timestamp":1631974158,"swapAmountBNB":20,"namebuy":"pancake","buyPrice":8334.13,"namesell":"biswap","sellPrice":8318.56},{"block":11023768,"timestamp":1631974161,"swapAmountBNB":20,"namebuy":"pancake","buyPrice":8334.11,"namesell":"biswap","sellPrice":8318.56},{"block":11023769,"timestamp":1631974164,"swapAmountBNB":20,"namebuy":"pancake","buyPrice":8334.13,"namesell":"biswap","sellPrice":8318.56},{"block":11023770,"timestamp":1631974170,"swapAmountBNB":20,"namebuy":"pancake","buyPrice":8333.98,"namesell":"biswap","sellPrice":8318.56},{"block":11023770,"timestamp":1631974171,"swapAmountBNB":20,"namebuy":"pancake","buyPrice":8333.98,"namesell":"biswap","sellPrice":8318.56},{"block":11023771,"timestamp":1631974173,"swapAmountBNB":20,"namebuy":"pancake","buyPrice":8333.82,"namesell":"biswap","sellPrice":8318.56},{"block":11023771,"timestamp":1631974177,"swapAmountBNB":20,"namebuy":"pancake","buyPrice":8333.84,"namesell":"biswap","sellPrice":8318.55},{"block":11023772,"timestamp":1631974176,"swapAmountBNB":20,"namebuy":"pancake","buyPrice":8333.76,"namesell":"biswap","sellPrice":8318.55},{"block":11023773,"timestamp":1631974180,"swapAmountBNB":20,"namebuy":"pancake","buyPrice":8334.17,"namesell":"biswap","sellPrice":8318.55},{"block":11023774,"timestamp":1631974183,"swapAmountBNB":20,"namebuy":"pancake","buyPrice":8334.1,"namesell":"biswap","sellPrice":8318.55},{"block":11023775,"timestamp":1631974186,"swapAmountBNB":20,"namebuy":"pancake","buyPrice":8334.07,"namesell":"biswap","sellPrice":8318.55},{"block":11023776,"timestamp":1631974191,"swapAmountBNB":20,"namebuy":"pancake","buyPrice":8334.05,"namesell":"biswap","sellPrice":8318.56},{"block":11023777,"timestamp":1631974194,"swapAmountBNB":20,"namebuy":"pancake","buyPrice":8334.16,"namesell":"biswap","sellPrice":8318.56},{"block":11023778,"timestamp":1631974197,"swapAmountBNB":20,"namebuy":"pancake","buyPrice":8334.18,"namesell":"biswap","sellPrice":8318.56},{"block":11023779,"timestamp":1631974200,"swapAmountBNB":20,"namebuy":"pancake","buyPrice":8334.17,"namesell":"biswap","sellPrice":8318.56},{"block":11023780,"timestamp":1631974204,"swapAmountBNB":20,"namebuy":"pancake","buyPrice":8334.23,"namesell":"biswap","sellPrice":8318.56},{"block":11023781,"timestamp":1631974207,"swapAmountBNB":20,"namebuy":"pancake","buyPrice":8334.99,"namesell":"biswap","sellPrice":8318.31},{"block":11023782,"timestamp":1631974210,"swapAmountBNB":20,"namebuy":"pancake","buyPrice":8335.07,"namesell":"biswap","sellPrice":8318.31},{"block":11023783,"timestamp":1631974213,"swapAmountBNB":20,"namebuy":"pancake","buyPrice":8335.16,"namesell":"biswap","sellPrice":8318.31},{"block":11023784,"timestamp":1631974216,"swapAmountBNB":20,"namebuy":"pancake","buyPrice":8334.9,"namesell":"biswap","sellPrice":8318.31},{"block":11023785,"timestamp":1631974219,"swapAmountBNB":20,"namebuy":"pancake","buyPrice":8335.34,"namesell":"biswap","sellPrice":8318.31},{"block":11023786,"timestamp":1631974222,"swapAmountBNB":20,"namebuy":"pancake","buyPrice":8335.24,"namesell":"biswap","sellPrice":8318.31},{"block":11023787,"timestamp":1631974225,"swapAmountBNB":20,"namebuy":"pancake","buyPrice":8335.3,"namesell":"biswap","sellPrice":8317.8},{"block":11023788,"timestamp":1631974228,"swapAmountBNB":20,"namebuy":"pancake","buyPrice":8335.34,"namesell":"biswap","sellPrice":8317.8},{"block":11023789,"timestamp":1631974234,"swapAmountBNB":20,"namebuy":"pancake","buyPrice":8335.43,"namesell":"biswap","sellPrice":8317.77},{"block":11023790,"timestamp":1631974237,"swapAmountBNB":20,"namebuy":"pancake","buyPrice":8335.72,"namesell":"biswap","sellPrice":8317.75},{"block":11023791,"timestamp":1631974241,"swapAmountBNB":20,"namebuy":"pancake","buyPrice":8335.73,"namesell":"biswap","sellPrice":8317.75},{"block":11023792,"timestamp":1631974244,"swapAmountBNB":20,"namebuy":"pancake","buyPrice":8337.12,"namesell":"biswap","sellPrice":8317.77},{"block":11023793,"timestamp":1631974247,"swapAmountBNB":20,"namebuy":"pancake","buyPrice":8337.12,"namesell":"biswap","sellPrice":8317.77},{"block":11023794,"timestamp":1631974250,"swapAmountBNB":20,"namebuy":"pancake","buyPrice":8337.16,"namesell":"biswap","sellPrice":8317.77},{"block":11023795,"timestamp":1631974253,"swapAmountBNB":20,"namebuy":"pancake","buyPrice":8337.16,"namesell":"biswap","sellPrice":8317.77},{"block":11023796,"timestamp":1631974256,"swapAmountBNB":20,"namebuy":"pancake","buyPrice":8337.2,"namesell":"biswap","sellPrice":8317.77},{"block":11023797,"timestamp":1631974259,"swapAmountBNB":20,"namebuy":"pancake","buyPrice":8337.06,"namesell":"biswap","sellPrice":8317.77},{"block":11023798,"timestamp":1631974262,"swapAmountBNB":20,"namebuy":"pancake","buyPrice":8337.09,"namesell":"biswap","sellPrice":8317.6},{"block":11023799,"timestamp":1631974265,"swapAmountBNB":20,"namebuy":"pancake","buyPrice":8337.09,"namesell":"biswap","sellPrice":8313.13},{"block":11023800,"timestamp":1631974268,"swapAmountBNB":20,"namebuy":"pancake","buyPrice":8337.07,"namesell":"biswap","sellPrice":8313.13},{"block":11023801,"timestamp":1631974274,"swapAmountBNB":20,"namebuy":"pancake","buyPrice":8336.61,"namesell":"biswap","sellPrice":8313.51},{"block":11023802,"timestamp":1631974277,"swapAmountBNB":20,"namebuy":"pancake","buyPrice":8336.16,"namesell":"biswap","sellPrice":8313.51},{"block":11023803,"timestamp":1631974281,"swapAmountBNB":20,"namebuy":"pancake","buyPrice":8336.19,"namesell":"biswap","sellPrice":8313.51},{"block":11023804,"timestamp":1631974284,"swapAmountBNB":20,"namebuy":"pancake","buyPrice":8336.02,"namesell":"biswap","sellPrice":8313.51},{"block":11023805,"timestamp":1631974287,"swapAmountBNB":20,"namebuy":"pancake","buyPrice":8336.07,"namesell":"biswap","sellPrice":8313.32},{"block":11023806,"timestamp":1631974290,"swapAmountBNB":20,"namebuy":"pancake","buyPrice":8335.98,"namesell":"biswap","sellPrice":8313.34},{"block":11023807,"timestamp":1631974293,"swapAmountBNB":20,"namebuy":"pancake","buyPrice":8335.61,"namesell":"biswap","sellPrice":8313.34},{"block":11023808,"timestamp":1631974296,"swapAmountBNB":20,"namebuy":"biswap","buyPrice":8330.17,"namesell":"apeswap","sellPrice":8307.56},{"block":11023809,"timestamp":1631974299,"swapAmountBNB":20,"namebuy":"pancake","buyPrice":8335.18,"namesell":"apeswap","sellPrice":8307.56},{"block":11023810,"timestamp":1631974302,"swapAmountBNB":20,"namebuy":"pancake","buyPrice":8335.18,"namesell":"biswap","sellPrice":8310.64},{"block":11023811,"timestamp":1631974305,"swapAmountBNB":20,"namebuy":"pancake","buyPrice":8335.29,"namesell":"biswap","sellPrice":8310.64},{"block":11023812,"timestamp":1631974311,"swapAmountBNB":20,"namebuy":"pancake","buyPrice":8335.14,"namesell":"biswap","sellPrice":8310.6},{"block":11023813,"timestamp":1631974314,"swapAmountBNB":20,"namebuy":"biswap","buyPrice":8334.92,"namesell":"biswap","sellPrice":8310.11},{"block":11023814,"timestamp":1631974317,"swapAmountBNB":20,"namebuy":"biswap","buyPrice":8334.97,"namesell":"biswap","sellPrice":8310.16},{"block":11023815,"timestamp":1631974320,"swapAmountBNB":20,"namebuy":"biswap","buyPrice":8334.97,"namesell":"biswap","sellPrice":8310.16},{"block":11023816,"timestamp":1631974323,"swapAmountBNB":20,"namebuy":"biswap","buyPrice":8334.97,"namesell":"biswap","sellPrice":8310.16},{"block":11023817,"timestamp":1631974326,"swapAmountBNB":20,"namebuy":"biswap","buyPrice":8334.97,"namesell":"biswap","sellPrice":8310.16},{"block":11023818,"timestamp":1631974329,"swapAmountBNB":20,"namebuy":"pancake","buyPrice":8335.16,"namesell":"biswap","sellPrice":8312.31},{"block":11023819,"timestamp":1631974332,"swapAmountBNB":20,"namebuy":"pancake","buyPrice":8335,"namesell":"biswap","sellPrice":8312.31},{"block":11023820,"timestamp":1631974335,"swapAmountBNB":20,"namebuy":"pancake","buyPrice":8335.34,"namesell":"biswap","sellPrice":8312.31},{"block":11023821,"timestamp":1631974340,"swapAmountBNB":20,"namebuy":"pancake","buyPrice":8335.38,"namesell":"biswap","sellPrice":8312.31},{"block":11023822,"timestamp":1631974343,"swapAmountBNB":20,"namebuy":"pancake","buyPrice":8335.29,"namesell":"biswap","sellPrice":8312.31},{"block":11023823,"timestamp":1631974346,"swapAmountBNB":20,"namebuy":"pancake","buyPrice":8335.18,"namesell":"biswap","sellPrice":8312.31},{"block":11023824,"timestamp":1631974353,"swapAmountBNB":20,"namebuy":"pancake","buyPrice":8335.15,"namesell":"biswap","sellPrice":8312.31},{"block":11023825,"timestamp":1631974356,"swapAmountBNB":20,"namebuy":"pancake","buyPrice":8335,"namesell":"biswap","sellPrice":8312.31},{"block":11023826,"timestamp":1631974359,"swapAmountBNB":20,"namebuy":"pancake","buyPrice":8334.91,"namesell":"biswap","sellPrice":8312.31},{"block":11023827,"timestamp":1631974362,"swapAmountBNB":20,"namebuy":"pancake","buyPrice":8334.91,"namesell":"biswap","sellPrice":8312.52},{"block":11023828,"timestamp":1631974365,"swapAmountBNB":20,"namebuy":"pancake","buyPrice":8334.88,"namesell":"biswap","sellPrice":8312.52},{"block":11023829,"timestamp":1631974368,"swapAmountBNB":20,"namebuy":"pancake","buyPrice":8334.84,"namesell":"biswap","sellPrice":8312.04},{"block":11023830,"timestamp":1631974372,"swapAmountBNB":20,"namebuy":"pancake","buyPrice":8335.28,"namesell":"biswap","sellPrice":8312.04},{"block":11023831,"timestamp":1631974375,"swapAmountBNB":20,"namebuy":"pancake","buyPrice":8335.28,"namesell":"biswap","sellPrice":8312.5},{"block":11023832,"timestamp":1631974378,"swapAmountBNB":20,"namebuy":"pancake","buyPrice":8335.32,"namesell":"biswap","sellPrice":8312.5},{"block":11023833,"timestamp":1631974381,"swapAmountBNB":20,"namebuy":"pancake","buyPrice":8335.34,"namesell":"biswap","sellPrice":8312.44},{"block":11023834,"timestamp":1631974384,"swapAmountBNB":20,"namebuy":"pancake","buyPrice":8335.35,"namesell":"biswap","sellPrice":8312.44},{"block":11023835,"timestamp":1631974387,"swapAmountBNB":20,"namebuy":"pancake","buyPrice":8335.34,"namesell":"biswap","sellPrice":8312.44},{"block":11023836,"timestamp":1631974393,"swapAmountBNB":20,"namebuy":"pancake","buyPrice":8335.3,"namesell":"biswap","sellPrice":8312.44},{"block":11023837,"timestamp":1631974396,"swapAmountBNB":20,"namebuy":"pancake","buyPrice":8335.41,"namesell":"biswap","sellPrice":8312.44},{"block":11023838,"timestamp":1631974399,"swapAmountBNB":20,"namebuy":"pancake","buyPrice":8335.38,"namesell":"biswap","sellPrice":8312.44},{"block":11023839,"timestamp":1631974402,"swapAmountBNB":20,"namebuy":"pancake","buyPrice":8335.42,"namesell":"biswap","sellPrice":8312.38},{"block":11023840,"timestamp":1631974405,"swapAmountBNB":20,"namebuy":"pancake","buyPrice":8335.55,"namesell":"biswap","sellPrice":8312.33},{"block":11023841,"timestamp":1631974408,"swapAmountBNB":20,"namebuy":"pancake","buyPrice":8335.56,"namesell":"biswap","sellPrice":8312.21},{"block":11023842,"timestamp":1631974411,"swapAmountBNB":20,"namebuy":"pancake","buyPrice":8333.66,"namesell":"biswap","sellPrice":8312.16},{"block":11023843,"timestamp":1631974414,"swapAmountBNB":20,"namebuy":"pancake","buyPrice":8333.68,"namesell":"biswap","sellPrice":8312.16},{"block":11023844,"timestamp":1631974417,"swapAmountBNB":20,"namebuy":"pancake","buyPrice":8333.67,"namesell":"biswap","sellPrice":8312.36},{"block":11023845,"timestamp":1631974420,"swapAmountBNB":20,"namebuy":"pancake","buyPrice":8333.67,"namesell":"biswap","sellPrice":8312.37},{"block":11023846,"timestamp":1631974427,"swapAmountBNB":20,"namebuy":"pancake","buyPrice":8333.69,"namesell":"biswap","sellPrice":8312.22},{"block":11023847,"timestamp":1631974430,"swapAmountBNB":20,"namebuy":"pancake","buyPrice":8333.69,"namesell":"biswap","sellPrice":8312.22},{"block":11023848,"timestamp":1631974435,"swapAmountBNB":20,"namebuy":"pancake","buyPrice":8333.67,"namesell":"biswap","sellPrice":8311.68},{"block":11023849,"timestamp":1631974438,"swapAmountBNB":20,"namebuy":"pancake","buyPrice":8334.16,"namesell":"biswap","sellPrice":8311.38},{"block":11023850,"timestamp":1631974441,"swapAmountBNB":20,"namebuy":"pancake","buyPrice":8334.19,"namesell":"biswap","sellPrice":8311.38},{"block":11023851,"timestamp":1631974444,"swapAmountBNB":20,"namebuy":"pancake","buyPrice":8334.2,"namesell":"biswap","sellPrice":8310.73},{"block":11023852,"timestamp":1631974449,"swapAmountBNB":20,"namebuy":"pancake","buyPrice":8334.35,"namesell":"biswap","sellPrice":8310.73},{"block":11023853,"timestamp":1631974452,"swapAmountBNB":20,"namebuy":"pancake","buyPrice":8334.38,"namesell":"biswap","sellPrice":8310.73},{"block":11023854,"timestamp":1631974455,"swapAmountBNB":20,"namebuy":"pancake","buyPrice":8334.4,"namesell":"biswap","sellPrice":8310.69},{"block":11023855,"timestamp":1631974458,"swapAmountBNB":20,"namebuy":"pancake","buyPrice":8334.23,"namesell":"biswap","sellPrice":8310.28},{"block":11023856,"timestamp":1631974461,"swapAmountBNB":20,"namebuy":"pancake","buyPrice":8334.25,"namesell":"biswap","sellPrice":8310.28},{"block":11023857,"timestamp":1631974464,"swapAmountBNB":20,"namebuy":"pancake","buyPrice":8334.28,"namesell":"biswap","sellPrice":8310.29},{"block":11023858,"timestamp":1631974468,"swapAmountBNB":20,"namebuy":"pancake","buyPrice":8334.28,"namesell":"biswap","sellPrice":8310.29},{"block":11023859,"timestamp":1631974472,"swapAmountBNB":20,"namebuy":"pancake","buyPrice":8334.2,"namesell":"biswap","sellPrice":8310.48},{"block":11023860,"timestamp":1631974477,"swapAmountBNB":20,"namebuy":"pancake","buyPrice":8333.42,"namesell":"biswap","sellPrice":8310.36},{"block":11023861,"timestamp":1631974480,"swapAmountBNB":20,"namebuy":"pancake","buyPrice":8333.42,"namesell":"biswap","sellPrice":8310.26},{"block":11023862,"timestamp":1631974483,"swapAmountBNB":20,"namebuy":"pancake","buyPrice":8333.37,"namesell":"biswap","sellPrice":8310.26},{"block":11023863,"timestamp":1631974486,"swapAmountBNB":20,"namebuy":"pancake","buyPrice":8333.13,"namesell":"biswap","sellPrice":8310.26},{"block":11023864,"timestamp":1631974489,"swapAmountBNB":20,"namebuy":"pancake","buyPrice":8333.15,"namesell":"biswap","sellPrice":8309.78},{"block":11023865,"timestamp":1631974493,"swapAmountBNB":20,"namebuy":"pancake","buyPrice":8333.16,"namesell":"biswap","sellPrice":8309.88},{"block":11023866,"timestamp":1631974496,"swapAmountBNB":20,"namebuy":"pancake","buyPrice":8332.99,"namesell":"biswap","sellPrice":8309.88},{"block":11023867,"timestamp":1631974499,"swapAmountBNB":20,"namebuy":"pancake","buyPrice":8332.93,"namesell":"biswap","sellPrice":8309.88},{"block":11023868,"timestamp":1631974502,"swapAmountBNB":20,"namebuy":"pancake","buyPrice":8332.99,"namesell":"biswap","sellPrice":8309.88},{"block":11023869,"timestamp":1631974505,"swapAmountBNB":20,"namebuy":"pancake","buyPrice":8331.88,"namesell":"biswap","sellPrice":8309.88},{"block":11023870,"timestamp":1631974508,"swapAmountBNB":20,"namebuy":"pancake","buyPrice":8331.89,"namesell":"biswap","sellPrice":8309.88},{"block":11023871,"timestamp":1631974512,"swapAmountBNB":20,"namebuy":"pancake","buyPrice":8331.9,"namesell":"biswap","sellPrice":8309.88},{"block":11023872,"timestamp":1631974515,"swapAmountBNB":20,"namebuy":"pancake","buyPrice":8331.87,"namesell":"biswap","sellPrice":8309.88},{"block":11023873,"timestamp":1631974518,"swapAmountBNB":20,"namebuy":"pancake","buyPrice":8331.85,"namesell":"biswap","sellPrice":8309.89},{"block":11023874,"timestamp":1631974522,"swapAmountBNB":20,"namebuy":"pancake","buyPrice":8331.81,"namesell":"biswap","sellPrice":8309.89},{"block":11023874,"timestamp":1631974521,"swapAmountBNB":20,"namebuy":"pancake","buyPrice":8331.81,"namesell":"biswap","sellPrice":8309.89},{"block":11023875,"timestamp":1631974524,"swapAmountBNB":20,"namebuy":"pancake","buyPrice":8331.66,"namesell":"biswap","sellPrice":8310.36},{"block":11023876,"timestamp":1631974527,"swapAmountBNB":20,"namebuy":"pancake","buyPrice":8331.65,"namesell":"biswap","sellPrice":8310.36},{"block":11023877,"timestamp":1631974531,"swapAmountBNB":20,"namebuy":"pancake","buyPrice":8331.91,"namesell":"biswap","sellPrice":8310.55},{"block":11023878,"timestamp":1631974534,"swapAmountBNB":20,"namebuy":"pancake","buyPrice":8331.89,"namesell":"biswap","sellPrice":8310.55},{"block":11023879,"timestamp":1631974537,"swapAmountBNB":20,"namebuy":"pancake","buyPrice":8331.86,"namesell":"biswap","sellPrice":8311.36},{"block":11023880,"timestamp":1631974542,"swapAmountBNB":20,"namebuy":"pancake","buyPrice":8331.87,"namesell":"biswap","sellPrice":8311.36},{"block":11023881,"timestamp":1631974545,"swapAmountBNB":20,"namebuy":"pancake","buyPrice":8331.89,"namesell":"biswap","sellPrice":8313.18},{"block":11023882,"timestamp":1631974548,"swapAmountBNB":20,"namebuy":"pancake","buyPrice":8331.76,"namesell":"biswap","sellPrice":8313.18},{"block":11023883,"timestamp":1631974551,"swapAmountBNB":20,"namebuy":"pancake","buyPrice":8331.67,"namesell":"biswap","sellPrice":8313.18},{"block":11023884,"timestamp":1631974554,"swapAmountBNB":20,"namebuy":"pancake","buyPrice":8331.67,"namesell":"biswap","sellPrice":8314.48},{"block":11023885,"timestamp":1631974559,"swapAmountBNB":20,"namebuy":"pancake","buyPrice":8332.9,"namesell":"biswap","sellPrice":8314.48},{"block":11023886,"timestamp":1631974563,"swapAmountBNB":20,"namebuy":"pancake","buyPrice":8332.8,"namesell":"biswap","sellPrice":8314.48},{"block":11023887,"timestamp":1631974566,"swapAmountBNB":20,"namebuy":"pancake","buyPrice":8332.49,"namesell":"biswap","sellPrice":8314.48},{"block":11023888,"timestamp":1631974569,"swapAmountBNB":20,"namebuy":"pancake","buyPrice":8332.42,"namesell":"biswap","sellPrice":8314.48},{"block":11023889,"timestamp":1631974572,"swapAmountBNB":20,"namebuy":"pancake","buyPrice":8332.42,"namesell":"biswap","sellPrice":8314.48},{"block":11023890,"timestamp":1631974575,"swapAmountBNB":20,"namebuy":"pancake","buyPrice":8332.52,"namesell":"biswap","sellPrice":8314.48},{"block":11023891,"timestamp":1631974578,"swapAmountBNB":20,"namebuy":"pancake","buyPrice":8332.5,"namesell":"biswap","sellPrice":8314.48},{"block":11023892,"timestamp":1631974581,"swapAmountBNB":20,"namebuy":"pancake","buyPrice":8332.49,"namesell":"biswap","sellPrice":8314.65},{"block":11023893,"timestamp":1631974584,"swapAmountBNB":20,"namebuy":"pancake","buyPrice":8332.39,"namesell":"biswap","sellPrice":8314.65},{"block":11023894,"timestamp":1631974587,"swapAmountBNB":20,"namebuy":"pancake","buyPrice":8332.34,"namesell":"biswap","sellPrice":8314.65},{"block":11023895,"timestamp":1631974591,"swapAmountBNB":20,"namebuy":"pancake","buyPrice":8332.21,"namesell":"biswap","sellPrice":8314.65},{"block":11023896,"timestamp":1631974594,"swapAmountBNB":20,"namebuy":"pancake","buyPrice":8332.34,"namesell":"biswap","sellPrice":8314.65},{"block":11023897,"timestamp":1631974597,"swapAmountBNB":20,"namebuy":"pancake","buyPrice":8332.23,"namesell":"biswap","sellPrice":8314.65},{"block":11023898,"timestamp":1631974600,"swapAmountBNB":20,"namebuy":"pancake","buyPrice":8332.19,"namesell":"biswap","sellPrice":8314.65},{"block":11023899,"timestamp":1631974603,"swapAmountBNB":20,"namebuy":"pancake","buyPrice":8332.33,"namesell":"biswap","sellPrice":8314.65},{"block":11023900,"timestamp":1631974606,"swapAmountBNB":20,"namebuy":"pancake","buyPrice":8332.34,"namesell":"biswap","sellPrice":8314.65},{"block":11023901,"timestamp":1631974609,"swapAmountBNB":20,"namebuy":"pancake","buyPrice":8332.32,"namesell":"biswap","sellPrice":8314.65},{"block":11023902,"timestamp":1631974612,"swapAmountBNB":20,"namebuy":"pancake","buyPrice":8332.4,"namesell":"biswap","sellPrice":8314.65},{"block":11023903,"timestamp":1631974617,"swapAmountBNB":20,"namebuy":"pancake","buyPrice":8332.57,"namesell":"biswap","sellPrice":8314.66},{"block":11023904,"timestamp":1631974620,"swapAmountBNB":20,"namebuy":"pancake","buyPrice":8332.67,"namesell":"biswap","sellPrice":8314.7},{"block":11023905,"timestamp":1631974623,"swapAmountBNB":20,"namebuy":"pancake","buyPrice":8332.65,"namesell":"biswap","sellPrice":8314.7},{"block":11023906,"timestamp":1631974626,"swapAmountBNB":20,"namebuy":"pancake","buyPrice":8332.8,"namesell":"biswap","sellPrice":8314.7},{"block":11023907,"timestamp":1631974630,"swapAmountBNB":20,"namebuy":"pancake","buyPrice":8332.56,"namesell":"biswap","sellPrice":8314.71},{"block":11023908,"timestamp":1631974633,"swapAmountBNB":20,"namebuy":"pancake","buyPrice":8332.48,"namesell":"biswap","sellPrice":8314.71},{"block":11023909,"timestamp":1631974636,"swapAmountBNB":20,"namebuy":"pancake","buyPrice":8332.48,"namesell":"biswap","sellPrice":8314.71},{"block":11023910,"timestamp":1631974639,"swapAmountBNB":20,"namebuy":"pancake","buyPrice":8332.54,"namesell":"biswap","sellPrice":8314.54},{"block":11023911,"timestamp":1631974642,"swapAmountBNB":20,"namebuy":"pancake","buyPrice":8332.69,"namesell":"biswap","sellPrice":8314.41},{"block":11023912,"timestamp":1631974645,"swapAmountBNB":20,"namebuy":"pancake","buyPrice":8333.34,"namesell":"biswap","sellPrice":8314.41},{"block":11023913,"timestamp":1631974648,"swapAmountBNB":20,"namebuy":"pancake","buyPrice":8333.34,"namesell":"biswap","sellPrice":8314.41},{"block":11023914,"timestamp":1631974651,"swapAmountBNB":20,"namebuy":"pancake","buyPrice":8333.51,"namesell":"biswap","sellPrice":8314.41},{"block":11023915,"timestamp":1631974654,"swapAmountBNB":20,"namebuy":"pancake","buyPrice":8333.46,"namesell":"biswap","sellPrice":8314.44},{"block":11023916,"timestamp":1631974657,"swapAmountBNB":20,"namebuy":"pancake","buyPrice":8333.4,"namesell":"biswap","sellPrice":8314.45},{"block":11023917,"timestamp":1631974661,"swapAmountBNB":20,"namebuy":"pancake","buyPrice":8335.44,"namesell":"biswap","sellPrice":8314.45},{"block":11023918,"timestamp":1631974666,"swapAmountBNB":20,"namebuy":"pancake","buyPrice":8335.36,"namesell":"biswap","sellPrice":8314.45},{"block":11023919,"timestamp":1631974669,"swapAmountBNB":20,"namebuy":"pancake","buyPrice":8335.33,"namesell":"biswap","sellPrice":8314.37},{"block":11023920,"timestamp":1631974672,"swapAmountBNB":20,"namebuy":"pancake","buyPrice":8335.18,"namesell":"biswap","sellPrice":8314.39},{"block":11023921,"timestamp":1631974675,"swapAmountBNB":20,"namebuy":"pancake","buyPrice":8335.23,"namesell":"biswap","sellPrice":8317.91},{"block":11023922,"timestamp":1631974678,"swapAmountBNB":20,"namebuy":"pancake","buyPrice":8335.05,"namesell":"biswap","sellPrice":8317.91},{"block":11023923,"timestamp":1631974681,"swapAmountBNB":20,"namebuy":"pancake","buyPrice":8335.18,"namesell":"biswap","sellPrice":8317.91},{"block":11023924,"timestamp":1631974684,"swapAmountBNB":20,"namebuy":"pancake","buyPrice":8335.14,"namesell":"biswap","sellPrice":8317.87},{"block":11023925,"timestamp":1631974687,"swapAmountBNB":20,"namebuy":"pancake","buyPrice":8335.07,"namesell":"biswap","sellPrice":8317.87},{"block":11023926,"timestamp":1631974690,"swapAmountBNB":20,"namebuy":"pancake","buyPrice":8335.07,"namesell":"biswap","sellPrice":8317.82},{"block":11023927,"timestamp":1631974694,"swapAmountBNB":20,"namebuy":"pancake","buyPrice":8335.1,"namesell":"biswap","sellPrice":8317.82},{"block":11023928,"timestamp":1631974697,"swapAmountBNB":20,"namebuy":"pancake","buyPrice":8335.07,"namesell":"biswap","sellPrice":8317.82},{"block":11023929,"timestamp":1631974700,"swapAmountBNB":20,"namebuy":"pancake","buyPrice":8335.06,"namesell":"biswap","sellPrice":8317.82},{"block":11023930,"timestamp":1631974703,"swapAmountBNB":20,"namebuy":"pancake","buyPrice":8335.08,"namesell":"biswap","sellPrice":8317.82},{"block":11023931,"timestamp":1631974706,"swapAmountBNB":20,"namebuy":"pancake","buyPrice":8335.17,"namesell":"biswap","sellPrice":8317.82},{"block":11023932,"timestamp":1631974709,"swapAmountBNB":20,"namebuy":"pancake","buyPrice":8334.86,"namesell":"biswap","sellPrice":8317.82},{"block":11023933,"timestamp":1631974712,"swapAmountBNB":20,"namebuy":"pancake","buyPrice":8334.85,"namesell":"biswap","sellPrice":8317.82},{"block":11023934,"timestamp":1631974715,"swapAmountBNB":20,"namebuy":"pancake","buyPrice":8334.96,"namesell":"biswap","sellPrice":8317.82},{"block":11023935,"timestamp":1631974718,"swapAmountBNB":20,"namebuy":"pancake","buyPrice":8334.89,"namesell":"biswap","sellPrice":8317.82},{"block":11023936,"timestamp":1631974722,"swapAmountBNB":20,"namebuy":"pancake","buyPrice":8334.83,"namesell":"biswap","sellPrice":8317.82},{"block":11023936,"timestamp":1631974724,"swapAmountBNB":20,"namebuy":"pancake","buyPrice":8334.86,"namesell":"biswap","sellPrice":8317.82},{"block":11023937,"timestamp":1631974725,"swapAmountBNB":20,"namebuy":"pancake","buyPrice":8334.89,"namesell":"biswap","sellPrice":8317.75},{"block":11023938,"timestamp":1631974728,"swapAmountBNB":20,"namebuy":"pancake","buyPrice":8334.4,"namesell":"biswap","sellPrice":8317.75},{"block":11023939,"timestamp":1631974731,"swapAmountBNB":20,"namebuy":"pancake","buyPrice":8334.29,"namesell":"biswap","sellPrice":8317.75},{"block":11023940,"timestamp":1631974734,"swapAmountBNB":20,"namebuy":"pancake","buyPrice":8334.15,"namesell":"biswap","sellPrice":8317.75},{"block":11023941,"timestamp":1631974737,"swapAmountBNB":20,"namebuy":"pancake","buyPrice":8334.2,"namesell":"biswap","sellPrice":8317.75},{"block":11023942,"timestamp":1631974740,"swapAmountBNB":20,"namebuy":"pancake","buyPrice":8334.12,"namesell":"biswap","sellPrice":8317.75},{"block":11023943,"timestamp":1631974744,"swapAmountBNB":20,"namebuy":"pancake","buyPrice":8334.14,"namesell":"biswap","sellPrice":8317.7},{"block":11023944,"timestamp":1631974747,"swapAmountBNB":20,"namebuy":"pancake","buyPrice":8334,"namesell":"biswap","sellPrice":8317.7},{"block":11023945,"timestamp":1631974750,"swapAmountBNB":20,"namebuy":"pancake","buyPrice":8334.35,"namesell":"biswap","sellPrice":8317.7},{"block":11023946,"timestamp":1631974753,"swapAmountBNB":20,"namebuy":"pancake","buyPrice":8334.33,"namesell":"biswap","sellPrice":8317.55},{"block":11023947,"timestamp":1631974756,"swapAmountBNB":20,"namebuy":"pancake","buyPrice":8334.25,"namesell":"biswap","sellPrice":8317.55},{"block":11023948,"timestamp":1631974761,"swapAmountBNB":20,"namebuy":"pancake","buyPrice":8334.22,"namesell":"biswap","sellPrice":8317.55},{"block":11023949,"timestamp":1631974764,"swapAmountBNB":20,"namebuy":"pancake","buyPrice":8333.93,"namesell":"biswap","sellPrice":8317.55},{"block":11023950,"timestamp":1631974767,"swapAmountBNB":20,"namebuy":"pancake","buyPrice":8333.86,"namesell":"biswap","sellPrice":8317.49},{"block":11023951,"timestamp":1631974770,"swapAmountBNB":20,"namebuy":"pancake","buyPrice":8333.8,"namesell":"biswap","sellPrice":8317.49},{"block":11023952,"timestamp":1631974773,"swapAmountBNB":20,"namebuy":"pancake","buyPrice":8333.82,"namesell":"biswap","sellPrice":8317.49},{"block":11023953,"timestamp":1631974776,"swapAmountBNB":20,"namebuy":"pancake","buyPrice":8333.83,"namesell":"biswap","sellPrice":8317.49},{"block":11023954,"timestamp":1631974779,"swapAmountBNB":20,"namebuy":"pancake","buyPrice":8332.76,"namesell":"biswap","sellPrice":8317.49},{"block":11023955,"timestamp":1631974782,"swapAmountBNB":20,"namebuy":"pancake","buyPrice":8332.76,"namesell":"biswap","sellPrice":8317.49},{"block":11023956,"timestamp":1631974786,"swapAmountBNB":20,"namebuy":"pancake","buyPrice":8333.04,"namesell":"biswap","sellPrice":8317.49},{"block":11023957,"timestamp":1631974789,"swapAmountBNB":20,"namebuy":"pancake","buyPrice":8332.83,"namesell":"biswap","sellPrice":8317.54},{"block":11023958,"timestamp":1631974792,"swapAmountBNB":20,"namebuy":"pancake","buyPrice":8332.9,"namesell":"biswap","sellPrice":8317.54},{"block":11023959,"timestamp":1631974795,"swapAmountBNB":20,"namebuy":"pancake","buyPrice":8332.93,"namesell":"biswap","sellPrice":8317.54},{"block":11023977,"timestamp":1631974858,"swapAmountBNB":20,"namebuy":"pancake","buyPrice":8333.98,"namesell":"biswap","sellPrice":8317.13},{"block":11023978,"timestamp":1631974861,"swapAmountBNB":20,"namebuy":"pancake","buyPrice":8334.06,"namesell":"biswap","sellPrice":8317.13},{"block":11023979,"timestamp":1631974864,"swapAmountBNB":20,"namebuy":"pancake","buyPrice":8333.9,"namesell":"biswap","sellPrice":8317.13},{"block":11023980,"timestamp":1631974867,"swapAmountBNB":20,"namebuy":"pancake","buyPrice":8334.02,"namesell":"biswap","sellPrice":8317.13},{"block":11023981,"timestamp":1631974870,"swapAmountBNB":20,"namebuy":"pancake","buyPrice":8334.09,"namesell":"biswap","sellPrice":8317.13},{"block":11023982,"timestamp":1631974873,"swapAmountBNB":20,"namebuy":"pancake","buyPrice":8333.28,"namesell":"biswap","sellPrice":8317.13},{"block":11023983,"timestamp":1631974876,"swapAmountBNB":20,"namebuy":"pancake","buyPrice":8333.29,"namesell":"biswap","sellPrice":8316.95},{"block":11023984,"timestamp":1631974879,"swapAmountBNB":20,"namebuy":"pancake","buyPrice":8333.61,"namesell":"biswap","sellPrice":8317.18},{"block":11023985,"timestamp":1631974882,"swapAmountBNB":20,"namebuy":"pancake","buyPrice":8333.23,"namesell":"biswap","sellPrice":8317.18},{"block":11023986,"timestamp":1631974885,"swapAmountBNB":20,"namebuy":"pancake","buyPrice":8333.28,"namesell":"biswap","sellPrice":8317.18},{"block":11023987,"timestamp":1631974888,"swapAmountBNB":20,"namebuy":"pancake","buyPrice":8333.17,"namesell":"biswap","sellPrice":8317.18},{"block":11023988,"timestamp":1631974891,"swapAmountBNB":20,"namebuy":"pancake","buyPrice":8333.43,"namesell":"biswap","sellPrice":8316.01},{"block":11023989,"timestamp":1631974894,"swapAmountBNB":20,"namebuy":"pancake","buyPrice":8333.41,"namesell":"biswap","sellPrice":8315.98},{"block":11023990,"timestamp":1631974897,"swapAmountBNB":20,"namebuy":"pancake","buyPrice":8333.57,"namesell":"biswap","sellPrice":8315.98},{"block":11023991,"timestamp":1631974900,"swapAmountBNB":20,"namebuy":"pancake","buyPrice":8333.77,"namesell":"biswap","sellPrice":8315.98},{"block":11023994,"timestamp":1631974909,"swapAmountBNB":20,"namebuy":"pancake","buyPrice":8333.8,"namesell":"biswap","sellPrice":8315.98},{"block":11023997,"timestamp":1631974918,"swapAmountBNB":20,"namebuy":"pancake","buyPrice":8333.8,"namesell":"biswap","sellPrice":8315.98}]}